{"type":"FeatureCollection","features":[{"type":"Feature","geometry":{"type":"Polygon","coordinates":[[[102.2326,6.2098],[102.2152,6.219],[102.1902,6.2178],[102.1686,6.212],[102.1518,6.2132],[102.1216,6.2276],[102.0994,6.2462],[102.085,6.2248],[102.0774,6.2],[102.0798,6.1716],[102.0928,6.155],[102.1238,6.1508],[102.1326,6.1284],[102.15,6.1168],[102.1844,6.1122],[102.189,6.0966],[102.2204,6.0878],[102.2204,6.1],[102.232,6.1232],[102.2348,6.1544],[102.2448,6.1676],[102.2442,6.1804],[102.2332,6.1924],[102.2326,6.2098]]]},"properties":{"name":"Tumpat","name_source":"Tumpat","state":"Kelantan","level":"daerah","area_km2":187.6,"area_ha":18760}},{"type":"Feature","geometry":{"type":"Polygon","coordinates":[[[102.2204,6.0878],[102.222,6.0686],[102.2042,6.049],[102.1814,6.042],[102.1546,6.0456],[102.1458,6.0312],[102.1774,6.0132],[102.2102,5.9676],[102.2082,5.9514],[102.1986,5.934],[102.1966,5.9154],[102.225,5.8956],[102.2636,5.8908],[102.2718,5.9026],[102.2718,5.9302],[102.2798,5.9378],[102.2822,5.9548],[102.2986,5.9654],[102.3198,5.9702],[102.3318,5.9798],[102.3332,6.0072],[102.3164,6.042],[102.3436,6.0572],[102.3432,6.0712],[102.305,6.1016],[102.3064,6.1122],[102.3358,6.116],[102.3292,6.1488],[102.3432,6.1662],[102.3272,6.1784],[102.289,6.187],[102.2502,6.2066],[102.2326,6.2098],[102.2332,6.1924],[102.2442,6.1804],[102.2448,6.1676],[102.2348,6.1544],[102.232,6.1232],[102.2204,6.1],[102.2204,6.0878]]]},"properties":{"name":"Kota Bharu","name_source":"Kota Bharu","state":"Kelantan","level":"daerah","area_km2":395.85,"area_ha":39585}},{"type":"Feature","geometry":{"type":"Polygon","coordinates":[[[102.2636,5.8908],[102.2798,5.8784],[102.2728,5.8462],[102.2812,5.83],[102.2776,5.8166],[102.291,5.805],[102.303,5.8088],[102.301,5.7844],[102.3116,5.7716],[102.3132,5.7572],[102.354,5.7464],[102.3642,5.7516],[102.373,5.7676],[102.3846,5.7748],[102.4142,5.7476],[102.4316,5.7474],[102.4568,5.7636],[102.4876,5.791],[102.5342,5.8462],[102.476,5.9052],[102.4696,5.9178],[102.43,5.9008],[102.4026,5.8854],[102.3902,5.8902],[102.38,5.9086],[102.372,5.9088],[102.3446,5.9416],[102.3284,5.936],[102.2912,5.9416],[102.2798,5.9378],[102.2718,5.9302],[102.2718,5.9026],[102.2636,5.8908]]]},"properties":{"name":"Pasir Puteh","name_source":"Pasir Puteh","state":"Kelantan","level":"daerah","area_km2":426.13,"area_ha":42613}},{"type":"Feature","geometry":{"type":"Polygon","coordinates":[[[102.0928,6.155],[102.0722,6.1134],[102.0624,6.1044],[102.058,6.0856],[102.0274,6.0668],[102.0186,6.0534],[102.0008,6.0482],[101.972,6.018],[101.972,6.0032],[101.9472,5.9872],[101.9412,5.9702],[101.9446,5.9544],[101.93,5.9484],[101.9226,5.9148],[101.9334,5.9066],[101.956,5.921],[101.9668,5.918],[102.0042,5.9196],[102.035,5.8954],[102.0744,5.8908],[102.1052,5.896],[102.1158,5.9058],[102.1344,5.8978],[102.1506,5.9012],[102.1722,5.8874],[102.1822,5.8904],[102.1832,5.8914],[102.1966,5.9154],[102.1986,5.934],[102.2082,5.9514],[102.2102,5.9676],[102.1774,6.0132],[102.1458,6.0312],[102.1546,6.0456],[102.1814,6.042],[102.2042,6.049],[102.222,6.0686],[102.2204,6.0878],[102.189,6.0966],[102.1844,6.1122],[102.15,6.1168],[102.1326,6.1284],[102.1238,6.1508],[102.0928,6.155]]]},"properties":{"name":"Pasir Mas","name_source":"Pasir Mas","state":"Kelantan","level":"daerah","area_km2":579.54,"area_ha":57954}},{"type":"Feature","geometry":{"type":"Polygon","coordinates":[[[102.1966,5.9154],[102.1832,5.8914],[102.1824,5.8792],[102.1762,5.854],[102.1626,5.822],[102.1704,5.7988],[102.1536,5.7862],[102.1454,5.7538],[102.1482,5.7376],[102.1436,5.7196],[102.1488,5.7058],[102.1436,5.6902],[102.1112,5.6918],[102.1048,5.6768],[102.1138,5.6434],[102.1244,5.6306],[102.1478,5.6416],[102.157,5.6508],[102.1738,5.633],[102.1878,5.6376],[102.196,5.6508],[102.1936,5.6688],[102.2192,5.6648],[102.239,5.6722],[102.243,5.6636],[102.2778,5.6566],[102.2878,5.6658],[102.3098,5.6706],[102.3546,5.6706],[102.379,5.6866],[102.3824,5.6972],[102.3976,5.7006],[102.4316,5.7474],[102.4142,5.7476],[102.3846,5.7748],[102.373,5.7676],[102.3642,5.7516],[102.354,5.7464],[102.3132,5.7572],[102.3116,5.7716],[102.301,5.7844],[102.303,5.8088],[102.291,5.805],[102.2776,5.8166],[102.2812,5.83],[102.2728,5.8462],[102.2798,5.8784],[102.2636,5.8908],[102.225,5.8956],[102.1966,5.9154]]]},"properties":{"name":"Machang","name_source":"Machang","state":"Kelantan","level":"daerah","area_km2":527.27,"area_ha":52727}},{"type":"Feature","geometry":{"type":"Polygon","coordinates":[[[101.9334,5.9066],[101.943,5.8718],[101.929,5.8518],[101.9162,5.8422],[101.8988,5.8448],[101.8784,5.83],[101.8816,5.8106],[101.8924,5.793],[101.9,5.763],[101.9162,5.7508],[101.9238,5.7312],[101.9346,5.7186],[101.962,5.712],[101.956,5.7008],[101.9722,5.654],[101.965,5.6386],[101.9486,5.6204],[101.9504,5.5996],[101.9642,5.5862],[101.9722,5.5662],[101.9698,5.5392],[101.9814,5.5422],[101.9956,5.5302],[102.0174,5.514],[102.0304,5.5202],[102.0324,5.5506],[102.0464,5.5758],[102.0598,5.5854],[102.0732,5.5818],[102.097,5.6002],[102.0934,5.6214],[102.103,5.6242],[102.1138,5.6434],[102.1048,5.6768],[102.1112,5.6918],[102.1436,5.6902],[102.1488,5.7058],[102.1436,5.7196],[102.1482,5.7376],[102.1454,5.7538],[102.1536,5.7862],[102.1704,5.7988],[102.1626,5.822],[102.1762,5.854],[102.1824,5.8792],[102.1822,5.8904],[102.1722,5.8874],[102.1506,5.9012],[102.1344,5.8978],[102.1158,5.9058],[102.1052,5.896],[102.0744,5.8908],[102.035,5.8954],[102.0042,5.9196],[101.9668,5.918],[101.956,5.921],[101.9334,5.9066]]]},"properties":{"name":"Tanah Merah","name_source":"Tanah Merah","state":"Kelantan","level":"daerah","area_km2":875.2,"area_ha":87520}},{"type":"Feature","geometry":{"type":"Polygon","coordinates":[[[101.8816,5.8106],[101.866,5.7942],[101.8364,5.7872],[101.8196,5.7568],[101.8084,5.7434],[101.789,5.7534],[101.7754,5.7712],[101.7758,5.7838],[101.7548,5.7956],[101.7378,5.783],[101.7228,5.7812],[101.715,5.765],[101.7014,5.7528],[101.6894,5.7568],[101.6946,5.7038],[101.6572,5.659],[101.6624,5.6294],[101.6578,5.6162],[101.6624,5.6028],[101.6752,5.5982],[101.684,5.5832],[101.6742,5.5484],[101.656,5.5236],[101.6642,5.5086],[101.6746,5.5108],[101.6974,5.4994],[101.709,5.5108],[101.7258,5.5004],[101.7468,5.5028],[101.7474,5.4744],[101.7362,5.4618],[101.7456,5.4206],[101.743,5.3998],[101.7876,5.3582],[101.9042,5.3494],[101.9768,5.4218],[101.9722,5.457],[101.9914,5.4588],[101.9938,5.4774],[101.989,5.4964],[101.9956,5.5302],[101.9814,5.5422],[101.9698,5.5392],[101.9722,5.5662],[101.9642,5.5862],[101.9504,5.5996],[101.9486,5.6204],[101.965,5.6386],[101.9722,5.654],[101.956,5.7008],[101.962,5.712],[101.9346,5.7186],[101.9238,5.7312],[101.9162,5.7508],[101.9,5.763],[101.8924,5.793],[101.8816,5.8106]]]},"properties":{"name":"Jeli","name_source":"Jeli","state":"Kelantan","level":"daerah","area_km2":1340,"area_ha":134000}},{"type":"Feature","geometry":{"type":"Polygon","coordinates":[[[102.1138,5.6434],[102.103,5.6242],[102.0934,5.6214],[102.097,5.6002],[102.0732,5.5818],[102.0598,5.5854],[102.0464,5.5758],[102.0324,5.5506],[102.0304,5.5202],[102.0174,5.514],[101.9956,5.5302],[101.989,5.4964],[101.9938,5.4774],[101.9914,5.4588],[101.9722,5.457],[101.9768,5.4218],[101.9042,5.3494],[101.7876,5.3582],[101.8206,5.2892],[101.8908,5.2644],[102.0128,5.1858],[102.0808,5.1758],[102.1378,5.177],[102.1302,5.2558],[102.2924,5.2558],[102.3512,5.295],[102.4168,5.2986],[102.4272,5.3218],[102.426,5.3466],[102.4416,5.3632],[102.4232,5.3766],[102.415,5.3922],[102.3872,5.4096],[102.382,5.42],[102.3994,5.4392],[102.4004,5.4606],[102.3918,5.4726],[102.3924,5.4964],[102.382,5.5166],[102.3976,5.5312],[102.4052,5.5502],[102.3964,5.5808],[102.4004,5.6162],[102.39,5.6306],[102.3854,5.674],[102.379,5.6866],[102.3546,5.6706],[102.3098,5.6706],[102.2878,5.6658],[102.2778,5.6566],[102.243,5.6636],[102.239,5.6722],[102.2192,5.6648],[102.1936,5.6688],[102.196,5.6508],[102.1878,5.6376],[102.1738,5.633],[102.157,5.6508],[102.1478,5.6416],[102.1244,5.6306],[102.1138,5.6434]]]},"properties":{"name":"Kuala Krai","name_source":"Kuala Krai","state":"Kelantan","level":"daerah","area_km2":2283.07,"area_ha":228307}},{"type":"Feature","geometry":{"type":"Polygon","coordinates":[[[101.6894,5.7568],[101.6878,5.7812],[101.679,5.782],[101.6664,5.7984],[101.6568,5.8212],[101.6612,5.8486],[101.6574,5.8766],[101.6388,5.8722],[101.6236,5.8804],[101.6162,5.9092],[101.5972,5.9122],[101.58,5.9354],[101.5708,5.9266],[101.5376,5.9196],[101.5284,5.9048],[101.5158,5.904],[101.4868,5.8722],[101.4622,5.8762],[101.4544,5.8682],[101.4236,5.8752],[101.3934,5.8748],[101.389,5.856],[101.3722,5.8316],[101.348,5.8256],[101.3432,5.8094],[101.3184,5.8054],[101.2816,5.8138],[101.2604,5.7898],[101.2476,5.7546],[101.2546,5.7362],[101.2518,5.7038],[101.2262,5.6854],[101.2106,5.6614],[101.1724,5.6416],[101.1398,5.6176],[101.1298,5.629],[101.117,5.6642],[101.0958,5.701],[101.0616,5.7348],[101.056,5.7462],[101.0418,5.7418],[101.0092,5.7602],[100.9766,5.7758],[100.961,5.7772],[100.9468,5.7702],[100.9454,5.7574],[100.9524,5.7404],[100.9752,5.7178],[100.9808,5.7024],[100.9666,5.6516],[100.9542,5.6438],[100.9454,5.6294],[100.9298,5.6184],[100.9234,5.6028],[100.9308,5.5912],[100.9436,5.5884],[100.935,5.5594],[100.9424,5.549],[100.9326,5.5316],[100.9308,5.5126],[100.9198,5.4988],[100.9012,5.4912],[100.882,5.493],[100.8676,5.4634],[100.867,5.4282],[100.8768,5.4172],[100.899,5.419],[100.9088,5.4096],[100.91,5.3952],[100.9232,5.3566],[100.9338,5.307],[100.9456,5.2878],[100.9468,5.2508],[100.9248,5.2444],[100.9144,5.22],[100.8924,5.2048],[100.902,5.1882],[100.9206,5.1758],[100.9308,5.1562],[100.9222,5.1474],[100.9184,5.1292],[100.9248,5.1096],[100.9164,5.0844],[100.9088,5.0652],[100.887,5.0458],[100.8788,5.0308],[100.8882,5.0248],[100.8928,5.0068],[100.8758,5.001],[100.8642,4.9834],[100.875,4.9676],[100.9154,4.9836],[100.9724,4.9754],[100.9866,4.98],[101.0084,4.9688],[101.0286,4.9702],[101.042,4.9992],[101.0486,5.023],[101.0638,5.0356],[101.0806,5.0652],[101.0954,5.0744],[101.116,5.0744],[101.139,5.0618],[101.1564,5.0696],[101.1762,5.0666],[101.197,5.0532],[101.2092,5.061],[101.2416,5.0658],[101.2502,5.0722],[101.2718,5.0548],[101.29,5.0644],[101.3186,5.0462],[101.3332,5.0518],[101.3472,5.0378],[101.3628,5.031],[101.3662,5.0114],[101.361,4.9988],[101.3644,4.9702],[101.396,4.9774],[101.4046,4.9862],[101.4228,4.9848],[101.4322,4.9916],[101.4476,4.997],[101.448,5.0118],[101.4588,5.027],[101.463,5.0706],[101.4838,5.0892],[101.4778,5.113],[101.4864,5.1308],[101.482,5.1478],[101.484,5.17],[101.4904,5.1834],[101.5114,5.2002],[101.5126,5.2314],[101.5224,5.2448],[101.5218,5.2632],[101.5452,5.2638],[101.5486,5.2812],[101.5718,5.2916],[101.5776,5.327],[101.5998,5.335],[101.623,5.3512],[101.6322,5.3408],[101.655,5.3426],[101.6706,5.327],[101.6974,5.3322],[101.7032,5.339],[101.741,5.3582],[101.7526,5.3744],[101.7392,5.3894],[101.743,5.3998],[101.7456,5.4206],[101.7362,5.4618],[101.7474,5.4744],[101.7468,5.5028],[101.7258,5.5004],[101.709,5.5108],[101.6974,5.4994],[101.6746,5.5108],[101.6642,5.5086],[101.656,5.5236],[101.6742,5.5484],[101.684,5.5832],[101.6752,5.5982],[101.6624,5.6028],[101.6578,5.6162],[101.6624,5.6294],[101.6572,5.659],[101.6946,5.7038],[101.6894,5.7568]]]},"properties":{"name":"Hulu Perak","name_source":"Hulu Perak","state":"Perak","level":"daerah","area_km2":6635.04,"area_ha":663504}},{"type":"Feature","geometry":{"type":"Polygon","coordinates":[[[100.867,5.4282],[100.8658,5.4266],[100.8518,5.409],[100.861,5.3972],[100.8536,5.3882],[100.8492,5.3548],[100.807,5.3228],[100.7844,5.3164],[100.7408,5.3176],[100.7364,5.3092],[100.7292,5.2702],[100.695,5.2476],[100.6642,5.1898],[100.6316,5.166],[100.6252,5.14],[100.6332,5.1292],[100.6792,5.1314],[100.7072,5.125],[100.7176,5.114],[100.7208,5.084],[100.7362,5.0976],[100.753,5.1036],[100.765,5.0958],[100.8328,5.0832],[100.8524,5.0914],[100.872,5.0764],[100.9072,5.0908],[100.9164,5.0844],[100.9248,5.1096],[100.9184,5.1292],[100.9222,5.1474],[100.9308,5.1562],[100.9206,5.1758],[100.902,5.1882],[100.8924,5.2048],[100.9144,5.22],[100.9248,5.2444],[100.9468,5.2508],[100.9456,5.2878],[100.9338,5.307],[100.9232,5.3566],[100.91,5.3952],[100.9088,5.4096],[100.899,5.419],[100.8768,5.4172],[100.867,5.4282]]]},"properties":{"name":"Selama","name_source":"Selama","state":"Perak","level":"daerah","area_km2":763.28,"area_ha":76328}},{"type":"Feature","geometry":{"type":"Polygon","coordinates":[[[100.7364,5.3092],[100.724,5.3114],[100.7218,5.3302],[100.7126,5.3332],[100.691,5.3246],[100.685,5.3092],[100.6866,5.2888],[100.658,5.2688],[100.6416,5.2786],[100.6328,5.2392],[100.585,5.2536],[100.5672,5.2618],[100.5524,5.2596],[100.5386,5.2484],[100.5508,5.1432],[100.5398,5.1382],[100.5086,5.1454],[100.4924,5.1348],[100.5182,5.1182],[100.5126,5.0952],[100.53,5.0878],[100.5436,5.094],[100.551,5.0764],[100.5632,5.0822],[100.5718,5.0956],[100.5848,5.0974],[100.5886,5.1222],[100.6252,5.14],[100.6316,5.166],[100.6642,5.1898],[100.695,5.2476],[100.7292,5.2702],[100.7364,5.3092]]]},"properties":{"name":"Bandar Baharu","name_source":"Bandar Baharu","state":"Kedah","level":"daerah","area_km2":269.43,"area_ha":26943}},{"type":"Feature","geometry":{"type":"Polygon","coordinates":[[[100.5386,5.2484],[100.5322,5.2896],[100.5208,5.2984],[100.5012,5.2982],[100.4682,5.2858],[100.425,5.2832],[100.4094,5.27],[100.4246,5.2262],[100.4176,5.1764],[100.4126,5.1578],[100.3948,5.1278],[100.4048,5.1222],[100.4924,5.1348],[100.5086,5.1454],[100.5398,5.1382],[100.5508,5.1432],[100.5386,5.2484]]]},"properties":{"name":"Seberang Perai Selatan","name_source":"Seberang Perai Selatan","state":"Pulau Pinang","level":"daerah","area_km2":242.18,"area_ha":24218}},{"type":"Feature","geometry":{"type":"Polygon","coordinates":[[[100.5322,5.2896],[100.5236,5.3678],[100.5254,5.4288],[100.4976,5.4364],[100.4922,5.429],[100.4648,5.4384],[100.4386,5.4522],[100.432,5.4322],[100.401,5.4278],[100.3886,5.3958],[100.3688,5.3816],[100.3768,5.3646],[100.406,5.3396],[100.4034,5.3196],[100.4106,5.3146],[100.4152,5.2942],[100.425,5.2832],[100.4682,5.2858],[100.5012,5.2982],[100.5208,5.2984],[100.5322,5.2896]]]},"properties":{"name":"Seberang Perai Tengah","name_source":"Seberang Perai Tengah","state":"Pulau Pinang","level":"daerah","area_km2":235.94,"area_ha":23594}},{"type":"Feature","geometry":{"type":"Polygon","coordinates":[[[100.5254,5.4288],[100.5294,5.5572],[100.5058,5.5668],[100.4866,5.5698],[100.4736,5.5632],[100.4532,5.5688],[100.4234,5.5636],[100.4044,5.5748],[100.371,5.5846],[100.3626,5.574],[100.3398,5.5776],[100.3548,5.5612],[100.366,5.5388],[100.3772,5.4984],[100.3808,5.456],[100.378,5.4376],[100.363,5.399],[100.3688,5.3816],[100.3886,5.3958],[100.401,5.4278],[100.432,5.4322],[100.4386,5.4522],[100.4648,5.4384],[100.4922,5.429],[100.4976,5.4364],[100.5254,5.4288]]]},"properties":{"name":"Seberang Perai Utara","name_source":"Seberang Perai Utara","state":"Pulau Pinang","level":"daerah","area_km2":273.87,"area_ha":27387}},{"type":"Feature","geometry":{"type":"Polygon","coordinates":[[[100.8658,5.4266],[100.8142,5.3948],[100.8024,5.4018],[100.7992,5.414],[100.7576,5.405],[100.7456,5.4084],[100.7288,5.4226],[100.7228,5.4452],[100.7118,5.4442],[100.7002,5.4562],[100.698,5.4724],[100.7098,5.4942],[100.6856,5.523],[100.6798,5.5452],[100.6504,5.5524],[100.6372,5.5676],[100.6056,5.5514],[100.5584,5.5358],[100.5586,5.5472],[100.5408,5.5654],[100.5294,5.5572],[100.5254,5.4288],[100.5236,5.3678],[100.5322,5.2896],[100.5386,5.2484],[100.5524,5.2596],[100.5672,5.2618],[100.585,5.2536],[100.6328,5.2392],[100.6416,5.2786],[100.658,5.2688],[100.6866,5.2888],[100.685,5.3092],[100.691,5.3246],[100.7126,5.3332],[100.7218,5.3302],[100.724,5.3114],[100.7364,5.3092],[100.7408,5.3176],[100.7844,5.3164],[100.807,5.3228],[100.8492,5.3548],[100.8536,5.3882],[100.861,5.3972],[100.8518,5.409],[100.8658,5.4266]]]},"properties":{"name":"Kulim","name_source":"Kulim","state":"Kedah","level":"daerah","area_km2":769.92,"area_ha":76992}},{"type":"Feature","geometry":{"type":"Polygon","coordinates":[[[100.3072,5.3274],[100.2948,5.333],[100.278,5.331],[100.2586,5.3552],[100.2576,5.3788],[100.243,5.384],[100.243,5.43],[100.2356,5.4644],[100.2094,5.46],[100.1956,5.4722],[100.1804,5.4666],[100.1834,5.452],[100.1776,5.4328],[100.188,5.4302],[100.1882,5.4024],[100.184,5.38],[100.1948,5.3434],[100.1964,5.3098],[100.1834,5.3032],[100.1772,5.283],[100.2074,5.2782],[100.2282,5.2874],[100.243,5.2762],[100.2622,5.2786],[100.2728,5.2646],[100.2908,5.2802],[100.3072,5.3274]]]},"properties":{"name":"Barat Daya","name_source":"Barat Daya","state":"Pulau Pinang","level":"daerah","area_km2":178.54,"area_ha":17854}},{"type":"Feature","geometry":{"type":"MultiPolygon","coordinates":[[[[100.3072,5.3274],[100.3132,5.3412],[100.3192,5.3758],[100.317,5.3866],[100.335,5.4004],[100.3434,5.4228],[100.3162,5.4344],[100.3134,5.462],[100.28,5.4682],[100.2762,5.476],[100.2556,5.4824],[100.2356,5.4644],[100.243,5.43],[100.243,5.384],[100.2576,5.3788],[100.2586,5.3552],[100.278,5.331],[100.2948,5.333],[100.3072,5.3274]]],[[[100.3118,5.3018],[100.3268,5.3264],[100.3208,5.337],[100.3066,5.312],[100.3118,5.3018]]]]},"properties":{"name":"Timur Laut","name_source":"Timur Laut","state":"Pulau Pinang","level":"daerah","area_km2":128.31,"area_ha":12831}},{"type":"Feature","geometry":{"type":"Polygon","coordinates":[[[101.0092,5.7602],[101.017,5.766],[100.988,5.7912],[100.9898,5.8166],[101.0062,5.8374],[101.017,5.8888],[101.0288,5.9158],[101.0526,5.9158],[101.067,5.9214],[101.0852,5.9132],[101.0942,5.9438],[101.1188,5.971],[101.1224,5.98],[101.1042,5.998],[101.1134,6.0306],[101.0948,6.0508],[101.0396,6.0462],[100.9976,6.0468],[100.9814,6.033],[100.9582,6.0388],[100.8762,5.9954],[100.867,5.9822],[100.8896,5.9456],[100.8972,5.9064],[100.8896,5.8822],[100.892,5.8694],[100.876,5.83],[100.8824,5.8012],[100.8742,5.7808],[100.8594,5.7612],[100.8794,5.7382],[100.8842,5.7186],[100.8594,5.7228],[100.846,5.7128],[100.8348,5.7194],[100.8214,5.7164],[100.8006,5.7212],[100.7816,5.7128],[100.7716,5.719],[100.741,5.7186],[100.7266,5.706],[100.7068,5.6976],[100.6968,5.686],[100.677,5.698],[100.6704,5.7094],[100.6704,5.7456],[100.6634,5.7598],[100.654,5.7316],[100.6536,5.7072],[100.6634,5.6776],[100.6708,5.6728],[100.6608,5.6494],[100.6644,5.634],[100.6536,5.614],[100.6318,5.6146],[100.6134,5.5776],[100.6056,5.5514],[100.6372,5.5676],[100.6504,5.5524],[100.6798,5.5452],[100.6856,5.523],[100.7098,5.4942],[100.698,5.4724],[100.7002,5.4562],[100.7118,5.4442],[100.7228,5.4452],[100.7288,5.4226],[100.7456,5.4084],[100.7576,5.405],[100.7992,5.414],[100.8024,5.4018],[100.8142,5.3948],[100.8658,5.4266],[100.867,5.4282],[100.8676,5.4634],[100.882,5.493],[100.9012,5.4912],[100.9198,5.4988],[100.9308,5.5126],[100.9326,5.5316],[100.9424,5.549],[100.935,5.5594],[100.9436,5.5884],[100.9308,5.5912],[100.9234,5.6028],[100.9298,5.6184],[100.9454,5.6294],[100.9542,5.6438],[100.9666,5.6516],[100.9808,5.7024],[100.9752,5.7178],[100.9524,5.7404],[100.9454,5.7574],[100.9468,5.7702],[100.961,5.7772],[100.9766,5.7758],[101.0092,5.7602]]]},"properties":{"name":"Baling","name_source":"Baling","state":"Kedah","level":"daerah","area_km2":1549.43,"area_ha":154943}},{"type":"Feature","geometry":{"type":"Polygon","coordinates":[[[100.5294,5.5572],[100.5408,5.5654],[100.5586,5.5472],[100.5584,5.5358],[100.6056,5.5514],[100.6134,5.5776],[100.6318,5.6146],[100.6536,5.614],[100.6644,5.634],[100.6608,5.6494],[100.6708,5.6728],[100.6634,5.6776],[100.6536,5.7072],[100.654,5.7316],[100.6634,5.7598],[100.647,5.7782],[100.6324,5.7878],[100.6328,5.8134],[100.621,5.8286],[100.6024,5.8296],[100.602,5.8408],[100.5796,5.8416],[100.5422,5.8584],[100.5198,5.8642],[100.5196,5.872],[100.4914,5.868],[100.4846,5.8608],[100.464,5.8662],[100.47,5.8502],[100.4622,5.8376],[100.4468,5.8314],[100.4364,5.807],[100.4384,5.7952],[100.4026,5.7538],[100.3974,5.7334],[100.3844,5.7176],[100.3538,5.7182],[100.3514,5.7024],[100.359,5.6826],[100.373,5.67],[100.355,5.6642],[100.3446,5.6746],[100.3352,5.6526],[100.3422,5.6486],[100.3398,5.5776],[100.3626,5.574],[100.371,5.5846],[100.4044,5.5748],[100.4234,5.5636],[100.4532,5.5688],[100.4736,5.5632],[100.4866,5.5698],[100.5058,5.5668],[100.5294,5.5572]]]},"properties":{"name":"Kuala Muda","name_source":"Kuala Muda","state":"Kedah","level":"daerah","area_km2":929.84,"area_ha":92984}},{"type":"Feature","geometry":{"type":"Polygon","coordinates":[[[100.464,5.8662],[100.449,5.8988],[100.4532,5.924],[100.4238,5.9672],[100.4094,5.9718],[100.3896,5.97],[100.3832,5.978],[100.3594,5.969],[100.3504,5.9736],[100.3568,5.8862],[100.3678,5.8144],[100.362,5.7416],[100.3538,5.7182],[100.3844,5.7176],[100.3974,5.7334],[100.4026,5.7538],[100.4384,5.7952],[100.4364,5.807],[100.4468,5.8314],[100.4622,5.8376],[100.47,5.8502],[100.464,5.8662]]]},"properties":{"name":"Yan","name_source":"Yan","state":"Kedah","level":"daerah","area_km2":245.39,"area_ha":24539}},{"type":"Feature","geometry":{"type":"Polygon","coordinates":[[[100.602,5.8408],[100.6116,5.8678],[100.6132,5.8962],[100.6284,5.9092],[100.6422,5.9354],[100.6594,5.959],[100.683,5.9778],[100.695,5.9862],[100.696,5.9982],[100.685,6.0134],[100.6584,6.0312],[100.6512,6.0554],[100.6424,6.0604],[100.6372,6.0772],[100.6454,6.106],[100.6408,6.113],[100.623,6.1184],[100.6034,6.117],[100.5748,6.107],[100.5424,6.1048],[100.5362,6.0934],[100.5124,6.0764],[100.5056,6.083],[100.4746,6.08],[100.4644,6.073],[100.4592,6.0508],[100.4432,6.042],[100.3858,6.0432],[100.4094,5.9718],[100.4238,5.9672],[100.4532,5.924],[100.449,5.8988],[100.464,5.8662],[100.4846,5.8608],[100.4914,5.868],[100.5196,5.872],[100.5198,5.8642],[100.5422,5.8584],[100.5796,5.8416],[100.602,5.8408]]]},"properties":{"name":"Pendang","name_source":"Pendang","state":"Kedah","level":"daerah","area_km2":633.81,"area_ha":63381}},{"type":"Feature","geometry":{"type":"Polygon","coordinates":[[[101.0948,6.0508],[101.1156,6.0774],[101.115,6.0902],[101.1262,6.0966],[101.1214,6.1132],[101.0738,6.1376],[101.0576,6.1404],[101.0744,6.1688],[101.1198,6.1866],[101.1156,6.2202],[101.104,6.237],[101.1104,6.2502],[101.0936,6.2598],[101.0464,6.2528],[101.0386,6.2468],[101.011,6.2498],[100.981,6.2776],[100.95,6.2642],[100.9464,6.2458],[100.93,6.2424],[100.9188,6.249],[100.9018,6.2352],[100.8734,6.2624],[100.8704,6.2416],[100.8548,6.2306],[100.8548,6.1958],[100.86,6.1722],[100.8484,6.1532],[100.813,6.1548],[100.8036,6.1486],[100.807,6.1278],[100.8018,6.111],[100.7902,6.0982],[100.7908,6.083],[100.7838,6.06],[100.7686,6.0598],[100.7544,6.0498],[100.7546,6.0358],[100.7354,6.0282],[100.7292,5.9978],[100.7348,5.9854],[100.7166,5.9756],[100.7178,5.9592],[100.7016,5.9598],[100.683,5.9778],[100.6594,5.959],[100.6422,5.9354],[100.6284,5.9092],[100.6132,5.8962],[100.6116,5.8678],[100.602,5.8408],[100.6024,5.8296],[100.621,5.8286],[100.6328,5.8134],[100.6324,5.7878],[100.647,5.7782],[100.6634,5.7598],[100.6704,5.7456],[100.6704,5.7094],[100.677,5.698],[100.6968,5.686],[100.7068,5.6976],[100.7266,5.706],[100.741,5.7186],[100.7716,5.719],[100.7816,5.7128],[100.8006,5.7212],[100.8214,5.7164],[100.8348,5.7194],[100.846,5.7128],[100.8594,5.7228],[100.8842,5.7186],[100.8794,5.7382],[100.8594,5.7612],[100.8742,5.7808],[100.8824,5.8012],[100.876,5.83],[100.892,5.8694],[100.8896,5.8822],[100.8972,5.9064],[100.8896,5.9456],[100.867,5.9822],[100.8762,5.9954],[100.9582,6.0388],[100.9814,6.033],[100.9976,6.0468],[101.0396,6.0462],[101.0948,6.0508]]]},"properties":{"name":"Sik","name_source":"Sik","state":"Kedah","level":"daerah","area_km2":1662.73,"area_ha":166273}},{"type":"Feature","geometry":{"type":"Polygon","coordinates":[[[100.4094,5.9718],[100.3858,6.0432],[100.4432,6.042],[100.4592,6.0508],[100.4644,6.073],[100.4746,6.08],[100.4626,6.0818],[100.4426,6.1092],[100.4396,6.1312],[100.4524,6.137],[100.4524,6.1566],[100.4652,6.1632],[100.4708,6.1942],[100.4596,6.2102],[100.432,6.2152],[100.4166,6.2006],[100.3982,6.2106],[100.3748,6.2114],[100.346,6.231],[100.2866,6.2214],[100.2822,6.2028],[100.2568,6.1814],[100.2724,6.152],[100.2846,6.0948],[100.3114,6.0682],[100.3276,6.0388],[100.3422,6.0058],[100.3504,5.9736],[100.3594,5.969],[100.3832,5.978],[100.3896,5.97],[100.4094,5.9718]]]},"properties":{"name":"Kota Setar","name_source":"Kota Setar","state":"Kedah","level":"daerah","area_km2":422.94,"area_ha":42294}},{"type":"Feature","geometry":{"type":"Polygon","coordinates":[[[100.6408,6.113],[100.6402,6.1348],[100.6184,6.1558],[100.596,6.1632],[100.6028,6.1762],[100.5894,6.1976],[100.583,6.2276],[100.5652,6.2152],[100.5438,6.1906],[100.5178,6.234],[100.5102,6.254],[100.4914,6.2526],[100.4708,6.2376],[100.468,6.2126],[100.4596,6.2102],[100.4708,6.1942],[100.4652,6.1632],[100.4524,6.1566],[100.4524,6.137],[100.4396,6.1312],[100.4426,6.1092],[100.4626,6.0818],[100.4746,6.08],[100.5056,6.083],[100.5124,6.0764],[100.5362,6.0934],[100.5424,6.1048],[100.5748,6.107],[100.6034,6.117],[100.623,6.1184],[100.6408,6.113]]]},"properties":{"name":"Pokok Sena","name_source":"Pokok Sena","state":"Kedah","level":"daerah","area_km2":246.12,"area_ha":24612}},{"type":"Feature","geometry":{"type":"Polygon","coordinates":[[[100.683,5.9778],[100.7016,5.9598],[100.7178,5.9592],[100.7166,5.9756],[100.7348,5.9854],[100.7292,5.9978],[100.7354,6.0282],[100.7546,6.0358],[100.7544,6.0498],[100.7686,6.0598],[100.7838,6.06],[100.7908,6.083],[100.7902,6.0982],[100.8018,6.111],[100.807,6.1278],[100.8036,6.1486],[100.813,6.1548],[100.8484,6.1532],[100.86,6.1722],[100.8548,6.1958],[100.8548,6.2306],[100.8442,6.2536],[100.8344,6.2958],[100.8496,6.3102],[100.8384,6.3206],[100.8374,6.3356],[100.821,6.353],[100.8234,6.4022],[100.8124,6.4414],[100.7902,6.4482],[100.7762,6.461],[100.7502,6.4586],[100.7414,6.4778],[100.7408,6.5054],[100.7216,6.494],[100.7066,6.4696],[100.6572,6.4472],[100.6414,6.4576],[100.6164,6.4604],[100.5944,6.4754],[100.591,6.4316],[100.577,6.435],[100.566,6.4252],[100.561,6.394],[100.5246,6.3784],[100.5038,6.3508],[100.5048,6.3216],[100.5284,6.2968],[100.5102,6.254],[100.5178,6.234],[100.5438,6.1906],[100.5652,6.2152],[100.583,6.2276],[100.5894,6.1976],[100.6028,6.1762],[100.596,6.1632],[100.6184,6.1558],[100.6402,6.1348],[100.6408,6.113],[100.6454,6.106],[100.6372,6.0772],[100.6424,6.0604],[100.6512,6.0554],[100.6584,6.0312],[100.685,6.0134],[100.696,5.9982],[100.695,5.9862],[100.683,5.9778]]]},"properties":{"name":"Padang Terap","name_source":"Padang Terap","state":"Kedah","level":"daerah","area_km2":1363.92,"area_ha":136392}},{"type":"Feature","geometry":{"type":"Polygon","coordinates":[[[100.4596,6.2102],[100.468,6.2126],[100.4708,6.2376],[100.4914,6.2526],[100.5102,6.254],[100.5284,6.2968],[100.5048,6.3216],[100.5038,6.3508],[100.5246,6.3784],[100.561,6.394],[100.566,6.4252],[100.577,6.435],[100.591,6.4316],[100.5944,6.4754],[100.57,6.486],[100.5632,6.4952],[100.5472,6.4864],[100.5138,6.492],[100.5,6.5012],[100.4904,6.5256],[100.4658,6.5234],[100.4596,6.5314],[100.42,6.5188],[100.4034,6.5344],[100.3884,6.5352],[100.3586,6.5498],[100.3508,6.573],[100.3538,6.553],[100.3704,6.5298],[100.3632,6.4544],[100.3006,6.4028],[100.2792,6.3694],[100.255,6.3476],[100.2048,6.2908],[100.2032,6.2664],[100.1932,6.252],[100.2166,6.2394],[100.2356,6.2224],[100.2568,6.1814],[100.2822,6.2028],[100.2866,6.2214],[100.346,6.231],[100.3748,6.2114],[100.3982,6.2106],[100.4166,6.2006],[100.432,6.2152],[100.4596,6.2102]]]},"properties":{"name":"Kubang Pasu","name_source":"Kubang Pasu","state":"Kedah","level":"daerah","area_km2":955.74,"area_ha":95574}},{"type":"Feature","geometry":{"type":"Polygon","coordinates":[[[100.3508,6.573],[100.3208,6.5908],[100.306,6.6108],[100.3248,6.622],[100.316,6.6348],[100.3254,6.663],[100.3066,6.6674],[100.2922,6.6804],[100.2944,6.704],[100.281,6.708],[100.2636,6.7002],[100.2554,6.7096],[100.2368,6.6926],[100.22,6.7],[100.213,6.7198],[100.2022,6.7246],[100.188,6.7188],[100.1784,6.6966],[100.1814,6.657],[100.1702,6.649],[100.1676,6.6252],[100.1716,6.606],[100.1806,6.6028],[100.184,6.5802],[100.174,6.5684],[100.1554,6.5608],[100.1546,6.5206],[100.1602,6.4886],[100.1358,6.4448],[100.1332,6.4304],[100.119,6.4194],[100.1312,6.3952],[100.155,6.3346],[100.1662,6.2988],[100.1932,6.252],[100.2032,6.2664],[100.2048,6.2908],[100.255,6.3476],[100.2792,6.3694],[100.3006,6.4028],[100.3632,6.4544],[100.3704,6.5298],[100.3538,6.553],[100.3508,6.573]]]},"properties":{"name":"Perlis","name_source":"Perlis","state":"Perlis","level":"daerah","area_km2":815.36,"area_ha":81536}},{"type":"Feature","geometry":{"type":"MultiPolygon","coordinates":[[[[99.7414,6.2282],[99.7332,6.2282],[99.7222,6.2068],[99.7274,6.1924],[99.7424,6.186],[99.7424,6.2074],[99.7506,6.219],[99.7414,6.2282]]],[[[99.8238,6.252],[99.8238,6.2646],[99.8384,6.2756],[99.8396,6.293],[99.8018,6.2722],[99.7896,6.2426],[99.7704,6.2184],[99.775,6.2046],[99.7914,6.1878],[99.8024,6.1884],[99.8122,6.1746],[99.8284,6.1948],[99.8378,6.2242],[99.8628,6.234],[99.8604,6.2502],[99.8454,6.2676],[99.8238,6.252]]],[[[99.8784,6.425],[99.8522,6.4332],[99.854,6.4458],[99.8466,6.4648],[99.823,6.4756],[99.8212,6.4612],[99.7958,6.4386],[99.785,6.4242],[99.7486,6.426],[99.7378,6.4304],[99.6914,6.4368],[99.6642,6.4296],[99.6478,6.4386],[99.6396,6.4322],[99.6434,6.4096],[99.6414,6.3808],[99.6506,6.361],[99.665,6.3628],[99.715,6.3546],[99.7224,6.333],[99.7142,6.3176],[99.7342,6.2734],[99.7704,6.2798],[99.7932,6.2996],[99.8032,6.3168],[99.8294,6.3248],[99.8512,6.315],[99.8522,6.3014],[99.9102,6.3284],[99.9094,6.3448],[99.9002,6.3556],[99.9094,6.3916],[99.8958,6.3998],[99.8784,6.425]]]]},"properties":{"name":"Langkawi","name_source":"Langkawi","state":"Kedah","level":"daerah","area_km2":459.98,"area_ha":45998}},{"type":"Feature","geometry":{"type":"Polygon","coordinates":[[[100.6252,5.14],[100.5886,5.1222],[100.5848,5.0974],[100.5718,5.0956],[100.5632,5.0822],[100.551,5.0764],[100.5436,5.094],[100.53,5.0878],[100.5126,5.0952],[100.5182,5.1182],[100.4924,5.1348],[100.4048,5.1222],[100.3948,5.1278],[100.3886,5.1156],[100.3632,5.0972],[100.3626,5.0838],[100.3828,5.033],[100.4078,4.9958],[100.4242,4.9918],[100.4212,4.9606],[100.4306,4.9322],[100.441,4.9166],[100.4666,4.9234],[100.4852,4.9224],[100.4974,4.9124],[100.48,4.894],[100.4898,4.8708],[100.5078,4.8662],[100.5514,4.8622],[100.5578,4.8558],[100.57,4.8622],[100.5828,4.8464],[100.61,4.8402],[100.624,4.8424],[100.6286,4.8848],[100.6398,4.898],[100.6664,4.909],[100.6764,4.9212],[100.7142,4.9374],[100.7264,4.9518],[100.7344,4.9976],[100.731,5.0278],[100.7222,5.0584],[100.7208,5.084],[100.7176,5.114],[100.7072,5.125],[100.6792,5.1314],[100.6332,5.1292],[100.6252,5.14]]]},"properties":{"name":"Kerian","name_source":"Kerian","state":"Perak","level":"daerah","area_km2":925.95,"area_ha":92595}},{"type":"Feature","geometry":{"type":"Polygon","coordinates":[[[100.738,4.5226],[100.7382,4.5226],[100.7488,4.5322],[100.7484,4.544],[100.7648,4.5578],[100.776,4.583],[100.7872,4.5838],[100.798,4.6056],[100.811,4.6426],[100.7972,4.6724],[100.8054,4.6854],[100.7846,4.6968],[100.7834,4.709],[100.7934,4.718],[100.814,4.7732],[100.8058,4.7898],[100.8098,4.8398],[100.8072,4.8554],[100.8534,4.887],[100.8556,4.9076],[100.8664,4.9218],[100.8564,4.9358],[100.8702,4.9462],[100.875,4.9676],[100.8642,4.9834],[100.8758,5.001],[100.8928,5.0068],[100.8882,5.0248],[100.8788,5.0308],[100.887,5.0458],[100.9088,5.0652],[100.9164,5.0844],[100.9072,5.0908],[100.872,5.0764],[100.8524,5.0914],[100.8328,5.0832],[100.765,5.0958],[100.753,5.1036],[100.7362,5.0976],[100.7208,5.084],[100.7222,5.0584],[100.731,5.0278],[100.7344,4.9976],[100.7264,4.9518],[100.7142,4.9374],[100.6764,4.9212],[100.6664,4.909],[100.6398,4.898],[100.6286,4.8848],[100.624,4.8424],[100.61,4.8402],[100.5828,4.8464],[100.57,4.8622],[100.5578,4.8558],[100.5492,4.8336],[100.5662,4.792],[100.6132,4.779],[100.615,4.7676],[100.6,4.758],[100.587,4.7646],[100.579,4.7568],[100.576,4.739],[100.5826,4.6942],[100.5926,4.6668],[100.6168,4.6776],[100.6504,4.6704],[100.622,4.6464],[100.6098,4.6438],[100.5942,4.6274],[100.5842,4.6046],[100.5804,4.5674],[100.6198,4.5544],[100.6532,4.567],[100.6436,4.5392],[100.625,4.5296],[100.738,4.5226]]]},"properties":{"name":"Larut dan Matang","name_source":"Larut dan Matang","state":"Perak","level":"daerah","area_km2":1304.78,"area_ha":130478}},{"type":"Feature","geometry":{"type":"Polygon","coordinates":[[[100.875,4.9676],[100.8702,4.9462],[100.8564,4.9358],[100.8664,4.9218],[100.8556,4.9076],[100.8534,4.887],[100.8072,4.8554],[100.8098,4.8398],[100.8058,4.7898],[100.814,4.7732],[100.7934,4.718],[100.7834,4.709],[100.7846,4.6968],[100.8054,4.6854],[100.7972,4.6724],[100.811,4.6426],[100.798,4.6056],[100.7872,4.5838],[100.776,4.583],[100.7648,4.5578],[100.7484,4.544],[100.7488,4.5322],[100.7382,4.5226],[100.7726,4.5342],[100.8552,4.5526],[100.9028,4.5652],[100.9278,4.5548],[100.992,4.5548],[100.995,4.5604],[100.998,4.5822],[101.013,4.5942],[101.0136,4.63],[101.0106,4.643],[101.0286,4.6876],[101.0424,4.7034],[101.0342,4.7172],[101.0502,4.7432],[101.0534,4.7558],[101.0664,4.7688],[101.0836,4.7642],[101.1186,4.7816],[101.164,4.7794],[101.1878,4.7754],[101.2174,4.7502],[101.2348,4.7538],[101.2564,4.7312],[101.2678,4.7308],[101.272,4.717],[101.2864,4.7134],[101.2954,4.6902],[101.3108,4.6784],[101.3342,4.6848],[101.342,4.7116],[101.351,4.7056],[101.3652,4.714],[101.3734,4.707],[101.3872,4.7202],[101.3752,4.7596],[101.3974,4.7648],[101.3974,4.7776],[101.415,4.8132],[101.4004,4.8354],[101.412,4.8544],[101.4444,4.857],[101.4354,4.8762],[101.4528,4.895],[101.4532,4.9262],[101.445,4.94],[101.4466,4.9552],[101.4254,4.9752],[101.4228,4.9848],[101.4046,4.9862],[101.396,4.9774],[101.3644,4.9702],[101.361,4.9988],[101.3662,5.0114],[101.3628,5.031],[101.3472,5.0378],[101.3332,5.0518],[101.3186,5.0462],[101.29,5.0644],[101.2718,5.0548],[101.2502,5.0722],[101.2416,5.0658],[101.2092,5.061],[101.197,5.0532],[101.1762,5.0666],[101.1564,5.0696],[101.139,5.0618],[101.116,5.0744],[101.0954,5.0744],[101.0806,5.0652],[101.0638,5.0356],[101.0486,5.023],[101.042,4.9992],[101.0286,4.9702],[101.0084,4.9688],[100.9866,4.98],[100.9724,4.9754],[100.9154,4.9836],[100.875,4.9676]]]},"properties":{"name":"Kuala Kangsar","name_source":"Kuala Kangsar","state":"Perak","level":"daerah","area_km2":2566.64,"area_ha":256664}},{"type":"Feature","geometry":{"type":"Polygon","coordinates":[[[102.4168,5.2986],[102.418,5.2714],[102.415,5.2344],[102.4232,5.2176],[102.422,5.2014],[102.4116,5.1816],[102.4372,5.1794],[102.4494,5.166],[102.4766,5.1568],[102.4866,5.1376],[102.5114,5.1262],[102.5284,5.1064],[102.5156,5.0868],[102.5004,5.0752],[102.5144,5.0538],[102.511,5.041],[102.515,5.0168],[102.4992,5.0028],[102.5074,4.9756],[102.5208,4.9612],[102.5202,4.9454],[102.512,4.931],[102.5062,4.9028],[102.5266,4.8954],[102.5404,4.905],[102.5694,4.894],[102.5894,4.8744],[102.607,4.8714],[102.6126,4.8628],[102.6366,4.8506],[102.6508,4.8494],[102.6448,4.8266],[102.6656,4.784],[102.6584,4.7618],[102.6696,4.7354],[102.6882,4.7138],[102.7038,4.7138],[102.73,4.6872],[102.7456,4.6896],[102.752,4.6814],[102.7828,4.6716],[102.8258,4.6814],[102.8442,4.682],[102.8474,4.6948],[102.845,4.7272],[102.8724,4.7382],[102.8892,4.7504],[102.8922,4.7856],[102.898,4.7962],[102.8926,4.8146],[102.9206,4.8204],[102.9468,4.813],[102.9538,4.8192],[102.9764,4.8228],[102.992,4.846],[103.0118,4.8378],[103.0292,4.839],[103.038,4.861],[103.0624,4.858],[103.0764,4.8628],[103.085,4.8794],[103.0798,4.92],[103.1008,4.9304],[103.1066,4.9444],[103.1322,4.9478],[103.1396,4.9408],[103.1722,4.9472],[103.192,4.9212],[103.2134,4.9322],[103.2118,4.9502],[103.2266,4.9578],[103.2152,4.9686],[103.2076,4.9912],[103.1798,5.0208],[103.1704,5.0364],[103.1396,5.0636],[103.131,5.0902],[103.1158,5.1082],[103.1014,5.1006],[103.0798,5.1134],[103.0536,5.1464],[103.056,5.1718],[103.0442,5.2128],[103.0374,5.2308],[103.0186,5.2376],[102.9876,5.2254],[102.963,5.2014],[102.9502,5.2024],[102.9282,5.1886],[102.9188,5.192],[102.9072,5.2134],[102.8986,5.2152],[102.8916,5.2396],[102.8752,5.243],[102.8502,5.2656],[102.8236,5.2412],[102.7904,5.2228],[102.7684,5.2302],[102.7572,5.2448],[102.7276,5.2604],[102.7242,5.2812],[102.7294,5.2934],[102.7288,5.316],[102.7166,5.3396],[102.6894,5.3402],[102.6776,5.3778],[102.6812,5.3934],[102.651,5.3952],[102.6562,5.4206],[102.6474,5.4386],[102.6166,5.475],[102.5932,5.4828],[102.5876,5.4686],[102.5952,5.4542],[102.5906,5.4276],[102.5772,5.4212],[102.5894,5.3992],[102.58,5.3894],[102.5842,5.3692],[102.562,5.3686],[102.5428,5.3582],[102.533,5.338],[102.5156,5.3326],[102.5074,5.3472],[102.4726,5.3594],[102.4504,5.353],[102.4416,5.3632],[102.426,5.3466],[102.4272,5.3218],[102.4168,5.2986]]]},"properties":{"name":"Hulu Terengganu","name_source":"Hulu Terengganu","state":"Terengganu","level":"daerah","area_km2":3892.83,"area_ha":389283}},{"type":"Feature","geometry":{"type":"Polygon","coordinates":[[[102.9876,5.2254],[102.9796,5.2322],[102.932,5.2722],[102.9276,5.2974],[102.9104,5.311],[102.9264,5.3222],[102.9178,5.3414],[102.9212,5.353],[102.913,5.3636],[102.9212,5.377],[102.9108,5.441],[102.9168,5.451],[102.9354,5.4388],[102.9974,5.5018],[102.9636,5.5334],[102.9176,5.5374],[102.8922,5.5496],[102.8666,5.5676],[102.8508,5.5734],[102.8066,5.6178],[102.7636,5.6526],[102.7428,5.6612],[102.6986,5.6966],[102.665,5.7324],[102.6522,5.7116],[102.662,5.693],[102.666,5.66],[102.6654,5.637],[102.6452,5.6188],[102.6426,5.5998],[102.6138,5.5896],[102.6202,5.5676],[102.6144,5.5474],[102.6178,5.5178],[102.598,5.501],[102.5932,5.4828],[102.6166,5.475],[102.6474,5.4386],[102.6562,5.4206],[102.651,5.3952],[102.6812,5.3934],[102.6776,5.3778],[102.6894,5.3402],[102.7166,5.3396],[102.7288,5.316],[102.7294,5.2934],[102.7242,5.2812],[102.7276,5.2604],[102.7572,5.2448],[102.7684,5.2302],[102.7904,5.2228],[102.8236,5.2412],[102.8502,5.2656],[102.8752,5.243],[102.8916,5.2396],[102.8986,5.2152],[102.9072,5.2134],[102.9188,5.192],[102.9282,5.1886],[102.9502,5.2024],[102.963,5.2014],[102.9876,5.2254]]]},"properties":{"name":"Setiu","name_source":"Setiu","state":"Terengganu","level":"daerah","area_km2":1345.65,"area_ha":134565}},{"type":"Feature","geometry":{"type":"Polygon","coordinates":[[[103.0442,5.2128],[103.0672,5.2304],[103.0754,5.2422],[103.0806,5.264],[103.0952,5.2576],[103.1068,5.2628],[103.129,5.2432],[103.1298,5.2298],[103.1204,5.21],[103.1468,5.2164],[103.154,5.2496],[103.1866,5.2674],[103.183,5.2704],[103.1466,5.3388],[103.1472,5.3434],[103.1314,5.3254],[103.1168,5.3198],[103.0982,5.324],[103.1002,5.335],[103.0868,5.3426],[103.063,5.3418],[103.0492,5.3298],[103.0072,5.3042],[102.988,5.3044],[102.9804,5.2966],[102.9892,5.2704],[102.9812,5.2638],[102.9796,5.2322],[102.9876,5.2254],[103.0186,5.2376],[103.0374,5.2308],[103.0442,5.2128]]]},"properties":{"name":"Kuala Terengganu","name_source":"Kuala Terengganu","state":"Terengganu","level":"daerah","area_km2":201.91,"area_ha":20191}},{"type":"Feature","geometry":{"type":"Polygon","coordinates":[[[101.4228,4.9848],[101.4254,4.9752],[101.4466,4.9552],[101.445,4.94],[101.4532,4.9262],[101.4528,4.895],[101.4354,4.8762],[101.4444,4.857],[101.412,4.8544],[101.4004,4.8354],[101.415,4.8132],[101.3974,4.7776],[101.3974,4.7648],[101.3752,4.7596],[101.3872,4.7202],[101.3734,4.707],[101.3652,4.714],[101.351,4.7056],[101.342,4.7116],[101.3342,4.6848],[101.361,4.6546],[101.3744,4.6148],[101.3864,4.6112],[101.402,4.6172],[101.4288,4.6048],[101.4492,4.577],[101.4674,4.5766],[101.4822,4.6022],[101.492,4.6012],[101.5198,4.6122],[101.5392,4.5994],[101.551,4.577],[101.5686,4.579],[101.589,4.5552],[101.609,4.5622],[101.6214,4.5462],[101.6392,4.56],[101.6492,4.5574],[101.6634,4.5664],[101.6746,4.596],[101.6964,4.6],[101.7224,4.6102],[101.731,4.6218],[101.7526,4.6114],[101.7648,4.6264],[101.7752,4.6704],[101.7712,4.693],[101.7764,4.7098],[101.7746,4.7452],[101.7974,4.7642],[101.8184,4.7626],[101.8362,4.7828],[101.8398,4.8024],[101.835,4.8794],[101.831,4.8922],[101.8096,4.9148],[101.82,4.9612],[101.806,4.9634],[101.7904,4.9848],[101.7724,4.9838],[101.7682,4.9692],[101.7898,4.9264],[101.7606,4.9298],[101.5538,4.9316],[101.4986,4.9536],[101.4322,4.9916],[101.4228,4.9848]]]},"properties":{"name":"Kecil Lojing","name_source":"Kecil Lojing","state":"Kelantan","level":"daerah","area_km2":1767.06,"area_ha":176706}},{"type":"Feature","geometry":{"type":"Polygon","coordinates":[[[101.3744,4.6148],[101.3514,4.5882],[101.354,4.5522],[101.3606,4.538],[101.366,4.5286],[101.3824,4.5224],[101.3872,4.5084],[101.3602,4.4778],[101.3572,4.461],[101.3326,4.444],[101.3336,4.4316],[101.3524,4.4278],[101.3484,4.4154],[101.3578,4.3974],[101.374,4.4074],[101.393,4.4088],[101.4066,4.3948],[101.4354,4.3918],[101.4446,4.3778],[101.4254,4.3404],[101.4446,4.3268],[101.4574,4.3234],[101.4748,4.3292],[101.4864,4.3228],[101.4992,4.3326],[101.516,4.331],[101.5492,4.346],[101.5584,4.36],[101.5852,4.3552],[101.5922,4.3884],[101.6078,4.404],[101.6014,4.4388],[101.6044,4.4456],[101.5882,4.459],[101.5916,4.474],[101.5812,4.4938],[101.5898,4.5198],[101.589,4.5552],[101.5686,4.579],[101.551,4.577],[101.5392,4.5994],[101.5198,4.6122],[101.492,4.6012],[101.4822,4.6022],[101.4674,4.5766],[101.4492,4.577],[101.4288,4.6048],[101.402,4.6172],[101.3864,4.6112],[101.3744,4.6148]]]},"properties":{"name":"Cameron Highlands","name_source":"Cameron Highlands","state":"Pahang","level":"daerah","area_km2":686.38,"area_ha":68638}},{"type":"Feature","geometry":{"type":"Polygon","coordinates":[[[101.743,5.3998],[101.7392,5.3894],[101.7526,5.3744],[101.741,5.3582],[101.7032,5.339],[101.6974,5.3322],[101.6706,5.327],[101.655,5.3426],[101.6322,5.3408],[101.623,5.3512],[101.5998,5.335],[101.5776,5.327],[101.5718,5.2916],[101.5486,5.2812],[101.5452,5.2638],[101.5218,5.2632],[101.5224,5.2448],[101.5126,5.2314],[101.5114,5.2002],[101.4904,5.1834],[101.484,5.17],[101.482,5.1478],[101.4864,5.1308],[101.4778,5.113],[101.4838,5.0892],[101.463,5.0706],[101.4588,5.027],[101.448,5.0118],[101.4476,4.997],[101.4322,4.9916],[101.4986,4.9536],[101.5538,4.9316],[101.7606,4.9298],[101.7898,4.9264],[101.7682,4.9692],[101.7724,4.9838],[101.7904,4.9848],[101.806,4.9634],[101.82,4.9612],[101.8096,4.9148],[101.831,4.8922],[101.835,4.8794],[101.8398,4.8024],[101.8362,4.7828],[101.8184,4.7626],[101.8234,4.717],[101.8452,4.719],[101.8498,4.6872],[101.867,4.6908],[101.8696,4.68],[101.886,4.6728],[101.8932,4.6574],[101.8878,4.6466],[101.896,4.6166],[101.9124,4.613],[101.9278,4.6546],[101.9406,4.6646],[101.9542,4.7208],[101.9504,4.7596],[101.9624,4.766],[101.9814,4.7452],[101.9958,4.765],[102.0032,4.7624],[102.014,4.7398],[102.0286,4.7424],[102.0486,4.7288],[102.0568,4.7442],[102.0668,4.7434],[102.1112,4.7596],[102.124,4.7452],[102.1276,4.719],[102.1384,4.7044],[102.1584,4.6944],[102.1748,4.679],[102.1748,4.6646],[102.203,4.6384],[102.2258,4.6328],[102.2356,4.6392],[102.232,4.6538],[102.2682,4.6628],[102.2838,4.6564],[102.3128,4.6366],[102.34,4.642],[102.351,4.6656],[102.369,4.6836],[102.3636,4.7062],[102.3794,4.714],[102.4268,4.7104],[102.4458,4.7126],[102.4688,4.7054],[102.5002,4.6756],[102.5122,4.6688],[102.5292,4.6784],[102.5552,4.708],[102.5724,4.6916],[102.585,4.6954],[102.5968,4.6868],[102.605,4.7016],[102.5972,4.7428],[102.604,4.7606],[102.5988,4.7706],[102.611,4.7816],[102.637,4.7658],[102.6584,4.7618],[102.6656,4.784],[102.6448,4.8266],[102.6508,4.8494],[102.6366,4.8506],[102.6126,4.8628],[102.607,4.8714],[102.5894,4.8744],[102.5694,4.894],[102.5404,4.905],[102.5266,4.8954],[102.5062,4.9028],[102.512,4.931],[102.5202,4.9454],[102.5208,4.9612],[102.5074,4.9756],[102.4992,5.0028],[102.515,5.0168],[102.511,5.041],[102.5144,5.0538],[102.5004,5.0752],[102.5156,5.0868],[102.5284,5.1064],[102.5114,5.1262],[102.4866,5.1376],[102.4766,5.1568],[102.4494,5.166],[102.4372,5.1794],[102.4116,5.1816],[102.422,5.2014],[102.4232,5.2176],[102.415,5.2344],[102.418,5.2714],[102.4168,5.2986],[102.3512,5.295],[102.2924,5.2558],[102.1302,5.2558],[102.1378,5.177],[102.0808,5.1758],[102.0128,5.1858],[101.8908,5.2644],[101.8206,5.2892],[101.7876,5.3582],[101.743,5.3998]]]},"properties":{"name":"Gua Musang","name_source":"Gua Musang","state":"Kelantan","level":"daerah","area_km2":6457.17,"area_ha":645717}},{"type":"Feature","geometry":{"type":"Polygon","coordinates":[[[102.8442,4.682],[102.8456,4.6698],[102.8624,4.6554],[102.8834,4.6068],[102.863,4.6032],[102.8742,4.5842],[102.8712,4.5674],[102.8392,4.5558],[102.8386,4.539],[102.8486,4.5238],[102.848,4.5008],[102.8672,4.492],[102.8776,4.481],[102.8782,4.463],[102.8996,4.4706],[102.9148,4.466],[102.9298,4.4688],[102.942,4.4538],[102.9572,4.4578],[102.9542,4.4718],[102.9706,4.4758],[102.9868,4.4666],[102.9886,4.4544],[103.006,4.4468],[103.0124,4.433],[103.009,4.4178],[103.0234,4.4088],[103.0444,4.4352],[103.0682,4.4336],[103.081,4.4242],[103.1008,4.4388],[103.128,4.444],[103.1444,4.4226],[103.16,4.4266],[103.1734,4.4422],[103.192,4.4874],[103.2164,4.4834],[103.2298,4.4532],[103.2484,4.4602],[103.274,4.4624],[103.2896,4.47],[103.2838,4.4956],[103.2994,4.5164],[103.292,4.5308],[103.2948,4.5534],[103.318,4.568],[103.3442,4.5964],[103.3668,4.5818],[103.3832,4.5882],[103.454,4.5946],[103.4388,4.6398],[103.4314,4.6524],[103.4494,4.6594],[103.4452,4.6776],[103.4486,4.6938],[103.4222,4.761],[103.4274,4.7768],[103.4382,4.7806],[103.4258,4.8158],[103.3868,4.8762],[103.3682,4.8596],[103.3414,4.8528],[103.334,4.865],[103.3064,4.8788],[103.2868,4.8698],[103.2804,4.8854],[103.2668,4.9002],[103.2336,4.911],[103.2266,4.9578],[103.2118,4.9502],[103.2134,4.9322],[103.192,4.9212],[103.1722,4.9472],[103.1396,4.9408],[103.1322,4.9478],[103.1066,4.9444],[103.1008,4.9304],[103.0798,4.92],[103.085,4.8794],[103.0764,4.8628],[103.0624,4.858],[103.038,4.861],[103.0292,4.839],[103.0118,4.8378],[102.992,4.846],[102.9764,4.8228],[102.9538,4.8192],[102.9468,4.813],[102.9206,4.8204],[102.8926,4.8146],[102.898,4.7962],[102.8922,4.7856],[102.8892,4.7504],[102.8724,4.7382],[102.845,4.7272],[102.8474,4.6948],[102.8442,4.682]]]},"properties":{"name":"Dungun","name_source":"Dungun","state":"Terengganu","level":"daerah","area_km2":2740.73,"area_ha":274073}},{"type":"Feature","geometry":{"type":"Polygon","coordinates":[[[101.3606,4.538],[101.2684,4.539],[101.1912,4.5076],[101.1674,4.5008],[101.1552,4.4898],[101.122,4.4944],[101.1214,4.4682],[101.1128,4.4578],[101.0848,4.4584],[101.0854,4.4434],[101.0726,4.4416],[101.0534,4.4492],[101.0604,4.4288],[101.05,4.4208],[101.0616,4.3912],[101.0784,4.3778],[101.0738,4.3298],[101.0686,4.31],[101.0768,4.3044],[101.0842,4.2742],[101.0702,4.2494],[101.0706,4.2486],[101.1134,4.2476],[101.15,4.2648],[101.1634,4.2782],[101.1964,4.2938],[101.1924,4.327],[101.2074,4.3374],[101.2412,4.3476],[101.2572,4.3398],[101.2892,4.3386],[101.315,4.3716],[101.3094,4.3858],[101.3216,4.4158],[101.3336,4.4316],[101.3326,4.444],[101.3572,4.461],[101.3602,4.4778],[101.3872,4.5084],[101.3824,4.5224],[101.366,4.5286],[101.3606,4.538]]]},"properties":{"name":"Kampar","name_source":"Kampar","state":"Perak","level":"daerah","area_km2":675.12,"area_ha":67512}},{"type":"Feature","geometry":{"type":"Polygon","coordinates":[[[100.995,4.5604],[100.9758,4.5084],[100.9596,4.4834],[100.9486,4.451],[100.9444,4.3926],[100.9708,4.3898],[100.9706,4.3732],[101.0002,4.3532],[101.0114,4.3368],[101.0132,4.3208],[101.0084,4.2972],[100.9932,4.286],[101.0048,4.253],[101.0394,4.2548],[101.0702,4.2494],[101.0842,4.2742],[101.0768,4.3044],[101.0686,4.31],[101.0738,4.3298],[101.0784,4.3778],[101.0616,4.3912],[101.05,4.4208],[101.0604,4.4288],[101.0534,4.4492],[101.0726,4.4416],[101.0854,4.4434],[101.0848,4.4584],[101.1128,4.4578],[101.1214,4.4682],[101.122,4.4944],[101.1552,4.4898],[101.1674,4.5008],[101.1912,4.5076],[101.2684,4.539],[101.3606,4.538],[101.354,4.5522],[101.3514,4.5882],[101.3744,4.6148],[101.361,4.6546],[101.3342,4.6848],[101.3108,4.6784],[101.2954,4.6902],[101.2864,4.7134],[101.272,4.717],[101.2678,4.7308],[101.2564,4.7312],[101.2348,4.7538],[101.2174,4.7502],[101.1878,4.7754],[101.164,4.7794],[101.1186,4.7816],[101.0836,4.7642],[101.0664,4.7688],[101.0534,4.7558],[101.0502,4.7432],[101.0342,4.7172],[101.0424,4.7034],[101.0286,4.6876],[101.0106,4.643],[101.0136,4.63],[101.013,4.5942],[100.998,4.5822],[100.995,4.5604]]]},"properties":{"name":"Kinta","name_source":"Kinta","state":"Perak","level":"daerah","area_km2":1296.16,"area_ha":129616}},{"type":"Feature","geometry":{"type":"Polygon","coordinates":[[[100.8552,4.5526],[100.8594,4.5382],[100.8584,4.5016],[100.8504,4.486],[100.837,4.4874],[100.8054,4.4808],[100.8068,4.3806],[100.7944,4.373],[100.81,4.3478],[100.8214,4.3552],[100.8252,4.2856],[100.8128,4.2856],[100.8,4.268],[100.7926,4.2104],[100.7716,4.1858],[100.7748,4.1654],[100.7642,4.1364],[100.7754,4.1202],[100.7904,4.1102],[100.7994,4.0782],[100.813,4.0822],[100.8314,4.0458],[100.85,4.0452],[100.8652,4.0338],[100.869,4.013],[100.859,3.9808],[100.8642,3.9674],[100.878,3.9678],[100.8988,3.9968],[100.8958,4.006],[100.9096,4.0248],[100.923,4.0278],[100.9274,4.0396],[100.921,4.063],[100.9656,4.0482],[100.9914,4.0642],[101.0244,4.079],[101.0182,4.1146],[101.0468,4.1324],[101.053,4.1454],[101.085,4.1658],[101.1012,4.1808],[101.0706,4.2486],[101.0702,4.2494],[101.0394,4.2548],[101.0048,4.253],[100.9932,4.286],[101.0084,4.2972],[101.0132,4.3208],[101.0114,4.3368],[101.0002,4.3532],[100.9706,4.3732],[100.9708,4.3898],[100.9444,4.3926],[100.9486,4.451],[100.9596,4.4834],[100.9758,4.5084],[100.995,4.5604],[100.992,4.5548],[100.9278,4.5548],[100.9028,4.5652],[100.8552,4.5526]]]},"properties":{"name":"Perak Tengah","name_source":"Perak Tengah","state":"Perak","level":"daerah","area_km2":1291.45,"area_ha":129145}},{"type":"Feature","geometry":{"type":"Polygon","coordinates":[[[100.8988,3.9968],[100.9116,3.992],[100.9222,3.9756],[100.9408,3.9856],[100.9488,3.9692],[100.9674,3.9548],[100.9658,3.9374],[101.0036,3.9102],[101.0814,3.8946],[101.1058,3.884],[101.2266,3.8708],[101.2432,3.856],[101.2382,4.0302],[101.1966,4.0704],[101.1486,4.1124],[101.1512,4.132],[101.1616,4.1432],[101.1476,4.1502],[101.1334,4.1484],[101.1108,4.1836],[101.1012,4.1808],[101.085,4.1658],[101.053,4.1454],[101.0468,4.1324],[101.0182,4.1146],[101.0244,4.079],[100.9914,4.0642],[100.9656,4.0482],[100.921,4.063],[100.9274,4.0396],[100.923,4.0278],[100.9096,4.0248],[100.8958,4.006],[100.8988,3.9968]]]},"properties":{"name":"Hilir Perak","name_source":"Hilir Perak","state":"Perak","level":"daerah","area_km2":794.74,"area_ha":79474}},{"type":"Feature","geometry":{"type":"Polygon","coordinates":[[[101.339,3.6972],[101.344,3.716],[101.3364,3.7454],[101.3232,3.767],[101.3284,3.785],[101.358,3.8024],[101.3806,3.7948],[101.3858,3.7756],[101.3992,3.764],[101.422,3.7536],[101.441,3.7502],[101.4626,3.7154],[101.4742,3.7142],[101.487,3.6986],[101.4962,3.6986],[101.5132,3.6858],[101.5312,3.68],[101.544,3.6938],[101.5666,3.698],[101.576,3.7414],[101.6014,3.7716],[101.6248,3.7786],[101.6102,3.7948],[101.591,3.8006],[101.5962,3.8214],[101.5898,3.8366],[101.602,3.8464],[101.6044,3.8788],[101.5776,3.9008],[101.573,3.912],[101.577,3.9298],[101.5736,3.9942],[101.5584,4.0098],[101.5584,4.029],[101.5826,4.0776],[101.559,4.109],[101.5328,4.1264],[101.5162,4.1172],[101.4974,4.091],[101.4968,4.0748],[101.4858,4.0498],[101.4836,4.0342],[101.4632,4.0266],[101.4702,4.0012],[101.4562,3.978],[101.4632,3.9652],[101.4568,3.9554],[101.4306,3.9582],[101.4028,3.927],[101.3916,3.9212],[101.3662,3.8956],[101.3818,3.8834],[101.3778,3.8662],[101.3836,3.8354],[101.3742,3.822],[101.3516,3.822],[101.3168,3.8104],[101.3022,3.822],[101.2592,3.8434],[101.244,3.8406],[101.2504,3.7304],[101.244,3.7212],[101.2516,3.6754],[101.2726,3.669],[101.2924,3.677],[101.301,3.6718],[101.319,3.6898],[101.339,3.6972]]]},"properties":{"name":"Muallim","name_source":"Muallim","state":"Perak","level":"daerah","area_km2":946.63,"area_ha":94663}},{"type":"Feature","geometry":{"type":"Polygon","coordinates":[[[101.3336,4.4316],[101.3216,4.4158],[101.3094,4.3858],[101.315,4.3716],[101.2892,4.3386],[101.2572,4.3398],[101.2412,4.3476],[101.2074,4.3374],[101.1924,4.327],[101.1964,4.2938],[101.1634,4.2782],[101.15,4.2648],[101.1134,4.2476],[101.0706,4.2486],[101.1012,4.1808],[101.1108,4.1836],[101.1334,4.1484],[101.1476,4.1502],[101.1616,4.1432],[101.1512,4.132],[101.1486,4.1124],[101.1966,4.0704],[101.2382,4.0302],[101.2432,3.856],[101.244,3.8406],[101.2592,3.8434],[101.3022,3.822],[101.3168,3.8104],[101.3516,3.822],[101.3742,3.822],[101.3836,3.8354],[101.3778,3.8662],[101.3818,3.8834],[101.3662,3.8956],[101.3916,3.9212],[101.4028,3.927],[101.4306,3.9582],[101.4568,3.9554],[101.4632,3.9652],[101.4562,3.978],[101.4702,4.0012],[101.4632,4.0266],[101.4836,4.0342],[101.4858,4.0498],[101.4968,4.0748],[101.4974,4.091],[101.5162,4.1172],[101.4966,4.1576],[101.4992,4.1866],[101.512,4.2056],[101.4946,4.2074],[101.453,4.222],[101.453,4.24],[101.4638,4.2528],[101.4456,4.2726],[101.4502,4.3156],[101.4446,4.3268],[101.4254,4.3404],[101.4446,4.3778],[101.4354,4.3918],[101.4066,4.3948],[101.393,4.4088],[101.374,4.4074],[101.3578,4.3974],[101.3484,4.4154],[101.3524,4.4278],[101.3336,4.4316]]]},"properties":{"name":"Batang Padang","name_source":"Batang Padang","state":"Perak","level":"daerah","area_km2":1796.4,"area_ha":179640}},{"type":"Feature","geometry":{"type":"Polygon","coordinates":[[[100.8314,4.0458],[100.8182,4.0424],[100.7954,4.0168],[100.7758,4.0034],[100.7618,4.011],[100.7182,4.0052],[100.7072,3.9972],[100.699,3.9676],[100.7054,3.8888],[100.7252,3.8772],[100.7438,3.8562],[100.7658,3.847],[100.7984,3.8586],[100.8252,3.8534],[100.846,3.851],[100.8652,3.8568],[100.9036,3.8586],[100.9338,3.8702],[100.943,3.8562],[100.9414,3.8318],[100.9738,3.822],[100.9802,3.8076],[100.9658,3.8],[100.957,3.7844],[100.9622,3.775],[100.9826,3.771],[100.9878,3.7954],[101.0256,3.8058],[101.0256,3.785],[101.0524,3.7908],[101.054,3.7756],[101.0668,3.7628],[101.086,3.7802],[101.096,3.745],[101.1162,3.738],[101.1336,3.7612],[101.1436,3.745],[101.1348,3.735],[101.1814,3.7188],[101.204,3.7194],[101.218,3.7124],[101.244,3.7212],[101.2504,3.7304],[101.244,3.8406],[101.2432,3.856],[101.2266,3.8708],[101.1058,3.884],[101.0814,3.8946],[101.0036,3.9102],[100.9658,3.9374],[100.9674,3.9548],[100.9488,3.9692],[100.9408,3.9856],[100.9222,3.9756],[100.9116,3.992],[100.8988,3.9968],[100.878,3.9678],[100.8642,3.9674],[100.859,3.9808],[100.869,4.013],[100.8652,4.0338],[100.85,4.0452],[100.8314,4.0458]]]},"properties":{"name":"Bagan Datuk","name_source":"Bagan Datuk","state":"Perak","level":"daerah","area_km2":955.4,"area_ha":95540}},{"type":"Feature","geometry":{"type":"Polygon","coordinates":[[[101.244,3.7212],[101.218,3.7124],[101.204,3.7194],[101.1814,3.7188],[101.1348,3.735],[101.1436,3.745],[101.1336,3.7612],[101.1162,3.738],[101.096,3.745],[101.086,3.7802],[101.0668,3.7628],[101.054,3.7756],[101.0524,3.7908],[101.0256,3.785],[101.0256,3.8058],[100.9878,3.7954],[100.9826,3.771],[100.9622,3.775],[100.957,3.7844],[100.9658,3.8],[100.9802,3.8076],[100.9738,3.822],[100.9414,3.8318],[100.943,3.8562],[100.9338,3.8702],[100.9036,3.8586],[100.8652,3.8568],[100.846,3.851],[100.8252,3.8534],[100.8106,3.8178],[100.8078,3.8008],[100.812,3.7838],[100.8546,3.774],[100.8972,3.7542],[100.9084,3.7414],[100.924,3.706],[100.9454,3.6664],[100.9638,3.6762],[101.0134,3.645],[101.0418,3.6168],[101.0774,3.5544],[101.0986,3.485],[101.1152,3.4936],[101.1768,3.5352],[101.3494,3.5998],[101.341,3.6556],[101.3486,3.6828],[101.339,3.6972],[101.319,3.6898],[101.301,3.6718],[101.2924,3.677],[101.2726,3.669],[101.2516,3.6754],[101.244,3.7212]]]},"properties":{"name":"Sabak Bernam","name_source":"Sabak Bernam","state":"Selangor","level":"daerah","area_km2":984.48,"area_ha":98448}},{"type":"Feature","geometry":{"type":"Polygon","coordinates":[[[101.0986,3.485],[101.1162,3.463],[101.118,3.4544],[101.1384,3.441],[101.1622,3.4028],[101.1732,3.3922],[101.1872,3.3534],[101.204,3.343],[101.225,3.339],[101.2586,3.3082],[101.2992,3.2502],[101.3074,3.2206],[101.3064,3.1656],[101.3434,3.1636],[101.3434,3.176],[101.3688,3.1764],[101.3692,3.186],[101.4004,3.1872],[101.4264,3.1926],[101.463,3.192],[101.474,3.1972],[101.4872,3.192],[101.4922,3.2278],[101.4926,3.2752],[101.4626,3.2778],[101.4622,3.3004],[101.4376,3.2982],[101.4316,3.3044],[101.4454,3.3378],[101.444,3.398],[101.4596,3.401],[101.4608,3.4508],[101.4686,3.4834],[101.3494,3.5998],[101.1768,3.5352],[101.1152,3.4936],[101.0986,3.485]]]},"properties":{"name":"Kuala Selangor","name_source":"Kuala Selangor","state":"Selangor","level":"daerah","area_km2":1192.43,"area_ha":119243}},{"type":"Feature","geometry":{"type":"Polygon","coordinates":[[[101.339,3.6972],[101.3486,3.6828],[101.341,3.6556],[101.3494,3.5998],[101.4686,3.4834],[101.4608,3.4508],[101.4596,3.401],[101.494,3.3674],[101.4992,3.3534],[101.5294,3.3458],[101.537,3.3506],[101.5892,3.3378],[101.5922,3.3296],[101.613,3.325],[101.6392,3.3244],[101.6526,3.3354],[101.6816,3.3342],[101.6962,3.3488],[101.7182,3.3882],[101.73,3.3794],[101.7574,3.374],[101.766,3.384],[101.7654,3.4016],[101.788,3.427],[101.7612,3.4894],[101.7668,3.519],[101.8022,3.5602],[101.8122,3.5942],[101.804,3.6094],[101.7866,3.6238],[101.7754,3.6508],[101.7442,3.6932],[101.7384,3.7102],[101.7242,3.713],[101.686,3.706],[101.6518,3.7286],[101.6248,3.7786],[101.6014,3.7716],[101.576,3.7414],[101.5666,3.698],[101.544,3.6938],[101.5312,3.68],[101.5132,3.6858],[101.4962,3.6986],[101.487,3.6986],[101.4742,3.7142],[101.4626,3.7154],[101.441,3.7502],[101.422,3.7536],[101.3992,3.764],[101.3858,3.7756],[101.3806,3.7948],[101.358,3.8024],[101.3284,3.785],[101.3232,3.767],[101.3364,3.7454],[101.344,3.716],[101.339,3.6972]]]},"properties":{"name":"Hulu Selangor","name_source":"Ulu Selangor","state":"Selangor","level":"daerah","area_km2":1760.53,"area_ha":176053}},{"type":"Feature","geometry":{"type":"Polygon","coordinates":[[[101.589,4.5552],[101.5898,4.5198],[101.5812,4.4938],[101.5916,4.474],[101.5882,4.459],[101.6044,4.4456],[101.6014,4.4388],[101.6078,4.404],[101.5922,4.3884],[101.5852,4.3552],[101.5584,4.36],[101.5492,4.346],[101.516,4.331],[101.4992,4.3326],[101.4864,4.3228],[101.4748,4.3292],[101.4574,4.3234],[101.4446,4.3268],[101.4502,4.3156],[101.4456,4.2726],[101.4638,4.2528],[101.453,4.24],[101.453,4.222],[101.4946,4.2074],[101.512,4.2056],[101.4992,4.1866],[101.4966,4.1576],[101.5162,4.1172],[101.5328,4.1264],[101.559,4.109],[101.5826,4.0776],[101.616,4.0846],[101.63,4.095],[101.663,4.0782],[101.6928,4.0724],[101.709,4.0812],[101.7166,4.0946],[101.7374,4.1004],[101.7502,4.116],[101.7718,4.095],[101.7746,4.0864],[101.8084,4.0772],[101.8142,4.0348],[101.8386,4.0278],[101.8536,4.0336],[101.8642,4.0556],[101.8874,4.073],[101.896,4.0736],[101.9142,4.1038],[101.9274,4.0916],[101.9502,4.0858],[101.9536,4.0708],[101.9374,4.0388],[101.9502,4.0162],[101.9618,4.0064],[101.9618,3.989],[101.9414,3.9722],[101.928,3.9478],[101.942,3.9444],[101.9566,3.9224],[101.9832,3.9282],[101.9972,3.956],[102.0134,3.9768],[102.0292,3.9872],[102.0432,3.9728],[102.0618,3.9734],[102.082,3.9716],[102.1088,3.9792],[102.128,4.0034],[102.1198,4.0174],[102.1004,4.0248],[102.091,4.0394],[102.0974,4.059],[102.0936,4.0742],[102.1146,4.0782],[102.1276,4.0656],[102.145,4.0638],[102.154,4.0374],[102.171,4.0294],[102.203,4.0268],[102.2186,4.0216],[102.219,4.0396],[102.2346,4.0368],[102.245,4.0534],[102.2592,4.0522],[102.2646,4.0626],[102.2836,4.0546],[102.2918,4.0678],[102.314,4.0898],[102.3006,4.1014],[102.2942,4.1154],[102.2784,4.1194],[102.2558,4.1182],[102.247,4.1368],[102.2582,4.1664],[102.2692,4.185],[102.2698,4.2098],[102.2436,4.2446],[102.243,4.2684],[102.2296,4.2968],[102.2332,4.3136],[102.2158,4.328],[102.221,4.357],[102.2094,4.372],[102.2104,4.39],[102.218,4.3964],[102.2146,4.419],[102.2366,4.422],[102.2534,4.4352],[102.2378,4.455],[102.2582,4.5216],[102.2274,4.5632],[102.2152,4.5922],[102.2258,4.6328],[102.203,4.6384],[102.1748,4.6646],[102.1748,4.679],[102.1584,4.6944],[102.1384,4.7044],[102.1276,4.719],[102.124,4.7452],[102.1112,4.7596],[102.0668,4.7434],[102.0568,4.7442],[102.0486,4.7288],[102.0286,4.7424],[102.014,4.7398],[102.0032,4.7624],[101.9958,4.765],[101.9814,4.7452],[101.9624,4.766],[101.9504,4.7596],[101.9542,4.7208],[101.9406,4.6646],[101.9278,4.6546],[101.9124,4.613],[101.896,4.6166],[101.8878,4.6466],[101.8932,4.6574],[101.886,4.6728],[101.8696,4.68],[101.867,4.6908],[101.8498,4.6872],[101.8452,4.719],[101.8234,4.717],[101.8184,4.7626],[101.7974,4.7642],[101.7746,4.7452],[101.7764,4.7098],[101.7712,4.693],[101.7752,4.6704],[101.7648,4.6264],[101.7526,4.6114],[101.731,4.6218],[101.7224,4.6102],[101.6964,4.6],[101.6746,4.596],[101.6634,4.5664],[101.6492,4.5574],[101.6392,4.56],[101.6214,4.5462],[101.609,4.5622],[101.589,4.5552]]]},"properties":{"name":"Lipis","name_source":"Lipis","state":"Pahang","level":"daerah","area_km2":5428.93,"area_ha":542893}},{"type":"Feature","geometry":{"type":"Polygon","coordinates":[[[103.0234,4.4088],[103.0194,4.3906],[103.0054,4.3796],[103.0078,4.3414],[102.9984,4.3286],[102.9846,4.3332],[102.9676,4.3286],[102.9572,4.3112],[102.9578,4.2928],[102.9386,4.2864],[102.9304,4.277],[102.9322,4.2406],[102.9124,4.2162],[102.9206,4.196],[102.9212,4.1588],[102.9034,4.1484],[102.8956,4.1342],[102.907,4.1124],[102.9266,4.1006],[102.9856,4.1216],[102.9952,4.1298],[103.0484,4.1164],[103.0574,4.119],[103.0734,4.1084],[103.0734,4.0942],[103.1176,4.0838],[103.1346,4.053],[103.1588,4.044],[103.1798,4.0296],[103.2048,4.0336],[103.2134,4.0122],[103.2262,4.0192],[103.2408,4.018],[103.2472,3.9948],[103.2696,3.9778],[103.2756,3.9632],[103.266,3.9518],[103.2778,3.9384],[103.3006,3.8968],[103.317,3.8984],[103.305,3.9214],[103.3258,3.9324],[103.3352,3.951],[103.3262,3.9896],[103.327,4.0482],[103.3166,4.0616],[103.3062,4.062],[103.3006,4.0864],[103.3064,4.0898],[103.309,4.1188],[103.324,4.1262],[103.3304,4.1418],[103.3208,4.1696],[103.3256,4.1886],[103.3442,4.177],[103.3984,4.1772],[103.4406,4.1858],[103.4436,4.1804],[103.4394,4.2076],[103.443,4.2342],[103.4564,4.2388],[103.4778,4.2748],[103.4906,4.3228],[103.4738,4.3506],[103.457,4.3918],[103.4528,4.4358],[103.4448,4.4648],[103.4476,4.5012],[103.457,4.5158],[103.472,4.5216],[103.4674,4.5586],[103.454,4.5946],[103.3832,4.5882],[103.3668,4.5818],[103.3442,4.5964],[103.318,4.568],[103.2948,4.5534],[103.292,4.5308],[103.2994,4.5164],[103.2838,4.4956],[103.2896,4.47],[103.274,4.4624],[103.2484,4.4602],[103.2298,4.4532],[103.2164,4.4834],[103.192,4.4874],[103.1734,4.4422],[103.16,4.4266],[103.1444,4.4226],[103.128,4.444],[103.1008,4.4388],[103.081,4.4242],[103.0682,4.4336],[103.0444,4.4352],[103.0234,4.4088]]]},"properties":{"name":"Kemaman","name_source":"Kemaman","state":"Terengganu","level":"daerah","area_km2":2545.22,"area_ha":254522}},{"type":"Feature","geometry":{"type":"Polygon","coordinates":[[[102.6584,4.7618],[102.637,4.7658],[102.611,4.7816],[102.5988,4.7706],[102.604,4.7606],[102.5972,4.7428],[102.605,4.7016],[102.5968,4.6868],[102.585,4.6954],[102.5724,4.6916],[102.5552,4.708],[102.5292,4.6784],[102.5122,4.6688],[102.5002,4.6756],[102.4688,4.7054],[102.4458,4.7126],[102.4268,4.7104],[102.3794,4.714],[102.3636,4.7062],[102.369,4.6836],[102.351,4.6656],[102.34,4.642],[102.3128,4.6366],[102.2838,4.6564],[102.2682,4.6628],[102.232,4.6538],[102.2356,4.6392],[102.2258,4.6328],[102.2152,4.5922],[102.2274,4.5632],[102.2582,4.5216],[102.2378,4.455],[102.2534,4.4352],[102.2366,4.422],[102.2146,4.419],[102.218,4.3964],[102.2104,4.39],[102.2094,4.372],[102.221,4.357],[102.2158,4.328],[102.2332,4.3136],[102.2296,4.2968],[102.243,4.2684],[102.2436,4.2446],[102.2698,4.2098],[102.2692,4.185],[102.2582,4.1664],[102.247,4.1368],[102.2558,4.1182],[102.2784,4.1194],[102.2942,4.1154],[102.3006,4.1014],[102.314,4.0898],[102.2918,4.0678],[102.2836,4.0546],[102.2646,4.0626],[102.2592,4.0522],[102.245,4.0534],[102.2346,4.0368],[102.219,4.0396],[102.2186,4.0216],[102.203,4.0268],[102.171,4.0294],[102.154,4.0374],[102.145,4.0638],[102.1276,4.0656],[102.1146,4.0782],[102.0936,4.0742],[102.0974,4.059],[102.091,4.0394],[102.1004,4.0248],[102.1198,4.0174],[102.128,4.0034],[102.1088,3.9792],[102.082,3.9716],[102.0618,3.9734],[102.0658,3.9414],[102.096,3.9044],[102.0902,3.876],[102.0768,3.8504],[102.11,3.8358],[102.1286,3.8476],[102.1424,3.847],[102.1634,3.858],[102.185,3.8604],[102.229,3.8888],[102.2436,3.8632],[102.2384,3.8498],[102.2448,3.8278],[102.2738,3.8314],[102.2884,3.84],[102.2988,3.811],[102.3082,3.8018],[102.3198,3.8156],[102.3634,3.8144],[102.3952,3.753],[102.4232,3.7396],[102.4322,3.742],[102.44,3.7618],[102.4388,3.7774],[102.462,3.7954],[102.4522,3.8122],[102.4562,3.8308],[102.4818,3.858],[102.469,3.8754],[102.494,3.8824],[102.504,3.8488],[102.5196,3.826],[102.558,3.8458],[102.562,3.8348],[102.5894,3.8418],[102.615,3.8562],[102.6766,3.8464],[102.7034,3.8366],[102.7126,3.851],[102.7288,3.8598],[102.7312,3.8742],[102.7434,3.8916],[102.7404,3.9084],[102.755,3.9148],[102.7758,3.9426],[102.7922,3.9456],[102.8004,3.9594],[102.8148,3.9554],[102.8282,3.9334],[102.8492,3.9346],[102.8602,3.9588],[102.8672,3.9978],[102.8794,4.0064],[102.899,4.0088],[102.9112,4.0174],[102.9166,4.0366],[102.9142,4.0626],[102.9266,4.1006],[102.907,4.1124],[102.8956,4.1342],[102.9034,4.1484],[102.9212,4.1588],[102.9206,4.196],[102.9124,4.2162],[102.9322,4.2406],[102.9304,4.277],[102.9386,4.2864],[102.9578,4.2928],[102.9572,4.3112],[102.9676,4.3286],[102.9846,4.3332],[102.9984,4.3286],[103.0078,4.3414],[103.0054,4.3796],[103.0194,4.3906],[103.0234,4.4088],[103.009,4.4178],[103.0124,4.433],[103.006,4.4468],[102.9886,4.4544],[102.9868,4.4666],[102.9706,4.4758],[102.9542,4.4718],[102.9572,4.4578],[102.942,4.4538],[102.9298,4.4688],[102.9148,4.466],[102.8996,4.4706],[102.8782,4.463],[102.8776,4.481],[102.8672,4.492],[102.848,4.5008],[102.8486,4.5238],[102.8386,4.539],[102.8392,4.5558],[102.8712,4.5674],[102.8742,4.5842],[102.863,4.6032],[102.8834,4.6068],[102.8624,4.6554],[102.8456,4.6698],[102.8442,4.682],[102.8258,4.6814],[102.7828,4.6716],[102.752,4.6814],[102.7456,4.6896],[102.73,4.6872],[102.7038,4.7138],[102.6882,4.7138],[102.6696,4.7354],[102.6584,4.7618]]]},"properties":{"name":"Jerantut","name_source":"Jerantut","state":"Pahang","level":"daerah","area_km2":7306.09,"area_ha":730609}},{"type":"Feature","geometry":{"type":"Polygon","coordinates":[[[101.6248,3.7786],[101.6518,3.7286],[101.686,3.706],[101.7242,3.713],[101.7384,3.7102],[101.7442,3.6932],[101.7754,3.6508],[101.7866,3.6238],[101.804,3.6094],[101.82,3.6202],[101.8404,3.6416],[101.8502,3.6358],[101.8822,3.6516],[101.8676,3.6776],[101.8722,3.695],[101.896,3.666],[101.91,3.6666],[101.9368,3.659],[101.9454,3.6342],[101.946,3.6138],[101.9624,3.5802],[101.9752,3.5704],[102.0128,3.5588],[102.0286,3.589],[102.0192,3.6092],[102.0344,3.6284],[102.0384,3.6428],[102.0506,3.6464],[102.042,3.6632],[102.0442,3.684],[102.0362,3.6934],[102.0408,3.7084],[102.0566,3.7166],[102.0632,3.734],[102.0844,3.7496],[102.0936,3.771],[102.0972,3.8284],[102.11,3.8358],[102.0768,3.8504],[102.0902,3.876],[102.096,3.9044],[102.0658,3.9414],[102.0618,3.9734],[102.0432,3.9728],[102.0292,3.9872],[102.0134,3.9768],[101.9972,3.956],[101.9832,3.9282],[101.9566,3.9224],[101.942,3.9444],[101.928,3.9478],[101.9414,3.9722],[101.9618,3.989],[101.9618,4.0064],[101.9502,4.0162],[101.9374,4.0388],[101.9536,4.0708],[101.9502,4.0858],[101.9274,4.0916],[101.9142,4.1038],[101.896,4.0736],[101.8874,4.073],[101.8642,4.0556],[101.8536,4.0336],[101.8386,4.0278],[101.8142,4.0348],[101.8084,4.0772],[101.7746,4.0864],[101.7718,4.095],[101.7502,4.116],[101.7374,4.1004],[101.7166,4.0946],[101.709,4.0812],[101.6928,4.0724],[101.663,4.0782],[101.63,4.095],[101.616,4.0846],[101.5826,4.0776],[101.5584,4.029],[101.5584,4.0098],[101.5736,3.9942],[101.577,3.9298],[101.573,3.912],[101.5776,3.9008],[101.6044,3.8788],[101.602,3.8464],[101.5898,3.8366],[101.5962,3.8214],[101.591,3.8006],[101.6102,3.7948],[101.6248,3.7786]]]},"properties":{"name":"Raub","name_source":"Raub","state":"Pahang","level":"daerah","area_km2":2327.19,"area_ha":232719}},{"type":"Feature","geometry":{"type":"Polygon","coordinates":[[[102.9266,4.1006],[102.9142,4.0626],[102.9166,4.0366],[102.9112,4.0174],[102.899,4.0088],[102.8794,4.0064],[102.8672,3.9978],[102.8602,3.9588],[102.8492,3.9346],[102.8282,3.9334],[102.8148,3.9554],[102.8004,3.9594],[102.7922,3.9456],[102.7758,3.9426],[102.755,3.9148],[102.7404,3.9084],[102.7434,3.8916],[102.7312,3.8742],[102.7288,3.8598],[102.7126,3.851],[102.7034,3.8366],[102.7084,3.8156],[102.7226,3.8056],[102.7368,3.7878],[102.7386,3.7736],[102.759,3.7554],[102.787,3.7576],[102.8052,3.751],[102.801,3.7398],[102.8108,3.722],[102.8248,3.7158],[102.8298,3.6976],[102.8464,3.7206],[102.8696,3.7172],[102.8934,3.6786],[102.9138,3.6686],[102.9196,3.6592],[102.9204,3.6578],[103.1258,3.62],[103.3544,3.6058],[103.3964,3.6088],[103.3576,3.6632],[103.3308,3.7166],[103.328,3.7658],[103.3424,3.803],[103.3546,3.8086],[103.3762,3.8064],[103.3762,3.8324],[103.3674,3.862],[103.3664,3.9136],[103.3918,3.9566],[103.4098,3.9676],[103.4284,3.9566],[103.4348,3.964],[103.4094,4.0174],[103.3854,4.091],[103.3866,4.1154],[103.4098,4.1356],[103.4134,4.1686],[103.4436,4.1804],[103.4406,4.1858],[103.3984,4.1772],[103.3442,4.177],[103.3256,4.1886],[103.3208,4.1696],[103.3304,4.1418],[103.324,4.1262],[103.309,4.1188],[103.3064,4.0898],[103.3006,4.0864],[103.3062,4.062],[103.3166,4.0616],[103.327,4.0482],[103.3262,3.9896],[103.3352,3.951],[103.3258,3.9324],[103.305,3.9214],[103.317,3.8984],[103.3006,3.8968],[103.2778,3.9384],[103.266,3.9518],[103.2756,3.9632],[103.2696,3.9778],[103.2472,3.9948],[103.2408,4.018],[103.2262,4.0192],[103.2134,4.0122],[103.2048,4.0336],[103.1798,4.0296],[103.1588,4.044],[103.1346,4.053],[103.1176,4.0838],[103.0734,4.0942],[103.0734,4.1084],[103.0574,4.119],[103.0484,4.1164],[102.9952,4.1298],[102.9856,4.1216],[102.9266,4.1006]]]},"properties":{"name":"Kuantan","name_source":"Kuantan","state":"Pahang","level":"daerah","area_km2":3073.12,"area_ha":307312}},{"type":"Feature","geometry":{"type":"Polygon","coordinates":[[[102.11,3.8358],[102.0972,3.8284],[102.0936,3.771],[102.0844,3.7496],[102.0632,3.734],[102.0566,3.7166],[102.0408,3.7084],[102.0362,3.6934],[102.0442,3.684],[102.042,3.6632],[102.0506,3.6464],[102.0384,3.6428],[102.0344,3.6284],[102.0192,3.6092],[102.0286,3.589],[102.0128,3.5588],[102.028,3.5634],[102.0384,3.5384],[102.057,3.5158],[102.0622,3.4996],[102.0862,3.4944],[102.103,3.4758],[102.1064,3.4572],[102.0978,3.4282],[102.0972,3.394],[102.1082,3.3802],[102.1146,3.3506],[102.139,3.3506],[102.1494,3.3644],[102.1674,3.365],[102.2024,3.3766],[102.228,3.394],[102.2726,3.3674],[102.3144,3.357],[102.3256,3.3748],[102.3512,3.3726],[102.3616,3.3802],[102.3872,3.3702],[102.4742,3.365],[102.4818,3.4178],[102.504,3.415],[102.5034,3.4654],[102.5028,3.4782],[102.487,3.5176],[102.4946,3.5576],[102.4924,3.5872],[102.4812,3.5918],[102.483,3.6104],[102.4912,3.6242],[102.4796,3.64],[102.4854,3.6574],[102.469,3.695],[102.468,3.7176],[102.451,3.7166],[102.4418,3.7228],[102.4322,3.742],[102.4232,3.7396],[102.3952,3.753],[102.3634,3.8144],[102.3198,3.8156],[102.3082,3.8018],[102.2988,3.811],[102.2884,3.84],[102.2738,3.8314],[102.2448,3.8278],[102.2384,3.8498],[102.2436,3.8632],[102.229,3.8888],[102.185,3.8604],[102.1634,3.858],[102.1424,3.847],[102.1286,3.8476],[102.11,3.8358]]]},"properties":{"name":"Temerloh","name_source":"Temerloh","state":"Pahang","level":"daerah","area_km2":2302.42,"area_ha":230242}},{"type":"Feature","geometry":{"type":"Polygon","coordinates":[[[102.4322,3.742],[102.4418,3.7228],[102.451,3.7166],[102.468,3.7176],[102.469,3.695],[102.4854,3.6574],[102.4796,3.64],[102.4912,3.6242],[102.483,3.6104],[102.4812,3.5918],[102.4924,3.5872],[102.4946,3.5576],[102.487,3.5176],[102.5028,3.4782],[102.5034,3.4654],[102.572,3.455],[102.5916,3.4346],[102.5876,3.4172],[102.5946,3.398],[102.605,3.3934],[102.6336,3.3928],[102.6712,3.3516],[102.6888,3.3482],[102.6946,3.3168],[102.702,3.3168],[102.7184,3.322],[102.7318,3.339],[102.734,3.3772],[102.7504,3.3818],[102.7718,3.3686],[102.8066,3.3772],[102.826,3.3782],[102.8056,3.4034],[102.7812,3.4276],[102.7754,3.4538],[102.7916,3.4596],[102.7962,3.4734],[102.8194,3.4608],[102.8236,3.4724],[102.8578,3.4898],[102.8672,3.5078],[102.8654,3.5256],[102.8922,3.5378],[102.9032,3.5472],[102.902,3.5692],[102.9206,3.5912],[102.9172,3.6226],[102.9196,3.6592],[102.9138,3.6686],[102.8934,3.6786],[102.8696,3.7172],[102.8464,3.7206],[102.8298,3.6976],[102.8248,3.7158],[102.8108,3.722],[102.801,3.7398],[102.8052,3.751],[102.787,3.7576],[102.759,3.7554],[102.7386,3.7736],[102.7368,3.7878],[102.7226,3.8056],[102.7084,3.8156],[102.7034,3.8366],[102.6766,3.8464],[102.615,3.8562],[102.5894,3.8418],[102.562,3.8348],[102.558,3.8458],[102.5196,3.826],[102.504,3.8488],[102.494,3.8824],[102.469,3.8754],[102.4818,3.858],[102.4562,3.8308],[102.4522,3.8122],[102.462,3.7954],[102.4388,3.7774],[102.44,3.7618],[102.4322,3.742]]]},"properties":{"name":"Maran","name_source":"Maran","state":"Pahang","level":"daerah","area_km2":2004.49,"area_ha":200449}},{"type":"Feature","geometry":{"type":"Polygon","coordinates":[[[102.9196,3.6592],[102.9172,3.6226],[102.9206,3.5912],[102.902,3.5692],[102.9032,3.5472],[102.8922,3.5378],[102.8654,3.5256],[102.8672,3.5078],[102.8578,3.4898],[102.8236,3.4724],[102.8194,3.4608],[102.7962,3.4734],[102.7916,3.4596],[102.7754,3.4538],[102.7812,3.4276],[102.8056,3.4034],[102.826,3.3782],[102.8224,3.3604],[102.8508,3.3204],[102.8892,3.2774],[102.92,3.2752],[102.9362,3.31],[102.9538,3.3158],[102.959,3.2972],[102.9758,3.2762],[103.0014,3.2872],[103.02,3.2872],[103.0276,3.2984],[103.0624,3.3274],[103.0746,3.307],[103.0746,3.2844],[103.0874,3.2576],[103.1094,3.2426],[103.1088,3.2316],[103.1264,3.2136],[103.1142,3.1892],[103.1234,3.1794],[103.1142,3.152],[103.1018,3.148],[103.1106,3.1284],[103.106,3.1208],[103.0804,3.1184],[103.0734,3.1132],[103.063,3.0808],[103.0896,3.068],[103.0932,3.039],[103.1158,3.0226],[103.1176,3.0106],[103.1362,2.9884],[103.1576,2.9838],[103.167,2.9618],[103.2204,2.9676],[103.3652,2.9658],[103.4308,2.949],[103.4282,3.0106],[103.431,3.046],[103.4452,3.1182],[103.4452,3.1764],[103.4424,3.2472],[103.4296,3.2924],[103.4196,3.3448],[103.4196,3.3632],[103.4352,3.4342],[103.4636,3.488],[103.475,3.4992],[103.4736,3.5204],[103.4536,3.5404],[103.3964,3.6088],[103.3544,3.6058],[103.1258,3.62],[102.9204,3.6578],[102.9196,3.6592]]]},"properties":{"name":"Pekan","name_source":"Pekan","state":"Pahang","level":"daerah","area_km2":3743.8,"area_ha":374380}},{"type":"Feature","geometry":{"type":"Polygon","coordinates":[[[101.7574,3.374],[101.7834,3.3552],[101.7822,3.3436],[101.7978,3.3348],[101.8106,3.31],[101.8246,3.296],[101.8544,3.2774],[101.8792,3.2682],[101.8996,3.2676],[101.9146,3.2606],[101.9286,3.2752],[101.935,3.2908],[101.9502,3.2746],[101.9746,3.2722],[101.9768,3.2414],[102.0082,3.2292],[102.042,3.2282],[102.0548,3.1968],[102.0554,3.1748],[102.075,3.1672],[102.0774,3.1806],[102.099,3.1938],[102.1146,3.1904],[102.142,3.1996],[102.1594,3.1788],[102.2854,3.141],[102.3092,3.1544],[102.3092,3.1754],[102.2948,3.1724],[102.2762,3.198],[102.2976,3.2166],[102.2878,3.2292],[102.2976,3.2466],[102.2884,3.256],[102.3018,3.2734],[102.3028,3.2936],[102.3186,3.2966],[102.3272,3.3256],[102.3144,3.357],[102.2726,3.3674],[102.228,3.394],[102.2024,3.3766],[102.1674,3.365],[102.1494,3.3644],[102.139,3.3506],[102.1146,3.3506],[102.1082,3.3802],[102.0972,3.394],[102.0978,3.4282],[102.1064,3.4572],[102.103,3.4758],[102.0862,3.4944],[102.0622,3.4996],[102.057,3.5158],[102.0384,3.5384],[102.028,3.5634],[102.0128,3.5588],[101.9752,3.5704],[101.9624,3.5802],[101.946,3.6138],[101.9454,3.6342],[101.9368,3.659],[101.91,3.6666],[101.896,3.666],[101.8722,3.695],[101.8676,3.6776],[101.8822,3.6516],[101.8502,3.6358],[101.8404,3.6416],[101.82,3.6202],[101.804,3.6094],[101.8122,3.5942],[101.8022,3.5602],[101.7668,3.519],[101.7612,3.4894],[101.788,3.427],[101.7654,3.4016],[101.766,3.384],[101.7574,3.374]]]},"properties":{"name":"Bentong","name_source":"Bentong","state":"Pahang","level":"daerah","area_km2":1846.97,"area_ha":184697}},{"type":"Feature","geometry":{"type":"Polygon","coordinates":[[[102.3144,3.357],[102.3272,3.3256],[102.3186,3.2966],[102.3028,3.2936],[102.3018,3.2734],[102.2884,3.256],[102.2976,3.2466],[102.2878,3.2292],[102.2976,3.2166],[102.2762,3.198],[102.2948,3.1724],[102.3092,3.1754],[102.3092,3.1544],[102.2854,3.141],[102.293,3.1396],[102.3918,3.1192],[102.469,3.0168],[102.6696,2.887],[102.6788,2.898],[102.6942,2.8734],[102.696,2.8472],[102.7014,2.832],[102.7616,2.8186],[102.7632,2.8426],[102.7624,2.9862],[102.7784,3.0092],[102.7892,3.046],[102.7602,3.0624],[102.7616,3.0732],[102.7438,3.0936],[102.7538,3.1098],[102.7498,3.118],[102.7316,3.1166],[102.7348,3.1462],[102.7472,3.1514],[102.7594,3.1448],[102.7962,3.1678],[102.7966,3.186],[102.7746,3.2046],[102.7554,3.2102],[102.7356,3.2288],[102.7338,3.2444],[102.7196,3.2614],[102.7036,3.2684],[102.7,3.2904],[102.702,3.3168],[102.6946,3.3168],[102.6888,3.3482],[102.6712,3.3516],[102.6336,3.3928],[102.605,3.3934],[102.5946,3.398],[102.5876,3.4172],[102.5916,3.4346],[102.572,3.455],[102.5034,3.4654],[102.504,3.415],[102.4818,3.4178],[102.4742,3.365],[102.3872,3.3702],[102.3616,3.3802],[102.3512,3.3726],[102.3256,3.3748],[102.3144,3.357]]]},"properties":{"name":"Bera","name_source":"Bera","state":"Pahang","level":"daerah","area_km2":2223.46,"area_ha":222346}},{"type":"Feature","geometry":{"type":"Polygon","coordinates":[[[101.9146,3.2606],[101.9274,3.2602],[101.932,3.244],[101.9456,3.2246],[101.9486,3.1972],[101.9424,3.1842],[101.9564,3.146],[101.9672,3.14],[101.9636,3.1254],[101.9506,3.1058],[101.9662,3.0564],[101.968,3.0278],[101.9546,3.0256],[101.9408,3.0022],[101.9312,2.9958],[101.924,2.9676],[101.9768,2.9386],[101.9868,2.9212],[101.989,2.8928],[101.985,2.8794],[101.9966,2.8538],[102.0304,2.8346],[102.0432,2.8388],[102.067,2.834],[102.0914,2.848],[102.0926,2.8608],[102.1338,2.898],[102.1512,2.8968],[102.168,2.9054],[102.1872,2.8956],[102.2058,2.9118],[102.2396,2.906],[102.239,2.924],[102.25,2.9298],[102.2704,2.9524],[102.3528,2.9618],[102.3406,2.9768],[102.34,3.01],[102.3452,3.0302],[102.3378,3.0372],[102.3244,3.0802],[102.3134,3.0918],[102.318,3.1034],[102.2958,3.1242],[102.293,3.1396],[102.2854,3.141],[102.1594,3.1788],[102.142,3.1996],[102.1146,3.1904],[102.099,3.1938],[102.0774,3.1806],[102.075,3.1672],[102.0554,3.1748],[102.0548,3.1968],[102.042,3.2282],[102.0082,3.2292],[101.9768,3.2414],[101.9746,3.2722],[101.9502,3.2746],[101.935,3.2908],[101.9286,3.2752],[101.9146,3.2606]]]},"properties":{"name":"Jelebu","name_source":"Jelebu","state":"Negeri Sembilan","level":"daerah","area_km2":1366.56,"area_ha":136656}},{"type":"Feature","geometry":{"type":"Polygon","coordinates":[[[102.293,3.1396],[102.2958,3.1242],[102.318,3.1034],[102.3134,3.0918],[102.3244,3.0802],[102.3378,3.0372],[102.3452,3.0302],[102.34,3.01],[102.3406,2.9768],[102.3528,2.9618],[102.2704,2.9524],[102.25,2.9298],[102.239,2.924],[102.2396,2.906],[102.2834,2.867],[102.3012,2.8618],[102.296,2.8324],[102.3154,2.8194],[102.3414,2.7912],[102.3484,2.7716],[102.3652,2.7704],[102.3682,2.7808],[102.3942,2.7778],[102.4002,2.7384],[102.383,2.7192],[102.3634,2.7052],[102.3564,2.693],[102.3592,2.6762],[102.3512,2.668],[102.3484,2.5988],[102.4284,2.6894],[102.5516,2.6854],[102.5522,2.6746],[102.5668,2.66],[102.5816,2.663],[102.592,2.6544],[102.6318,2.65],[102.7014,2.832],[102.696,2.8472],[102.6942,2.8734],[102.6788,2.898],[102.6696,2.887],[102.469,3.0168],[102.3918,3.1192],[102.293,3.1396]]]},"properties":{"name":"Jempol","name_source":"Jempol","state":"Negeri Sembilan","level":"daerah","area_km2":1493.37,"area_ha":149337}},{"type":"Feature","geometry":{"type":"Polygon","coordinates":[[[102.067,2.834],[102.0618,2.808],[102.052,2.7994],[102.0516,2.753],[102.0576,2.7456],[102.0484,2.7006],[102.0532,2.6904],[102.064,2.682],[102.0822,2.7024],[102.1204,2.7036],[102.1246,2.6864],[102.116,2.6698],[102.1208,2.6552],[102.1178,2.6396],[102.1384,2.6282],[102.1462,2.6154],[102.1644,2.6154],[102.1644,2.605],[102.18,2.5928],[102.1834,2.569],[102.2016,2.555],[102.2032,2.5458],[102.228,2.5378],[102.2354,2.5446],[102.2972,2.5382],[102.3254,2.54],[102.3288,2.5706],[102.3484,2.5988],[102.3512,2.668],[102.3592,2.6762],[102.3564,2.693],[102.3634,2.7052],[102.383,2.7192],[102.4002,2.7384],[102.3942,2.7778],[102.3682,2.7808],[102.3652,2.7704],[102.3484,2.7716],[102.3414,2.7912],[102.3154,2.8194],[102.296,2.8324],[102.3012,2.8618],[102.2834,2.867],[102.2396,2.906],[102.2058,2.9118],[102.1872,2.8956],[102.168,2.9054],[102.1512,2.8968],[102.1338,2.898],[102.0926,2.8608],[102.0914,2.848],[102.067,2.834]]]},"properties":{"name":"Kuala Pilah","name_source":"Kuala Pilah","state":"Negeri Sembilan","level":"daerah","area_km2":1042.19,"area_ha":104219}},{"type":"Feature","geometry":{"type":"Polygon","coordinates":[[[102.0532,2.6904],[102.0312,2.6594],[102.0268,2.6456],[102.0316,2.624],[102.0312,2.5706],[102.0116,2.571],[102.0118,2.5426],[102.0304,2.5438],[102.0338,2.5256],[102.0312,2.4404],[102.0374,2.424],[102.0658,2.443],[102.0636,2.4564],[102.0838,2.4546],[102.089,2.448],[102.1214,2.4634],[102.1414,2.4574],[102.1772,2.4998],[102.2026,2.4836],[102.2108,2.4854],[102.2138,2.5066],[102.1996,2.5156],[102.197,2.5348],[102.2032,2.5458],[102.2016,2.555],[102.1834,2.569],[102.18,2.5928],[102.1644,2.605],[102.1644,2.6154],[102.1462,2.6154],[102.1384,2.6282],[102.1178,2.6396],[102.1208,2.6552],[102.116,2.6698],[102.1246,2.6864],[102.1204,2.7036],[102.0822,2.7024],[102.064,2.682],[102.0532,2.6904]]]},"properties":{"name":"Rembau","name_source":"Rembau","state":"Negeri Sembilan","level":"daerah","area_km2":403.97,"area_ha":40397}},{"type":"Feature","geometry":{"type":"Polygon","coordinates":[[[102.3484,2.5988],[102.3288,2.5706],[102.3254,2.54],[102.2972,2.5382],[102.2354,2.5446],[102.228,2.5378],[102.2032,2.5458],[102.197,2.5348],[102.1996,2.5156],[102.2138,2.5066],[102.2108,2.4854],[102.2026,2.4836],[102.231,2.4662],[102.2774,2.4584],[102.3164,2.4806],[102.3678,2.4894],[102.427,2.469],[102.431,2.4576],[102.5094,2.4378],[102.5652,2.4182],[102.594,2.4108],[102.591,2.426],[102.596,2.4538],[102.6166,2.4716],[102.614,2.4822],[102.6052,2.5018],[102.6192,2.5224],[102.6108,2.531],[102.6132,2.5546],[102.609,2.5652],[102.6228,2.5892],[102.6344,2.588],[102.6394,2.6084],[102.6272,2.6188],[102.6256,2.632],[102.6318,2.65],[102.592,2.6544],[102.5816,2.663],[102.5668,2.66],[102.5522,2.6746],[102.5516,2.6854],[102.4284,2.6894],[102.3484,2.5988]]]},"properties":{"name":"Tampin","name_source":"Tampin","state":"Negeri Sembilan","level":"daerah","area_km2":856.3,"area_ha":85630}},{"type":"Feature","geometry":{"type":"Polygon","coordinates":[[[101.924,2.9676],[101.8816,2.8678],[101.7912,2.8702],[101.7508,2.8712],[101.7612,2.7424],[101.7646,2.725],[101.7788,2.7232],[101.7938,2.6896],[101.7938,2.668],[101.8264,2.6698],[101.8386,2.6506],[101.853,2.667],[101.8774,2.6582],[101.8722,2.6286],[101.91,2.6246],[101.91,2.6078],[101.928,2.5694],[101.9356,2.5612],[101.9344,2.5438],[101.9704,2.5438],[101.978,2.5526],[101.974,2.567],[102.0116,2.571],[102.0312,2.5706],[102.0316,2.624],[102.0268,2.6456],[102.0312,2.6594],[102.0532,2.6904],[102.0484,2.7006],[102.0576,2.7456],[102.0516,2.753],[102.052,2.7994],[102.0618,2.808],[102.067,2.834],[102.0432,2.8388],[102.0304,2.8346],[101.9966,2.8538],[101.985,2.8794],[101.989,2.8928],[101.9868,2.9212],[101.9768,2.9386],[101.924,2.9676]]]},"properties":{"name":"Seremban","name_source":"Seremban","state":"Negeri Sembilan","level":"daerah","area_km2":962.46,"area_ha":96246}},{"type":"Feature","geometry":{"type":"Polygon","coordinates":[[[102.0116,2.571],[101.974,2.567],[101.978,2.5526],[101.9704,2.5438],[101.9344,2.5438],[101.9356,2.5612],[101.928,2.5694],[101.91,2.6078],[101.91,2.6246],[101.8722,2.6286],[101.8774,2.6582],[101.853,2.667],[101.8386,2.6506],[101.8264,2.6698],[101.7938,2.668],[101.7938,2.6896],[101.7788,2.7232],[101.7646,2.725],[101.7608,2.7036],[101.7408,2.6734],[101.7474,2.6548],[101.7252,2.636],[101.7318,2.623],[101.7028,2.6076],[101.7088,2.5996],[101.73,2.5946],[101.744,2.6048],[101.7586,2.6032],[101.7806,2.5902],[101.797,2.566],[101.7984,2.5434],[101.792,2.5226],[101.8188,2.5196],[101.833,2.5056],[101.8464,2.4802],[101.8542,2.4572],[101.856,2.4168],[101.8772,2.4208],[101.9,2.4186],[101.9312,2.4264],[101.9412,2.4138],[101.9692,2.4014],[101.975,2.393],[102.0148,2.4118],[102.0312,2.4404],[102.0338,2.5256],[102.0304,2.5438],[102.0118,2.5426],[102.0116,2.571]]]},"properties":{"name":"Port Dickson","name_source":"Port Dickson","state":"Negeri Sembilan","level":"daerah","area_km2":578.35,"area_ha":57835}},{"type":"Feature","geometry":{"type":"Polygon","coordinates":[[[102.7014,2.832],[102.6318,2.65],[102.6256,2.632],[102.6272,2.6188],[102.6394,2.6084],[102.6344,2.588],[102.6228,2.5892],[102.609,2.5652],[102.6132,2.5546],[102.6108,2.531],[102.6192,2.5224],[102.6052,2.5018],[102.614,2.4822],[102.6312,2.4822],[102.633,2.4646],[102.6248,2.4494],[102.6326,2.4298],[102.655,2.409],[102.671,2.4066],[102.6832,2.397],[102.6936,2.4118],[102.7148,2.4286],[102.7296,2.4116],[102.7694,2.4144],[102.7772,2.4],[102.8004,2.3944],[102.8004,2.38],[102.8256,2.3714],[102.8504,2.3928],[102.8576,2.4136],[102.8684,2.4142],[102.8954,2.3926],[102.906,2.3958],[102.9388,2.356],[102.9642,2.3336],[102.98,2.3324],[103.0236,2.302],[102.9686,2.2138],[102.9648,2.204],[103.0282,2.1742],[103.0556,2.1686],[103.1046,2.1714],[103.1082,2.2122],[103.13,2.2376],[103.1544,2.253],[103.1644,2.254],[103.2172,2.2784],[103.2862,2.303],[103.3206,2.322],[103.3806,2.3764],[103.2886,2.5778],[103.1514,2.5232],[102.9742,2.594],[102.7968,2.8022],[102.7616,2.8186],[102.7014,2.832]]]},"properties":{"name":"Segamat","name_source":"Segamat","state":"Johor","level":"daerah","area_km2":2887.18,"area_ha":288718}},{"type":"Feature","geometry":{"type":"Polygon","coordinates":[[[102.0312,2.4404],[102.0148,2.4118],[101.975,2.393],[101.9758,2.3726],[102.0048,2.3696],[102.0222,2.3632],[102.0554,2.3418],[102.0682,2.3268],[102.0798,2.2948],[102.091,2.29],[102.1462,2.2914],[102.1462,2.3044],[102.1848,2.309],[102.2038,2.3164],[102.2206,2.3112],[102.2324,2.2974],[102.2394,2.3152],[102.2402,2.3368],[102.2566,2.3304],[102.2544,2.3186],[102.26,2.2964],[102.2432,2.2778],[102.2574,2.271],[102.2714,2.286],[102.2844,2.284],[102.3054,2.2938],[102.3112,2.3052],[102.339,2.3024],[102.3464,2.343],[102.358,2.3708],[102.3494,2.3848],[102.3488,2.4074],[102.3378,2.433],[102.3616,2.4486],[102.3678,2.4894],[102.3164,2.4806],[102.2774,2.4584],[102.231,2.4662],[102.2026,2.4836],[102.1772,2.4998],[102.1414,2.4574],[102.1214,2.4634],[102.089,2.448],[102.0838,2.4546],[102.0636,2.4564],[102.0658,2.443],[102.0374,2.424],[102.0312,2.4404]]]},"properties":{"name":"Alor Gajah","name_source":"Alor Gajah","state":"Melaka","level":"daerah","area_km2":667.45,"area_ha":66745}},{"type":"Feature","geometry":{"type":"Polygon","coordinates":[[[102.091,2.29],[102.1004,2.2736],[102.116,2.2728],[102.139,2.2494],[102.154,2.2168],[102.1852,2.216],[102.181,2.197],[102.202,2.2046],[102.2202,2.1886],[102.2458,2.1864],[102.2498,2.18],[102.2808,2.176],[102.3368,2.1558],[102.3408,2.1784],[102.3492,2.1842],[102.3714,2.176],[102.3988,2.2144],[102.3916,2.2238],[102.3956,2.2394],[102.3858,2.2464],[102.3428,2.2292],[102.3358,2.2362],[102.3128,2.2288],[102.329,2.2638],[102.329,2.2746],[102.339,2.3024],[102.3112,2.3052],[102.3054,2.2938],[102.2844,2.284],[102.2714,2.286],[102.2574,2.271],[102.2432,2.2778],[102.26,2.2964],[102.2544,2.3186],[102.2566,2.3304],[102.2402,2.3368],[102.2394,2.3152],[102.2324,2.2974],[102.2206,2.3112],[102.2038,2.3164],[102.1848,2.309],[102.1462,2.3044],[102.1462,2.2914],[102.091,2.29]]]},"properties":{"name":"Melaka Tengah","name_source":"Melaka Tengah","state":"Melaka","level":"daerah","area_km2":318.25,"area_ha":31825}},{"type":"Feature","geometry":{"type":"Polygon","coordinates":[[[102.3678,2.4894],[102.3616,2.4486],[102.3378,2.433],[102.3488,2.4074],[102.3494,2.3848],[102.358,2.3708],[102.3464,2.343],[102.339,2.3024],[102.329,2.2746],[102.329,2.2638],[102.3128,2.2288],[102.3358,2.2362],[102.3428,2.2292],[102.3858,2.2464],[102.3956,2.2394],[102.3916,2.2238],[102.3988,2.2144],[102.3714,2.176],[102.3492,2.1842],[102.3408,2.1784],[102.3368,2.1558],[102.3764,2.132],[102.405,2.1328],[102.4334,2.1174],[102.4634,2.1126],[102.4888,2.1002],[102.4906,2.121],[102.5276,2.1206],[102.5386,2.1352],[102.5344,2.1596],[102.5056,2.1676],[102.4832,2.1788],[102.4696,2.2024],[102.4964,2.225],[102.49,2.243],[102.4958,2.2548],[102.5016,2.2954],[102.5144,2.3238],[102.5092,2.3442],[102.5342,2.375],[102.5342,2.387],[102.5476,2.3964],[102.5656,2.3952],[102.594,2.4108],[102.5652,2.4182],[102.5094,2.4378],[102.431,2.4576],[102.427,2.469],[102.3678,2.4894]]]},"properties":{"name":"Jasin","name_source":"Jasin","state":"Melaka","level":"daerah","area_km2":690.01,"area_ha":69001}},{"type":"Feature","geometry":{"type":"Polygon","coordinates":[[[102.594,2.4108],[102.5656,2.3952],[102.5476,2.3964],[102.5342,2.387],[102.5342,2.375],[102.5092,2.3442],[102.5144,2.3238],[102.5016,2.2954],[102.4958,2.2548],[102.49,2.243],[102.4964,2.225],[102.4696,2.2024],[102.4832,2.1788],[102.5056,2.1676],[102.5344,2.1596],[102.5386,2.1352],[102.5276,2.1206],[102.4906,2.121],[102.4888,2.1002],[102.5334,2.0678],[102.547,2.0826],[102.5642,2.0826],[102.5776,2.1034],[102.5902,2.0894],[102.6006,2.1042],[102.5812,2.1078],[102.595,2.1432],[102.621,2.1284],[102.6378,2.128],[102.6366,2.155],[102.6526,2.157],[102.6656,2.1394],[102.6814,2.1522],[102.7152,2.1536],[102.7152,2.174],[102.7426,2.1814],[102.753,2.2012],[102.7746,2.2022],[102.787,2.2156],[102.7772,2.2262],[102.7808,2.2394],[102.8012,2.2412],[102.8108,2.257],[102.8098,2.2734],[102.7968,2.2838],[102.7968,2.3144],[102.8058,2.3408],[102.8172,2.333],[102.8314,2.3486],[102.8256,2.3714],[102.8004,2.38],[102.8004,2.3944],[102.7772,2.4],[102.7694,2.4144],[102.7296,2.4116],[102.7148,2.4286],[102.6936,2.4118],[102.6832,2.397],[102.671,2.4066],[102.655,2.409],[102.6326,2.4298],[102.6248,2.4494],[102.633,2.4646],[102.6312,2.4822],[102.614,2.4822],[102.6166,2.4716],[102.596,2.4538],[102.591,2.426],[102.594,2.4108]]]},"properties":{"name":"Ledang","name_source":"Ledang","state":"Johor","level":"daerah","area_km2":998.21,"area_ha":99821}},{"type":"Feature","geometry":{"type":"Polygon","coordinates":[[[102.8256,2.3714],[102.8314,2.3486],[102.8172,2.333],[102.8058,2.3408],[102.7968,2.3144],[102.7968,2.2838],[102.8098,2.2734],[102.8108,2.257],[102.8012,2.2412],[102.7808,2.2394],[102.7772,2.2262],[102.787,2.2156],[102.7746,2.2022],[102.753,2.2012],[102.7426,2.1814],[102.7152,2.174],[102.7152,2.1536],[102.6814,2.1522],[102.6656,2.1394],[102.6526,2.157],[102.6366,2.155],[102.6378,2.128],[102.621,2.1284],[102.595,2.1432],[102.5812,2.1078],[102.6006,2.1042],[102.5902,2.0894],[102.5776,2.1034],[102.5642,2.0826],[102.547,2.0826],[102.5334,2.0678],[102.5376,2.0608],[102.5586,2.0562],[102.5446,2.0422],[102.547,2.027],[102.6288,1.9528],[102.6782,1.8778],[102.7068,1.854],[102.7178,1.8546],[102.7376,1.8692],[102.7764,1.8668],[102.7798,1.8912],[102.7948,1.9202],[102.8,1.9588],[102.8494,2.0332],[102.8724,2.0518],[102.8684,2.0762],[102.887,2.0826],[102.9648,2.204],[102.9686,2.2138],[103.0236,2.302],[102.98,2.3324],[102.9642,2.3336],[102.9388,2.356],[102.906,2.3958],[102.8954,2.3926],[102.8684,2.4142],[102.8576,2.4136],[102.8504,2.3928],[102.8256,2.3714]]]},"properties":{"name":"Muar","name_source":"Muar","state":"Johor","level":"daerah","area_km2":1387.02,"area_ha":138702}},{"type":"Feature","geometry":{"type":"Polygon","coordinates":[[[102.9648,2.204],[102.887,2.0826],[102.8684,2.0762],[102.8724,2.0518],[102.8494,2.0332],[102.8,1.9588],[102.7948,1.9202],[102.7798,1.8912],[102.7764,1.8668],[102.7956,1.865],[102.8422,1.8448],[102.8858,1.8168],[102.8932,1.7994],[102.8886,1.7854],[102.9072,1.7646],[102.941,1.7414],[102.9788,1.7436],[103.0298,1.7286],[103.0752,1.7036],[103.1298,1.656],[103.185,1.6234],[103.202,1.6374],[103.1934,1.6722],[103.196,1.6976],[103.2042,1.7246],[103.2138,1.735],[103.2272,1.7662],[103.189,1.7816],[103.1894,1.8556],[103.2006,1.87],[103.1894,1.8778],[103.2034,1.8994],[103.1908,1.9128],[103.2028,1.9306],[103.2138,1.961],[103.2314,1.9766],[103.246,1.9828],[103.24,1.9986],[103.1712,2.0986],[103.173,2.1258],[103.163,2.1406],[103.1686,2.1506],[103.1046,2.1714],[103.0556,2.1686],[103.0282,2.1742],[102.9648,2.204]]]},"properties":{"name":"Batu Pahat","name_source":"Batu Pahat","state":"Johor","level":"daerah","area_km2":1978.74,"area_ha":197874}},{"type":"Feature","geometry":{"type":"Polygon","coordinates":[[[103.1046,2.1714],[103.1686,2.1506],[103.163,2.1406],[103.173,2.1258],[103.1712,2.0986],[103.24,1.9986],[103.246,1.9828],[103.2314,1.9766],[103.2138,1.961],[103.2028,1.9306],[103.1908,1.9128],[103.2034,1.8994],[103.1894,1.8778],[103.2006,1.87],[103.1894,1.8556],[103.189,1.7816],[103.2272,1.7662],[103.2588,1.7518],[103.2744,1.75],[103.3624,1.7104],[103.408,1.7646],[103.4296,1.7848],[103.4448,1.7726],[103.4862,1.8034],[103.5256,1.8054],[103.5542,1.7926],[103.5694,1.7912],[103.5836,1.7982],[103.6078,1.8016],[103.6382,1.7924],[103.6192,1.8302],[103.5926,1.8526],[103.5748,1.8798],[103.5606,1.8872],[103.5508,1.9038],[103.5518,1.9384],[103.5684,1.939],[103.5614,2.044],[103.6138,2.253],[103.6104,2.2646],[103.629,2.2786],[103.626,2.3018],[103.6232,2.3622],[103.6302,2.376],[103.5348,2.339],[103.4646,2.3934],[103.3806,2.3764],[103.3206,2.322],[103.2862,2.303],[103.2172,2.2784],[103.1644,2.254],[103.1544,2.253],[103.13,2.2376],[103.1082,2.2122],[103.1046,2.1714]]]},"properties":{"name":"Kluang","name_source":"Kluang","state":"Johor","level":"daerah","area_km2":2900.03,"area_ha":290003}},{"type":"Feature","geometry":{"type":"Polygon","coordinates":[[[103.3624,1.7104],[103.4582,1.6316],[103.5018,1.581],[103.5074,1.561],[103.5206,1.5358],[103.5322,1.5318],[103.5496,1.5408],[103.553,1.5514],[103.583,1.562],[103.5938,1.557],[103.609,1.585],[103.651,1.585],[103.6688,1.5928],[103.6882,1.6088],[103.7022,1.6036],[103.7196,1.6058],[103.7202,1.6202],[103.7362,1.6398],[103.7234,1.6586],[103.6728,1.7264],[103.6782,1.7332],[103.666,1.7578],[103.6586,1.7554],[103.6382,1.7924],[103.6078,1.8016],[103.5836,1.7982],[103.5694,1.7912],[103.5542,1.7926],[103.5256,1.8054],[103.4862,1.8034],[103.4448,1.7726],[103.4296,1.7848],[103.408,1.7646],[103.3624,1.7104]]]},"properties":{"name":"Kulaijaya","name_source":"Kulaijaya","state":"Johor","level":"daerah","area_km2":741.35,"area_ha":74135}},{"type":"Feature","geometry":{"type":"Polygon","coordinates":[[[103.185,1.6234],[103.2762,1.5914],[103.338,1.558],[103.3624,1.537],[103.3734,1.5206],[103.3942,1.4726],[103.4142,1.42],[103.4188,1.3928],[103.435,1.3618],[103.4496,1.321],[103.4768,1.3046],[103.482,1.2894],[103.5052,1.265],[103.5208,1.3172],[103.5458,1.3358],[103.54,1.3562],[103.5354,1.3974],[103.5528,1.4508],[103.554,1.4688],[103.5744,1.4928],[103.575,1.5282],[103.5436,1.524],[103.5496,1.5408],[103.5322,1.5318],[103.5206,1.5358],[103.5074,1.561],[103.5018,1.581],[103.4582,1.6316],[103.3624,1.7104],[103.2744,1.75],[103.2588,1.7518],[103.2272,1.7662],[103.2138,1.735],[103.2042,1.7246],[103.196,1.6976],[103.1934,1.6722],[103.202,1.6374],[103.185,1.6234]]]},"properties":{"name":"Pontian","name_source":"Pontian","state":"Johor","level":"daerah","area_km2":920.87,"area_ha":92087}},{"type":"Feature","geometry":{"type":"Polygon","coordinates":[[[103.5496,1.5408],[103.5436,1.524],[103.575,1.5282],[103.5744,1.4928],[103.554,1.4688],[103.5528,1.4508],[103.5354,1.3974],[103.54,1.3562],[103.5458,1.3358],[103.5586,1.3318],[103.6004,1.2626],[103.6144,1.3224],[103.6482,1.38],[103.6552,1.4026],[103.6684,1.416],[103.6732,1.4322],[103.6928,1.4398],[103.7004,1.4508],[103.7214,1.4614],[103.7452,1.452],[103.765,1.452],[103.8062,1.4776],[103.848,1.47],[103.8766,1.4404],[103.8992,1.4282],[103.9446,1.4288],[103.9648,1.4236],[104.0038,1.423],[104.0288,1.4416],[104.0206,1.5514],[104.0072,1.5734],[103.9892,1.5868],[103.9748,1.6118],[103.9736,1.6356],[103.9468,1.6512],[103.9318,1.656],[103.9044,1.6734],[103.8962,1.6512],[103.88,1.631],[103.884,1.6258],[103.866,1.6008],[103.8446,1.6024],[103.8172,1.6252],[103.7772,1.642],[103.7754,1.6576],[103.7638,1.6682],[103.7382,1.671],[103.7234,1.6586],[103.7362,1.6398],[103.7202,1.6202],[103.7196,1.6058],[103.7022,1.6036],[103.6882,1.6088],[103.6688,1.5928],[103.651,1.585],[103.609,1.585],[103.5938,1.557],[103.583,1.562],[103.553,1.5514],[103.5496,1.5408]]]},"properties":{"name":"Johor Bahru","name_source":"Johor Bahru","state":"Johor","level":"daerah","area_km2":1146.01,"area_ha":114601}},{"type":"Feature","geometry":{"type":"Polygon","coordinates":[[[103.6382,1.7924],[103.6586,1.7554],[103.666,1.7578],[103.6782,1.7332],[103.6728,1.7264],[103.7234,1.6586],[103.7382,1.671],[103.7638,1.6682],[103.7754,1.6576],[103.7772,1.642],[103.8172,1.6252],[103.8446,1.6024],[103.866,1.6008],[103.884,1.6258],[103.88,1.631],[103.8962,1.6512],[103.9044,1.6734],[103.9318,1.656],[103.9468,1.6512],[103.9736,1.6356],[103.9748,1.6118],[103.9892,1.5868],[104.0072,1.5734],[104.0206,1.5514],[104.0288,1.4416],[104.0456,1.444],[104.0782,1.4376],[104.0962,1.4236],[104.1142,1.4004],[104.1136,1.3934],[104.091,1.3742],[104.127,1.3574],[104.134,1.3434],[104.1572,1.3474],[104.1734,1.3394],[104.1914,1.3452],[104.2032,1.34],[104.2252,1.3504],[104.2444,1.3708],[104.2496,1.359],[104.263,1.359],[104.2838,1.3702],[104.2746,1.4172],[104.2758,1.4306],[104.2892,1.434],[104.2932,1.4492],[104.2746,1.4816],[104.2722,1.5026],[104.2828,1.5172],[104.2752,1.5362],[104.2554,1.5542],[104.2524,1.5926],[104.26,1.6112],[104.2438,1.6286],[104.2514,1.6536],[104.2252,1.6862],[104.2142,1.7176],[104.2002,1.7366],[104.1962,1.7594],[104.1828,1.7936],[104.1642,1.8174],[104.156,1.8452],[104.1444,1.8436],[104.124,1.8528],[104.1044,1.8812],[104.1014,1.8982],[104.1096,1.922],[104.1276,1.9336],[104.1188,1.9492],[104.116,1.9672],[104.0974,1.9876],[104.0746,2.027],[104.0578,2.0426],[103.5648,2.0444],[103.5614,2.044],[103.5684,1.939],[103.5518,1.9384],[103.5508,1.9038],[103.5606,1.8872],[103.5748,1.8798],[103.5926,1.8526],[103.6192,1.8302],[103.6382,1.7924]]]},"properties":{"name":"Kota Tinggi","name_source":"Kota Tinggi","state":"Johor","level":"daerah","area_km2":3508.07,"area_ha":350807}},{"type":"Feature","geometry":{"type":"Polygon","coordinates":[[[101.7912,2.8702],[101.7724,2.884],[101.7694,2.8974],[101.7558,2.918],[101.7514,2.9532],[101.733,2.9626],[101.7326,2.9776],[101.7422,2.982],[101.7266,3.0022],[101.7282,2.9898],[101.6638,2.9778],[101.6544,2.9816],[101.5786,2.979],[101.5928,2.946],[101.6452,2.8444],[101.659,2.828],[101.6824,2.8138],[101.6322,2.7552],[101.6314,2.7274],[101.596,2.7284],[101.5976,2.646],[101.5946,2.6444],[101.6028,2.6352],[101.6222,2.6326],[101.6806,2.6148],[101.692,2.5962],[101.7088,2.5996],[101.7028,2.6076],[101.7318,2.623],[101.7252,2.636],[101.7474,2.6548],[101.7408,2.6734],[101.7608,2.7036],[101.7646,2.725],[101.7612,2.7424],[101.7508,2.8712],[101.7912,2.8702]],[[101.661,2.894],[101.6724,2.9228],[101.6674,2.931],[101.6748,2.9498],[101.6628,2.9644],[101.6762,2.972],[101.7,2.9718],[101.7154,2.9554],[101.7326,2.9532],[101.7328,2.9292],[101.7076,2.9292],[101.701,2.8996],[101.6848,2.8818],[101.6712,2.8834],[101.661,2.894]]]},"properties":{"name":"Sepang","name_source":"Sepang","state":"Selangor","level":"daerah","area_km2":553.11,"area_ha":55311}},{"type":"Feature","geometry":{"type":"MultiPolygon","coordinates":[[[[101.3064,3.1656],[101.3146,3.1218],[101.329,3.1096],[101.355,3.079],[101.3614,3.0568],[101.3566,3.0136],[101.3652,3.0004],[101.3918,2.998],[101.3916,2.9806],[101.3684,2.958],[101.3584,2.9246],[101.37,2.9082],[101.3848,2.9146],[101.3924,2.944],[101.4046,2.9568],[101.4086,2.971],[101.4258,2.9766],[101.4388,2.9668],[101.4396,2.9498],[101.4526,2.9524],[101.5242,2.9498],[101.5732,2.9776],[101.557,2.9818],[101.5474,3.0162],[101.5548,3.0242],[101.53,3.039],[101.491,3.0458],[101.4802,3.0608],[101.4752,3.0852],[101.4676,3.0916],[101.4448,3.093],[101.4418,3.1114],[101.4526,3.1188],[101.451,3.1332],[101.4604,3.1514],[101.4734,3.1608],[101.4264,3.1926],[101.4004,3.1872],[101.3692,3.186],[101.3688,3.1764],[101.3434,3.176],[101.3434,3.1636],[101.3064,3.1656]]],[[[101.2566,2.9112],[101.2592,2.9476],[101.254,2.9662],[101.2312,2.9506],[101.2338,2.9042],[101.2566,2.9112]]],[[[101.3554,2.9936],[101.3242,2.977],[101.3034,2.9512],[101.2736,2.8948],[101.2856,2.8844],[101.3212,2.9148],[101.3364,2.9198],[101.358,2.9442],[101.376,2.981],[101.3896,2.9922],[101.3554,2.9936]]],[[[101.2696,3.017],[101.2468,3.0162],[101.2226,3.0048],[101.217,2.9844],[101.1988,2.958],[101.2148,2.955],[101.2436,2.9884],[101.264,3.004],[101.2696,3.017]]],[[[101.2182,3.0066],[101.258,3.0208],[101.2792,3.0408],[101.2648,3.0602],[101.2462,3.0556],[101.2342,3.0468],[101.209,3.0108],[101.2182,3.0066]]],[[[101.2774,2.9226],[101.3008,2.964],[101.306,2.9822],[101.3342,2.9966],[101.3376,3.011],[101.3346,3.0416],[101.338,3.0598],[101.3176,3.0694],[101.306,3.063],[101.2818,3.0074],[101.2648,2.9784],[101.2618,2.9576],[101.2648,2.9186],[101.2774,2.9226]]]]},"properties":{"name":"Klang","name_source":"Klang","state":"Selangor","level":"daerah","area_km2":625.01,"area_ha":62501}},{"type":"Feature","geometry":{"type":"Polygon","coordinates":[[[101.5786,2.979],[101.5732,2.9776],[101.5242,2.9498],[101.4526,2.9524],[101.4396,2.9498],[101.4388,2.9668],[101.4258,2.9766],[101.4086,2.971],[101.4046,2.9568],[101.3924,2.944],[101.3868,2.9148],[101.3692,2.9036],[101.3514,2.9052],[101.3382,2.8938],[101.3204,2.911],[101.3036,2.8876],[101.2856,2.8768],[101.2852,2.8608],[101.2924,2.8378],[101.3208,2.8318],[101.358,2.8134],[101.4012,2.8052],[101.4058,2.7926],[101.4236,2.7776],[101.45,2.739],[101.4618,2.7096],[101.483,2.6878],[101.5038,2.678],[101.5224,2.6744],[101.5352,2.6646],[101.5946,2.6444],[101.5976,2.646],[101.596,2.7284],[101.6314,2.7274],[101.6322,2.7552],[101.6824,2.8138],[101.659,2.828],[101.6452,2.8444],[101.5928,2.946],[101.5786,2.979]]]},"properties":{"name":"Kuala Langat","name_source":"Kuala Langat","state":"Selangor","level":"daerah","area_km2":856.59,"area_ha":85659}},{"type":"Feature","geometry":{"type":"Polygon","coordinates":[[[101.4264,3.1926],[101.4734,3.1608],[101.4604,3.1514],[101.451,3.1332],[101.4526,3.1188],[101.4418,3.1114],[101.4448,3.093],[101.4676,3.0916],[101.4752,3.0852],[101.4802,3.0608],[101.491,3.0458],[101.53,3.039],[101.5548,3.0242],[101.5474,3.0162],[101.557,2.9818],[101.5732,2.9776],[101.5786,2.979],[101.6544,2.9816],[101.6638,2.9778],[101.7282,2.9898],[101.7266,3.0022],[101.722,3.0126],[101.7306,3.0368],[101.7144,3.054],[101.6796,3.042],[101.658,3.049],[101.648,3.0724],[101.6628,3.088],[101.6576,3.1128],[101.615,3.1536],[101.6192,3.198],[101.6296,3.21],[101.607,3.1996],[101.577,3.208],[101.5592,3.23],[101.5478,3.219],[101.5202,3.2174],[101.4922,3.2278],[101.4872,3.192],[101.474,3.1972],[101.463,3.192],[101.4264,3.1926]]]},"properties":{"name":"Petaling","name_source":"Petaling","state":"Selangor","level":"daerah","area_km2":507.87,"area_ha":50787}},{"type":"Feature","geometry":{"type":"Polygon","coordinates":[[[101.7306,3.0368],[101.7306,3.0548],[101.7494,3.0548],[101.7498,3.0726],[101.7432,3.0826],[101.7522,3.0942],[101.7546,3.112],[101.741,3.1236],[101.7358,3.1394],[101.7494,3.1584],[101.7364,3.1626],[101.7326,3.1764],[101.7498,3.1758],[101.7578,3.1862],[101.7546,3.1988],[101.7402,3.2166],[101.7432,3.2288],[101.7298,3.2332],[101.702,3.2166],[101.6946,3.2282],[101.6726,3.2278],[101.6642,3.2444],[101.6376,3.229],[101.6296,3.21],[101.6192,3.198],[101.615,3.1536],[101.6576,3.1128],[101.6628,3.088],[101.648,3.0724],[101.658,3.049],[101.6796,3.042],[101.7144,3.054],[101.7306,3.0368]]]},"properties":{"name":"Kuala Lumpur","name_source":"Kuala Lumpur","state":"Kuala Lumpur","level":"wilayah","area_km2":242.68,"area_ha":24268}},{"type":"Feature","geometry":{"type":"Polygon","coordinates":[[[101.4922,3.2278],[101.5202,3.2174],[101.5478,3.219],[101.5592,3.23],[101.577,3.208],[101.607,3.1996],[101.6296,3.21],[101.6376,3.229],[101.6642,3.2444],[101.6726,3.2278],[101.6946,3.2282],[101.702,3.2166],[101.7298,3.2332],[101.7432,3.2288],[101.7402,3.2166],[101.7546,3.1988],[101.7578,3.1862],[101.7498,3.1758],[101.7326,3.1764],[101.7364,3.1626],[101.7494,3.1584],[101.7646,3.1606],[101.7794,3.1486],[101.7854,3.16],[101.8022,3.15],[101.8114,3.1548],[101.8036,3.1842],[101.8132,3.208],[101.8174,3.2302],[101.8308,3.2572],[101.8544,3.2774],[101.8246,3.296],[101.8106,3.31],[101.7978,3.3348],[101.7822,3.3436],[101.7834,3.3552],[101.7574,3.374],[101.73,3.3794],[101.7182,3.3882],[101.6962,3.3488],[101.6816,3.3342],[101.6526,3.3354],[101.6392,3.3244],[101.613,3.325],[101.5922,3.3296],[101.5892,3.3378],[101.537,3.3506],[101.5294,3.3458],[101.4992,3.3534],[101.494,3.3674],[101.4596,3.401],[101.444,3.398],[101.4454,3.3378],[101.4316,3.3044],[101.4376,3.2982],[101.4622,3.3004],[101.4626,3.2778],[101.4926,3.2752],[101.4922,3.2278]]]},"properties":{"name":"Gombak","name_source":"Gombak","state":"Selangor","level":"daerah","area_km2":636.08,"area_ha":63608}},{"type":"Feature","geometry":{"type":"Polygon","coordinates":[[[101.8544,3.2774],[101.8308,3.2572],[101.8174,3.2302],[101.8132,3.208],[101.8036,3.1842],[101.8114,3.1548],[101.8022,3.15],[101.7854,3.16],[101.7794,3.1486],[101.7646,3.1606],[101.7494,3.1584],[101.7358,3.1394],[101.741,3.1236],[101.7546,3.112],[101.7522,3.0942],[101.7432,3.0826],[101.7498,3.0726],[101.7494,3.0548],[101.7306,3.0548],[101.7306,3.0368],[101.722,3.0126],[101.7266,3.0022],[101.7422,2.982],[101.7326,2.9776],[101.733,2.9626],[101.7514,2.9532],[101.7558,2.918],[101.7694,2.8974],[101.7724,2.884],[101.7912,2.8702],[101.8816,2.8678],[101.924,2.9676],[101.9312,2.9958],[101.9408,3.0022],[101.9546,3.0256],[101.968,3.0278],[101.9662,3.0564],[101.9506,3.1058],[101.9636,3.1254],[101.9672,3.14],[101.9564,3.146],[101.9424,3.1842],[101.9486,3.1972],[101.9456,3.2246],[101.932,3.244],[101.9274,3.2602],[101.9146,3.2606],[101.8996,3.2676],[101.8792,3.2682],[101.8544,3.2774]]]},"properties":{"name":"Hulu Langat","name_source":"Ulu Langat","state":"Selangor","level":"daerah","area_km2":844.72,"area_ha":84472}},{"type":"Feature","geometry":{"type":"Polygon","coordinates":[[[110.134,1.696],[110.0916,1.6978],[110.0474,1.6954],[110.0124,1.6984],[109.9974,1.696],[109.9864,1.6826],[109.9752,1.6942],[109.9578,1.6984],[109.9404,1.6868],[109.9276,1.7006],[109.8962,1.7164],[109.873,1.7326],[109.8812,1.7564],[109.8352,1.7884],[109.79,1.8064],[109.7724,1.818],[109.7172,1.839],[109.6836,1.8616],[109.6778,1.886],[109.655,1.904],[109.6498,1.929],[109.655,1.9394],[109.6482,1.9528],[109.6568,1.9958],[109.6492,2.0074],[109.6546,2.037],[109.6446,2.0444],[109.6254,2.0038],[109.6056,1.9812],[109.5836,1.9626],[109.5744,1.93],[109.5668,1.9242],[109.551,1.93],[109.5382,1.9184],[109.5452,1.8848],[109.5598,1.854],[109.5854,1.8424],[109.594,1.8204],[109.6062,1.8076],[109.6376,1.804],[109.6732,1.7902],[109.68,1.7808],[109.6748,1.7594],[109.6656,1.7478],[109.6662,1.7054],[109.6516,1.6524],[109.6528,1.6396],[109.6638,1.621],[109.6864,1.606],[109.6976,1.588],[109.7242,1.5612],[109.7974,1.4938],[109.7922,1.473],[109.8096,1.4654],[109.8282,1.4816],[109.8334,1.4688],[109.8276,1.4566],[109.8288,1.4288],[109.855,1.4206],[109.8998,1.4154],[109.9306,1.4282],[109.9486,1.4474],[109.991,1.4684],[110.0066,1.4892],[110.0282,1.527],[110.0624,1.5218],[110.106,1.524],[110.134,1.5456],[110.1388,1.5724],[110.1472,1.5926],[110.1828,1.6014],[110.1828,1.6246],[110.1758,1.6344],[110.1404,1.6664],[110.134,1.696]]]},"properties":{"name":"Lundu","name_source":"Lundu","state":"Sarawak","level":"daerah","area_km2":1741.68,"area_ha":174168}},{"type":"Feature","geometry":{"type":"Polygon","coordinates":[[[109.9306,1.4282],[109.9648,1.3864],[109.9602,1.3602],[109.9688,1.3254],[109.981,1.2952],[110.0118,1.2922],[110.0224,1.2818],[110.052,1.2644],[110.0608,1.2644],[110.0624,1.2318],[110.0456,1.2214],[110.0456,1.2052],[110.0798,1.2132],[110.1026,1.193],[110.1154,1.1912],[110.1542,1.2004],[110.1786,1.2446],[110.2024,1.272],[110.228,1.3288],[110.2822,1.4264],[110.2832,1.4514],[110.2676,1.4724],[110.2182,1.4916],[110.2072,1.5038],[110.203,1.5636],[110.1892,1.5688],[110.1566,1.5526],[110.1456,1.5548],[110.1388,1.5724],[110.134,1.5456],[110.106,1.524],[110.0624,1.5218],[110.0282,1.527],[110.0066,1.4892],[109.991,1.4684],[109.9486,1.4474],[109.9306,1.4282]]]},"properties":{"name":"Bau","name_source":"Bau","state":"Sarawak","level":"daerah","area_km2":978.48,"area_ha":97848}},{"type":"Feature","geometry":{"type":"Polygon","coordinates":[[[110.1388,1.5724],[110.1456,1.5548],[110.1566,1.5526],[110.1892,1.5688],[110.203,1.5636],[110.2072,1.5038],[110.2182,1.4916],[110.2676,1.4724],[110.2832,1.4514],[110.2822,1.4264],[110.228,1.3288],[110.2024,1.272],[110.1786,1.2446],[110.1542,1.2004],[110.1862,1.1824],[110.2072,1.1512],[110.2106,1.1186],[110.2392,1.114],[110.2472,1.0814],[110.2636,1.0558],[110.2756,1.0564],[110.2844,1.0692],[110.2954,1.1046],[110.2948,1.143],[110.2972,1.194],[110.3024,1.2062],[110.322,1.2256],[110.3316,1.2424],[110.3338,1.2748],[110.3432,1.3114],[110.3658,1.351],[110.3756,1.3904],[110.4042,1.4084],[110.41,1.416],[110.3808,1.4148],[110.3304,1.4282],[110.317,1.4434],[110.3286,1.4624],[110.3774,1.4822],[110.4048,1.5136],[110.4436,1.5096],[110.4616,1.5112],[110.4808,1.523],[110.468,1.5508],[110.4796,1.5658],[110.4854,1.5926],[110.5192,1.5956],[110.518,1.6164],[110.5088,1.6286],[110.4942,1.6332],[110.478,1.6304],[110.4792,1.656],[110.5006,1.707],[110.525,1.7274],[110.5064,1.743],[110.4914,1.7238],[110.4716,1.7262],[110.467,1.736],[110.442,1.7262],[110.4308,1.6908],[110.417,1.6838],[110.3926,1.6948],[110.3768,1.6908],[110.364,1.7112],[110.3564,1.7128],[110.357,1.7558],[110.3374,1.7844],[110.3466,1.7982],[110.3286,1.8024],[110.3182,1.7726],[110.3164,1.757],[110.303,1.7344],[110.3158,1.7256],[110.31,1.7024],[110.2972,1.6874],[110.2844,1.6932],[110.2862,1.7064],[110.2676,1.7116],[110.235,1.7094],[110.2054,1.7018],[110.1902,1.7064],[110.134,1.696],[110.1404,1.6664],[110.1758,1.6344],[110.1828,1.6246],[110.1828,1.6014],[110.1472,1.5926],[110.1388,1.5724]]]},"properties":{"name":"Kuching","name_source":"Kuching","state":"Sarawak","level":"daerah","area_km2":1424.47,"area_ha":142447}},{"type":"Feature","geometry":{"type":"Polygon","coordinates":[[[110.41,1.416],[110.4238,1.4136],[110.432,1.3922],[110.4634,1.3806],[110.475,1.3678],[110.5024,1.3684],[110.518,1.3772],[110.5436,1.3742],[110.572,1.405],[110.593,1.4224],[110.6226,1.4392],[110.6478,1.4576],[110.6512,1.4624],[110.6482,1.495],[110.6604,1.5154],[110.5442,1.5148],[110.5224,1.5194],[110.4808,1.523],[110.4616,1.5112],[110.4436,1.5096],[110.4048,1.5136],[110.3774,1.4822],[110.3286,1.4624],[110.317,1.4434],[110.3304,1.4282],[110.3808,1.4148],[110.41,1.416]]]},"properties":{"name":"Samarahan","name_source":"Samarahan","state":"Sarawak","level":"daerah","area_km2":413.62,"area_ha":41362}},{"type":"Feature","geometry":{"type":"Polygon","coordinates":[[[110.4808,1.523],[110.5224,1.5194],[110.5442,1.5148],[110.6604,1.5154],[110.6482,1.495],[110.6512,1.4624],[110.6478,1.4576],[110.6848,1.4536],[110.7332,1.477],[110.7422,1.4894],[110.7392,1.5272],[110.7294,1.5452],[110.7108,1.5558],[110.6894,1.5588],[110.6462,1.5786],[110.6432,1.5882],[110.5952,1.6002],[110.5636,1.596],[110.5416,1.5834],[110.5192,1.5956],[110.4854,1.5926],[110.4796,1.5658],[110.468,1.5508],[110.4808,1.523]]]},"properties":{"name":"Asajaya","name_source":"Asajaya","state":"Sarawak","level":"daerah","area_km2":268.52,"area_ha":26852}},{"type":"Feature","geometry":{"type":"Polygon","coordinates":[[[110.2756,1.0564],[110.2728,1.0344],[110.2768,1.018],[110.274,1.0006],[110.3124,0.9966],[110.335,0.9982],[110.3472,0.9884],[110.3698,0.9866],[110.3948,0.993],[110.4064,0.9762],[110.4076,0.9536],[110.4408,0.9414],[110.4314,0.9262],[110.4738,0.889],[110.478,0.8792],[110.5274,0.8728],[110.5674,0.8554],[110.6146,0.8716],[110.6268,0.881],[110.6312,0.908],[110.6336,0.9814],[110.5872,0.9824],[110.5318,0.9988],[110.5218,1.0296],[110.5082,1.0578],[110.461,1.1086],[110.322,1.2256],[110.3024,1.2062],[110.2972,1.194],[110.2948,1.143],[110.2954,1.1046],[110.2844,1.0692],[110.2756,1.0564]]]},"properties":{"name":"Tebedu","name_source":"Tebedu","state":"Sarawak","level":"daerah","area_km2":747.82,"area_ha":74782}},{"type":"Feature","geometry":{"type":"Polygon","coordinates":[[[110.322,1.2256],[110.461,1.1086],[110.5082,1.0578],[110.5218,1.0296],[110.5318,0.9988],[110.5872,0.9824],[110.6336,0.9814],[110.6312,0.908],[110.647,0.9048],[110.654,0.8804],[110.6824,0.8804],[110.7138,0.9036],[110.7562,0.9076],[110.7592,0.924],[110.7714,0.9326],[110.7888,0.9054],[110.8098,0.9128],[110.8022,0.9378],[110.8178,0.9512],[110.8482,0.9506],[110.862,0.967],[110.8812,0.9786],[110.8598,1.018],[110.872,1.0396],[110.8592,1.0704],[110.8382,1.093],[110.8348,1.1168],[110.8056,1.125],[110.7522,1.177],[110.6424,1.2688],[110.6086,1.3086],[110.5436,1.3742],[110.518,1.3772],[110.5024,1.3684],[110.475,1.3678],[110.4634,1.3806],[110.432,1.3922],[110.4238,1.4136],[110.41,1.416],[110.4042,1.4084],[110.3756,1.3904],[110.3658,1.351],[110.3432,1.3114],[110.3338,1.2748],[110.3316,1.2424],[110.322,1.2256]]]},"properties":{"name":"Serian","name_source":"Serian","state":"Sarawak","level":"daerah","area_km2":1805.69,"area_ha":180569}},{"type":"Feature","geometry":{"type":"Polygon","coordinates":[[[110.5436,1.3742],[110.6086,1.3086],[110.6424,1.2688],[110.7522,1.177],[110.8056,1.125],[110.8348,1.1168],[110.8382,1.093],[110.8592,1.0704],[110.872,1.0396],[110.8598,1.018],[110.8812,0.9786],[110.8922,0.9954],[110.8928,1.0088],[110.9108,1.0286],[110.933,1.0228],[110.9808,1.0288],[110.994,1.0774],[110.983,1.1308],[110.9504,1.1778],[110.9556,1.1936],[110.9766,1.2086],[111.001,1.211],[111.0184,1.2052],[111.0266,1.2244],[111.0422,1.2302],[111.0672,1.2196],[111.0754,1.2208],[111.1008,1.2516],[111.102,1.28],[111.1252,1.323],[111.1252,1.3492],[111.1166,1.3898],[111.0602,1.4032],[111.0462,1.4132],[111.0202,1.4444],[110.998,1.484],[110.9528,1.5154],[110.8894,1.534],[110.829,1.5694],[110.7952,1.5786],[110.7702,1.5636],[110.7674,1.5502],[110.7392,1.5272],[110.7422,1.4894],[110.7332,1.477],[110.6848,1.4536],[110.6478,1.4576],[110.6226,1.4392],[110.593,1.4224],[110.572,1.405],[110.5436,1.3742]]]},"properties":{"name":"Simunjan","name_source":"Simunjan","state":"Sarawak","level":"daerah","area_km2":2123.92,"area_ha":212392}},{"type":"Feature","geometry":{"type":"Polygon","coordinates":[[[110.9808,1.0288],[111.0036,1.0342],[111.0448,1.0384],[111.075,1.0532],[111.0984,1.055],[111.1356,1.0524],[111.1668,1.0648],[111.2004,1.0654],[111.2118,1.0762],[111.2326,1.0836],[111.2528,1.0676],[111.274,1.065],[111.2874,1.0554],[111.3182,1.045],[111.3484,1.0394],[111.374,1.0242],[111.4016,1.0122],[111.4362,1.0168],[111.4648,1.036],[111.4934,1.029],[111.5108,1.0152],[111.5176,0.9944],[111.534,0.962],[111.5584,0.9594],[111.5596,0.9904],[111.599,0.999],[111.6284,1.0276],[111.6602,1.0456],[111.6596,1.0788],[111.6466,1.0914],[111.628,1.0982],[111.6236,1.1228],[111.6116,1.1384],[111.574,1.161],[111.5368,1.1866],[111.514,1.1976],[111.5018,1.2092],[111.499,1.2488],[111.489,1.2644],[111.511,1.2884],[111.5088,1.3126],[111.4932,1.344],[111.492,1.3724],[111.4838,1.3864],[111.4606,1.3998],[111.428,1.4126],[111.3816,1.416],[111.3,1.4454],[111.259,1.4578],[111.246,1.4656],[111.2334,1.4872],[111.2182,1.4544],[111.1914,1.418],[111.1858,1.3804],[111.1716,1.3604],[111.1516,1.3682],[111.1166,1.3898],[111.1252,1.3492],[111.1252,1.323],[111.102,1.28],[111.1008,1.2516],[111.0754,1.2208],[111.0672,1.2196],[111.0422,1.2302],[111.0266,1.2244],[111.0184,1.2052],[111.001,1.211],[110.9766,1.2086],[110.9556,1.1936],[110.9504,1.1778],[110.983,1.1308],[110.994,1.0774],[110.9808,1.0288]]]},"properties":{"name":"Sri Aman","name_source":"Sri Aman","state":"Sarawak","level":"daerah","area_km2":2380.2,"area_ha":238020}},{"type":"Feature","geometry":{"type":"Polygon","coordinates":[[[111.511,1.2884],[111.5414,1.2904],[111.5778,1.3046],[111.5916,1.319],[111.6332,1.3484],[111.6484,1.3666],[111.6556,1.3842],[111.6716,1.4424],[111.6764,1.4682],[111.711,1.4704],[111.7358,1.4846],[111.7512,1.5042],[111.7646,1.5468],[111.7916,1.5954],[111.7604,1.639],[111.747,1.6716],[111.7006,1.6432],[111.6652,1.6432],[111.6432,1.6566],[111.6302,1.6624],[111.5618,1.663],[111.549,1.6722],[111.5286,1.7006],[111.514,1.7024],[111.4914,1.6896],[111.467,1.6676],[111.4524,1.6484],[111.4234,1.6386],[111.4042,1.6432],[111.3926,1.6688],[111.3812,1.683],[111.3246,1.6658],[111.313,1.6576],[111.3118,1.6322],[111.3514,1.6008],[111.3576,1.5842],[111.3554,1.561],[111.349,1.5506],[111.3316,1.55],[111.3052,1.5648],[111.2746,1.57],[111.2196,1.5556],[111.1928,1.5328],[111.2334,1.4872],[111.246,1.4656],[111.259,1.4578],[111.3,1.4454],[111.3816,1.416],[111.428,1.4126],[111.4606,1.3998],[111.4838,1.3864],[111.492,1.3724],[111.4932,1.344],[111.5088,1.3126],[111.511,1.2884]]]},"properties":{"name":"Betong","name_source":"Betong","state":"Sarawak","level":"daerah","area_km2":1620.87,"area_ha":162087}},{"type":"Feature","geometry":{"type":"Polygon","coordinates":[[[111.1166,1.3898],[111.1516,1.3682],[111.1716,1.3604],[111.1858,1.3804],[111.1914,1.418],[111.2182,1.4544],[111.2334,1.4872],[111.1928,1.5328],[111.2196,1.5556],[111.2746,1.57],[111.3052,1.5648],[111.3316,1.55],[111.349,1.5506],[111.3554,1.561],[111.3576,1.5842],[111.3514,1.6008],[111.3118,1.6322],[111.313,1.6576],[111.3246,1.6658],[111.3812,1.683],[111.2074,1.6904],[111.1756,1.7176],[111.1598,1.712],[111.1468,1.695],[111.124,1.6938],[111.0828,1.6976],[111.0846,1.7028],[111.0516,1.7102],[111.036,1.657],[111.0214,1.6552],[111.0118,1.6388],[111.007,1.6132],[110.9976,1.5888],[110.9932,1.558],[110.9932,1.5298],[110.9868,1.5216],[110.9528,1.5154],[110.998,1.484],[111.0202,1.4444],[111.0462,1.4132],[111.0602,1.4032],[111.1166,1.3898]]]},"properties":{"name":"Pusa","name_source":"Pusa","state":"Sarawak","level":"daerah","area_km2":971.74,"area_ha":97174}},{"type":"Feature","geometry":{"type":"Polygon","coordinates":[[[111.6432,1.6566],[111.6414,1.7392],[111.6232,1.7774],[111.5618,1.8008],[111.5294,1.8242],[111.5198,1.8426],[111.5242,1.861],[111.515,1.886],[111.4936,1.9036],[111.4838,1.9098],[111.4718,1.903],[111.4498,1.921],[111.4388,1.908],[111.4264,1.9202],[111.3822,1.88],[111.3732,1.8782],[111.3438,1.8574],[111.3194,1.8474],[111.2642,1.8084],[111.2196,1.7826],[111.1794,1.7484],[111.1756,1.7176],[111.2074,1.6904],[111.3812,1.683],[111.3926,1.6688],[111.4042,1.6432],[111.4234,1.6386],[111.4524,1.6484],[111.467,1.6676],[111.4914,1.6896],[111.514,1.7024],[111.5286,1.7006],[111.549,1.6722],[111.5618,1.663],[111.6302,1.6624],[111.6432,1.6566]]]},"properties":{"name":"Saratok","name_source":"Saratok","state":"Sarawak","level":"daerah","area_km2":925.44,"area_ha":92544}},{"type":"Feature","geometry":{"type":"Polygon","coordinates":[[[111.1756,1.7176],[111.1794,1.7484],[111.2196,1.7826],[111.2642,1.8084],[111.3194,1.8474],[111.3438,1.8574],[111.3732,1.8782],[111.3822,1.88],[111.4264,1.9202],[111.4328,1.94],[111.431,1.9782],[111.4228,1.9846],[111.399,1.9876],[111.3676,2.005],[111.3468,2.0114],[111.317,2.012],[111.295,2.016],[111.291,2.0468],[111.281,2.0572],[111.2694,2.0544],[111.2624,2.0282],[111.2046,2.077],[111.1754,2.003],[111.1698,1.9786],[111.168,1.9506],[111.143,1.909],[111.1194,1.861],[111.1062,1.8394],[111.1038,1.7902],[111.1004,1.779],[111.0672,1.7396],[111.0516,1.7102],[111.0846,1.7028],[111.0828,1.6976],[111.124,1.6938],[111.1468,1.695],[111.1598,1.712],[111.1756,1.7176]]]},"properties":{"name":"Kabong","name_source":"Kabong","state":"Sarawak","level":"daerah","area_km2":808.33,"area_ha":80833}},{"type":"Feature","geometry":{"type":"Polygon","coordinates":[[[111.4936,1.9036],[111.545,1.9336],[111.5744,1.9652],[111.623,2.0066],[111.6242,2.0384],[111.6086,2.0578],[111.6022,2.11],[111.5916,2.1238],[111.5878,2.1586],[111.578,2.1764],[111.582,2.1958],[111.5628,2.1954],[111.5452,2.1862],[111.517,2.2016],[111.4936,2.2228],[111.4788,2.2466],[111.466,2.255],[111.4738,2.2442],[111.454,2.2218],[111.4408,2.2186],[111.423,2.204],[111.41,2.1824],[111.3948,2.1738],[111.377,2.1858],[111.3726,2.162],[111.3546,2.1572],[111.3476,2.1242],[111.339,2.113],[111.3074,2.1176],[111.2914,2.128],[111.2586,2.1372],[111.2416,2.128],[111.2242,2.0986],[111.2066,2.0882],[111.2046,2.077],[111.2624,2.0282],[111.2694,2.0544],[111.281,2.0572],[111.291,2.0468],[111.295,2.016],[111.317,2.012],[111.3468,2.0114],[111.3676,2.005],[111.399,1.9876],[111.4228,1.9846],[111.431,1.9782],[111.4328,1.94],[111.4264,1.9202],[111.4388,1.908],[111.4498,1.921],[111.4718,1.903],[111.4838,1.9098],[111.4936,1.9036]]]},"properties":{"name":"Sarikei","name_source":"Sarikei","state":"Sarawak","level":"daerah","area_km2":923.54,"area_ha":92354}},{"type":"Feature","geometry":{"type":"Polygon","coordinates":[[[111.7916,1.5954],[111.8016,1.5894],[111.825,1.5914],[111.8854,1.578],[111.8886,1.5812],[111.8952,1.5874],[111.8976,1.621],[111.8946,1.639],[111.876,1.6432],[111.8882,1.6734],[111.8884,1.6972],[111.8664,1.7058],[111.836,1.7276],[111.8184,1.7344],[111.7868,1.7804],[111.776,1.7864],[111.7674,1.811],[111.7816,1.837],[111.783,1.8634],[111.7686,1.8886],[111.7656,1.9318],[111.7466,1.9574],[111.7436,1.9934],[111.74,1.9996],[111.7328,2.003],[111.6942,1.9964],[111.6924,1.9808],[111.6418,1.9804],[111.637,1.9994],[111.623,2.0066],[111.5744,1.9652],[111.545,1.9336],[111.4936,1.9036],[111.515,1.886],[111.5242,1.861],[111.5198,1.8426],[111.5294,1.8242],[111.5618,1.8008],[111.6232,1.7774],[111.6414,1.7392],[111.6432,1.6566],[111.6652,1.6432],[111.7006,1.6432],[111.747,1.6716],[111.7604,1.639],[111.7916,1.5954]]]},"properties":{"name":"Pakan","name_source":"Pakan","state":"Sarawak","level":"daerah","area_km2":1012.93,"area_ha":101293}},{"type":"Feature","geometry":{"type":"Polygon","coordinates":[[[111.6602,1.0456],[111.6744,1.046],[111.6948,1.032],[111.7174,1.0268],[111.7244,1.0134],[111.7396,1.0134],[111.7588,1.0244],[111.7714,1.0088],[111.7954,1.0052],[111.7994,1.0216],[111.8272,1.0042],[111.8494,1.0012],[111.8708,1.0088],[111.8772,1.025],[111.8772,1.046],[111.8958,1.0716],[111.9272,1.0924],[111.9464,1.1226],[111.9848,1.1272],[112.008,1.1348],[112.036,1.132],[112.0784,1.1412],[112.141,1.1458],[112.1492,1.157],[112.14,1.1802],[112.1632,1.2208],[112.1574,1.2452],[112.1678,1.2632],[112.166,1.2796],[112.1724,1.3062],[112.1928,1.323],[112.2074,1.3416],[112.2212,1.3876],[112.2184,1.3962],[112.1952,1.4108],[112.201,1.4224],[112.2068,1.4532],[112.1458,1.4736],[112.1248,1.4648],[112.1126,1.4724],[112.0922,1.463],[112.0604,1.4654],[112.0482,1.4712],[112.0434,1.4956],[112.0184,1.524],[112.0168,1.5444],[112.0214,1.5786],[111.9946,1.5786],[111.9586,1.5694],[111.9308,1.5758],[111.8886,1.5812],[111.8854,1.578],[111.825,1.5914],[111.8016,1.5894],[111.7916,1.5954],[111.7646,1.5468],[111.7512,1.5042],[111.7358,1.4846],[111.711,1.4704],[111.6764,1.4682],[111.6716,1.4424],[111.6556,1.3842],[111.6484,1.3666],[111.6332,1.3484],[111.5916,1.319],[111.5778,1.3046],[111.5414,1.2904],[111.511,1.2884],[111.489,1.2644],[111.499,1.2488],[111.5018,1.2092],[111.514,1.1976],[111.5368,1.1866],[111.574,1.161],[111.6116,1.1384],[111.6236,1.1228],[111.628,1.0982],[111.6466,1.0914],[111.6596,1.0788],[111.6602,1.0456]]]},"properties":{"name":"Lubok Antu","name_source":"Lubok Antu","state":"Sarawak","level":"daerah","area_km2":3203.24,"area_ha":320324}},{"type":"Feature","geometry":{"type":"Polygon","coordinates":[[[111.8886,1.5812],[111.9308,1.5758],[111.9586,1.5694],[111.9946,1.5786],[112.0214,1.5786],[112.0574,1.5978],[112.0696,1.6088],[112.072,1.6316],[112.1034,1.6298],[112.1516,1.642],[112.1684,1.653],[112.1772,1.6722],[112.1808,1.7032],[112.1946,1.7356],[112.1888,1.7512],[112.162,1.7668],[112.13,1.7692],[112.1096,1.7756],[112.075,1.806],[112.0494,1.8216],[112.0346,1.8376],[112.0378,1.8558],[112.0576,1.876],[112.046,1.9056],[112.032,1.922],[112.0084,1.9388],[111.9712,1.9496],[111.9672,1.9904],[111.9836,2.0392],[111.9764,2.0782],[111.9512,2.0904],[111.9348,2.0868],[111.9092,2.0896],[111.8906,2.0834],[111.8616,2.0826],[111.8284,2.0578],[111.8028,2.0604],[111.7908,2.0538],[111.769,2.0332],[111.74,1.9996],[111.7436,1.9934],[111.7466,1.9574],[111.7656,1.9318],[111.7686,1.8886],[111.783,1.8634],[111.7816,1.837],[111.7674,1.811],[111.776,1.7864],[111.7868,1.7804],[111.8184,1.7344],[111.836,1.7276],[111.8664,1.7058],[111.8884,1.6972],[111.8882,1.6734],[111.876,1.6432],[111.8946,1.639],[111.8976,1.621],[111.8952,1.5874],[111.8886,1.5812]]]},"properties":{"name":"Julau","name_source":"Julau","state":"Sarawak","level":"daerah","area_km2":1614.64,"area_ha":161464}},{"type":"Feature","geometry":{"type":"Polygon","coordinates":[[[111.623,2.0066],[111.637,1.9994],[111.6418,1.9804],[111.6924,1.9808],[111.6942,1.9964],[111.7328,2.003],[111.74,1.9996],[111.769,2.0332],[111.7908,2.0538],[111.7912,2.07],[111.7798,2.0952],[111.7872,2.158],[111.7616,2.17],[111.7488,2.1986],[111.7266,2.21],[111.708,2.2328],[111.6868,2.2912],[111.6678,2.2934],[111.64,2.2676],[111.618,2.2636],[111.6028,2.2892],[111.5882,2.293],[111.5796,2.3282],[111.5588,2.3246],[111.5518,2.354],[111.5454,2.362],[111.5224,2.3472],[111.5042,2.3516],[111.4916,2.34],[111.4766,2.3194],[111.4584,2.2762],[111.466,2.255],[111.4788,2.2466],[111.4936,2.2228],[111.517,2.2016],[111.5452,2.1862],[111.5628,2.1954],[111.582,2.1958],[111.578,2.1764],[111.5878,2.1586],[111.5916,2.1238],[111.6022,2.11],[111.6086,2.0578],[111.6242,2.0384],[111.623,2.0066]]]},"properties":{"name":"Maradong","name_source":"Maradong","state":"Sarawak","level":"daerah","area_km2":755.2,"area_ha":75520}},{"type":"Feature","geometry":{"type":"Polygon","coordinates":[[[112.1808,1.7032],[112.2086,1.7084],[112.2204,1.7038],[112.2394,1.6812],[112.255,1.7032],[112.297,1.7292],[112.313,1.754],[112.3592,1.754],[112.4086,1.7674],[112.45,1.8002],[112.451,1.819],[112.4294,1.8292],[112.4186,1.848],[112.3812,1.8678],[112.3838,1.88],[112.421,1.8756],[112.4398,1.8978],[112.4588,1.902],[112.4744,1.9346],[112.4774,1.9532],[112.4898,1.9734],[112.4874,1.9894],[112.477,1.999],[112.4466,2.002],[112.4362,2.0132],[112.4094,2.0232],[112.3926,2.0692],[112.4108,2.0696],[112.421,2.1362],[112.4172,2.1636],[112.3652,2.17],[112.3432,2.1788],[112.3046,2.18],[112.2654,2.1908],[112.2104,2.19],[112.1646,2.1974],[112.1484,2.2094],[112.1264,2.211],[112.1182,2.2052],[112.1134,2.1812],[112.1066,2.173],[112.0862,2.1678],[112.077,2.1596],[112.0706,2.1212],[112.059,2.0922],[112.0398,2.0778],[112.0168,2.0766],[112.0008,2.0854],[111.9764,2.0782],[111.9836,2.0392],[111.9672,1.9904],[111.9712,1.9496],[112.0084,1.9388],[112.032,1.922],[112.046,1.9056],[112.0576,1.876],[112.0378,1.8558],[112.0346,1.8376],[112.0494,1.8216],[112.075,1.806],[112.1096,1.7756],[112.13,1.7692],[112.162,1.7668],[112.1888,1.7512],[112.1946,1.7356],[112.1808,1.7032]]]},"properties":{"name":"Kanowit","name_source":"Kanowit","state":"Sarawak","level":"daerah","area_km2":2170.77,"area_ha":217077}},{"type":"Feature","geometry":{"type":"Polygon","coordinates":[[[111.9764,2.0782],[112.0008,2.0854],[112.0168,2.0766],[112.0398,2.0778],[112.059,2.0922],[112.0706,2.1212],[112.077,2.1596],[112.0862,2.1678],[112.1066,2.173],[112.1134,2.1812],[112.1182,2.2052],[112.1264,2.211],[112.115,2.2292],[112.1236,2.2466],[112.155,2.2844],[112.1492,2.3156],[112.1242,2.3336],[112.105,2.3552],[112.1172,2.3686],[112.1086,2.387],[112.0812,2.3988],[112.054,2.4254],[112.0306,2.4358],[112.0156,2.448],[112.0114,2.4672],[111.9934,2.5004],[111.994,2.533],[111.992,2.5334],[111.9672,2.5408],[111.8842,2.531],[111.842,2.528],[111.8154,2.512],[111.7848,2.4994],[111.6942,2.4528],[111.608,2.4438],[111.597,2.439],[111.6016,2.3934],[111.5938,2.3734],[111.6102,2.3712],[111.6026,2.351],[111.6002,2.326],[111.5796,2.3282],[111.5882,2.293],[111.6028,2.2892],[111.618,2.2636],[111.64,2.2676],[111.6678,2.2934],[111.6868,2.2912],[111.708,2.2328],[111.7266,2.21],[111.7488,2.1986],[111.7616,2.17],[111.7872,2.158],[111.7798,2.0952],[111.7912,2.07],[111.7908,2.0538],[111.8028,2.0604],[111.8284,2.0578],[111.8616,2.0826],[111.8906,2.0834],[111.9092,2.0896],[111.9348,2.0868],[111.9512,2.0904],[111.9764,2.0782]]]},"properties":{"name":"Sibu","name_source":"Sibu","state":"Sarawak","level":"daerah","area_km2":2175.53,"area_ha":217553}},{"type":"Feature","geometry":{"type":"Polygon","coordinates":[[[112.2068,1.4532],[112.2568,1.463],[112.2736,1.4706],[112.3014,1.4904],[112.313,1.5032],[112.3398,1.5014],[112.366,1.5108],[112.3852,1.5096],[112.3892,1.5182],[112.4276,1.5252],[112.4392,1.534],[112.4426,1.5526],[112.4868,1.5792],[112.5392,1.5712],[112.595,1.5706],[112.6356,1.5664],[112.6554,1.5728],[112.6704,1.5584],[112.6902,1.5554],[112.7304,1.5676],[112.75,1.5578],[112.767,1.5654],[112.7832,1.56],[112.803,1.5404],[112.8286,1.5438],[112.8424,1.5398],[112.8722,1.577],[112.8988,1.5938],[112.9018,1.6152],[112.9274,1.6252],[112.932,1.6396],[112.9262,1.6518],[112.9232,1.6804],[112.9168,1.6884],[112.8756,1.7122],[112.9082,1.7152],[112.936,1.732],[112.9418,1.7466],[112.9396,1.768],[112.9332,1.7774],[112.8976,1.8],[112.864,1.8418],[112.8468,1.877],[112.804,1.945],[112.7798,1.9808],[112.7682,1.9868],[112.7158,1.9844],[112.6568,1.9844],[112.6508,2.1896],[112.6274,2.1934],[112.6094,2.1922],[112.5964,2.2008],[112.55,2.184],[112.5258,2.1886],[112.4878,2.1864],[112.4552,2.1786],[112.4172,2.1636],[112.421,2.1362],[112.4108,2.0696],[112.3926,2.0692],[112.4094,2.0232],[112.4362,2.0132],[112.4466,2.002],[112.477,1.999],[112.4874,1.9894],[112.4898,1.9734],[112.4774,1.9532],[112.4744,1.9346],[112.4588,1.902],[112.4398,1.8978],[112.421,1.8756],[112.3838,1.88],[112.3812,1.8678],[112.4186,1.848],[112.4294,1.8292],[112.451,1.819],[112.45,1.8002],[112.4086,1.7674],[112.3592,1.754],[112.313,1.754],[112.297,1.7292],[112.255,1.7032],[112.2394,1.6812],[112.2204,1.7038],[112.2086,1.7084],[112.1808,1.7032],[112.1772,1.6722],[112.1684,1.653],[112.1516,1.642],[112.1034,1.6298],[112.072,1.6316],[112.0696,1.6088],[112.0574,1.5978],[112.0214,1.5786],[112.0168,1.5444],[112.0184,1.524],[112.0434,1.4956],[112.0482,1.4712],[112.0604,1.4654],[112.0922,1.463],[112.1126,1.4724],[112.1248,1.4648],[112.1458,1.4736],[112.2068,1.4532]]]},"properties":{"name":"Song","name_source":"Song","state":"Sarawak","level":"daerah","area_km2":3956.65,"area_ha":395665}},{"type":"Feature","geometry":{"type":"Polygon","coordinates":[[[112.4172,2.1636],[112.4552,2.1786],[112.4878,2.1864],[112.5258,2.1886],[112.55,2.184],[112.5964,2.2008],[112.6094,2.1922],[112.6274,2.1934],[112.641,2.2126],[112.6868,2.2164],[112.7096,2.2384],[112.7036,2.2528],[112.7422,2.2442],[112.7708,2.2332],[112.7798,2.2346],[112.7996,2.2572],[112.8022,2.2948],[112.791,2.3016],[112.6828,2.3044],[112.676,2.3082],[112.6672,2.3386],[112.6526,2.3724],[112.6596,2.3936],[112.6832,2.4052],[112.701,2.449],[112.7184,2.4662],[112.7178,2.5048],[112.7522,2.5442],[112.737,2.563],[112.7278,2.5824],[112.7352,2.6022],[112.7206,2.6232],[112.7284,2.6474],[112.7262,2.6724],[112.7416,2.672],[112.7732,2.6366],[112.8074,2.6296],[112.8452,2.6478],[112.8564,2.666],[112.8482,2.6764],[112.8348,2.6782],[112.817,2.7016],[112.8088,2.695],[112.7474,2.7094],[112.7232,2.725],[112.7152,2.7398],[112.7176,2.7514],[112.7592,2.7628],[112.7702,2.7814],[112.7822,2.7762],[112.7956,2.7868],[112.7902,2.7958],[112.746,2.8042],[112.7484,2.8342],[112.738,2.8432],[112.714,2.8508],[112.6998,2.85],[112.5928,2.8438],[112.5762,2.8468],[112.5654,2.8264],[112.5682,2.8148],[112.5834,2.8072],[112.5752,2.795],[112.5816,2.7772],[112.5426,2.7502],[112.5252,2.7454],[112.4978,2.7272],[112.3434,2.602],[112.2626,2.577],[112.2132,2.5758],[112.2178,2.5444],[112.2114,2.5154],[112.083,2.5242],[112.0708,2.5294],[112.047,2.5304],[112.0178,2.527],[112.0056,2.541],[111.994,2.533],[111.9934,2.5004],[112.0114,2.4672],[112.0156,2.448],[112.0306,2.4358],[112.054,2.4254],[112.0812,2.3988],[112.1086,2.387],[112.1172,2.3686],[112.105,2.3552],[112.1242,2.3336],[112.1492,2.3156],[112.155,2.2844],[112.1236,2.2466],[112.115,2.2292],[112.1264,2.211],[112.1484,2.2094],[112.1646,2.1974],[112.2104,2.19],[112.2654,2.1908],[112.3046,2.18],[112.3432,2.1788],[112.3652,2.17],[112.4172,2.1636]]]},"properties":{"name":"Selangau","name_source":"Selangau","state":"Sarawak","level":"daerah","area_km2":3894.97,"area_ha":389497}},{"type":"Feature","geometry":{"type":"Polygon","coordinates":[[[111.994,2.533],[112.0056,2.541],[112.0178,2.527],[112.047,2.5304],[112.0708,2.5294],[112.083,2.5242],[112.2114,2.5154],[112.2178,2.5444],[112.2132,2.5758],[112.1894,2.5792],[112.1766,2.5886],[112.159,2.6548],[112.1446,2.678],[112.1312,2.6884],[112.0736,2.722],[112.033,2.7586],[111.986,2.8904],[111.9644,2.8846],[111.8906,2.8764],[111.8668,2.8794],[111.7778,2.8608],[111.7942,2.8404],[111.8076,2.8144],[111.843,2.7818],[111.8476,2.7476],[111.8394,2.715],[111.8436,2.6982],[111.8574,2.6896],[111.8574,2.6734],[111.8854,2.6628],[111.9132,2.66],[111.926,2.6536],[111.9452,2.6072],[111.947,2.5786],[111.9714,2.5602],[111.992,2.5334],[111.994,2.533]]]},"properties":{"name":"Dalat","name_source":"Dalat","state":"Sarawak","level":"daerah","area_km2":989.18,"area_ha":98918}},{"type":"Feature","geometry":{"type":"Polygon","coordinates":[[[112.9396,1.768],[112.9766,1.7786],[113,1.7976],[113.0386,1.806],[113.0584,1.8236],[113.0938,1.8618],[113.1254,1.866],[113.2492,1.8666],[113.2694,1.8856],[113.2686,1.9],[113.2422,1.9218],[113.195,1.9328],[113.185,1.9464],[113.1768,1.97],[113.1432,1.9936],[113.1288,2.0108],[113.1242,2.0272],[113.135,2.0584],[113.141,2.0878],[113.1514,2.1],[113.157,2.1212],[113.1364,2.1418],[113.1384,2.1628],[113.1644,2.1626],[113.1792,2.1496],[113.1942,2.1444],[113.215,2.1446],[113.283,2.1532],[113.2972,2.1748],[113.2916,2.2116],[113.2976,2.225],[113.4028,2.2284],[113.4202,2.2342],[113.443,2.2562],[113.5062,2.2904],[113.5232,2.3042],[113.5414,2.3078],[113.6338,2.3168],[113.7048,2.3094],[113.7086,2.3134],[113.7136,2.3186],[113.711,2.3488],[113.6862,2.3744],[113.6854,2.4194],[113.6638,2.442],[113.6764,2.4638],[113.672,2.4762],[113.6572,2.484],[113.6396,2.4836],[113.6102,2.4532],[113.5794,2.4428],[113.56,2.422],[113.5366,2.416],[113.52,2.4404],[113.505,2.4464],[113.4668,2.4368],[113.44,2.407],[113.4232,2.3944],[113.405,2.3874],[113.3798,2.3892],[113.3526,2.4086],[113.3348,2.4434],[113.3272,2.4766],[113.335,2.488],[113.3562,2.5004],[113.3682,2.524],[113.3774,2.5308],[113.421,2.5438],[113.4666,2.5498],[113.4786,2.5638],[113.4646,2.584],[113.4262,2.5772],[113.4042,2.5924],[113.3902,2.5776],[113.3696,2.566],[113.3324,2.566],[113.2228,2.5318],[113.1094,2.4668],[113.0788,2.4736],[113.064,2.4576],[113.0446,2.4538],[113.0312,2.4434],[113.0234,2.4272],[113.0308,2.4052],[113.0328,2.3658],[113.0256,2.3464],[112.9962,2.3302],[112.9948,2.3052],[112.9792,2.2904],[112.9218,2.2778],[112.9022,2.2692],[112.9062,2.2362],[112.8928,2.197],[112.8766,2.1732],[112.8638,2.1704],[112.855,2.187],[112.8394,2.1774],[112.8352,2.1548],[112.8062,2.1524],[112.7738,2.161],[112.711,2.1726],[112.6954,2.1822],[112.6508,2.1896],[112.6568,1.9844],[112.7158,1.9844],[112.7682,1.9868],[112.7798,1.9808],[112.804,1.945],[112.8468,1.877],[112.864,1.8418],[112.8976,1.8],[112.9332,1.7774],[112.9396,1.768]]]},"properties":{"name":"Kapit","name_source":"Kapit","state":"Sarawak","level":"daerah","area_km2":4135.12,"area_ha":413512}},{"type":"Feature","geometry":{"type":"Polygon","coordinates":[[[112.6508,2.1896],[112.6954,2.1822],[112.711,2.1726],[112.7738,2.161],[112.8062,2.1524],[112.8352,2.1548],[112.8394,2.1774],[112.855,2.187],[112.8638,2.1704],[112.8766,2.1732],[112.8928,2.197],[112.9062,2.2362],[112.9022,2.2692],[112.9218,2.2778],[112.9792,2.2904],[112.9948,2.3052],[112.9962,2.3302],[113.0256,2.3464],[113.0328,2.3658],[113.0308,2.4052],[113.0234,2.4272],[113.0312,2.4434],[113.0446,2.4538],[113.064,2.4576],[113.0788,2.4736],[113.1094,2.4668],[113.2228,2.5318],[113.3324,2.566],[113.3696,2.566],[113.3902,2.5776],[113.4042,2.5924],[113.4262,2.5772],[113.4646,2.584],[113.4786,2.5638],[113.4666,2.5498],[113.4858,2.545],[113.505,2.5782],[113.5282,2.585],[113.5508,2.6008],[113.5794,2.6344],[113.5944,2.6484],[113.6108,2.6484],[113.6264,2.6304],[113.638,2.628],[113.6514,2.6478],[113.649,2.6576],[113.6566,2.6976],[113.6624,2.7052],[113.6862,2.7146],[113.6984,2.743],[113.688,2.7546],[113.7048,2.7674],[113.71,2.7912],[113.7032,2.8126],[113.6792,2.8012],[113.659,2.7766],[113.6334,2.7928],[113.6176,2.7842],[113.591,2.761],[113.5434,2.743],[113.5096,2.7546],[113.4548,2.7458],[113.4436,2.737],[113.4016,2.7322],[113.3756,2.7184],[113.3358,2.7158],[113.3258,2.7248],[113.244,2.7452],[113.2414,2.7648],[113.2502,2.7742],[113.2838,2.7882],[113.2904,2.8038],[113.283,2.8254],[113.2908,2.8432],[113.2726,2.8584],[113.2384,2.873],[113.2198,2.9178],[113.2068,2.9264],[113.1462,2.9278],[113.119,2.933],[113.1018,2.9472],[113.0758,2.9446],[113.055,2.9338],[113.0286,2.9606],[113.0178,2.9668],[112.9988,2.9666],[112.994,2.9666],[112.9666,2.9286],[112.946,2.916],[112.927,2.9246],[112.9412,2.9646],[112.9252,2.9988],[112.9304,3.0186],[112.927,3.036],[112.9068,3.0402],[112.896,3.0482],[112.886,3.0692],[112.878,3.0992],[112.8002,3.085],[112.7852,3.0876],[112.7522,3.075],[112.727,3.0696],[112.7332,2.9934],[112.7284,2.9426],[112.732,2.933],[112.723,2.9188],[112.717,2.8944],[112.7038,2.8776],[112.6998,2.85],[112.714,2.8508],[112.738,2.8432],[112.7484,2.8342],[112.746,2.8042],[112.7902,2.7958],[112.7956,2.7868],[112.7822,2.7762],[112.7702,2.7814],[112.7592,2.7628],[112.7176,2.7514],[112.7152,2.7398],[112.7232,2.725],[112.7474,2.7094],[112.8088,2.695],[112.817,2.7016],[112.8348,2.6782],[112.8482,2.6764],[112.8564,2.666],[112.8452,2.6478],[112.8074,2.6296],[112.7732,2.6366],[112.7416,2.672],[112.7262,2.6724],[112.7284,2.6474],[112.7206,2.6232],[112.7352,2.6022],[112.7278,2.5824],[112.737,2.563],[112.7522,2.5442],[112.7178,2.5048],[112.7184,2.4662],[112.701,2.449],[112.6832,2.4052],[112.6596,2.3936],[112.6526,2.3724],[112.6672,2.3386],[112.676,2.3082],[112.6828,2.3044],[112.791,2.3016],[112.8022,2.2948],[112.7996,2.2572],[112.7798,2.2346],[112.7708,2.2332],[112.7422,2.2442],[112.7036,2.2528],[112.7096,2.2384],[112.6868,2.2164],[112.641,2.2126],[112.6274,2.1934],[112.6508,2.1896]]]},"properties":{"name":"Tatau","name_source":"Tatau","state":"Sarawak","level":"daerah","area_km2":5085.63,"area_ha":508563}},{"type":"Feature","geometry":{"type":"Polygon","coordinates":[[[112.6998,2.85],[112.7038,2.8776],[112.717,2.8944],[112.723,2.9188],[112.732,2.933],[112.7284,2.9426],[112.7332,2.9934],[112.727,3.0696],[112.5662,3.0248],[111.986,2.8904],[112.033,2.7586],[112.0736,2.722],[112.1312,2.6884],[112.1446,2.678],[112.159,2.6548],[112.1766,2.5886],[112.1894,2.5792],[112.2132,2.5758],[112.2626,2.577],[112.3434,2.602],[112.4978,2.7272],[112.5252,2.7454],[112.5426,2.7502],[112.5816,2.7772],[112.5752,2.795],[112.5834,2.8072],[112.5682,2.8148],[112.5654,2.8264],[112.5762,2.8468],[112.5928,2.8438],[112.6998,2.85]]]},"properties":{"name":"Mukah","name_source":"Mukah","state":"Sarawak","level":"daerah","area_km2":2446.11,"area_ha":244611}},{"type":"Feature","geometry":{"type":"Polygon","coordinates":[[[111.992,2.5334],[111.9714,2.5602],[111.947,2.5786],[111.9452,2.6072],[111.926,2.6536],[111.9132,2.66],[111.8854,2.6628],[111.8574,2.6734],[111.8574,2.6896],[111.8436,2.6982],[111.8394,2.715],[111.8476,2.7476],[111.843,2.7818],[111.8076,2.8144],[111.7942,2.8404],[111.7778,2.8608],[111.676,2.8426],[111.656,2.8418],[111.6468,2.8518],[111.626,2.839],[111.607,2.801],[111.5698,2.7774],[111.4798,2.7428],[111.478,2.723],[111.4398,2.7084],[111.4326,2.702],[111.431,2.6744],[111.4548,2.66],[111.4676,2.6454],[111.5112,2.6066],[111.5384,2.5868],[111.5698,2.5514],[111.5762,2.5154],[111.5914,2.4956],[111.585,2.4522],[111.608,2.4438],[111.6942,2.4528],[111.7848,2.4994],[111.8154,2.512],[111.842,2.528],[111.8842,2.531],[111.9672,2.5408],[111.992,2.5334]]]},"properties":{"name":"Matu","name_source":"Matu","state":"Sarawak","level":"daerah","area_km2":1596.72,"area_ha":159672}},{"type":"Feature","geometry":{"type":"Polygon","coordinates":[[[111.5796,2.3282],[111.6002,2.326],[111.6026,2.351],[111.6102,2.3712],[111.5938,2.3734],[111.6016,2.3934],[111.597,2.439],[111.608,2.4438],[111.585,2.4522],[111.5914,2.4956],[111.5762,2.5154],[111.5698,2.5514],[111.5384,2.5868],[111.5112,2.6066],[111.4676,2.6454],[111.4548,2.66],[111.431,2.6744],[111.4326,2.702],[111.4026,2.7682],[111.3608,2.7656],[111.3446,2.7954],[111.3236,2.8],[111.3046,2.7756],[111.2882,2.7474],[111.2828,2.7302],[111.281,2.6304],[111.2874,2.5996],[111.3028,2.556],[111.31,2.5052],[111.2996,2.4618],[111.3028,2.4044],[111.3278,2.391],[111.3288,2.3722],[111.3486,2.3452],[111.3674,2.339],[111.3768,2.3432],[111.382,2.3588],[111.3996,2.3692],[111.4454,2.3732],[111.4818,2.3514],[111.4916,2.34],[111.5042,2.3516],[111.5224,2.3472],[111.5454,2.362],[111.5518,2.354],[111.5588,2.3246],[111.5796,2.3282]]]},"properties":{"name":"Daro","name_source":"Daro","state":"Sarawak","level":"daerah","area_km2":1198.87,"area_ha":119887}},{"type":"Feature","geometry":{"type":"Polygon","coordinates":[[[112.9988,2.9666],[113.0464,2.992],[113.0918,3.028],[113.1266,3.0436],[113.1796,3.0732],[113.1976,3.0982],[113.1854,3.137],[113.1934,3.1504],[113.211,3.202],[113.2214,3.2102],[113.2562,3.2154],[113.2864,3.2142],[113.3138,3.2228],[113.3282,3.245],[113.3544,3.2524],[113.359,3.2856],[113.3712,3.2972],[113.3962,3.3116],[113.4148,3.3372],[113.4324,3.3476],[113.448,3.365],[113.4584,3.3928],[113.4678,3.4056],[113.4992,3.4328],[113.5206,3.4382],[113.5328,3.4492],[113.5142,3.4614],[113.509,3.488],[113.5062,3.5478],[113.5194,3.5784],[113.516,3.6068],[113.5004,3.6336],[113.4806,3.6742],[113.4474,3.6996],[113.4254,3.7112],[113.4084,3.6818],[113.3754,3.6348],[113.3724,3.6238],[113.3416,3.5878],[113.316,3.5662],[113.2964,3.5454],[113.2992,3.513],[113.2766,3.4834],[113.2336,3.4466],[113.1944,3.4174],[113.173,3.392],[113.1576,3.3556],[113.1576,3.3482],[113.103,3.3044],[113.0636,3.2806],[113.0736,3.2476],[113.0648,3.2258],[113.0446,3.2094],[113.0462,3.1978],[113.0144,3.1644],[112.9412,3.1222],[112.878,3.0992],[112.886,3.0692],[112.896,3.0482],[112.9068,3.0402],[112.927,3.036],[112.9304,3.0186],[112.9252,2.9988],[112.9412,2.9646],[112.927,2.9246],[112.946,2.916],[112.9666,2.9286],[112.994,2.9666],[112.9988,2.9666]]]},"properties":{"name":"Bintulu","name_source":"Bintulu","state":"Sarawak","level":"daerah","area_km2":1989.67,"area_ha":198967}},{"type":"Feature","geometry":{"type":"Polygon","coordinates":[[[113.6792,2.8012],[113.6962,2.8462],[113.7414,2.899],[113.7408,2.9194],[113.7594,2.9414],[113.7758,2.9746],[113.8298,3.0476],[113.856,3.0686],[113.8624,3.083],[113.8804,3.0982],[113.8914,3.1156],[113.8948,3.144],[113.9042,3.1724],[113.9256,3.1874],[113.9146,3.2252],[113.9146,3.235],[113.9878,3.3042],[114.01,3.3436],[114.0488,3.3686],[114.064,3.39],[114.0594,3.4034],[114.0408,3.419],[114.0152,3.4178],[114.0042,3.3986],[113.9942,3.4004],[113.992,3.426],[113.9814,3.4358],[113.9798,3.455],[114.0048,3.481],[114.0058,3.5024],[113.9994,3.517],[113.978,3.5368],[113.9548,3.565],[113.9396,3.5478],[113.9338,3.5286],[113.9054,3.5198],[113.899,3.4856],[113.8792,3.474],[113.8664,3.4596],[113.8554,3.4166],[113.8386,3.3876],[113.821,3.3702],[113.8048,3.3622],[113.7822,3.321],[113.7536,3.3158],[113.7334,3.35],[113.7252,3.3784],[113.7176,3.383],[113.6968,3.3802],[113.6654,3.3644],[113.6496,3.3738],[113.6578,3.3912],[113.6734,3.4038],[113.6358,3.4444],[113.613,3.4532],[113.602,3.4624],[113.5688,3.4498],[113.5328,3.4492],[113.5206,3.4382],[113.4992,3.4328],[113.4678,3.4056],[113.4584,3.3928],[113.448,3.365],[113.4324,3.3476],[113.4148,3.3372],[113.3962,3.3116],[113.3712,3.2972],[113.359,3.2856],[113.3544,3.2524],[113.3282,3.245],[113.3138,3.2228],[113.2864,3.2142],[113.2562,3.2154],[113.2214,3.2102],[113.211,3.202],[113.1934,3.1504],[113.1854,3.137],[113.1976,3.0982],[113.1796,3.0732],[113.1266,3.0436],[113.0918,3.028],[113.0464,2.992],[112.9988,2.9666],[113.0178,2.9668],[113.0286,2.9606],[113.055,2.9338],[113.0758,2.9446],[113.1018,2.9472],[113.119,2.933],[113.1462,2.9278],[113.2068,2.9264],[113.2198,2.9178],[113.2384,2.873],[113.2726,2.8584],[113.2908,2.8432],[113.283,2.8254],[113.2904,2.8038],[113.2838,2.7882],[113.2502,2.7742],[113.2414,2.7648],[113.244,2.7452],[113.3258,2.7248],[113.3358,2.7158],[113.3756,2.7184],[113.4016,2.7322],[113.4436,2.737],[113.4548,2.7458],[113.5096,2.7546],[113.5434,2.743],[113.591,2.761],[113.6176,2.7842],[113.6334,2.7928],[113.659,2.7766],[113.6792,2.8012]]]},"properties":{"name":"Sebauh","name_source":"Sebauh","state":"Sarawak","level":"daerah","area_km2":5091.89,"area_ha":509189}},{"type":"Feature","geometry":{"type":"Polygon","coordinates":[[[112.8988,1.5938],[112.9216,1.567],[112.9424,1.5718],[112.971,1.5636],[112.9982,1.5804],[113.011,1.5682],[113.0546,1.5554],[113.0662,1.5392],[113.0506,1.5218],[113.0464,1.5032],[113.033,1.4898],[113.0366,1.477],[112.997,1.4562],[112.9826,1.4544],[112.9704,1.4312],[112.9698,1.4084],[113.0156,1.4078],[113.033,1.4196],[113.0808,1.43],[113.0888,1.4386],[113.1162,1.4264],[113.1312,1.3922],[113.1818,1.3782],[113.2162,1.3922],[113.244,1.3834],[113.2574,1.391],[113.2986,1.3776],[113.3178,1.3788],[113.3562,1.3544],[113.3632,1.3312],[113.3882,1.3196],[113.4196,1.2854],[113.4504,1.2912],[113.4608,1.3044],[113.4904,1.3166],[113.5142,1.3156],[113.537,1.3266],[113.5572,1.3102],[113.5724,1.3086],[113.5916,1.2824],[113.5974,1.2604],[113.627,1.2406],[113.6346,1.222],[113.6654,1.2284],[113.689,1.253],[113.719,1.271],[113.7398,1.2748],[113.7734,1.291],[113.806,1.3002],[113.816,1.3138],[113.8252,1.3492],[113.8178,1.361],[113.8434,1.3836],[113.8588,1.3864],[113.8788,1.4018],[113.8968,1.409],[113.9204,1.4118],[113.936,1.4226],[113.9432,1.4354],[113.9704,1.4508],[113.9814,1.4526],[114.0094,1.4436],[114.0802,1.4654],[114.094,1.4654],[114.1038,1.4562],[114.1338,1.4672],[114.162,1.4444],[114.1912,1.4254],[114.2046,1.4096],[114.2348,1.4434],[114.2756,1.445],[114.2842,1.455],[114.3086,1.4688],[114.3668,1.4874],[114.386,1.5102],[114.4004,1.516],[114.4684,1.4742],[114.4946,1.4706],[114.5242,1.4422],[114.548,1.4318],[114.566,1.4312],[114.5748,1.4398],[114.5934,1.477],[114.6056,1.488],[114.612,1.5118],[114.6016,1.5416],[114.612,1.5554],[114.6126,1.5792],[114.627,1.5804],[114.6636,1.6152],[114.6778,1.6542],[114.7014,1.676],[114.7132,1.724],[114.7204,1.744],[114.7114,1.7766],[114.7158,1.7994],[114.6996,1.8192],[114.7132,1.833],[114.724,1.862],[114.7494,1.8674],[114.7694,1.8538],[114.7812,1.852],[114.7966,1.8782],[114.8194,1.8946],[114.8548,1.9],[114.8684,1.9154],[114.873,1.9336],[114.8566,1.9454],[114.8502,1.9636],[114.8766,1.9972],[114.893,2.0008],[114.893,2.0226],[114.8712,2.0344],[114.8476,2.0172],[114.8184,2.0162],[114.8184,2.029],[114.8076,2.037],[114.8158,2.0644],[114.8058,2.078],[114.8184,2.0906],[114.8158,2.1096],[114.794,2.1088],[114.7512,2.097],[114.6668,2.0698],[114.6342,2.0644],[114.5642,2.057],[114.5034,2.039],[114.4534,2.0134],[114.429,2.009],[114.3754,2.0072],[114.281,2.008],[114.2338,2.0026],[114.2056,1.9908],[114.1094,1.9836],[114.0576,1.9826],[114.0176,1.9972],[113.955,2.0334],[113.9204,2.058],[113.8778,2.1024],[113.856,2.1486],[113.826,2.2004],[113.786,2.2422],[113.7624,2.2702],[113.7086,2.3134],[113.7048,2.3094],[113.6338,2.3168],[113.5414,2.3078],[113.5232,2.3042],[113.5062,2.2904],[113.443,2.2562],[113.4202,2.2342],[113.4028,2.2284],[113.2976,2.225],[113.2916,2.2116],[113.2972,2.1748],[113.283,2.1532],[113.215,2.1446],[113.1942,2.1444],[113.1792,2.1496],[113.1644,2.1626],[113.1384,2.1628],[113.1364,2.1418],[113.157,2.1212],[113.1514,2.1],[113.141,2.0878],[113.135,2.0584],[113.1242,2.0272],[113.1288,2.0108],[113.1432,1.9936],[113.1768,1.97],[113.185,1.9464],[113.195,1.9328],[113.2422,1.9218],[113.2686,1.9],[113.2694,1.8856],[113.2492,1.8666],[113.1254,1.866],[113.0938,1.8618],[113.0584,1.8236],[113.0386,1.806],[113,1.7976],[112.9766,1.7786],[112.9396,1.768],[112.9418,1.7466],[112.936,1.732],[112.9082,1.7152],[112.8756,1.7122],[112.9168,1.6884],[112.9232,1.6804],[112.9262,1.6518],[112.932,1.6396],[112.9274,1.6252],[112.9018,1.6152],[112.8988,1.5938]]]},"properties":{"name":"Bukit Mabong","name_source":"Bukit Mabong","state":"Sarawak","level":"daerah","area_km2":15176.57,"area_ha":1517657}},{"type":"Feature","geometry":{"type":"Polygon","coordinates":[[[113.7086,2.3134],[113.7624,2.2702],[113.786,2.2422],[113.826,2.2004],[113.856,2.1486],[113.8778,2.1024],[113.9204,2.058],[113.955,2.0334],[114.0176,1.9972],[114.0576,1.9826],[114.1094,1.9836],[114.2056,1.9908],[114.2338,2.0026],[114.281,2.008],[114.3754,2.0072],[114.429,2.009],[114.4534,2.0134],[114.5034,2.039],[114.5642,2.057],[114.6342,2.0644],[114.6668,2.0698],[114.7512,2.097],[114.794,2.1088],[114.7864,2.1414],[114.7868,2.1734],[114.7944,2.1908],[114.7922,2.2094],[114.8048,2.2292],[114.8048,2.2484],[114.8328,2.2442],[114.8438,2.253],[114.8798,2.2606],[114.9036,2.2548],[114.9222,2.2616],[114.9374,2.279],[114.9588,2.2912],[114.9606,2.303],[114.9432,2.3232],[114.9502,2.351],[114.9618,2.368],[114.974,2.3702],[114.981,2.3558],[114.992,2.3494],[115.0078,2.3656],[115.0234,2.3674],[115.035,2.3918],[115.0588,2.4074],[115.0884,2.401],[115.0938,2.4056],[115.1036,2.4416],[115.1158,2.4538],[115.1442,2.473],[115.1692,2.476],[115.2042,2.4724],[115.239,2.4974],[115.243,2.5142],[115.2396,2.531],[115.2158,2.541],[115.2088,2.57],[115.1984,2.5752],[115.1762,2.6072],[115.1676,2.6106],[115.1396,2.5996],[115.1314,2.5908],[115.114,2.5902],[115.1002,2.6118],[115.1012,2.6268],[115.121,2.653],[115.117,2.6792],[115.1204,2.6912],[115.107,2.7088],[115.1134,2.7262],[115.1478,2.7488],[115.1442,2.7806],[115.1512,2.7964],[115.15,2.8108],[115.1222,2.8132],[115.0978,2.823],[115.0896,2.8166],[115.085,2.7952],[115.0734,2.772],[115.049,2.75],[115.013,2.7296],[114.999,2.714],[114.9612,2.6908],[114.9194,2.696],[114.888,2.7146],[114.8502,2.7168],[114.7556,2.7146],[114.7462,2.7204],[114.7062,2.7626],[114.684,2.783],[114.6812,2.8266],[114.6648,2.841],[114.634,2.8596],[114.6264,2.8794],[114.6102,2.8928],[114.5986,2.8944],[114.5678,2.8874],[114.5524,2.8932],[114.5364,2.9078],[114.5196,2.9148],[114.5102,2.9328],[114.5114,2.953],[114.4992,2.9734],[114.4544,2.9826],[114.426,3.0036],[114.4172,3.0354],[114.3986,3.0616],[114.394,3.0842],[114.3836,3.0814],[114.3528,3.0842],[114.3202,3.1168],[114.3122,3.1208],[114.2918,3.1486],[114.294,3.1706],[114.3034,3.1886],[114.3138,3.195],[114.343,3.1916],[114.3504,3.2054],[114.3214,3.246],[114.2888,3.2606],[114.2598,3.289],[114.2336,3.3216],[114.1906,3.3616],[114.1674,3.3564],[114.1564,3.3366],[114.1274,3.321],[114.0808,3.322],[114.0604,3.314],[114.0466,3.329],[114.0552,3.3494],[114.0488,3.3686],[114.01,3.3436],[113.9878,3.3042],[113.9146,3.235],[113.9146,3.2252],[113.9256,3.1874],[113.9042,3.1724],[113.8948,3.144],[113.8914,3.1156],[113.8804,3.0982],[113.8624,3.083],[113.856,3.0686],[113.8298,3.0476],[113.7758,2.9746],[113.7594,2.9414],[113.7408,2.9194],[113.7414,2.899],[113.6962,2.8462],[113.6792,2.8012],[113.7032,2.8126],[113.71,2.7912],[113.7048,2.7674],[113.688,2.7546],[113.6984,2.743],[113.6862,2.7146],[113.6624,2.7052],[113.6566,2.6976],[113.649,2.6576],[113.6514,2.6478],[113.638,2.628],[113.6264,2.6304],[113.6108,2.6484],[113.5944,2.6484],[113.5794,2.6344],[113.5508,2.6008],[113.5282,2.585],[113.505,2.5782],[113.4858,2.545],[113.4666,2.5498],[113.421,2.5438],[113.3774,2.5308],[113.3682,2.524],[113.3562,2.5004],[113.335,2.488],[113.3272,2.4766],[113.3348,2.4434],[113.3526,2.4086],[113.3798,2.3892],[113.405,2.3874],[113.4232,2.3944],[113.44,2.407],[113.4668,2.4368],[113.505,2.4464],[113.52,2.4404],[113.5366,2.416],[113.56,2.422],[113.5794,2.4428],[113.6102,2.4532],[113.6396,2.4836],[113.6572,2.484],[113.672,2.4762],[113.6764,2.4638],[113.6638,2.442],[113.6854,2.4194],[113.6862,2.3744],[113.711,2.3488],[113.7136,2.3186],[113.7086,2.3134]]]},"properties":{"name":"Belaga","name_source":"Belaga","state":"Sarawak","level":"daerah","area_km2":16271.43,"area_ha":1627143}},{"type":"Feature","geometry":{"type":"Polygon","coordinates":[[[114.0488,3.3686],[114.0552,3.3494],[114.0466,3.329],[114.0604,3.314],[114.0808,3.322],[114.1274,3.321],[114.1564,3.3366],[114.1674,3.3564],[114.1906,3.3616],[114.2336,3.3216],[114.2598,3.289],[114.2888,3.2606],[114.3214,3.246],[114.3504,3.2054],[114.343,3.1916],[114.3138,3.195],[114.3034,3.1886],[114.294,3.1706],[114.2918,3.1486],[114.3122,3.1208],[114.3202,3.1168],[114.3528,3.0842],[114.3836,3.0814],[114.394,3.0842],[114.3986,3.0616],[114.4172,3.0354],[114.426,3.0036],[114.4544,2.9826],[114.4992,2.9734],[114.5114,2.953],[114.5102,2.9328],[114.5196,2.9148],[114.5364,2.9078],[114.5524,2.8932],[114.5602,2.9304],[114.5544,2.9652],[114.5394,2.9896],[114.5346,3.0128],[114.5376,3.054],[114.559,3.0576],[114.6042,3.0576],[114.6396,3.0638],[114.6804,3.0494],[114.7014,3.0838],[114.705,3.1002],[114.6896,3.1238],[114.6496,3.14],[114.635,3.1546],[114.6324,3.1872],[114.615,3.2172],[114.5806,3.2552],[114.5616,3.2942],[114.5498,3.3042],[114.5288,3.3078],[114.5016,3.3314],[114.478,3.3568],[114.4444,3.4048],[114.428,3.422],[114.3926,3.479],[114.3762,3.4872],[114.3472,3.49],[114.3136,3.5026],[114.2982,3.5136],[114.2656,3.5498],[114.25,3.5706],[114.2464,3.5914],[114.2538,3.595],[114.2736,3.5796],[114.2928,3.5788],[114.3164,3.5888],[114.3318,3.6304],[114.3436,3.6422],[114.3664,3.6504],[114.3736,3.6648],[114.379,3.7066],[114.3636,3.7246],[114.3636,3.7518],[114.3564,3.7672],[114.3762,3.8052],[114.3844,3.8406],[114.4044,3.8678],[114.4098,3.886],[114.4108,3.9186],[114.4162,3.963],[114.4118,3.9746],[114.3382,3.982],[114.3228,4.001],[114.309,4.0254],[114.2972,4.0136],[114.2928,3.9612],[114.2882,3.943],[114.2782,3.9284],[114.261,3.915],[114.2574,3.9294],[114.2718,3.9458],[114.25,3.9828],[114.212,4.0744],[114.2184,4.1268],[114.2144,4.1536],[114.2232,4.1728],[114.2202,4.185],[114.1866,4.2052],[114.1366,4.2134],[114.104,4.2254],[114.0728,4.228],[114.0234,4.2168],[114.0038,4.2146],[113.985,4.1728],[113.968,4.1646],[113.9728,4.1472],[113.9914,4.1194],[113.9948,4.0986],[113.989,4.0598],[114.003,4.014],[114.007,3.9878],[114.0274,3.9572],[114.0286,3.9334],[114.0238,3.894],[113.9988,3.8724],[113.992,3.8418],[114.0104,3.8052],[114.0058,3.788],[113.9822,3.7664],[114.0094,3.7454],[114.023,3.7146],[114.0022,3.6884],[113.995,3.6676],[113.9932,3.6458],[113.9714,3.6222],[113.9622,3.6068],[113.9548,3.565],[113.978,3.5368],[113.9994,3.517],[114.0058,3.5024],[114.0048,3.481],[113.9798,3.455],[113.9814,3.4358],[113.992,3.426],[113.9942,3.4004],[114.0042,3.3986],[114.0152,3.4178],[114.0408,3.419],[114.0594,3.4034],[114.064,3.39],[114.0488,3.3686]]]},"properties":{"name":"Beluru","name_source":"Beluru","state":"Sarawak","level":"daerah","area_km2":4873.7,"area_ha":487370}},{"type":"Feature","geometry":{"type":"Polygon","coordinates":[[[113.5328,3.4492],[113.5688,3.4498],[113.602,3.4624],[113.613,3.4532],[113.6358,3.4444],[113.6734,3.4038],[113.6578,3.3912],[113.6496,3.3738],[113.6654,3.3644],[113.6968,3.3802],[113.7176,3.383],[113.7252,3.3784],[113.7334,3.35],[113.7536,3.3158],[113.7822,3.321],[113.8048,3.3622],[113.821,3.3702],[113.8386,3.3876],[113.8554,3.4166],[113.8664,3.4596],[113.8792,3.474],[113.899,3.4856],[113.9054,3.5198],[113.9338,3.5286],[113.9396,3.5478],[113.9548,3.565],[113.9622,3.6068],[113.9714,3.6222],[113.9932,3.6458],[113.995,3.6676],[114.0022,3.6884],[114.023,3.7146],[114.0094,3.7454],[113.9822,3.7664],[114.0058,3.788],[114.0104,3.8052],[113.992,3.8418],[113.9988,3.8724],[114.0238,3.894],[114.0286,3.9334],[114.0274,3.9572],[114.007,3.9878],[114.003,4.014],[113.989,4.0598],[113.9948,4.0986],[113.9914,4.1194],[113.9728,4.1472],[113.968,4.1646],[113.985,4.1728],[114.0038,4.2146],[113.9232,4.193],[113.9006,4.1812],[113.8678,4.154],[113.8406,4.1206],[113.8252,4.0906],[113.816,4.0862],[113.8106,4.1132],[113.7998,4.0806],[113.758,4.0264],[113.7198,3.9928],[113.6862,3.9502],[113.5836,3.8588],[113.563,3.8424],[113.498,3.8],[113.477,3.7832],[113.4328,3.756],[113.423,3.7344],[113.4254,3.7112],[113.4474,3.6996],[113.4806,3.6742],[113.5004,3.6336],[113.516,3.6068],[113.5194,3.5784],[113.5062,3.5478],[113.509,3.488],[113.5142,3.4614],[113.5328,3.4492]]]},"properties":{"name":"Subis","name_source":"Subis","state":"Sarawak","level":"daerah","area_km2":3657.02,"area_ha":365702}},{"type":"Feature","geometry":{"type":"MultiPolygon","coordinates":[[[[114.0728,4.228],[114.0632,4.2582],[114.0774,4.2848],[114.1038,4.29],[114.1504,4.31],[114.1748,4.3276],[114.1808,4.3432],[114.2192,4.399],[114.221,4.415],[114.1964,4.445],[114.1718,4.4652],[114.1604,4.4956],[114.1592,4.514],[114.1652,4.5712],[114.0816,4.583],[114.0818,4.5878],[114.0052,4.5912],[113.9818,4.599],[113.9684,4.5816],[113.996,4.4974],[113.9994,4.441],[113.994,4.423],[113.9758,4.3912],[113.964,4.3568],[113.9714,4.337],[113.9142,4.2364],[113.8106,4.1132],[113.816,4.0862],[113.8252,4.0906],[113.8406,4.1206],[113.8678,4.154],[113.9006,4.1812],[113.9232,4.193],[114.0038,4.2146],[114.0234,4.2168],[114.0728,4.228]]],[[[115.5662,3.9374],[115.536,3.9426],[115.5218,3.9398],[115.5034,3.923],[115.5074,3.8834],[115.4872,3.851],[115.457,3.8208],[115.4284,3.8464],[115.4128,3.8446],[115.3826,3.8296],[115.3656,3.8314],[115.329,3.8498],[115.3152,3.8614],[115.289,3.873],[115.278,3.9014],[115.2418,3.934],[115.228,3.9432],[115.1792,3.9966],[115.1676,4.029],[115.153,4.0418],[115.1436,4.0626],[115.1256,4.0782],[115.1094,4.1026],[115.0906,4.082],[115.08,4.0456],[115.0552,4.0192],[115.0484,4.007],[115.0526,3.9506],[115.0654,3.952],[115.1926,3.8424],[115.2034,3.8262],[115.2488,3.799],[115.2462,3.7826],[115.2352,3.7726],[115.1644,3.664],[115.1462,3.6196],[115.1418,3.6014],[115.12,3.558],[115.109,3.5416],[115.1072,3.5098],[115.12,3.4728],[115.1226,3.4148],[115.139,3.3504],[115.2616,3.1554],[115.2898,3.1002],[115.286,3.0712],[115.2898,3.0506],[115.3064,3.0406],[115.3256,3.014],[115.3262,2.992],[115.3326,2.985],[115.4016,2.9896],[115.4162,3],[115.4336,3.0274],[115.4424,3.0326],[115.4854,3.0326],[115.4994,3.0384],[115.515,3.054],[115.5254,3.0784],[115.5226,3.0998],[115.5266,3.1242],[115.5434,3.1452],[115.5708,3.1724],[115.565,3.1852],[115.5406,3.1996],[115.5284,3.2136],[115.54,3.2456],[115.5406,3.2652],[115.5348,3.2862],[115.54,3.322],[115.5516,3.3372],[115.5574,3.3876],[115.5702,3.4028],[115.5748,3.4224],[115.5946,3.455],[115.6098,3.4544],[115.629,3.4166],[115.6446,3.4196],[115.6562,3.4526],[115.648,3.4734],[115.6184,3.5112],[115.6178,3.5512],[115.6144,3.5662],[115.5928,3.5948],[115.5864,3.615],[115.5848,3.6452],[115.58,3.6626],[115.583,3.7118],[115.5888,3.7512],[115.5964,3.7826],[115.6278,3.8562],[115.6184,3.8858],[115.5784,3.912],[115.5662,3.9374]]]]},"properties":{"name":"Miri","name_source":"Miri","state":"Sarawak","level":"daerah","area_km2":5317.34,"area_ha":531734}},{"type":"Feature","geometry":{"type":"Polygon","coordinates":[[[115.0978,2.823],[115.1124,2.8242],[115.1498,2.8554],[115.1662,2.8762],[115.1736,2.9098],[115.1744,2.9298],[115.2108,2.947],[115.2216,2.9624],[115.247,2.9706],[115.2662,2.986],[115.2824,3.0068],[115.2898,3.0304],[115.2898,3.0506],[115.286,3.0712],[115.2898,3.1002],[115.2616,3.1554],[115.139,3.3504],[115.1226,3.4148],[115.12,3.4728],[115.1072,3.5098],[115.109,3.5416],[115.12,3.558],[115.1418,3.6014],[115.1462,3.6196],[115.1644,3.664],[115.2352,3.7726],[115.2462,3.7826],[115.2488,3.799],[115.2034,3.8262],[115.1926,3.8424],[115.0654,3.952],[115.0526,3.9506],[115.0428,3.9494],[115.0188,3.9302],[114.9964,3.9042],[114.9592,3.8894],[114.9268,3.9192],[114.9078,3.9192],[114.8736,3.9328],[114.854,3.9322],[114.8328,3.9254],[114.8042,3.9084],[114.7216,3.872],[114.7056,3.8686],[114.6402,3.886],[114.601,3.8838],[114.5874,3.84],[114.5772,3.829],[114.5338,3.8252],[114.491,3.81],[114.463,3.819],[114.4682,3.8334],[114.4508,3.8348],[114.4564,3.8602],[114.4758,3.8706],[114.4776,3.8786],[114.4604,3.9114],[114.4404,3.921],[114.44,3.9346],[114.4292,3.9396],[114.4296,3.968],[114.4118,3.9746],[114.4162,3.963],[114.4108,3.9186],[114.4098,3.886],[114.4044,3.8678],[114.3844,3.8406],[114.3762,3.8052],[114.3564,3.7672],[114.3636,3.7518],[114.3636,3.7246],[114.379,3.7066],[114.3736,3.6648],[114.3664,3.6504],[114.3436,3.6422],[114.3318,3.6304],[114.3164,3.5888],[114.2928,3.5788],[114.2736,3.5796],[114.2538,3.595],[114.2464,3.5914],[114.25,3.5706],[114.2656,3.5498],[114.2982,3.5136],[114.3136,3.5026],[114.3472,3.49],[114.3762,3.4872],[114.3926,3.479],[114.428,3.422],[114.4444,3.4048],[114.478,3.3568],[114.5016,3.3314],[114.5288,3.3078],[114.5498,3.3042],[114.5616,3.2942],[114.5806,3.2552],[114.615,3.2172],[114.6324,3.1872],[114.635,3.1546],[114.6496,3.14],[114.6896,3.1238],[114.705,3.1002],[114.7014,3.0838],[114.6804,3.0494],[114.6396,3.0638],[114.6042,3.0576],[114.559,3.0576],[114.5376,3.054],[114.5346,3.0128],[114.5394,2.9896],[114.5544,2.9652],[114.5602,2.9304],[114.5524,2.8932],[114.5678,2.8874],[114.5986,2.8944],[114.6102,2.8928],[114.6264,2.8794],[114.634,2.8596],[114.6648,2.841],[114.6812,2.8266],[114.684,2.783],[114.7062,2.7626],[114.7462,2.7204],[114.7556,2.7146],[114.8502,2.7168],[114.888,2.7146],[114.9194,2.696],[114.9612,2.6908],[114.999,2.714],[115.013,2.7296],[115.049,2.75],[115.0734,2.772],[115.085,2.7952],[115.0896,2.8166],[115.0978,2.823]]]},"properties":{"name":"Telang Usan","name_source":"Telang Usan","state":"Sarawak","level":"daerah","area_km2":9865.32,"area_ha":986532}},{"type":"Feature","geometry":{"type":"Polygon","coordinates":[[[114.4118,3.9746],[114.4296,3.968],[114.4292,3.9396],[114.44,3.9346],[114.4404,3.921],[114.4604,3.9114],[114.4776,3.8786],[114.4758,3.8706],[114.4564,3.8602],[114.4508,3.8348],[114.4682,3.8334],[114.463,3.819],[114.491,3.81],[114.5338,3.8252],[114.5772,3.829],[114.5874,3.84],[114.601,3.8838],[114.6402,3.886],[114.7056,3.8686],[114.7216,3.872],[114.8042,3.9084],[114.8328,3.9254],[114.854,3.9322],[114.8736,3.9328],[114.9078,3.9192],[114.9268,3.9192],[114.9592,3.8894],[114.9964,3.9042],[115.0188,3.9302],[115.0428,3.9494],[115.0526,3.9506],[115.0484,4.007],[115.0552,4.0192],[115.08,4.0456],[115.0906,4.082],[115.1094,4.1026],[115.0726,4.135],[115.0474,4.1276],[114.9978,4.1288],[114.9856,4.1168],[114.9644,4.138],[114.9424,4.1454],[114.9342,4.1566],[114.8726,4.1576],[114.8606,4.1598],[114.8354,4.1762],[114.809,4.1624],[114.8124,4.1566],[114.79,4.1214],[114.7804,4.1188],[114.754,4.0902],[114.7298,4.0546],[114.709,4.0346],[114.6852,4.0186],[114.6442,4.006],[114.6174,4.0014],[114.6242,4.0204],[114.6134,4.043],[114.5874,4.0472],[114.5684,4.0754],[114.5526,4.0834],[114.555,4.0946],[114.5446,4.1078],[114.5498,4.1206],[114.5202,4.1438],[114.4992,4.1466],[114.4858,4.1682],[114.465,4.2128],[114.458,4.236],[114.4598,4.262],[114.4504,4.2822],[114.4358,4.2724],[114.4242,4.2556],[114.394,4.2644],[114.3772,4.2654],[114.3616,4.2544],[114.343,4.2602],[114.3272,4.2574],[114.3186,4.2666],[114.3266,4.3292],[114.333,4.3472],[114.308,4.3652],[114.319,4.3918],[114.304,4.4336],[114.2866,4.4544],[114.283,4.47],[114.261,4.5076],[114.2144,4.5332],[114.1994,4.5292],[114.1894,4.5522],[114.1652,4.5712],[114.1592,4.514],[114.1604,4.4956],[114.1718,4.4652],[114.1964,4.445],[114.221,4.415],[114.2192,4.399],[114.1808,4.3432],[114.1748,4.3276],[114.1504,4.31],[114.1038,4.29],[114.0774,4.2848],[114.0632,4.2582],[114.0728,4.228],[114.104,4.2254],[114.1366,4.2134],[114.1866,4.2052],[114.2202,4.185],[114.2232,4.1728],[114.2144,4.1536],[114.2184,4.1268],[114.212,4.0744],[114.25,3.9828],[114.2718,3.9458],[114.2574,3.9294],[114.261,3.915],[114.2782,3.9284],[114.2882,3.943],[114.2928,3.9612],[114.2972,4.0136],[114.309,4.0254],[114.3228,4.001],[114.3382,3.982],[114.4118,3.9746]]]},"properties":{"name":"Marudi","name_source":"Marudi","state":"Sarawak","level":"daerah","area_km2":3086.35,"area_ha":308635}},{"type":"Feature","geometry":{"type":"Polygon","coordinates":[[[115.5662,3.9374],[115.59,3.9456],[115.6168,3.945],[115.6388,3.9606],[115.6528,3.9786],[115.6842,4.0632],[115.691,4.124],[115.6696,4.1298],[115.6516,4.1566],[115.6452,4.193],[115.6522,4.2498],[115.6562,4.2602],[115.6846,4.3026],[115.6702,4.3408],[115.6522,4.3496],[115.6226,4.357],[115.5964,4.3802],[115.5964,4.393],[115.6056,4.4202],[115.6016,4.4446],[115.576,4.4908],[115.5924,4.5164],[115.5928,4.525],[115.5784,4.5512],[115.5806,4.5748],[115.5632,4.5998],[115.5598,4.6154],[115.5638,4.6316],[115.5848,4.6594],[115.5964,4.6682],[115.6138,4.6948],[115.6446,4.7688],[115.662,4.7828],[115.665,4.8002],[115.6626,4.8564],[115.6498,4.89],[115.6452,4.9304],[115.6336,4.9674],[115.633,4.986],[115.6196,4.9994],[115.5946,4.9994],[115.5482,4.993],[115.5342,4.9796],[115.5052,4.9686],[115.4924,4.968],[115.4662,4.9832],[115.4558,4.9826],[115.4302,4.979],[115.4098,4.9658],[115.408,4.9536],[115.3942,4.9478],[115.4016,4.9288],[115.3842,4.9136],[115.3628,4.9038],[115.3192,4.9068],[115.2954,4.9224],[115.264,4.9298],[115.2478,4.9548],[115.2396,4.9808],[115.207,4.978],[115.2,4.9686],[115.2042,4.9438],[115.153,4.9206],[115.1402,4.9078],[115.16,4.8754],[115.1756,4.8656],[115.193,4.8372],[115.2408,4.8008],[115.2354,4.7736],[115.2286,4.7614],[115.243,4.741],[115.2582,4.7306],[115.261,4.7202],[115.243,4.7006],[115.2674,4.6896],[115.2668,4.6692],[115.2564,4.6576],[115.2716,4.6478],[115.2884,4.6294],[115.2908,4.613],[115.286,4.5968],[115.2878,4.5754],[115.275,4.5662],[115.2698,4.5094],[115.279,4.5066],[115.275,4.4782],[115.279,4.4706],[115.2738,4.4404],[115.2954,4.415],[115.3006,4.401],[115.314,4.3964],[115.3348,4.379],[115.35,4.3506],[115.364,4.3356],[115.3442,4.3048],[115.3332,4.299],[115.3118,4.3078],[115.2976,4.2826],[115.294,4.263],[115.307,4.2434],[115.3382,4.2236],[115.3452,4.2144],[115.3638,4.2084],[115.403,4.2052],[115.4346,4.194],[115.4654,4.1702],[115.4718,4.1406],[115.4944,4.1236],[115.5018,4.1016],[115.4896,4.0782],[115.4836,4.0508],[115.4848,4.0322],[115.5004,4.0178],[115.5034,3.9922],[115.5014,3.954],[115.5218,3.9398],[115.536,3.9426],[115.5662,3.9374]]]},"properties":{"name":"Lawas","name_source":"Lawas","state":"Sarawak","level":"daerah","area_km2":3911.33,"area_ha":391133}},{"type":"Feature","geometry":{"type":"Polygon","coordinates":[[[115.5218,3.9398],[115.5014,3.954],[115.5034,3.9922],[115.5004,4.0178],[115.4848,4.0322],[115.4836,4.0508],[115.4896,4.0782],[115.5018,4.1016],[115.4944,4.1236],[115.4718,4.1406],[115.4654,4.1702],[115.4346,4.194],[115.403,4.2052],[115.3638,4.2084],[115.3452,4.2144],[115.3382,4.2236],[115.307,4.2434],[115.294,4.263],[115.2976,4.2826],[115.3118,4.3078],[115.2966,4.3188],[115.297,4.3368],[115.2756,4.3432],[115.254,4.3356],[115.2466,4.3408],[115.2424,4.3668],[115.2198,4.3588],[115.203,4.3594],[115.1872,4.372],[115.1408,4.3756],[115.1146,4.3716],[115.0926,4.3854],[115.092,4.3942],[115.1048,4.4138],[115.0926,4.4336],[115.099,4.4688],[115.0932,4.4944],[115.0798,4.5128],[115.082,4.5348],[115.074,4.547],[115.0704,4.5748],[115.0536,4.5968],[115.0396,4.627],[115.0502,4.6426],[115.0402,4.6576],[115.0414,4.686],[115.0304,4.7],[115.039,4.718],[115.0274,4.733],[115.031,4.7666],[115.0542,4.7886],[115.0332,4.7972],[115.0274,4.813],[115.0298,4.846],[115.0536,4.8742],[115.0548,4.8904],[115.0304,4.883],[115.0258,4.9056],[115.0106,4.9056],[114.9896,4.8742],[114.9874,4.8366],[114.9728,4.8088],[114.9636,4.8146],[114.9508,4.8054],[114.935,4.814],[114.9182,4.8082],[114.8968,4.8152],[114.8856,4.8054],[114.8602,4.7978],[114.8462,4.7834],[114.845,4.7632],[114.8368,4.7452],[114.8118,4.7394],[114.7764,4.7266],[114.7864,4.7122],[114.777,4.6942],[114.8014,4.678],[114.8166,4.6612],[114.8166,4.6438],[114.8102,4.6264],[114.8078,4.5998],[114.82,4.5922],[114.8166,4.5742],[114.82,4.557],[114.8176,4.4724],[114.834,4.4288],[114.8526,4.4214],[114.8856,4.423],[114.8786,4.3906],[114.8804,4.368],[114.8706,4.3344],[114.8508,4.3112],[114.813,4.2516],[114.8426,4.2666],[114.856,4.266],[114.8322,4.2192],[114.8176,4.2052],[114.8038,4.1838],[114.809,4.1624],[114.8354,4.1762],[114.8606,4.1598],[114.8726,4.1576],[114.9342,4.1566],[114.9424,4.1454],[114.9644,4.138],[114.9856,4.1168],[114.9978,4.1288],[115.0474,4.1276],[115.0726,4.135],[115.1094,4.1026],[115.1256,4.0782],[115.1436,4.0626],[115.153,4.0418],[115.1676,4.029],[115.1792,3.9966],[115.228,3.9432],[115.2418,3.934],[115.278,3.9014],[115.289,3.873],[115.3152,3.8614],[115.329,3.8498],[115.3656,3.8314],[115.3826,3.8296],[115.4128,3.8446],[115.4284,3.8464],[115.457,3.8208],[115.4872,3.851],[115.5074,3.8834],[115.5034,3.923],[115.5218,3.9398]]]},"properties":{"name":"Limbang","name_source":"Limbang","state":"Sarawak","level":"daerah","area_km2":3888.28,"area_ha":388828}},{"type":"Feature","geometry":{"type":"Polygon","coordinates":[[[115.6696,4.1298],[115.684,4.126],[115.69,4.1524],[115.7022,4.185],[115.7126,4.1966],[115.7278,4.1924],[115.7404,4.2082],[115.7596,4.2186],[115.776,4.2458],[115.7904,4.2476],[115.8056,4.2266],[115.8178,4.2244],[115.8306,4.2342],[115.8346,4.2556],[115.8584,4.2828],[115.8776,4.298],[115.869,4.3164],[115.8758,4.3432],[115.8778,4.3776],[115.8856,4.3902],[115.885,4.3904],[115.8704,4.395],[115.8734,4.4092],[115.8638,4.4562],[115.8708,4.4822],[115.8666,4.5006],[115.8552,4.5122],[115.8582,4.566],[115.8626,4.5796],[115.8396,4.5974],[115.822,4.6346],[115.8314,4.662],[115.8362,4.6898],[115.8346,4.7094],[115.84,4.732],[115.8444,4.7894],[115.8522,4.803],[115.8544,4.8326],[115.8476,4.863],[115.8188,4.874],[115.8128,4.8952],[115.8242,4.9312],[115.8312,4.9732],[115.8404,5],[115.8392,5.0098],[115.8224,5.0288],[115.802,5.0364],[115.802,5.052],[115.783,5.0514],[115.772,5.058],[115.748,5.0734],[115.715,5.0584],[115.694,5.0612],[115.6672,5.0874],[115.6556,5.1088],[115.637,5.1318],[115.6108,5.14],[115.5918,5.1568],[115.5738,5.162],[115.5546,5.1486],[115.551,5.1388],[115.5546,5.1006],[115.5476,5.0746],[115.533,5.0712],[115.5296,5.0554],[115.5086,5.03],[115.486,5.0242],[115.458,5.0098],[115.4558,4.9826],[115.4662,4.9832],[115.4924,4.968],[115.5052,4.9686],[115.5342,4.9796],[115.5482,4.993],[115.5946,4.9994],[115.6196,4.9994],[115.633,4.986],[115.6336,4.9674],[115.6452,4.9304],[115.6498,4.89],[115.6626,4.8564],[115.665,4.8002],[115.662,4.7828],[115.6446,4.7688],[115.6138,4.6948],[115.5964,4.6682],[115.5848,4.6594],[115.5638,4.6316],[115.5598,4.6154],[115.5632,4.5998],[115.5806,4.5748],[115.5784,4.5512],[115.5928,4.525],[115.5924,4.5164],[115.576,4.4908],[115.6016,4.4446],[115.6056,4.4202],[115.5964,4.393],[115.5964,4.3802],[115.6226,4.357],[115.6522,4.3496],[115.6702,4.3408],[115.6846,4.3026],[115.6562,4.2602],[115.6522,4.2498],[115.6452,4.193],[115.6516,4.1566],[115.6696,4.1298]]]},"properties":{"name":"Sipitang","name_source":"Sipitang","state":"Sabah","level":"daerah","area_km2":2601.54,"area_ha":260154}},{"type":"Feature","geometry":{"type":"Polygon","coordinates":[[[115.885,4.3904],[115.908,4.4476],[115.925,4.4658],[115.9392,4.4988],[115.9482,4.5104],[115.9876,4.5244],[116.0054,4.5514],[116.0066,4.5822],[116.0152,4.604],[116.0298,4.6122],[116.0634,4.622],[116.076,4.6402],[116.087,4.68],[116.0906,4.7144],[116.106,4.7424],[116.1044,4.7962],[116.089,4.824],[116.0746,4.861],[116.0672,4.8696],[116.0378,4.8828],[116.0304,4.925],[116.0068,4.9302],[115.9928,4.9392],[115.9812,4.967],[116.0006,5.0058],[115.9976,5.0714],[116.0072,5.0904],[116.0118,5.1292],[116.0236,5.1504],[116.0278,5.1692],[116.028,5.2008],[116.0358,5.2196],[116.0348,5.2682],[116.0278,5.2848],[116.0066,5.2982],[116.0068,5.3236],[116.0136,5.3604],[116.008,5.3862],[115.9842,5.3948],[115.9778,5.364],[115.9508,5.3588],[115.9466,5.3082],[115.9254,5.2878],[115.8868,5.3062],[115.8638,5.2944],[115.8514,5.2556],[115.8314,5.224],[115.8206,5.2334],[115.8108,5.2208],[115.796,5.1788],[115.7874,5.1682],[115.7956,5.1496],[115.7864,5.144],[115.7816,5.1258],[115.7922,5.0958],[115.779,5.0636],[115.772,5.058],[115.783,5.0514],[115.802,5.052],[115.802,5.0364],[115.8224,5.0288],[115.8392,5.0098],[115.8404,5],[115.8312,4.9732],[115.8242,4.9312],[115.8128,4.8952],[115.8188,4.874],[115.8476,4.863],[115.8544,4.8326],[115.8522,4.803],[115.8444,4.7894],[115.84,4.732],[115.8346,4.7094],[115.8362,4.6898],[115.8314,4.662],[115.822,4.6346],[115.8396,4.5974],[115.8626,4.5796],[115.8582,4.566],[115.8552,4.5122],[115.8666,4.5006],[115.8708,4.4822],[115.8638,4.4562],[115.8734,4.4092],[115.8704,4.395],[115.885,4.3904]]]},"properties":{"name":"Tenom","name_source":"Tenom","state":"Sabah","level":"daerah","area_km2":2160.98,"area_ha":216098}},{"type":"Feature","geometry":{"type":"Polygon","coordinates":[[[115.772,5.058],[115.779,5.0636],[115.7922,5.0958],[115.7816,5.1258],[115.7864,5.144],[115.7956,5.1496],[115.7874,5.1682],[115.796,5.1788],[115.8108,5.2208],[115.8206,5.2334],[115.8314,5.224],[115.8514,5.2556],[115.8638,5.2944],[115.8868,5.3062],[115.9254,5.2878],[115.9466,5.3082],[115.9508,5.3588],[115.9778,5.364],[115.9592,5.3758],[115.9566,5.3844],[115.927,5.3978],[115.9254,5.4052],[115.8898,5.4004],[115.8894,5.4196],[115.8768,5.4322],[115.8648,5.4618],[115.8372,5.5026],[115.8146,5.518],[115.8034,5.5398],[115.773,5.5322],[115.7496,5.531],[115.6546,5.541],[115.6544,5.5218],[115.5986,5.5184],[115.5074,5.409],[115.4894,5.3928],[115.4824,5.3704],[115.4814,5.335],[115.4732,5.3072],[115.4622,5.2928],[115.4406,5.276],[115.429,5.2592],[115.4406,5.2406],[115.4662,5.2302],[115.5016,5.2072],[115.5546,5.2014],[115.565,5.1886],[115.5824,5.214],[115.5928,5.181],[115.5708,5.1822],[115.5738,5.162],[115.5918,5.1568],[115.6108,5.14],[115.637,5.1318],[115.6556,5.1088],[115.6672,5.0874],[115.694,5.0612],[115.715,5.0584],[115.748,5.0734],[115.772,5.058]]]},"properties":{"name":"Beaufort","name_source":"Beaufort","state":"Sabah","level":"daerah","area_km2":1815.82,"area_ha":181582}},{"type":"Feature","geometry":{"type":"Polygon","coordinates":[[[115.6546,5.541],[115.6172,5.5586],[115.6056,5.5716],[115.6094,5.5896],[115.6206,5.6112],[115.6156,5.6244],[115.6016,5.6306],[115.5896,5.625],[115.576,5.5856],[115.5458,5.5388],[115.5272,5.5278],[115.4788,5.488],[115.4446,5.4518],[115.425,5.4276],[115.4122,5.4184],[115.3848,5.4132],[115.365,5.3922],[115.372,5.376],[115.372,5.3588],[115.3628,5.3466],[115.3634,5.3228],[115.3406,5.3008],[115.357,5.294],[115.372,5.302],[115.429,5.2592],[115.4406,5.276],[115.4622,5.2928],[115.4732,5.3072],[115.4814,5.335],[115.4824,5.3704],[115.4894,5.3928],[115.5074,5.409],[115.5986,5.5184],[115.6544,5.5218],[115.6546,5.541]]]},"properties":{"name":"Kuala Penyu","name_source":"Kuala Penyu","state":"Sabah","level":"daerah","area_km2":394.8,"area_ha":39480}},{"type":"Feature","geometry":{"type":"Polygon","coordinates":[[[115.2628,5.284],[115.2704,5.2898],[115.2582,5.3072],[115.2442,5.361],[115.2436,5.387],[115.2302,5.3842],[115.2186,5.3656],[115.1966,5.3436],[115.174,5.298],[115.1734,5.28],[115.1564,5.2546],[115.167,5.2482],[115.203,5.2788],[115.2152,5.2788],[115.2232,5.2586],[115.2402,5.2406],[115.2418,5.2778],[115.2552,5.272],[115.2628,5.284]]]},"properties":{"name":"Labuan","name_source":"Labuan","state":"Labuan","level":"wilayah","area_km2":99.56,"area_ha":9956}},{"type":"Feature","geometry":{"type":"Polygon","coordinates":[[[115.885,4.3904],[115.8856,4.3902],[115.9072,4.3918],[115.9166,4.3832],[115.9316,4.3542],[115.9886,4.3536],[116.0352,4.3246],[116.0362,4.299],[116.042,4.2886],[116.0612,4.2818],[116.0664,4.2718],[116.084,4.2724],[116.1136,4.3332],[116.138,4.3368],[116.1578,4.346],[116.1658,4.3808],[116.185,4.3848],[116.2036,4.3744],[116.221,4.379],[116.2518,4.3738],[116.264,4.3628],[116.2844,4.368],[116.3094,4.3686],[116.3466,4.3842],[116.3664,4.379],[116.3838,4.3616],[116.4088,4.3496],[116.4134,4.3326],[116.4308,4.3264],[116.4372,4.2904],[116.4622,4.295],[116.4844,4.3136],[116.4918,4.3356],[116.511,4.3206],[116.5378,4.3252],[116.539,4.3374],[116.5296,4.3582],[116.5326,4.3668],[116.5726,4.4016],[116.5884,4.3738],[116.6076,4.3716],[116.6238,4.3332],[116.6476,4.3362],[116.6644,4.3448],[116.6842,4.3356],[116.7162,4.3374],[116.7366,4.36],[116.7446,4.382],[116.7614,4.379],[116.79,4.339],[116.8086,4.3442],[116.8352,4.3246],[116.8492,4.3332],[116.8794,4.3432],[116.905,4.3628],[116.926,4.3518],[116.9468,4.3542],[116.9678,4.375],[116.984,4.3796],[117.0212,4.382],[117.0382,4.3912],[117.0428,4.4092],[117.0306,4.4434],[117.0404,4.463],[117.0596,4.4844],[117.0626,4.4996],[117.048,4.4932],[117.0328,4.5008],[116.9974,4.5286],[116.976,4.5506],[116.912,4.5564],[116.8702,4.5986],[116.855,4.6108],[116.83,4.6078],[116.8214,4.6154],[116.8416,4.6392],[116.8638,4.653],[116.865,4.6768],[116.8724,4.6924],[116.8574,4.7156],[116.8364,4.722],[116.8208,4.7474],[116.7998,4.7672],[116.7946,4.7904],[116.7726,4.8134],[116.7604,4.7886],[116.7342,4.8014],[116.6924,4.8048],[116.6702,4.7862],[116.6528,4.7816],[116.6436,4.7678],[116.6406,4.7492],[116.6244,4.737],[116.6022,4.7388],[116.5772,4.7498],[116.5698,4.8072],[116.5522,4.8152],[116.546,4.8442],[116.5372,4.8632],[116.5302,4.894],[116.5354,4.9108],[116.525,4.9542],[116.5256,4.9704],[116.55,4.993],[116.5454,5.0104],[116.543,5.0532],[116.5262,5.0636],[116.514,5.0868],[116.5146,5.1006],[116.4854,5.1098],[116.469,5.134],[116.4564,5.1208],[116.4494,5.0994],[116.4332,5.092],[116.4076,5.089],[116.375,5.0908],[116.3634,5.0862],[116.3442,5.0376],[116.3076,5.0208],[116.2762,5.0162],[116.2374,5.0178],[116.2246,5.0022],[116.217,4.9762],[116.199,4.9472],[116.1862,4.934],[116.1828,4.88],[116.17,4.857],[116.1508,4.8442],[116.124,4.8464],[116.1008,4.8656],[116.0746,4.861],[116.089,4.824],[116.1044,4.7962],[116.106,4.7424],[116.0906,4.7144],[116.087,4.68],[116.076,4.6402],[116.0634,4.622],[116.0298,4.6122],[116.0152,4.604],[116.0066,4.5822],[116.0054,4.5514],[115.9876,4.5244],[115.9482,4.5104],[115.9392,4.4988],[115.925,4.4658],[115.908,4.4476],[115.885,4.3904]]]},"properties":{"name":"Nabawan / Persiangan","name_source":"Nabawan / Persiangan","state":"Sabah","level":"daerah","area_km2":6263.6,"area_ha":626360}},{"type":"Feature","geometry":{"type":"Polygon","coordinates":[[[116.0746,4.861],[116.1008,4.8656],[116.124,4.8464],[116.1508,4.8442],[116.17,4.857],[116.1828,4.88],[116.1862,4.934],[116.199,4.9472],[116.217,4.9762],[116.2246,5.0022],[116.2374,5.0178],[116.2762,5.0162],[116.3076,5.0208],[116.3442,5.0376],[116.3634,5.0862],[116.375,5.0908],[116.4076,5.089],[116.4332,5.092],[116.4494,5.0994],[116.4564,5.1208],[116.469,5.134],[116.4616,5.1644],[116.464,5.1874],[116.4536,5.2042],[116.46,5.2204],[116.4814,5.2482],[116.5274,5.2626],[116.5464,5.2916],[116.557,5.2986],[116.582,5.291],[116.5948,5.3026],[116.5808,5.3212],[116.5598,5.364],[116.5618,5.3782],[116.5836,5.3964],[116.5864,5.4226],[116.5782,5.44],[116.5956,5.4492],[116.6172,5.434],[116.6328,5.4326],[116.6502,5.4458],[116.654,5.4718],[116.6402,5.4884],[116.6428,5.5166],[116.6596,5.5298],[116.659,5.54],[116.641,5.5422],[116.6324,5.5596],[116.599,5.5492],[116.5674,5.5566],[116.5514,5.566],[116.5276,5.5528],[116.5172,5.5554],[116.5046,5.5444],[116.4726,5.5392],[116.439,5.5292],[116.4008,5.537],[116.3854,5.5336],[116.3654,5.4944],[116.3416,5.4918],[116.3252,5.5036],[116.2996,5.508],[116.2824,5.5266],[116.2546,5.5398],[116.2348,5.5744],[116.194,5.6062],[116.1802,5.629],[116.155,5.6236],[116.1144,5.6102],[116.102,5.592],[116.0742,5.5602],[116.0712,5.5396],[116.0608,5.5214],[116.075,5.5002],[116.0624,5.4852],[116.059,5.4648],[116.0296,5.4548],[116.0192,5.438],[115.992,5.4388],[115.9828,5.414],[115.9842,5.3948],[116.008,5.3862],[116.0136,5.3604],[116.0068,5.3236],[116.0066,5.2982],[116.0278,5.2848],[116.0348,5.2682],[116.0358,5.2196],[116.028,5.2008],[116.0278,5.1692],[116.0236,5.1504],[116.0118,5.1292],[116.0072,5.0904],[115.9976,5.0714],[116.0006,5.0058],[115.9812,4.967],[115.9928,4.9392],[116.0068,4.9302],[116.0304,4.925],[116.0378,4.8828],[116.0672,4.8696],[116.0746,4.861]]]},"properties":{"name":"Keningau","name_source":"Keningau","state":"Sabah","level":"daerah","area_km2":3678.28,"area_ha":367828}},{"type":"Feature","geometry":{"type":"Polygon","coordinates":[[[115.9842,5.3948],[115.9828,5.414],[115.992,5.4388],[116.0192,5.438],[116.0296,5.4548],[116.059,5.4648],[116.0624,5.4852],[116.075,5.5002],[116.0608,5.5214],[116.0712,5.5396],[116.0742,5.5602],[116.102,5.592],[116.1144,5.6102],[116.155,5.6236],[116.1802,5.629],[116.1794,5.6432],[116.1866,5.668],[116.1854,5.6884],[116.1932,5.6946],[116.2214,5.6694],[116.249,5.6854],[116.2554,5.7042],[116.2836,5.7246],[116.2926,5.7472],[116.272,5.7512],[116.2356,5.7512],[116.208,5.756],[116.1634,5.803],[116.1386,5.8144],[116.1154,5.8338],[116.0778,5.8444],[116.0448,5.8496],[116.0288,5.8308],[116.0162,5.8274],[115.989,5.792],[115.9334,5.7614],[115.909,5.756],[115.8972,5.738],[115.898,5.681],[115.8836,5.6232],[115.8836,5.606],[115.8736,5.5816],[115.86,5.5672],[115.8236,5.5446],[115.8034,5.5398],[115.8146,5.518],[115.8372,5.5026],[115.8648,5.4618],[115.8768,5.4322],[115.8894,5.4196],[115.8898,5.4004],[115.9254,5.4052],[115.927,5.3978],[115.9566,5.3844],[115.9592,5.3758],[115.9778,5.364],[115.9842,5.3948]]]},"properties":{"name":"Papar","name_source":"Papar","state":"Sabah","level":"daerah","area_km2":1303.38,"area_ha":130338}},{"type":"Feature","geometry":{"type":"Polygon","coordinates":[[[116.0778,5.8444],[116.0958,5.883],[116.0804,5.8882],[116.0806,5.9052],[116.062,5.913],[116.067,5.925],[116.0448,5.9142],[116.0324,5.8952],[116.047,5.8808],[116.0418,5.8648],[116.0448,5.8496],[116.0778,5.8444]]]},"properties":{"name":"Putatan","name_source":"Putatan","state":"Sabah","level":"daerah","area_km2":35.22,"area_ha":3522}},{"type":"Feature","geometry":{"type":"Polygon","coordinates":[[[116.5514,5.566],[116.571,5.5844],[116.5606,5.605],[116.5632,5.6158],[116.5786,5.6288],[116.593,5.658],[116.589,5.6798],[116.6,5.6942],[116.5986,5.7356],[116.5722,5.752],[116.5744,5.7734],[116.5518,5.7978],[116.5576,5.8194],[116.5462,5.8512],[116.5584,5.8604],[116.5592,5.8786],[116.5332,5.8904],[116.5186,5.891],[116.4978,5.911],[116.4782,5.924],[116.4554,5.9236],[116.4432,5.914],[116.4198,5.9096],[116.412,5.9032],[116.4092,5.881],[116.396,5.8444],[116.3762,5.819],[116.3408,5.8278],[116.333,5.8],[116.332,5.7712],[116.3248,5.762],[116.2926,5.7472],[116.2836,5.7246],[116.2554,5.7042],[116.249,5.6854],[116.2214,5.6694],[116.1932,5.6946],[116.1854,5.6884],[116.1866,5.668],[116.1794,5.6432],[116.1802,5.629],[116.194,5.6062],[116.2348,5.5744],[116.2546,5.5398],[116.2824,5.5266],[116.2996,5.508],[116.3252,5.5036],[116.3416,5.4918],[116.3654,5.4944],[116.3854,5.5336],[116.4008,5.537],[116.439,5.5292],[116.4726,5.5392],[116.5046,5.5444],[116.5172,5.5554],[116.5276,5.5528],[116.5514,5.566]]]},"properties":{"name":"Tambunan","name_source":"Tambunan","state":"Sabah","level":"daerah","area_km2":1324.85,"area_ha":132485}},{"type":"Feature","geometry":{"type":"Polygon","coordinates":[[[116.2926,5.7472],[116.3248,5.762],[116.332,5.7712],[116.333,5.8],[116.3408,5.8278],[116.3438,5.8382],[116.3238,5.8508],[116.3212,5.8588],[116.2882,5.8606],[116.2866,5.8604],[116.2598,5.867],[116.2482,5.8766],[116.2292,5.913],[116.1986,5.9478],[116.189,5.9494],[116.1598,5.9692],[116.137,5.9686],[116.1058,5.9552],[116.0932,5.9594],[116.0832,5.94],[116.067,5.925],[116.062,5.913],[116.0806,5.9052],[116.0804,5.8882],[116.0958,5.883],[116.0778,5.8444],[116.1154,5.8338],[116.1386,5.8144],[116.1634,5.803],[116.208,5.756],[116.2356,5.7512],[116.272,5.7512],[116.2926,5.7472]]]},"properties":{"name":"Penampang","name_source":"Penampang","state":"Sabah","level":"daerah","area_km2":428.85,"area_ha":42885}},{"type":"Feature","geometry":{"type":"MultiPolygon","coordinates":[[[[116.067,5.925],[116.0832,5.94],[116.0932,5.9594],[116.1058,5.9552],[116.137,5.9686],[116.1598,5.9692],[116.189,5.9494],[116.1986,5.9478],[116.2292,5.913],[116.2482,5.8766],[116.2598,5.867],[116.2866,5.8604],[116.2862,5.8714],[116.2766,5.8926],[116.2624,5.9022],[116.265,5.9188],[116.2438,5.958],[116.259,5.9802],[116.2732,5.9842],[116.2762,6.0302],[116.2922,6.0372],[116.278,6.0508],[116.2658,6.0406],[116.2244,6.0406],[116.2096,6.0628],[116.2132,6.0798],[116.1914,6.092],[116.188,6.119],[116.1768,6.1204],[116.1654,6.1068],[116.1422,6.0978],[116.1304,6.1248],[116.139,6.136],[116.1088,6.1174],[116.098,6.1212],[116.0868,6.1078],[116.0906,6.096],[116.1096,6.0846],[116.1154,6.0974],[116.1278,6.0912],[116.1266,6.062],[116.1126,6.053],[116.108,6.025],[116.1136,6.0112],[116.104,5.994],[116.0836,5.9946],[116.0702,5.9794],[116.0594,5.9784],[116.0468,5.9428],[116.0448,5.9142],[116.067,5.925]]],[[[116.0182,6.0296],[116.005,6.0228],[116.0146,6.0106],[116.0524,6.0068],[116.0326,6.0248],[116.0182,6.0296]]]]},"properties":{"name":"Kota Kinabalu","name_source":"Kota Kinabalu","state":"Sabah","level":"daerah","area_km2":347.6,"area_ha":34760}},{"type":"Feature","geometry":{"type":"Polygon","coordinates":[[[116.4198,5.9096],[116.425,5.9226],[116.4488,5.9566],[116.4674,5.9694],[116.5,6.0128],[116.4988,6.019],[116.4738,6.0162],[116.4668,6.022],[116.4476,6.0624],[116.4372,6.0636],[116.4332,6.082],[116.4134,6.1144],[116.4268,6.1382],[116.4244,6.1544],[116.4116,6.182],[116.41,6.2236],[116.3802,6.2502],[116.3738,6.2774],[116.3584,6.3046],[116.3428,6.303],[116.3164,6.293],[116.2974,6.2924],[116.2942,6.3006],[116.2762,6.2906],[116.2542,6.286],[116.2316,6.2756],[116.2326,6.2624],[116.2194,6.249],[116.1892,6.2282],[116.1746,6.1936],[116.1456,6.16],[116.139,6.136],[116.1304,6.1248],[116.1422,6.0978],[116.1654,6.1068],[116.1768,6.1204],[116.188,6.119],[116.1914,6.092],[116.2132,6.0798],[116.2096,6.0628],[116.2244,6.0406],[116.2658,6.0406],[116.278,6.0508],[116.2922,6.0372],[116.2762,6.0302],[116.2732,5.9842],[116.259,5.9802],[116.2438,5.958],[116.265,5.9188],[116.2624,5.9022],[116.2766,5.8926],[116.2862,5.8714],[116.2882,5.8606],[116.3212,5.8588],[116.3238,5.8508],[116.3438,5.8382],[116.3408,5.8278],[116.3762,5.819],[116.396,5.8444],[116.4092,5.881],[116.412,5.9032],[116.4198,5.9096]]]},"properties":{"name":"Tuaran","name_source":"Tuaran","state":"Sabah","level":"daerah","area_km2":1122.11,"area_ha":112211}},{"type":"Feature","geometry":{"type":"Polygon","coordinates":[[[116.4988,6.019],[116.5368,6.0672],[116.5518,6.0986],[116.5674,6.1562],[116.5808,6.174],[116.603,6.1914],[116.6272,6.2028],[116.6462,6.2262],[116.6358,6.2368],[116.6202,6.2414],[116.6172,6.2654],[116.6236,6.2804],[116.6406,6.289],[116.6484,6.3142],[116.6502,6.3352],[116.6366,6.3434],[116.602,6.351],[116.6128,6.3652],[116.605,6.3732],[116.6128,6.3984],[116.593,6.4132],[116.5926,6.432],[116.6004,6.4576],[116.5974,6.4638],[116.6138,6.5034],[116.6276,6.53],[116.6184,6.5484],[116.628,6.5574],[116.6288,6.5832],[116.6384,6.6124],[116.6526,6.6224],[116.6582,6.6404],[116.6324,6.6574],[116.6206,6.671],[116.5726,6.6504],[116.571,6.6356],[116.5446,6.605],[116.5424,6.5898],[116.5202,6.5646],[116.5052,6.5396],[116.497,6.5336],[116.4996,6.513],[116.4918,6.4916],[116.4748,6.4712],[116.3636,6.3992],[116.3502,6.394],[116.3464,6.3714],[116.3372,6.361],[116.3222,6.373],[116.3148,6.3562],[116.3268,6.347],[116.3278,6.3326],[116.3182,6.3274],[116.3238,6.3024],[116.2942,6.3006],[116.2974,6.2924],[116.3164,6.293],[116.3428,6.303],[116.3584,6.3046],[116.3738,6.2774],[116.3802,6.2502],[116.41,6.2236],[116.4116,6.182],[116.4244,6.1544],[116.4268,6.1382],[116.4134,6.1144],[116.4332,6.082],[116.4372,6.0636],[116.4476,6.0624],[116.4668,6.022],[116.4738,6.0162],[116.4988,6.019]]]},"properties":{"name":"Kota Belud","name_source":"Kota Belud","state":"Sabah","level":"daerah","area_km2":1335.22,"area_ha":133522}},{"type":"Feature","geometry":{"type":"Polygon","coordinates":[[[116.659,5.54],[116.6714,5.5322],[116.7156,5.5242],[116.7336,5.5166],[116.7568,5.515],[116.7714,5.497],[116.7982,5.4888],[116.8364,5.4854],[116.8476,5.4936],[116.8364,5.5086],[116.844,5.5248],[116.8742,5.537],[116.8812,5.56],[116.8818,5.585],[116.9108,5.615],[116.9144,5.623],[116.9102,5.6468],[116.9196,5.6642],[116.9596,5.6792],[116.977,5.6918],[116.9928,5.6844],[117.0102,5.7098],[117.0084,5.737],[116.9898,5.796],[116.9824,5.8034],[116.9602,5.8098],[116.9474,5.8202],[116.9266,5.8284],[116.9022,5.8474],[116.8864,5.8498],[116.8644,5.8648],[116.8684,5.885],[116.8958,5.9018],[116.9144,5.9266],[116.9364,5.93],[116.9468,5.9388],[116.987,5.9462],[116.9956,5.9544],[117.012,5.9874],[117.0264,5.9994],[117.03,6.018],[117.0264,6.0404],[117.0578,6.0358],[117.0892,6.0422],[117.0916,6.0722],[117.1136,6.104],[117.1288,6.118],[117.112,6.137],[117.0916,6.1854],[117.0828,6.1964],[117.0684,6.1866],[117.0346,6.2016],[117.0062,6.2438],[116.9834,6.2652],[116.9672,6.2606],[116.9422,6.2652],[116.9062,6.2928],[116.8684,6.2756],[116.8678,6.264],[116.8428,6.2536],[116.837,6.2404],[116.8044,6.2392],[116.7946,6.2242],[116.7586,6.237],[116.7336,6.2392],[116.7278,6.2276],[116.6866,6.2248],[116.6604,6.208],[116.6462,6.2262],[116.6272,6.2028],[116.603,6.1914],[116.5808,6.174],[116.5674,6.1562],[116.5518,6.0986],[116.5368,6.0672],[116.4988,6.019],[116.5,6.0128],[116.4674,5.9694],[116.4488,5.9566],[116.425,5.9226],[116.4198,5.9096],[116.4432,5.914],[116.4554,5.9236],[116.4782,5.924],[116.4978,5.911],[116.5186,5.891],[116.5332,5.8904],[116.5592,5.8786],[116.5584,5.8604],[116.5462,5.8512],[116.5576,5.8194],[116.5518,5.7978],[116.5744,5.7734],[116.5722,5.752],[116.5986,5.7356],[116.6,5.6942],[116.589,5.6798],[116.593,5.658],[116.5786,5.6288],[116.5632,5.6158],[116.5606,5.605],[116.571,5.5844],[116.5514,5.566],[116.5674,5.5566],[116.599,5.5492],[116.6324,5.5596],[116.641,5.5422],[116.659,5.54]]]},"properties":{"name":"Ranau","name_source":"Ranau","state":"Sabah","level":"daerah","area_km2":3855.12,"area_ha":385512}},{"type":"Feature","geometry":{"type":"Polygon","coordinates":[[[116.6462,6.2262],[116.6604,6.208],[116.6866,6.2248],[116.7278,6.2276],[116.7336,6.2392],[116.7586,6.237],[116.7946,6.2242],[116.8044,6.2392],[116.837,6.2404],[116.8428,6.2536],[116.8678,6.264],[116.8684,6.2756],[116.9062,6.2928],[116.9248,6.308],[116.9276,6.3184],[116.9526,6.316],[116.9672,6.3374],[116.9922,6.3374],[117.0154,6.3508],[117.026,6.3512],[117.048,6.3368],[117.0788,6.3276],[117.0962,6.338],[117.0938,6.3582],[117.106,6.3824],[117.0864,6.3992],[117.0904,6.4246],[117.0778,6.4484],[117.073,6.4558],[117.0338,6.4874],[116.978,6.5016],[116.9728,6.5112],[116.9664,6.5574],[116.9426,6.5794],[116.9214,6.6232],[116.891,6.636],[116.876,6.6182],[116.8594,6.6154],[116.8552,6.5788],[116.8336,6.5794],[116.8128,6.5658],[116.795,6.5658],[116.782,6.5792],[116.7556,6.5936],[116.7576,6.6378],[116.7578,6.6648],[116.7534,6.6784],[116.702,6.6774],[116.6842,6.6866],[116.6354,6.686],[116.642,6.6934],[116.6356,6.6988],[116.6206,6.671],[116.6324,6.6574],[116.6582,6.6404],[116.6526,6.6224],[116.6384,6.6124],[116.6288,6.5832],[116.628,6.5574],[116.6184,6.5484],[116.6276,6.53],[116.6138,6.5034],[116.5974,6.4638],[116.6004,6.4576],[116.5926,6.432],[116.593,6.4132],[116.6128,6.3984],[116.605,6.3732],[116.6128,6.3652],[116.602,6.351],[116.6366,6.3434],[116.6502,6.3352],[116.6484,6.3142],[116.6406,6.289],[116.6236,6.2804],[116.6172,6.2654],[116.6202,6.2414],[116.6358,6.2368],[116.6462,6.2262]]]},"properties":{"name":"Kota Marudu","name_source":"Kota Marudu","state":"Sabah","level":"daerah","area_km2":1812.84,"area_ha":181284}},{"type":"Feature","geometry":{"type":"MultiPolygon","coordinates":[[[[116.642,6.6934],[116.6354,6.686],[116.6842,6.6866],[116.702,6.6774],[116.7534,6.6784],[116.7578,6.6648],[116.7576,6.6378],[116.79,6.6774],[116.8136,6.7166],[116.8212,6.7344],[116.8432,6.753],[116.8592,6.7728],[116.852,6.7918],[116.8568,6.819],[116.8392,6.8418],[116.8456,6.857],[116.8098,6.86],[116.8196,6.886],[116.8326,6.8884],[116.852,6.8754],[116.86,6.8872],[116.836,6.935],[116.8392,6.9468],[116.8294,6.9644],[116.8018,6.9746],[116.7998,6.9864],[116.7784,7.0124],[116.7534,7.0352],[116.7308,7.0044],[116.7216,6.9786],[116.7228,6.964],[116.7064,6.959],[116.7056,6.9278],[116.678,6.8828],[116.6678,6.8742],[116.6398,6.8626],[116.6432,6.8368],[116.6646,6.8172],[116.652,6.8134],[116.6444,6.7948],[116.6278,6.778],[116.6454,6.7232],[116.6356,6.6988],[116.642,6.6934]]],[[[117.317,7.0708],[117.2922,7.07],[117.2808,7.0772],[117.2668,7.0706],[117.2618,7.0566],[117.266,7.0416],[117.3052,7.0144],[117.3416,7.0386],[117.3476,7.049],[117.3262,7.071],[117.317,7.0708]]],[[[117.1492,7.1558],[117.1286,7.1434],[117.1326,7.1248],[117.1424,7.1258],[117.1492,7.1558]]],[[[117.1992,7.1758],[117.1706,7.1712],[117.161,7.1512],[117.172,7.1494],[117.1826,7.1602],[117.1988,7.1604],[117.1992,7.1758]]],[[[117.3222,7.242],[117.305,7.2412],[117.2926,7.2276],[117.3052,7.2186],[117.3222,7.242]]],[[[117.0202,7.307],[117.0214,7.3184],[117.0082,7.3568],[116.9892,7.344],[116.988,7.327],[116.9322,7.2928],[116.9188,7.301],[116.9064,7.2916],[116.8884,7.2894],[116.8824,7.2694],[116.8662,7.2436],[116.8648,7.2214],[116.8532,7.201],[116.8606,7.1936],[116.8948,7.2094],[116.87,7.221],[116.8786,7.2282],[116.9004,7.2274],[116.915,7.241],[116.9322,7.2342],[116.9584,7.2494],[116.9862,7.2436],[116.9828,7.261],[116.9656,7.2738],[116.9666,7.29],[116.9812,7.307],[117.0038,7.278],[117.0162,7.2908],[117.0202,7.307]]],[[[117.2612,7.3512],[117.2366,7.3622],[117.2154,7.3598],[117.2028,7.3512],[117.183,7.359],[117.1692,7.3424],[117.1514,7.353],[117.1226,7.315],[117.1146,7.3176],[117.0756,7.306],[117.0624,7.282],[117.0696,7.2604],[117.0556,7.217],[117.0632,7.1984],[117.053,7.1924],[117.0618,7.175],[117.0658,7.1492],[117.06,7.1296],[117.0824,7.1058],[117.0986,7.1386],[117.1478,7.1732],[117.186,7.1906],[117.2124,7.1892],[117.2478,7.2168],[117.2472,7.199],[117.2718,7.2126],[117.277,7.2448],[117.2612,7.2458],[117.263,7.2762],[117.2734,7.3012],[117.2934,7.317],[117.2816,7.35],[117.2612,7.3512]]]]},"properties":{"name":"Kudat","name_source":"Kudat","state":"Sabah","level":"daerah","area_km2":1290.82,"area_ha":129082}},{"type":"Feature","geometry":{"type":"MultiPolygon","coordinates":[[[[116.9468,4.3542],[116.9576,4.3388],[116.9714,4.3352],[116.9932,4.3388],[117.0068,4.3316],[117.0148,4.3162],[117.0322,4.3378],[117.0458,4.3424],[117.0912,4.3316],[117.113,4.3306],[117.133,4.3414],[117.1566,4.3414],[117.1702,4.3334],[117.1974,4.3432],[117.2082,4.3388],[117.2156,4.3542],[117.2464,4.3696],[117.2836,4.3414],[117.3064,4.317],[117.35,4.289],[117.37,4.2886],[117.3804,4.2678],[117.4222,4.2458],[117.432,4.229],[117.4246,4.222],[117.4414,4.1966],[117.4652,4.1774],[117.4762,4.1832],[117.4884,4.174],[117.5048,4.1734],[117.528,4.1646],[117.5396,4.1768],[117.5362,4.2046],[117.5506,4.2122],[117.5594,4.2254],[117.5762,4.211],[117.5982,4.2018],[117.6076,4.2134],[117.5988,4.2366],[117.6168,4.2296],[117.6524,4.2614],[117.6418,4.2794],[117.6472,4.291],[117.6262,4.2962],[117.6228,4.3176],[117.6286,4.339],[117.6222,4.3558],[117.6006,4.372],[117.5884,4.4],[117.6,4.4156],[117.625,4.4172],[117.6646,4.4324],[117.6802,4.4172],[117.6768,4.3894],[117.7024,4.375],[117.7092,4.3878],[117.6936,4.4254],[117.7116,4.419],[117.7046,4.4462],[117.7186,4.4788],[117.7348,4.4902],[117.7692,4.5042],[117.7952,4.5406],[117.8144,4.5632],[117.8192,4.613],[117.8232,4.6256],[117.8144,4.652],[117.7952,4.6652],[117.7878,4.682],[117.79,4.7022],[117.7738,4.7018],[117.7692,4.7284],[117.7406,4.7642],[117.7122,4.7742],[117.6854,4.766],[117.6698,4.7538],[117.635,4.7544],[117.6228,4.7394],[117.6058,4.7446],[117.5832,4.7602],[117.5326,4.7834],[117.5094,4.7868],[117.4792,4.7822],[117.4682,4.7938],[117.4682,4.7712],[117.4838,4.7336],[117.4792,4.7098],[117.4518,4.693],[117.4332,4.6756],[117.4146,4.6756],[117.3978,4.6826],[117.3768,4.7138],[117.36,4.73],[117.3392,4.7394],[117.32,4.7614],[117.3008,4.7608],[117.2834,4.7498],[117.2758,4.7214],[117.2618,4.707],[117.2224,4.6912],[117.181,4.6902],[117.1496,4.7022],[117.112,4.697],[117.0934,4.7052],[117.084,4.6744],[117.07,4.6462],[117.048,4.6252],[117.0684,4.601],[117.1008,4.5958],[117.1374,4.546],[117.12,4.5366],[117.0904,4.532],[117.0626,4.4996],[117.0596,4.4844],[117.0404,4.463],[117.0306,4.4434],[117.0428,4.4092],[117.0382,4.3912],[117.0212,4.382],[116.984,4.3796],[116.9678,4.375],[116.9468,4.3542]]],[[[117.5704,4.2082],[117.5422,4.2056],[117.547,4.17],[117.5686,4.1836],[117.585,4.181],[117.614,4.1602],[117.6202,4.1714],[117.611,4.1892],[117.5704,4.2082]]],[[[117.7006,4.2618],[117.6894,4.2664],[117.6674,4.2596],[117.66,4.2452],[117.637,4.2314],[117.6254,4.2152],[117.654,4.1844],[117.686,4.1622],[117.698,4.1658],[117.9026,4.164],[117.8828,4.1844],[117.8184,4.1992],[117.801,4.2144],[117.7786,4.227],[117.7802,4.237],[117.756,4.2578],[117.7236,4.2634],[117.7006,4.2618]]]]},"properties":{"name":"Kalabakan","name_source":"Kalabakan","state":"Sabah","level":"daerah","area_km2":3995.18,"area_ha":399518}},{"type":"Feature","geometry":{"type":"Polygon","coordinates":[[[117.7116,4.419],[117.7214,4.3924],[117.7296,4.3878],[117.7378,4.3564],[117.7582,4.3542],[117.7698,4.3438],[117.8022,4.3408],[117.8126,4.306],[117.8334,4.3064],[117.8396,4.2964],[117.8576,4.286],[117.8832,4.2418],[117.9108,4.2408],[117.927,4.2486],[117.9412,4.2408],[117.9606,4.2382],[117.9788,4.223],[117.9954,4.223],[118.0256,4.234],[118.0538,4.2482],[118.0774,4.2544],[118.1094,4.2774],[118.1752,4.2978],[118.19,4.2922],[118.2156,4.296],[118.2444,4.3152],[118.3052,4.3264],[118.318,4.325],[118.3346,4.3346],[118.347,4.3546],[118.3402,4.3632],[118.3146,4.375],[118.3034,4.394],[118.2878,4.394],[118.2756,4.4084],[118.2532,4.4168],[118.2444,4.4376],[118.2432,4.4944],[118.2404,4.4974],[118.2346,4.5074],[118.2388,4.5292],[118.2358,4.544],[118.2164,4.5766],[118.202,4.5838],[118.181,4.5842],[118.1618,4.6004],[118.151,4.596],[118.1226,4.6026],[118.1008,4.6],[118.0562,4.6274],[118.0432,4.6172],[118.023,4.6278],[117.9992,4.6152],[117.9796,4.6108],[117.9572,4.612],[117.9442,4.6442],[117.9316,4.6452],[117.9136,4.6316],[117.8984,4.626],[117.881,4.6108],[117.846,4.596],[117.8416,4.6198],[117.8232,4.6256],[117.8192,4.613],[117.8144,4.5632],[117.7952,4.5406],[117.7692,4.5042],[117.7348,4.4902],[117.7186,4.4788],[117.7046,4.4462],[117.7116,4.419]]]},"properties":{"name":"Tawau","name_source":"Tawau","state":"Sabah","level":"daerah","area_km2":2096.62,"area_ha":209662}},{"type":"Feature","geometry":{"type":"Polygon","coordinates":[[[117.8232,4.6256],[117.8416,4.6198],[117.846,4.596],[117.881,4.6108],[117.8984,4.626],[117.9136,4.6316],[117.9316,4.6452],[117.9442,4.6442],[117.9572,4.612],[117.9796,4.6108],[117.9992,4.6152],[118.023,4.6278],[118.0432,4.6172],[118.0562,4.6274],[118.1008,4.6],[118.1226,4.6026],[118.151,4.596],[118.1618,4.6004],[118.181,4.5842],[118.202,4.5838],[118.2164,4.5766],[118.2358,4.544],[118.2388,4.5292],[118.2346,4.5074],[118.2404,4.4974],[118.252,4.506],[118.2538,4.5238],[118.2492,4.543],[118.2562,4.5558],[118.2706,4.5564],[118.2758,4.5662],[118.298,4.5784],[118.3032,4.5916],[118.3218,4.6026],[118.3242,4.627],[118.3072,4.6294],[118.3044,4.6514],[118.288,4.6612],[118.27,4.6594],[118.2578,4.6878],[118.2258,4.7098],[118.2264,4.7226],[118.2142,4.7312],[118.1964,4.761],[118.1994,4.7746],[118.19,4.804],[118.171,4.8206],[118.1674,4.8376],[118.1346,4.8402],[118.1302,4.8688],[118.1186,4.8802],[118.1104,4.884],[118.0468,4.8892],[118.007,4.8828],[117.9918,4.8588],[117.9884,4.8414],[117.956,4.8172],[117.9528,4.7814],[117.9286,4.7772],[117.9086,4.7792],[117.9014,4.7904],[117.88,4.7856],[117.8578,4.763],[117.839,4.7592],[117.815,4.7452],[117.7958,4.7418],[117.7752,4.7462],[117.7406,4.7642],[117.7692,4.7284],[117.7738,4.7018],[117.79,4.7022],[117.7878,4.682],[117.7952,4.6652],[117.8144,4.652],[117.8232,4.6256]]]},"properties":{"name":"Kunak","name_source":"Kunak","state":"Sabah","level":"daerah","area_km2":1239.9,"area_ha":123990}},{"type":"Feature","geometry":{"type":"MultiPolygon","coordinates":[[[[118.347,4.3546],[118.356,4.3402],[118.3794,4.346],[118.3944,4.3304],[118.4166,4.328],[118.4276,4.3408],[118.47,4.3558],[118.503,4.36],[118.5212,4.3496],[118.5508,4.3496],[118.5484,4.3738],[118.5642,4.3726],[118.5798,4.3842],[118.5914,4.4104],[118.571,4.426],[118.5954,4.4318],[118.603,4.4086],[118.6188,4.411],[118.6286,4.4266],[118.6438,4.4382],[118.6194,4.477],[118.5966,4.485],[118.5868,4.5146],[118.5402,4.5234],[118.52,4.5018],[118.5014,4.5048],[118.4804,4.517],[118.4798,4.5372],[118.4874,4.5638],[118.4786,4.5732],[118.4612,4.572],[118.4532,4.5852],[118.4322,4.6016],[118.416,4.5986],[118.406,4.58],[118.3712,4.6108],[118.3694,4.6288],[118.359,4.6334],[118.3242,4.627],[118.3218,4.6026],[118.3032,4.5916],[118.298,4.5784],[118.2758,4.5662],[118.2706,4.5564],[118.2562,4.5558],[118.2492,4.543],[118.2538,4.5238],[118.252,4.506],[118.2404,4.4974],[118.2432,4.4944],[118.2444,4.4376],[118.2532,4.4168],[118.2756,4.4084],[118.2878,4.394],[118.3034,4.394],[118.3146,4.375],[118.3402,4.3632],[118.347,4.3546]]],[[[118.6526,4.4922],[118.636,4.4922],[118.63,4.4758],[118.656,4.4474],[118.6548,4.4362],[118.643,4.422],[118.6546,4.415],[118.6724,4.425],[118.6914,4.4422],[118.7236,4.4366],[118.7512,4.4498],[118.7322,4.4618],[118.6906,4.4736],[118.6802,4.491],[118.6526,4.4922]]],[[[118.504,4.5262],[118.5062,4.5518],[118.492,4.554],[118.482,4.5308],[118.4856,4.517],[118.504,4.5262]]],[[[118.582,4.5678],[118.5254,4.5444],[118.5254,4.533],[118.547,4.54],[118.5548,4.5504],[118.576,4.5466],[118.582,4.5678]]],[[[118.788,4.5874],[118.7946,4.6036],[118.7836,4.6122],[118.7796,4.5892],[118.788,4.5874]]],[[[118.4708,4.6772],[118.4616,4.6982],[118.447,4.6986],[118.4244,4.6812],[118.4258,4.6646],[118.4054,4.662],[118.3874,4.666],[118.3734,4.6616],[118.3506,4.6678],[118.3212,4.6586],[118.3388,4.645],[118.3536,4.642],[118.3764,4.6468],[118.4112,4.63],[118.4366,4.6274],[118.4474,4.6122],[118.4626,4.6048],[118.48,4.6164],[118.5146,4.596],[118.534,4.596],[118.5374,4.6148],[118.5582,4.5922],[118.5674,4.619],[118.5798,4.6212],[118.5808,4.639],[118.5478,4.6498],[118.4946,4.6456],[118.482,4.6772],[118.4708,4.6772]]],[[[118.4126,4.7104],[118.4012,4.7088],[118.3968,4.696],[118.4236,4.6846],[118.4126,4.7104]]]]},"properties":{"name":"Semporna","name_source":"Semporna","state":"Sabah","level":"daerah","area_km2":1124.78,"area_ha":112478}},{"type":"Feature","geometry":{"type":"MultiPolygon","coordinates":[[[[117.7406,4.7642],[117.7752,4.7462],[117.7958,4.7418],[117.815,4.7452],[117.839,4.7592],[117.8578,4.763],[117.88,4.7856],[117.9014,4.7904],[117.9086,4.7792],[117.9286,4.7772],[117.9528,4.7814],[117.956,4.8172],[117.9884,4.8414],[117.9918,4.8588],[118.007,4.8828],[118.0468,4.8892],[118.1104,4.884],[118.1186,4.8802],[118.158,4.884],[118.1694,4.894],[118.1922,4.9268],[118.182,4.9314],[118.2116,4.9576],[118.2418,4.9688],[118.284,4.9628],[118.3054,4.9696],[118.3128,4.997],[118.3242,5.0184],[118.3396,5.0216],[118.3712,5.0176],[118.4034,5.021],[118.4194,5.0164],[118.4436,5.0016],[118.449,4.9862],[118.4516,4.9568],[118.4718,4.9308],[118.4824,4.9262],[118.5186,4.9294],[118.5442,4.9548],[118.563,4.9596],[118.591,4.9502],[118.6186,4.9468],[118.6676,4.9368],[118.7226,4.9502],[118.7486,4.9496],[118.7782,4.9688],[118.8352,4.9916],[118.8666,4.9962],[118.8882,5.017],[118.9076,5.0304],[118.9814,5.0498],[119.0228,5.0558],[119.051,5.063],[119.165,5.1072],[119.2092,5.1366],[119.267,5.206],[119.2682,5.2386],[119.2488,5.2488],[119.2468,5.2648],[119.261,5.3008],[119.263,5.3396],[119.2556,5.3668],[119.2342,5.4062],[119.2012,5.4316],[119.1516,5.4476],[119.1356,5.4356],[119.1148,5.4344],[119.0912,5.4056],[119.0356,5.401],[118.9672,5.421],[118.9504,5.4316],[118.9438,5.4176],[118.9512,5.391],[118.9324,5.3756],[118.9102,5.3708],[118.8854,5.383],[118.8868,5.3922],[118.9256,5.4136],[118.929,5.4242],[118.919,5.4444],[118.8962,5.4604],[118.8492,5.481],[118.8304,5.4998],[118.815,5.5064],[118.811,5.4918],[118.8056,5.4624],[118.8144,5.4302],[118.807,5.4182],[118.7868,5.4022],[118.7882,5.387],[118.7654,5.3682],[118.764,5.3496],[118.752,5.3408],[118.7494,5.3214],[118.7238,5.2888],[118.7124,5.2934],[118.359,5.2982],[118.327,5.2648],[118.2974,5.246],[118.2452,5.2274],[118.2016,5.2214],[117.9984,5.186],[117.981,5.186],[117.934,5.1932],[117.9072,5.2114],[117.883,5.2206],[117.8676,5.2146],[117.8422,5.2134],[117.7958,5.232],[117.7838,5.2294],[117.7738,5.2066],[117.7516,5.1852],[117.7254,5.1752],[117.708,5.1506],[117.704,5.1286],[117.69,5.1192],[117.6866,5.1004],[117.69,5.075],[117.6792,5.0404],[117.6632,5.0284],[117.5906,4.9996],[117.5994,4.9916],[117.5914,4.9762],[117.5786,4.9676],[117.513,4.9402],[117.5142,4.9182],[117.527,4.89],[117.523,4.8626],[117.4902,4.8506],[117.4814,4.842],[117.478,4.8266],[117.478,4.8138],[117.4682,4.7938],[117.4792,4.7822],[117.5094,4.7868],[117.5326,4.7834],[117.5832,4.7602],[117.6058,4.7446],[117.6228,4.7394],[117.635,4.7544],[117.6698,4.7538],[117.6854,4.766],[117.7122,4.7742],[117.7406,4.7642]]],[[[118.3672,4.8028],[118.3826,4.7842],[118.3992,4.8002],[118.3788,4.8066],[118.3672,4.8028]]],[[[118.3466,4.9904],[118.3276,4.989],[118.3232,4.98],[118.332,4.9658],[118.3062,4.9618],[118.3142,4.95],[118.3422,4.9574],[118.368,4.9704],[118.357,4.986],[118.3466,4.9904]]],[[[118.934,5.3974],[118.9196,5.3982],[118.9094,5.3802],[118.9264,5.3774],[118.934,5.3974]]],[[[119.143,5.4608],[119.1068,5.4604],[119.1006,5.4458],[119.1102,5.4388],[119.1382,5.4466],[119.143,5.4608]]]]},"properties":{"name":"Lahad Datu","name_source":"Lahad Datu","state":"Sabah","level":"daerah","area_km2":7409.93,"area_ha":740993}},{"type":"Feature","geometry":{"type":"Polygon","coordinates":[[[117.0626,4.4996],[117.0904,4.532],[117.12,4.5366],[117.1374,4.546],[117.1008,4.5958],[117.0684,4.601],[117.048,4.6252],[117.07,4.6462],[117.084,4.6744],[117.0934,4.7052],[117.112,4.697],[117.1496,4.7022],[117.181,4.6902],[117.2224,4.6912],[117.2618,4.707],[117.2758,4.7214],[117.2834,4.7498],[117.3008,4.7608],[117.32,4.7614],[117.3392,4.7394],[117.36,4.73],[117.3768,4.7138],[117.3978,4.6826],[117.4146,4.6756],[117.4332,4.6756],[117.4518,4.693],[117.4792,4.7098],[117.4838,4.7336],[117.4682,4.7712],[117.4682,4.7938],[117.478,4.8138],[117.478,4.8266],[117.4668,5.2748],[117.4836,5.2758],[117.4836,5.4886],[117.482,5.5738],[117.4774,5.5872],[117.4338,5.6172],[117.427,5.6352],[117.4284,5.6598],[117.4134,5.6654],[117.3494,5.6366],[117.3124,5.6226],[117.2876,5.5758],[117.2688,5.5558],[117.2012,5.5444],[117.185,5.5384],[117.1308,5.5564],[117.0906,5.5512],[117.0764,5.5612],[117.0698,5.5878],[117.0564,5.5932],[117.0168,5.5892],[116.9524,5.6072],[116.9144,5.623],[116.9108,5.615],[116.8818,5.585],[116.8812,5.56],[116.8742,5.537],[116.844,5.5248],[116.8364,5.5086],[116.8476,5.4936],[116.8364,5.4854],[116.7982,5.4888],[116.7714,5.497],[116.7568,5.515],[116.7336,5.5166],[116.7156,5.5242],[116.6714,5.5322],[116.659,5.54],[116.6596,5.5298],[116.6428,5.5166],[116.6402,5.4884],[116.654,5.4718],[116.6502,5.4458],[116.6328,5.4326],[116.6172,5.434],[116.5956,5.4492],[116.5782,5.44],[116.5864,5.4226],[116.5836,5.3964],[116.5618,5.3782],[116.5598,5.364],[116.5808,5.3212],[116.5948,5.3026],[116.582,5.291],[116.557,5.2986],[116.5464,5.2916],[116.5274,5.2626],[116.4814,5.2482],[116.46,5.2204],[116.4536,5.2042],[116.464,5.1874],[116.4616,5.1644],[116.469,5.134],[116.4854,5.1098],[116.5146,5.1006],[116.514,5.0868],[116.5262,5.0636],[116.543,5.0532],[116.5454,5.0104],[116.55,4.993],[116.5256,4.9704],[116.525,4.9542],[116.5354,4.9108],[116.5302,4.894],[116.5372,4.8632],[116.546,4.8442],[116.5522,4.8152],[116.5698,4.8072],[116.5772,4.7498],[116.6022,4.7388],[116.6244,4.737],[116.6406,4.7492],[116.6436,4.7678],[116.6528,4.7816],[116.6702,4.7862],[116.6924,4.8048],[116.7342,4.8014],[116.7604,4.7886],[116.7726,4.8134],[116.7946,4.7904],[116.7998,4.7672],[116.8208,4.7474],[116.8364,4.722],[116.8574,4.7156],[116.8724,4.6924],[116.865,4.6768],[116.8638,4.653],[116.8416,4.6392],[116.8214,4.6154],[116.83,4.6078],[116.855,4.6108],[116.8702,4.5986],[116.912,4.5564],[116.976,4.5506],[116.9974,4.5286],[117.0328,4.5008],[117.048,4.4932],[117.0626,4.4996]]]},"properties":{"name":"Tongod","name_source":"Tongod","state":"Sabah","level":"daerah","area_km2":10097.22,"area_ha":1009722}},{"type":"Feature","geometry":{"type":"Polygon","coordinates":[[[118.811,5.4918],[118.815,5.5062],[118.7862,5.5244],[118.7306,5.5478],[118.6688,5.6058],[118.6454,5.6386],[118.622,5.6438],[118.5944,5.6278],[118.5864,5.5852],[118.5796,5.5644],[118.5682,5.5518],[118.5556,5.519],[118.5468,5.5298],[118.5454,5.545],[118.5522,5.5604],[118.5716,5.5832],[118.5756,5.5998],[118.5704,5.6198],[118.5884,5.6392],[118.6052,5.6498],[118.6004,5.6578],[118.5696,5.6872],[118.5496,5.698],[118.5288,5.7166],[118.4496,5.7652],[118.3786,5.8],[118.3498,5.828],[118.3484,5.8034],[118.3376,5.7926],[118.335,5.7532],[118.3236,5.7306],[118.3014,5.712],[118.2988,5.6838],[118.2814,5.6798],[118.2726,5.6652],[118.2544,5.6478],[118.2646,5.6278],[118.166,5.5692],[118.1466,5.5832],[118.1044,5.5678],[118.1044,5.513],[118.036,5.513],[118.034,5.5538],[117.9366,5.5618],[117.8918,5.5898],[117.928,5.6532],[117.9126,5.6532],[117.8784,5.6626],[117.8294,5.6292],[117.8066,5.6606],[117.8134,5.6758],[117.8066,5.7012],[117.7858,5.6792],[117.763,5.6912],[117.7274,5.6906],[117.7026,5.7348],[117.6806,5.7172],[117.6616,5.715],[117.621,5.7172],[117.5952,5.6996],[117.5716,5.6988],[117.5146,5.6894],[117.4832,5.6914],[117.4284,5.6598],[117.427,5.6352],[117.4338,5.6172],[117.4774,5.5872],[117.482,5.5738],[117.4836,5.4886],[117.4836,5.2758],[117.4668,5.2748],[117.4786,4.8288],[117.4814,4.842],[117.4902,4.8506],[117.523,4.8626],[117.527,4.89],[117.5142,4.9182],[117.513,4.9402],[117.5786,4.9676],[117.5914,4.9762],[117.5994,4.9916],[117.5906,4.9996],[117.6632,5.0284],[117.6792,5.0404],[117.69,5.075],[117.6866,5.1004],[117.69,5.1192],[117.704,5.1286],[117.708,5.1506],[117.7254,5.1752],[117.7516,5.1852],[117.7738,5.2066],[117.7838,5.2294],[117.7958,5.232],[117.8422,5.2134],[117.8676,5.2146],[117.883,5.2206],[117.9072,5.2114],[117.934,5.1932],[117.981,5.186],[117.9984,5.186],[118.2016,5.2214],[118.2452,5.2274],[118.2974,5.246],[118.327,5.2648],[118.359,5.2982],[118.7124,5.2934],[118.7238,5.2888],[118.7494,5.3214],[118.752,5.3408],[118.764,5.3496],[118.7654,5.3682],[118.7882,5.387],[118.7868,5.4022],[118.807,5.4182],[118.8144,5.4302],[118.8056,5.4624],[118.811,5.4918]]]},"properties":{"name":"Kinabatangan","name_source":"Kinabatangan","state":"Sabah","level":"daerah","area_km2":7354.86,"area_ha":735486}},{"type":"Feature","geometry":{"type":"MultiPolygon","coordinates":[[[[118.3376,5.7926],[118.3228,5.8186],[118.276,5.822],[118.241,5.8414],[118.2276,5.8374],[118.2016,5.8494],[118.1734,5.8506],[118.1606,5.8426],[118.1498,5.8234],[118.1634,5.814],[118.1458,5.7994],[118.1592,5.7806],[118.1526,5.7686],[118.164,5.7512],[118.1286,5.7304],[118.1338,5.7094],[118.1484,5.6988],[118.1504,5.6864],[118.126,5.6756],[118.111,5.706],[118.0788,5.6962],[118.065,5.7052],[118.068,5.7196],[118.038,5.7142],[118.0304,5.7004],[118.014,5.6966],[117.9964,5.6822],[117.9796,5.6778],[117.936,5.6974],[117.945,5.7334],[117.9058,5.7492],[117.9196,5.7726],[117.9098,5.7748],[117.8972,5.7902],[117.9158,5.8016],[117.9496,5.794],[117.9664,5.8046],[118.0054,5.8026],[118.0294,5.7892],[118.0578,5.8064],[118.0806,5.808],[118.0818,5.8264],[118.1212,5.8396],[118.1282,5.8568],[118.0994,5.8776],[118.0952,5.899],[118.081,5.9042],[118.057,5.9228],[118.053,5.9356],[118.0698,5.9528],[118.0538,5.9718],[118.0346,6.0036],[118.0432,6.0106],[118.0432,6.0374],[118.0256,6.0282],[118.0126,6.0328],[118.0114,6.0596],[117.9824,6.0622],[117.9704,6.0552],[117.9688,6.038],[117.9392,6.012],[117.9226,6.0046],[117.8994,5.9828],[117.9036,5.9692],[117.8994,5.9546],[117.845,5.9358],[117.7968,5.939],[117.758,5.938],[117.7686,5.9172],[117.7654,5.9046],[117.714,5.8984],[117.6826,5.9088],[117.6166,5.8932],[117.6176,5.8556],[117.6406,5.8348],[117.7026,5.7348],[117.7274,5.6906],[117.763,5.6912],[117.7858,5.6792],[117.8066,5.7012],[117.8134,5.6758],[117.8066,5.6606],[117.8294,5.6292],[117.8784,5.6626],[117.9126,5.6532],[117.928,5.6532],[117.8918,5.5898],[117.9366,5.5618],[118.034,5.5538],[118.036,5.513],[118.1044,5.513],[118.1044,5.5678],[118.1466,5.5832],[118.166,5.5692],[118.2646,5.6278],[118.2544,5.6478],[118.2726,5.6652],[118.2814,5.6798],[118.2988,5.6838],[118.3014,5.712],[118.3236,5.7306],[118.335,5.7532],[118.3376,5.7926]]],[[[117.9354,5.7906],[117.9234,5.779],[117.951,5.7744],[117.959,5.7538],[117.9732,5.7432],[118.0166,5.7552],[118.0166,5.7744],[117.9972,5.774],[117.9826,5.7854],[117.9354,5.7906]]]]},"properties":{"name":"Sandakan","name_source":"Sandakan","state":"Sabah","level":"daerah","area_km2":2173.27,"area_ha":217327}},{"type":"Feature","geometry":{"type":"Polygon","coordinates":[[[116.9144,5.623],[116.9524,5.6072],[117.0168,5.5892],[117.0564,5.5932],[117.0698,5.5878],[117.0764,5.5612],[117.0906,5.5512],[117.1308,5.5564],[117.185,5.5384],[117.2012,5.5444],[117.2688,5.5558],[117.2876,5.5758],[117.3124,5.6226],[117.3494,5.6366],[117.4134,5.6654],[117.4014,5.7066],[117.3832,5.743],[117.3728,5.752],[117.3692,5.768],[117.373,5.7972],[117.336,5.8268],[117.3366,5.8506],[117.3278,5.8666],[117.3412,5.8846],[117.3392,5.9114],[117.3278,5.944],[117.3192,5.958],[117.3188,6.004],[117.2438,5.9754],[117.2112,5.9608],[117.2086,5.913],[117.1936,5.8652],[117.1544,5.8592],[117.13,5.9012],[117.1258,5.9472],[117.1154,5.9626],[117.1192,5.9972],[117.1352,6.016],[117.1308,6.0484],[117.1112,6.0496],[117.1086,6.0412],[117.0892,6.0422],[117.0578,6.0358],[117.0264,6.0404],[117.03,6.018],[117.0264,5.9994],[117.012,5.9874],[116.9956,5.9544],[116.987,5.9462],[116.9468,5.9388],[116.9364,5.93],[116.9144,5.9266],[116.8958,5.9018],[116.8684,5.885],[116.8644,5.8648],[116.8864,5.8498],[116.9022,5.8474],[116.9266,5.8284],[116.9474,5.8202],[116.9602,5.8098],[116.9824,5.8034],[116.9898,5.796],[117.0084,5.737],[117.0102,5.7098],[116.9928,5.6844],[116.977,5.6918],[116.9596,5.6792],[116.9196,5.6642],[116.9102,5.6468],[116.9144,5.623]]]},"properties":{"name":"Telupid","name_source":"Telupid","state":"Sabah","level":"daerah","area_km2":2007.63,"area_ha":200763}},{"type":"Feature","geometry":{"type":"MultiPolygon","coordinates":[[[[117.0892,6.0422],[117.1086,6.0412],[117.1112,6.0496],[117.1308,6.0484],[117.1352,6.016],[117.1192,5.9972],[117.1154,5.9626],[117.1258,5.9472],[117.13,5.9012],[117.1544,5.8592],[117.1936,5.8652],[117.2086,5.913],[117.2112,5.9608],[117.2438,5.9754],[117.3188,6.004],[117.3192,5.958],[117.3278,5.944],[117.3392,5.9114],[117.3412,5.8846],[117.3278,5.8666],[117.3366,5.8506],[117.336,5.8268],[117.373,5.7972],[117.3692,5.768],[117.3728,5.752],[117.3832,5.743],[117.4014,5.7066],[117.4134,5.6654],[117.4284,5.6598],[117.4832,5.6914],[117.5146,5.6894],[117.5716,5.6988],[117.5952,5.6996],[117.621,5.7172],[117.6616,5.715],[117.6806,5.7172],[117.7026,5.7348],[117.6406,5.8348],[117.6176,5.8556],[117.6166,5.8932],[117.5994,5.906],[117.5558,5.9006],[117.5364,5.8886],[117.531,5.8966],[117.576,5.9214],[117.5934,5.9194],[117.6296,5.922],[117.659,5.9568],[117.6818,5.9698],[117.6784,5.9976],[117.6612,6.0022],[117.6556,6.0146],[117.6248,6.0308],[117.6376,6.0476],[117.6574,6.056],[117.6548,6.0748],[117.6454,6.0876],[117.6342,6.1154],[117.6184,6.129],[117.606,6.1648],[117.584,6.176],[117.602,6.1986],[117.6084,6.2156],[117.6282,6.2152],[117.632,6.2306],[117.6686,6.2446],[117.7068,6.2288],[117.7226,6.2522],[117.7184,6.2604],[117.7338,6.3064],[117.7196,6.35],[117.7248,6.3862],[117.7368,6.3968],[117.7416,6.4224],[117.733,6.4416],[117.7154,6.4494],[117.6694,6.4814],[117.6596,6.497],[117.6356,6.5034],[117.6312,6.5116],[117.6046,6.5086],[117.5728,6.5256],[117.5548,6.5414],[117.5446,6.5568],[117.5266,6.608],[117.5158,6.6284],[117.481,6.5742],[117.4802,6.5614],[117.4292,6.5534],[117.4068,6.5624],[117.3956,6.5964],[117.3698,6.6058],[117.3558,6.6186],[117.333,6.6066],[117.3226,6.622],[117.3124,6.6088],[117.2966,6.614],[117.2914,6.6272],[117.287,6.613],[117.2724,6.5938],[117.2708,6.579],[117.2472,6.5764],[117.2416,6.5816],[117.221,6.5704],[117.2112,6.558],[117.175,6.5578],[117.1382,6.5512],[117.132,6.5292],[117.1012,6.528],[117.0986,6.5046],[117.118,6.492],[117.1334,6.4712],[117.1052,6.4692],[117.0778,6.4484],[117.0904,6.4246],[117.0864,6.3992],[117.106,6.3824],[117.0938,6.3582],[117.0962,6.338],[117.0788,6.3276],[117.048,6.3368],[117.026,6.3512],[117.0154,6.3508],[116.9922,6.3374],[116.9672,6.3374],[116.9526,6.316],[116.9276,6.3184],[116.9248,6.308],[116.9062,6.2928],[116.9422,6.2652],[116.9672,6.2606],[116.9834,6.2652],[117.0062,6.2438],[117.0346,6.2016],[117.0684,6.1866],[117.0828,6.1964],[117.0916,6.1854],[117.112,6.137],[117.1288,6.118],[117.1136,6.104],[117.0916,6.0722],[117.0892,6.0422]]],[[[117.7234,6.0376],[117.7058,6.036],[117.6858,5.9898],[117.69,5.9716],[117.6642,5.9446],[117.6862,5.942],[117.6982,5.9566],[117.7054,5.975],[117.7162,5.984],[117.7128,6.016],[117.724,6.022],[117.7234,6.0376]]],[[[117.4768,6.749],[117.4418,6.749],[117.4144,6.7536],[117.3942,6.745],[117.3876,6.7364],[117.3936,6.715],[117.4258,6.7038],[117.4338,6.6912],[117.4016,6.6738],[117.3822,6.6812],[117.35,6.6804],[117.3278,6.6698],[117.3252,6.6558],[117.344,6.6372],[117.3728,6.6364],[117.3956,6.6218],[117.415,6.6272],[117.4244,6.6206],[117.4512,6.6364],[117.4814,6.6432],[117.5102,6.6698],[117.5088,6.6958],[117.4922,6.709],[117.4754,6.737],[117.4768,6.749]]]]},"properties":{"name":"Beluran","name_source":"Beluran","state":"Sabah","level":"daerah","area_km2":5683.12,"area_ha":568312}},{"type":"Feature","geometry":{"type":"MultiPolygon","coordinates":[[[[117.0778,6.4484],[117.1052,6.4692],[117.1334,6.4712],[117.118,6.492],[117.0986,6.5046],[117.1012,6.528],[117.132,6.5292],[117.1382,6.5512],[117.175,6.5578],[117.2112,6.558],[117.221,6.5704],[117.2416,6.5816],[117.2472,6.5764],[117.2708,6.579],[117.2724,6.5938],[117.287,6.613],[117.2914,6.6272],[117.2712,6.6744],[117.2674,6.6988],[117.287,6.7226],[117.282,6.737],[117.2652,6.743],[117.2518,6.7562],[117.2416,6.7754],[117.2464,6.7866],[117.2184,6.8202],[117.2342,6.8322],[117.2338,6.8508],[117.2472,6.8546],[117.2596,6.8944],[117.2488,6.9276],[117.2532,6.9404],[117.2322,6.9476],[117.2218,6.9442],[117.1952,6.9586],[117.182,6.9902],[117.1648,6.9956],[117.1528,7.0132],[117.1364,7.0132],[117.121,6.9872],[117.106,6.9974],[117.0712,6.985],[117.0584,6.9756],[117.0562,6.9624],[117.07,6.9496],[117.0656,6.934],[117.051,6.9352],[117.0502,6.9472],[117.0318,6.9506],[117.0262,6.933],[117.036,6.922],[117.0326,6.8934],[117.046,6.8862],[117.058,6.8688],[117.0498,6.8394],[117.0356,6.8368],[117.0116,6.7852],[116.9948,6.7738],[116.9952,6.7652],[116.9742,6.7376],[116.9854,6.718],[116.9786,6.7],[116.9588,6.6856],[116.948,6.6846],[116.9296,6.6642],[116.9094,6.6612],[116.891,6.636],[116.9214,6.6232],[116.9426,6.5794],[116.9664,6.5574],[116.9728,6.5112],[116.978,6.5016],[117.0338,6.4874],[117.073,6.4558],[117.0778,6.4484]]],[[[117.2636,6.8162],[117.2852,6.8314],[117.2826,6.8394],[117.2562,6.8234],[117.2636,6.8162]]]]},"properties":{"name":"Pitas","name_source":"Pitas","state":"Sabah","level":"daerah","area_km2":1522.6,"area_ha":152260}},{"type":"Feature","geometry":{"type":"MultiPolygon","coordinates":[[[[102.4316,5.7474],[102.3976,5.7006],[102.3824,5.6972],[102.379,5.6866],[102.3854,5.674],[102.39,5.6306],[102.4004,5.6162],[102.3964,5.5808],[102.4052,5.5502],[102.3976,5.5312],[102.382,5.5166],[102.3924,5.4964],[102.3918,5.4726],[102.4004,5.4606],[102.3994,5.4392],[102.382,5.42],[102.3872,5.4096],[102.415,5.3922],[102.4232,5.3766],[102.4416,5.3632],[102.4504,5.353],[102.4726,5.3594],[102.5074,5.3472],[102.5156,5.3326],[102.533,5.338],[102.5428,5.3582],[102.562,5.3686],[102.5842,5.3692],[102.58,5.3894],[102.5894,5.3992],[102.5772,5.4212],[102.5906,5.4276],[102.5952,5.4542],[102.5876,5.4686],[102.5932,5.4828],[102.598,5.501],[102.6178,5.5178],[102.6144,5.5474],[102.6202,5.5676],[102.6138,5.5896],[102.6426,5.5998],[102.6452,5.6188],[102.6654,5.637],[102.666,5.66],[102.662,5.693],[102.6522,5.7116],[102.665,5.7324],[102.6294,5.782],[102.5684,5.8312],[102.5342,5.8462],[102.4876,5.791],[102.4568,5.7636],[102.4316,5.7474]]],[[[102.7726,5.8948],[102.7714,5.9098],[102.7612,5.9192],[102.7378,5.8976],[102.7726,5.8948]]],[[[102.7264,5.922],[102.7148,5.8968],[102.7326,5.9016],[102.7264,5.922]]]]},"properties":{"name":"Besut","name_source":"Besut","state":"Terengganu","level":"daerah","area_km2":1235.78,"area_ha":123578}},{"type":"Feature","geometry":{"type":"MultiPolygon","coordinates":[[[[102.9796,5.2322],[102.9812,5.2638],[102.9892,5.2704],[102.9804,5.2966],[102.988,5.3044],[103.0072,5.3042],[103.0492,5.3298],[103.063,5.3418],[103.0868,5.3426],[103.1002,5.335],[103.0982,5.324],[103.1168,5.3198],[103.1314,5.3254],[103.1472,5.3434],[103.1344,5.3504],[103.1212,5.3748],[103.0964,5.4084],[103.0484,5.451],[102.9974,5.5018],[102.9354,5.4388],[102.9168,5.451],[102.9108,5.441],[102.9212,5.377],[102.913,5.3636],[102.9212,5.353],[102.9178,5.3414],[102.9264,5.3222],[102.9104,5.311],[102.9276,5.2974],[102.932,5.2722],[102.9796,5.2322]]],[[[103.0024,5.8162],[102.9928,5.8014],[102.9954,5.7584],[103.0142,5.7492],[103.0334,5.767],[103.0346,5.7892],[103.0138,5.791],[103.019,5.8072],[103.0024,5.8162]]]]},"properties":{"name":"Kuala Nerus","name_source":"Kuala Nerus","state":"Terengganu","level":"daerah","area_km2":407.33,"area_ha":40733}},{"type":"Feature","geometry":{"type":"Polygon","coordinates":[[[103.2266,4.9578],[103.2336,4.911],[103.2668,4.9002],[103.2804,4.8854],[103.2868,4.8698],[103.3064,4.8788],[103.334,4.865],[103.3414,4.8528],[103.3682,4.8596],[103.3868,4.8762],[103.301,5.0278],[103.2934,5.0458],[103.227,5.1804],[103.1826,5.2582],[103.1866,5.2674],[103.154,5.2496],[103.1468,5.2164],[103.1204,5.21],[103.1298,5.2298],[103.129,5.2432],[103.1068,5.2628],[103.0952,5.2576],[103.0806,5.264],[103.0754,5.2422],[103.0672,5.2304],[103.0442,5.2128],[103.056,5.1718],[103.0536,5.1464],[103.0798,5.1134],[103.1014,5.1006],[103.1158,5.1082],[103.131,5.0902],[103.1396,5.0636],[103.1704,5.0364],[103.1798,5.0208],[103.2076,4.9912],[103.2152,4.9686],[103.2266,4.9578]]]},"properties":{"name":"Marang","name_source":"Marang","state":"Terengganu","level":"daerah","area_km2":662.45,"area_ha":66245}},{"type":"Feature","geometry":{"type":"MultiPolygon","coordinates":[[[[102.702,3.3168],[102.7,3.2904],[102.7036,3.2684],[102.7196,3.2614],[102.7338,3.2444],[102.7356,3.2288],[102.7554,3.2102],[102.7746,3.2046],[102.7966,3.186],[102.7962,3.1678],[102.7594,3.1448],[102.7472,3.1514],[102.7348,3.1462],[102.7316,3.1166],[102.7498,3.118],[102.7538,3.1098],[102.7438,3.0936],[102.7616,3.0732],[102.7602,3.0624],[102.7892,3.046],[102.7784,3.0092],[102.7624,2.9862],[102.7632,2.8426],[102.7616,2.8186],[102.7968,2.8022],[102.9742,2.594],[103.1514,2.5232],[103.2886,2.5778],[103.3548,2.5918],[103.4162,2.5582],[103.4284,2.5602],[103.4556,2.5482],[103.4724,2.5256],[103.6092,2.459],[103.627,2.4654],[103.6352,2.478],[103.6252,2.5114],[103.6126,2.5292],[103.591,2.5296],[103.5936,2.5534],[103.6144,2.5686],[103.6006,2.5828],[103.6268,2.6096],[103.6006,2.6318],[103.5884,2.6496],[103.603,2.666],[103.6218,2.6568],[103.633,2.663],[103.6294,2.674],[103.5866,2.7102],[103.5412,2.7538],[103.4922,2.819],[103.4762,2.8318],[103.4588,2.8532],[103.4436,2.8874],[103.4308,2.949],[103.3652,2.9658],[103.2204,2.9676],[103.167,2.9618],[103.1576,2.9838],[103.1362,2.9884],[103.1176,3.0106],[103.1158,3.0226],[103.0932,3.039],[103.0896,3.068],[103.063,3.0808],[103.0734,3.1132],[103.0804,3.1184],[103.106,3.1208],[103.1106,3.1284],[103.1018,3.148],[103.1142,3.152],[103.1234,3.1794],[103.1142,3.1892],[103.1264,3.2136],[103.1088,3.2316],[103.1094,3.2426],[103.0874,3.2576],[103.0746,3.2844],[103.0746,3.307],[103.0624,3.3274],[103.0276,3.2984],[103.02,3.2872],[103.0014,3.2872],[102.9758,3.2762],[102.959,3.2972],[102.9538,3.3158],[102.9362,3.31],[102.92,3.2752],[102.8892,3.2774],[102.8508,3.3204],[102.8224,3.3604],[102.826,3.3782],[102.8066,3.3772],[102.7718,3.3686],[102.7504,3.3818],[102.734,3.3772],[102.7318,3.339],[102.7184,3.322],[102.702,3.3168]]],[[[103.9034,2.7014],[103.9054,2.6764],[103.9248,2.6804],[103.917,2.6978],[103.9034,2.7014]]],[[[104.175,2.8934],[104.1566,2.8932],[104.1476,2.8696],[104.1478,2.8564],[104.1592,2.8458],[104.1624,2.8244],[104.1286,2.8002],[104.1172,2.7796],[104.1228,2.7638],[104.1224,2.7456],[104.1404,2.7286],[104.1654,2.7162],[104.1838,2.7214],[104.2138,2.7214],[104.2198,2.7382],[104.2144,2.7456],[104.2228,2.768],[104.203,2.7894],[104.2074,2.804],[104.1912,2.8444],[104.1824,2.8804],[104.175,2.8934]]]]},"properties":{"name":"Rompin","name_source":"Rompin","state":"Pahang","level":"daerah","area_km2":5247.81,"area_ha":524781}},{"type":"Feature","geometry":{"type":"MultiPolygon","coordinates":[[[[103.3806,2.3764],[103.4646,2.3934],[103.5348,2.339],[103.6302,2.376],[103.6232,2.3622],[103.626,2.3018],[103.629,2.2786],[103.6104,2.2646],[103.6138,2.253],[103.5614,2.044],[103.5648,2.0444],[104.0588,2.0426],[104.0406,2.0698],[104.0226,2.1096],[104.0108,2.1468],[103.999,2.1624],[103.9644,2.1922],[103.9554,2.2094],[103.9536,2.2422],[103.9754,2.2648],[103.949,2.2938],[103.949,2.3048],[103.9608,2.3138],[103.939,2.3366],[103.9118,2.352],[103.8882,2.3756],[103.8454,2.4354],[103.8336,2.439],[103.8318,2.459],[103.8182,2.4862],[103.8164,2.5008],[103.8392,2.5034],[103.8418,2.5116],[103.8264,2.5306],[103.8228,2.5578],[103.81,2.5788],[103.762,2.6178],[103.7656,2.6394],[103.7528,2.6494],[103.7456,2.634],[103.7184,2.6368],[103.6956,2.6468],[103.6676,2.6648],[103.6494,2.6576],[103.633,2.663],[103.6218,2.6568],[103.603,2.666],[103.5884,2.6496],[103.6006,2.6318],[103.6268,2.6096],[103.6006,2.5828],[103.6144,2.5686],[103.5936,2.5534],[103.591,2.5296],[103.6126,2.5292],[103.6252,2.5114],[103.6352,2.478],[103.627,2.4654],[103.6092,2.459],[103.4724,2.5256],[103.4556,2.5482],[103.4284,2.5602],[103.4162,2.5582],[103.3548,2.5918],[103.2886,2.5778],[103.3806,2.3764]]],[[[104.0932,2.3182],[104.094,2.3008],[104.11,2.2872],[104.1286,2.281],[104.1434,2.2894],[104.1302,2.3118],[104.0932,2.3182]]],[[[103.9762,2.459],[103.9754,2.4354],[103.9976,2.4284],[103.9762,2.459]]],[[[104.5236,2.4602],[104.5184,2.4694],[104.4992,2.461],[104.5024,2.4424],[104.5162,2.4388],[104.529,2.4262],[104.5392,2.4352],[104.5416,2.4532],[104.5236,2.4602]]],[[[104.3216,2.5978],[104.3096,2.5936],[104.3186,2.5728],[104.3406,2.5634],[104.3462,2.5722],[104.336,2.5904],[104.3216,2.5978]]]]},"properties":{"name":"Mersing","name_source":"Mersing","state":"Johor","level":"daerah","area_km2":2868.47,"area_ha":286847}},{"type":"Feature","geometry":{"type":"MultiPolygon","coordinates":[[[[100.738,4.5226],[100.625,4.5296],[100.6188,4.514],[100.6188,4.4666],[100.61,4.426],[100.5822,4.4226],[100.5868,4.4022],[100.5856,4.3704],[100.556,4.3106],[100.574,4.313],[100.5914,4.269],[100.5898,4.2568],[100.631,4.247],[100.6286,4.2324],[100.592,4.2434],[100.5956,4.2302],[100.6084,4.2192],[100.61,4.2058],[100.602,4.1918],[100.6148,4.1692],[100.6292,4.16],[100.6374,4.1704],[100.6572,4.1716],[100.6816,4.1646],[100.7106,4.149],[100.7286,4.1182],[100.7496,4.105],[100.7664,4.0604],[100.7618,4.011],[100.7758,4.0034],[100.7954,4.0168],[100.8182,4.0424],[100.8314,4.0458],[100.813,4.0822],[100.7994,4.0782],[100.7904,4.1102],[100.7754,4.1202],[100.7642,4.1364],[100.7748,4.1654],[100.7716,4.1858],[100.7926,4.2104],[100.8,4.268],[100.8128,4.2856],[100.8252,4.2856],[100.8214,4.3552],[100.81,4.3478],[100.7944,4.373],[100.8068,4.3806],[100.8054,4.4808],[100.837,4.4874],[100.8504,4.486],[100.8584,4.5016],[100.8594,4.5382],[100.8552,4.5526],[100.7726,4.5342],[100.7382,4.5226],[100.738,4.5226]]],[[[100.5406,4.266],[100.5456,4.238],[100.543,4.2152],[100.5568,4.211],[100.5608,4.1936],[100.5766,4.1968],[100.5736,4.2374],[100.5636,4.2534],[100.5406,4.266]]]]},"properties":{"name":"Manjung","name_source":"Manjung","state":"Perak","level":"daerah","area_km2":1076.73,"area_ha":107673}},{"type":"Feature","geometry":{"type":"Polygon","coordinates":[[[102.2798,5.9378],[102.2912,5.9416],[102.3284,5.936],[102.3446,5.9416],[102.372,5.9088],[102.38,5.9086],[102.3902,5.8902],[102.4026,5.8854],[102.43,5.9008],[102.4696,5.9178],[102.4494,5.9572],[102.3702,6.134],[102.3432,6.1662],[102.3292,6.1488],[102.3358,6.116],[102.3064,6.1122],[102.305,6.1016],[102.3432,6.0712],[102.3436,6.0572],[102.3164,6.042],[102.3332,6.0072],[102.3318,5.9798],[102.3198,5.9702],[102.2986,5.9654],[102.2822,5.9548],[102.2798,5.9378]]]},"properties":{"name":"Bachok","name_source":"Bachok","state":"Kelantan","level":"daerah","area_km2":279.15,"area_ha":27915}},{"type":"Feature","geometry":{"type":"Polygon","coordinates":[[[111.466,2.255],[111.4584,2.2762],[111.4766,2.3194],[111.4916,2.34],[111.4818,2.3514],[111.4454,2.3732],[111.3996,2.3692],[111.382,2.3588],[111.3768,2.3432],[111.3674,2.339],[111.3486,2.3452],[111.3288,2.3722],[111.3278,2.391],[111.3028,2.4044],[111.2748,2.4118],[111.2592,2.42],[111.2524,2.439],[111.2146,2.4154],[111.1902,2.3892],[111.181,2.3456],[111.1892,2.2902],[111.183,2.2076],[111.1702,2.1886],[111.162,2.1604],[111.1638,2.1506],[111.1874,2.1332],[111.203,2.1484],[111.2532,2.1524],[111.3038,2.1362],[111.325,2.119],[111.3438,2.1588],[111.3658,2.1674],[111.3726,2.162],[111.377,2.1858],[111.3948,2.1738],[111.41,2.1824],[111.423,2.204],[111.4408,2.2186],[111.454,2.2218],[111.4738,2.2442],[111.466,2.255]]]},"properties":{"name":"Tanjung Manis","name_source":"Tanjung Manis","state":"Sarawak","level":"daerah","area_km2":798.94,"area_ha":79894}},{"type":"Feature","geometry":{"type":"Polygon","coordinates":[[[101.661,2.894],[101.6712,2.8834],[101.6848,2.8818],[101.701,2.8996],[101.7076,2.9292],[101.7328,2.9292],[101.7326,2.9532],[101.7154,2.9554],[101.7,2.9718],[101.6762,2.972],[101.6628,2.9644],[101.6748,2.9498],[101.6674,2.931],[101.6724,2.9228],[101.661,2.894]]]},"properties":{"name":"Putrajaya","name_source":"Bandar Putrajaya","state":"Putrajaya","level":"wilayah","area_km2":49.47,"area_ha":4947}}]}