{"type":"FeatureCollection","features":[{"type":"Feature","properties":{"name":"Masjid Al-Azahariah","category":"mosque","kind":"Masjid"},"geometry":{"type":"Point","coordinates":[101.51919,3.0454]}},{"type":"Feature","properties":{"name":"Surau","category":"mosque","kind":"Surau"},"geometry":{"type":"Point","coordinates":[101.49892,3.04386]}},{"type":"Feature","properties":{"name":"Surau Petronas","category":"mosque","kind":"Surau"},"geometry":{"type":"Point","coordinates":[101.70296,3.24051]}},{"type":"Feature","properties":{"name":"Masjid Nurul Iman","category":"mosque","kind":"Masjid","address":"Teluk Panglima Garang"},"geometry":{"type":"Point","coordinates":[101.49124,2.91381]}},{"type":"Feature","properties":{"name":"Surau Nurul Iman","category":"mosque","kind":"Surau"},"geometry":{"type":"Point","coordinates":[101.49763,3.04986]}},{"type":"Feature","properties":{"name":"Masjid As-Saadah","category":"mosque","kind":"Masjid"},"geometry":{"type":"Point","coordinates":[101.81121,3.00116]}},{"type":"Feature","properties":{"name":"Masjid Jamek Jamaiyah","category":"mosque","kind":"Masjid"},"geometry":{"type":"Point","coordinates":[101.44464,2.75096]}},{"type":"Feature","properties":{"name":"Surau Pantai Remis","category":"mosque","kind":"Surau"},"geometry":{"type":"Point","coordinates":[101.30555,3.20156]}},{"type":"Feature","properties":{"name":"Masjid Al Hasani","category":"mosque","kind":"Masjid"},"geometry":{"type":"Point","coordinates":[101.55458,3.06449]}},{"type":"Feature","properties":{"name":"Masjid Salak Tinggi","category":"mosque","kind":"Masjid"},"geometry":{"type":"Point","coordinates":[101.74832,2.79467]}},{"type":"Feature","properties":{"name":"Surau Puchong Intan","category":"mosque","kind":"Surau"},"geometry":{"type":"Point","coordinates":[101.60989,3.01675]}},{"type":"Feature","properties":{"name":"Surau Al-Ikhwan","category":"mosque","kind":"Surau"},"geometry":{"type":"Point","coordinates":[101.56795,3.21368]}},{"type":"Feature","properties":{"name":"Masjid Kampung Abu Bakar Baginda","category":"mosque","kind":"Masjid"},"geometry":{"type":"Point","coordinates":[101.73006,2.95647]}},{"type":"Feature","properties":{"name":"Surau","category":"mosque","kind":"Surau"},"geometry":{"type":"Point","coordinates":[101.76454,3.12103]}},{"type":"Feature","properties":{"name":"Masjid An-Nur","category":"mosque","kind":"Masjid"},"geometry":{"type":"Point","coordinates":[101.03335,3.64201]}},{"type":"Feature","properties":{"name":"Surau","category":"mosque","kind":"Surau"},"geometry":{"type":"Point","coordinates":[101.02441,3.64452]}},{"type":"Feature","properties":{"name":"Masjid Pekan Sungai Pelek","category":"mosque","kind":"Masjid"},"geometry":{"type":"Point","coordinates":[101.71543,2.64103]}},{"type":"Feature","properties":{"name":"Surau Al-Umm","category":"mosque","kind":"Surau","address":"Jalan Teratai, Kajang"},"geometry":{"type":"Point","coordinates":[101.76218,2.9755]}},{"type":"Feature","properties":{"name":"Surau Raudhah Al-Hasanah","category":"mosque","kind":"Surau","address":"Kajang"},"geometry":{"type":"Point","coordinates":[101.76059,2.97371]}},{"type":"Feature","properties":{"name":"Masjid Al-Falah","category":"mosque","kind":"Masjid","address":"Kajang"},"geometry":{"type":"Point","coordinates":[101.75744,2.96881]}},{"type":"Feature","properties":{"name":"Surau Ar-Rahim","category":"mosque","kind":"Surau","address":"Bandar Baru Bangi"},"geometry":{"type":"Point","coordinates":[101.76628,2.96691]}},{"type":"Feature","properties":{"name":"Surau Al-Mujahidin","category":"mosque","kind":"Surau","address":"Bandar Baru Bangi"},"geometry":{"type":"Point","coordinates":[101.76757,2.97034]}},{"type":"Feature","properties":{"name":"Masjid Dato' Dagang","category":"mosque","kind":"Masjid"},"geometry":{"type":"Point","coordinates":[101.46125,3.02895]}},{"type":"Feature","properties":{"name":"Masjid Al-Hidayah","category":"mosque","kind":"Masjid"},"geometry":{"type":"Point","coordinates":[101.46688,2.90447]}},{"type":"Feature","properties":{"name":"Masjid As Solihin","category":"mosque","kind":"Masjid","address":"Jalan Padang Jawa, 40200, Shah Alam"},"geometry":{"type":"Point","coordinates":[101.49041,3.05385]}},{"type":"Feature","properties":{"name":"Surau Al-Islah","category":"mosque","kind":"Surau"},"geometry":{"type":"Point","coordinates":[101.49405,3.07203]}},{"type":"Feature","properties":{"name":"Surau Pusat Komersial","category":"mosque","kind":"Surau"},"geometry":{"type":"Point","coordinates":[101.4883,3.06616]}},{"type":"Feature","properties":{"name":"Surau Al-Munir","category":"mosque","kind":"Surau"},"geometry":{"type":"Point","coordinates":[101.53173,3.22071]}},{"type":"Feature","properties":{"name":"Surau Zolkifli Al-Ansar","category":"mosque","kind":"Surau"},"geometry":{"type":"Point","coordinates":[101.52337,3.26242]}},{"type":"Feature","properties":{"name":"Islamic Centre","category":"mosque","kind":"Mosque / surau"},"geometry":{"type":"Point","coordinates":[101.87475,2.94257]}},{"type":"Feature","properties":{"name":"Surau At-Taqwa","category":"mosque","kind":"Surau","address":"Shah Alam"},"geometry":{"type":"Point","coordinates":[101.49772,3.08156]}},{"type":"Feature","properties":{"name":"Surau Jalan Dusun","category":"mosque","kind":"Surau"},"geometry":{"type":"Point","coordinates":[101.42285,3.15896]}},{"type":"Feature","properties":{"name":"Masjid Nurul Ehsan","category":"mosque","kind":"Masjid"},"geometry":{"type":"Point","coordinates":[101.76296,3.05859]}},{"type":"Feature","properties":{"name":"Masjid At Taqwa","category":"mosque","kind":"Masjid"},"geometry":{"type":"Point","coordinates":[101.49189,2.81041]}},{"type":"Feature","properties":{"name":"Masjid Saujana Impian","category":"mosque","kind":"Masjid"},"geometry":{"type":"Point","coordinates":[101.78798,3.00728]}},{"type":"Feature","properties":{"name":"Surau Asy-Syakirin","category":"mosque","kind":"Surau"},"geometry":{"type":"Point","coordinates":[101.79795,3.00603]}},{"type":"Feature","properties":{"name":"Surau Taman Angkasa Indah","category":"mosque","kind":"Surau"},"geometry":{"type":"Point","coordinates":[101.79979,2.99986]}},{"type":"Feature","properties":{"name":"Surau Haji Musran","category":"mosque","kind":"Surau"},"geometry":{"type":"Point","coordinates":[101.416,3.05522]}},{"type":"Feature","properties":{"name":"Masjid Hospital Sungai Buloh","category":"mosque","kind":"Masjid"},"geometry":{"type":"Point","coordinates":[101.59675,3.21851]}},{"type":"Feature","properties":{"name":"Masjid Al Firdaus","category":"mosque","kind":"Masjid"},"geometry":{"type":"Point","coordinates":[101.65485,3.26282]}},{"type":"Feature","properties":{"name":"Masjid Manbaeil Uloom","category":"mosque","kind":"Masjid"},"geometry":{"type":"Point","coordinates":[101.76124,3.02644]}},{"type":"Feature","properties":{"name":"Surau Manba'ul Huda","category":"mosque","kind":"Surau"},"geometry":{"type":"Point","coordinates":[101.55514,3.20918]}},{"type":"Feature","properties":{"name":"Surau Al-Amin","category":"mosque","kind":"Surau","address":"Banting"},"geometry":{"type":"Point","coordinates":[101.56926,2.82187]}},{"type":"Feature","properties":{"name":"Surau Batu 8 1/2","category":"mosque","kind":"Surau"},"geometry":{"type":"Point","coordinates":[101.43559,3.16132]}},{"type":"Feature","properties":{"name":"Surau","category":"mosque","kind":"Surau"},"geometry":{"type":"Point","coordinates":[101.50811,3.19154]}},{"type":"Feature","properties":{"name":"Masjid Jamek Sg Serai","category":"mosque","kind":"Masjid"},"geometry":{"type":"Point","coordinates":[101.54685,3.28304]}},{"type":"Feature","properties":{"name":"Surau al-Hidayah","category":"mosque","kind":"Surau"},"geometry":{"type":"Point","coordinates":[101.52656,3.07296]}},{"type":"Feature","properties":{"name":"Masjid Jamek Al-Hikmah","category":"mosque","kind":"Masjid"},"geometry":{"type":"Point","coordinates":[101.55022,3.25466]}},{"type":"Feature","properties":{"name":"Surau Al-Muhajirin","category":"mosque","kind":"Surau"},"geometry":{"type":"Point","coordinates":[101.69497,3.24407]}},{"type":"Feature","properties":{"name":"Surau Al-Mutmainnah","category":"mosque","kind":"Surau"},"geometry":{"type":"Point","coordinates":[101.74179,3.12265]}},{"type":"Feature","properties":{"name":"Surau Alam Perdana 1","category":"mosque","kind":"Surau","address":"Jalan A.P. 2E/2, Apartment Alam Perdana, 42300, Puncak Alam"},"geometry":{"type":"Point","coordinates":[101.44936,3.25707]}},{"type":"Feature","properties":{"name":"Surau Alam Perdana 2","category":"mosque","kind":"Surau","address":"Jalan A.P. 2E/3, Apartment Alam Perdana, 42300, Puncak Alam"},"geometry":{"type":"Point","coordinates":[101.44737,3.25695]}},{"type":"Feature","properties":{"name":"Masjid Nurul Jannah","category":"mosque","kind":"Masjid"},"geometry":{"type":"Point","coordinates":[101.43326,3.12074]}},{"type":"Feature","properties":{"name":"Surau Cahaya SPK U9","category":"mosque","kind":"Surau","address":"Jalan Hijau Alam U9/10, 40170, Shah Alam"},"geometry":{"type":"Point","coordinates":[101.50508,3.13557]}},{"type":"Feature","properties":{"name":"Surau Taliair 3","category":"mosque","kind":"Surau","address":"Jalan Taliair 3, 45400, Sekinchan"},"geometry":{"type":"Point","coordinates":[101.12431,3.47743]}},{"type":"Feature","properties":{"name":"Surau Parit 3","category":"mosque","kind":"Surau","address":"Jalan Parit 3, 45400, Sekinchan"},"geometry":{"type":"Point","coordinates":[101.12991,3.47262]}},{"type":"Feature","properties":{"name":"Surau Nur Hidayah","category":"mosque","kind":"Surau","address":"Jalan Parit 3 Pantai, 45400, Sekinchan"},"geometry":{"type":"Point","coordinates":[101.12541,3.46784]}},{"type":"Feature","properties":{"name":"Masjid Sungai Burung","category":"mosque","kind":"Masjid","address":"Jalan Kuala Selangor - Teluk Intan, 45400, Sekinchan"},"geometry":{"type":"Point","coordinates":[101.13736,3.46349]}},{"type":"Feature","properties":{"name":"Masjid At-Taufikiah","category":"mosque","kind":"Masjid","address":"Jalan Parit 4 Pantai, 45400, Sekinchan"},"geometry":{"type":"Point","coordinates":[101.11783,3.48149]}},{"type":"Feature","properties":{"name":"Surau Al-Furqan","category":"mosque","kind":"Surau"},"geometry":{"type":"Point","coordinates":[101.65866,3.25641]}},{"type":"Feature","properties":{"name":"Surau","category":"mosque","kind":"Surau"},"geometry":{"type":"Point","coordinates":[101.58472,3.21963]}},{"type":"Feature","properties":{"name":"Masjid Al-Amin","category":"mosque","kind":"Masjid"},"geometry":{"type":"Point","coordinates":[101.85258,3.10927]}},{"type":"Feature","properties":{"name":"Masjid Al - Ubudiah","category":"mosque","kind":"Masjid"},"geometry":{"type":"Point","coordinates":[101.77148,3.12436]}},{"type":"Feature","properties":{"name":"Masjid Asy - Syabab","category":"mosque","kind":"Masjid"},"geometry":{"type":"Point","coordinates":[101.83661,3.13409]}},{"type":"Feature","properties":{"name":"Masjid Batu 3","category":"mosque","kind":"Masjid"},"geometry":{"type":"Point","coordinates":[101.81807,2.91578]}},{"type":"Feature","properties":{"name":"Masjid Pekan Bangi","category":"mosque","kind":"Masjid"},"geometry":{"type":"Point","coordinates":[101.78549,2.9006]}},{"type":"Feature","properties":{"name":"Masjid Raja Alang","category":"mosque","kind":"Masjid"},"geometry":{"type":"Point","coordinates":[101.87054,2.87402]}},{"type":"Feature","properties":{"name":"Masjid Rinching Hilir","category":"mosque","kind":"Masjid"},"geometry":{"type":"Point","coordinates":[101.81062,2.90267]}},{"type":"Feature","properties":{"name":"Masjid Rinching Hulu","category":"mosque","kind":"Masjid"},"geometry":{"type":"Point","coordinates":[101.86036,2.91909]}},{"type":"Feature","properties":{"name":"Masjid Sesapan","category":"mosque","kind":"Masjid"},"geometry":{"type":"Point","coordinates":[101.88313,2.89521]}},{"type":"Feature","properties":{"name":"Masjid Sungai Sekamat","category":"mosque","kind":"Masjid","address":"43000"},"geometry":{"type":"Point","coordinates":[101.77545,3.02063]}},{"type":"Feature","properties":{"name":"Surau Al-Ehsan","category":"mosque","kind":"Surau"},"geometry":{"type":"Point","coordinates":[101.78258,3.01933]}},{"type":"Feature","properties":{"name":"Surau Impian Ihsan","category":"mosque","kind":"Surau"},"geometry":{"type":"Point","coordinates":[101.7532,3.01795]}},{"type":"Feature","properties":{"name":"Surau Al-Amin","category":"mosque","kind":"Surau","address":"43200"},"geometry":{"type":"Point","coordinates":[101.76535,3.05435]}},{"type":"Feature","properties":{"name":"Surau Al-Fallahiah","category":"mosque","kind":"Surau"},"geometry":{"type":"Point","coordinates":[101.81448,2.98863]}},{"type":"Feature","properties":{"name":"Surau An- Nur","category":"mosque","kind":"Surau"},"geometry":{"type":"Point","coordinates":[101.76863,2.94828]}},{"type":"Feature","properties":{"name":"Surau An-Nur","category":"mosque","kind":"Surau","address":"Kajang"},"geometry":{"type":"Point","coordinates":[101.75292,2.98445]}},{"type":"Feature","properties":{"name":"Masjid As-Sobirin","category":"mosque","kind":"Masjid","address":"Banting"},"geometry":{"type":"Point","coordinates":[101.62904,2.83002]}},{"type":"Feature","properties":{"name":"Masjid Ahmadi","category":"mosque","kind":"Masjid","address":"Lot 3955 Jalan Rantau Panjang, 42100, Klang"},"geometry":{"type":"Point","coordinates":[101.40841,3.05848]}},{"type":"Feature","properties":{"name":"Musholla","category":"mosque","kind":"Mosque / surau"},"geometry":{"type":"Point","coordinates":[101.73323,3.25848]}},{"type":"Feature","properties":{"name":"Surau Al-Mustaqim","category":"mosque","kind":"Surau","address":"Surau Al-Mustaqim Jalan 5/29, 43500, Semenyih"},"geometry":{"type":"Point","coordinates":[101.86307,2.931]}},{"type":"Feature","properties":{"name":"Surau Al-Muhtadin","category":"mosque","kind":"Surau"},"geometry":{"type":"Point","coordinates":[101.52255,3.02311]}},{"type":"Feature","properties":{"name":"Sultan Haji Ahmad Shah Mosque","category":"mosque","kind":"Mosque / surau"},"geometry":{"type":"Point","coordinates":[101.73494,3.25136]}},{"type":"Feature","properties":{"name":"Surau Nurul Saadah","category":"mosque","kind":"Surau"},"geometry":{"type":"Point","coordinates":[101.7591,3.18867]}},{"type":"Feature","properties":{"name":"Masjid Seksyen 7","category":"mosque","kind":"Masjid","address":"Jalan Kristal 7/70"},"geometry":{"type":"Point","coordinates":[101.48159,3.07134]}},{"type":"Feature","properties":{"name":"Surau Al Muhajirin, Kajang Utama","category":"mosque","kind":"Surau"},"geometry":{"type":"Point","coordinates":[101.79971,2.9699]}},{"type":"Feature","properties":{"name":"Surau Ad Dinniah","category":"mosque","kind":"Surau","address":"Jalan 2A/5"},"geometry":{"type":"Point","coordinates":[101.67916,3.26512]}},{"type":"Feature","properties":{"name":"Surau At-Taqwa","category":"mosque","kind":"Surau"},"geometry":{"type":"Point","coordinates":[101.48612,3.09653]}},{"type":"Feature","properties":{"name":"Surau Riadhus Solihin","category":"mosque","kind":"Surau","address":"Jalan Surau Sebaya, 42200"},"geometry":{"type":"Point","coordinates":[101.42986,3.18079]}},{"type":"Feature","properties":{"name":"Surau Desa Mewah","category":"mosque","kind":"Surau","address":"Semenyih"},"geometry":{"type":"Point","coordinates":[101.84197,2.96321]}},{"type":"Feature","properties":{"name":"Surau Raudhatul Jannah","category":"mosque","kind":"Surau","address":"Semenyih"},"geometry":{"type":"Point","coordinates":[101.84102,2.96859]}},{"type":"Feature","properties":{"name":"Masjid Nurul Iman","category":"mosque","kind":"Masjid"},"geometry":{"type":"Point","coordinates":[101.604,3.36394]}},{"type":"Feature","properties":{"name":"Surau Saidina Umar Al-Khattab","category":"mosque","kind":"Surau"},"geometry":{"type":"Point","coordinates":[101.78447,2.88273]}},{"type":"Feature","properties":{"name":"Surau Al-Akhlaqiah","category":"mosque","kind":"Surau","address":"Jalan PJS 1/52, Petaling Jaya"},"geometry":{"type":"Point","coordinates":[101.65392,3.07744]}},{"type":"Feature","properties":{"name":"Surau Ummi Yatimah","category":"mosque","kind":"Surau","address":"Banting"},"geometry":{"type":"Point","coordinates":[101.59847,2.83177]}},{"type":"Feature","properties":{"name":"Surau Hj Salleh","category":"mosque","kind":"Surau","address":"Banting"},"geometry":{"type":"Point","coordinates":[101.58344,2.83282]}},{"type":"Feature","properties":{"name":"Surau An-Nur","category":"mosque","kind":"Surau","address":"Banting"},"geometry":{"type":"Point","coordinates":[101.57635,2.82222]}},{"type":"Feature","properties":{"name":"Surau Al-Islah","category":"mosque","kind":"Surau","address":"Banting"},"geometry":{"type":"Point","coordinates":[101.61996,2.83074]}},{"type":"Feature","properties":{"name":"Surau Al-Ehsaniah","category":"mosque","kind":"Surau","address":"Banting"},"geometry":{"type":"Point","coordinates":[101.63068,2.81826]}},{"type":"Feature","properties":{"name":"Surau Hj Moksin","category":"mosque","kind":"Surau","address":"Banting"},"geometry":{"type":"Point","coordinates":[101.63564,2.83559]}},{"type":"Feature","properties":{"name":"Surau Al-Jamaiyah","category":"mosque","kind":"Surau","address":"Banting"},"geometry":{"type":"Point","coordinates":[101.64228,2.84098]}},{"type":"Feature","properties":{"name":"Surau As-Syakirin","category":"mosque","kind":"Surau","address":"Dengkil"},"geometry":{"type":"Point","coordinates":[101.65121,2.84929]}},{"type":"Feature","properties":{"name":"Madrasah Nurulhuda","category":"mosque","kind":"Mosque / surau","address":"Dengkil"},"geometry":{"type":"Point","coordinates":[101.63832,2.86233]}},{"type":"Feature","properties":{"name":"Surau Al-Jabbar","category":"mosque","kind":"Surau","address":"Jalan Emas 2, Dengkil"},"geometry":{"type":"Point","coordinates":[101.6778,2.86637]}},{"type":"Feature","properties":{"name":"Surau Al-Hidayah","category":"mosque","kind":"Surau","address":"Dengkil"},"geometry":{"type":"Point","coordinates":[101.67492,2.86628]}},{"type":"Feature","properties":{"name":"Surau Desa Timah Langat","category":"mosque","kind":"Surau","address":"Dengkil"},"geometry":{"type":"Point","coordinates":[101.66408,2.88263]}},{"type":"Feature","properties":{"name":"Surau Taman Gemilang","category":"mosque","kind":"Surau","address":"Dengkil"},"geometry":{"type":"Point","coordinates":[101.68946,2.85789]}},{"type":"Feature","properties":{"name":"Surau Al-Falah Kg Lalang","category":"mosque","kind":"Surau","address":"Dengkil"},"geometry":{"type":"Point","coordinates":[101.69629,2.8634]}},{"type":"Feature","properties":{"name":"Surau Al-Muttaqin","category":"mosque","kind":"Surau","address":"Serendah"},"geometry":{"type":"Point","coordinates":[101.63541,3.42672]}},{"type":"Feature","properties":{"name":"Surau Haji Manaf","category":"mosque","kind":"Surau","address":"Jalan Batu 7, Teluk Panglima Garang"},"geometry":{"type":"Point","coordinates":[101.45544,2.94788]}},{"type":"Feature","properties":{"name":"Surau Al-Muhsin","category":"mosque","kind":"Surau","address":"Jalan Batu 7 Sijangkang, Teluk Panglima Garang"},"geometry":{"type":"Point","coordinates":[101.46551,2.94799]}},{"type":"Feature","properties":{"name":"Masjid Al-Amin","category":"mosque","kind":"Masjid","address":"Jalan Kebun Baru Batu 9, Teluk Panglima Garang"},"geometry":{"type":"Point","coordinates":[101.49255,2.93263]}},{"type":"Feature","properties":{"name":"Surau Al-Hidayah","category":"mosque","kind":"Surau","address":"Teluk Panglima Garang"},"geometry":{"type":"Point","coordinates":[101.48385,2.9122]}},{"type":"Feature","properties":{"name":"Surau Ar-Rahmah","category":"mosque","kind":"Surau","address":"Shah Alam"},"geometry":{"type":"Point","coordinates":[101.50802,3.09144]}},{"type":"Feature","properties":{"name":"Surau Nahdatul Islamiah","category":"mosque","kind":"Surau","address":"Petaling Jaya"},"geometry":{"type":"Point","coordinates":[101.63075,3.073]}},{"type":"Feature","properties":{"name":"Madrasah Al-Hukmiah","category":"mosque","kind":"Mosque / surau","address":"Petaling Jaya"},"geometry":{"type":"Point","coordinates":[101.62896,3.07488]}},{"type":"Feature","properties":{"name":"Surau Nurul Falah","category":"mosque","kind":"Surau","address":"44300, Batang Kali"},"geometry":{"type":"Point","coordinates":[101.65877,3.44751]}},{"type":"Feature","properties":{"name":"Surau Tinggi An-Nur","category":"mosque","kind":"Surau","address":"44300, Batang Kali"},"geometry":{"type":"Point","coordinates":[101.6566,3.44225]}},{"type":"Feature","properties":{"name":"Masjid Lama Hulu Yam Bharu","category":"mosque","kind":"Masjid","address":"Jalan Batang Kali - Ulu Yam, 44300, Batang Kali"},"geometry":{"type":"Point","coordinates":[101.66125,3.43675]}},{"type":"Feature","properties":{"name":"Surau An-Nur","category":"mosque","kind":"Surau","address":"Puchong"},"geometry":{"type":"Point","coordinates":[101.64594,3.0693]}},{"type":"Feature","properties":{"name":"Surau As-Siddiq","category":"mosque","kind":"Surau","address":"Puchong"},"geometry":{"type":"Point","coordinates":[101.64108,3.06099]}},{"type":"Feature","properties":{"name":"Surau At-Taufiqiah","category":"mosque","kind":"Surau","address":"Petaling Jaya"},"geometry":{"type":"Point","coordinates":[101.63274,3.0816]}},{"type":"Feature","properties":{"name":"Surau Al-Amin","category":"mosque","kind":"Surau","address":"Bandar Baru Bangi"},"geometry":{"type":"Point","coordinates":[101.75726,2.9647]}},{"type":"Feature","properties":{"name":"Surau Al-Ikhlas","category":"mosque","kind":"Surau","address":"Kajang"},"geometry":{"type":"Point","coordinates":[101.78126,2.98285]}},{"type":"Feature","properties":{"name":"Surau Taman Sri Kenari","category":"mosque","kind":"Surau","address":"Kajang"},"geometry":{"type":"Point","coordinates":[101.77003,2.99209]}},{"type":"Feature","properties":{"name":"Madrasah Nurul Huda","category":"mosque","kind":"Mosque / surau","address":"Kajang"},"geometry":{"type":"Point","coordinates":[101.76724,2.98946]}},{"type":"Feature","properties":{"name":"Surau Al-Hikmah","category":"mosque","kind":"Surau","address":"Kajang"},"geometry":{"type":"Point","coordinates":[101.77823,2.98107]}},{"type":"Feature","properties":{"name":"Surau Taman Kajang Jaya","category":"mosque","kind":"Surau","address":"Kajang"},"geometry":{"type":"Point","coordinates":[101.79531,2.9781]}},{"type":"Feature","properties":{"name":"Surau Al-Ittifaqiah","category":"mosque","kind":"Surau","address":"Kajang"},"geometry":{"type":"Point","coordinates":[101.76847,2.97537]}},{"type":"Feature","properties":{"name":"Surau Al-Abrar","category":"mosque","kind":"Surau","address":"Jalan 7/1D, Bandar Baru Bangi"},"geometry":{"type":"Point","coordinates":[101.776,2.96762]}},{"type":"Feature","properties":{"name":"Surau Al-Jami'yyah","category":"mosque","kind":"Surau","address":"Jalan Kelisa 5, Ulu Yam Bharu"},"geometry":{"type":"Point","coordinates":[101.65882,3.42119]}},{"type":"Feature","properties":{"name":"Surau Al-Huda","category":"mosque","kind":"Surau","address":"Ulu Yam Bharu"},"geometry":{"type":"Point","coordinates":[101.6596,3.42502]}},{"type":"Feature","properties":{"name":"Masjid Jamek Sungai Masin","category":"mosque","kind":"Masjid","address":"44300, Batang Kali"},"geometry":{"type":"Point","coordinates":[101.65598,3.46361]}},{"type":"Feature","properties":{"name":"Surau Al-Iman","category":"mosque","kind":"Surau","address":"Jalan Meranti 6, Batang Kali"},"geometry":{"type":"Point","coordinates":[101.65699,3.45704]}},{"type":"Feature","properties":{"name":"Surau Al-Ihsan","category":"mosque","kind":"Surau","address":"Jalan Meranti 8, Batang Kali"},"geometry":{"type":"Point","coordinates":[101.65667,3.45434]}},{"type":"Feature","properties":{"name":"Masjid An-Naim","category":"mosque","kind":"Masjid"},"geometry":{"type":"Point","coordinates":[101.51655,2.9725]}},{"type":"Feature","properties":{"name":"Surau As-Sakinah","category":"mosque","kind":"Surau","address":"Jalan Damai 11, Kuala Kubu Bharu"},"geometry":{"type":"Point","coordinates":[101.65619,3.54035]}},{"type":"Feature","properties":{"name":"Madrasatul Jami'yah Jalan Padang Tembak","category":"mosque","kind":"Mosque / surau","address":"Kuala Kubu Bharu"},"geometry":{"type":"Point","coordinates":[101.6581,3.57281]}},{"type":"Feature","properties":{"name":"Surau Nurul Iman","category":"mosque","kind":"Surau","address":"Kuala Kubu Bharu"},"geometry":{"type":"Point","coordinates":[101.66267,3.57381]}},{"type":"Feature","properties":{"name":"Masjid Al Makmur Kampung Giching","category":"mosque","kind":"Masjid"},"geometry":{"type":"Point","coordinates":[101.73612,2.79564]}},{"type":"Feature","properties":{"name":"Surau Desa Rening Jaya","category":"mosque","kind":"Surau","address":"Jalan Bintang 4, Rasa"},"geometry":{"type":"Point","coordinates":[101.64691,3.51586]}},{"type":"Feature","properties":{"name":"Surau Nur-Ehsan","category":"mosque","kind":"Surau"},"geometry":{"type":"Point","coordinates":[101.6439,3.09734]}},{"type":"Feature","properties":{"name":"Masjid Kariah Kampung Jawa","category":"mosque","kind":"Masjid"},"geometry":{"type":"Point","coordinates":[101.85265,3.16715]}},{"type":"Feature","properties":{"name":"Masjid Al-Barokah","category":"mosque","kind":"Masjid","address":"Klang"},"geometry":{"type":"Point","coordinates":[101.45543,3.17489]}},{"type":"Feature","properties":{"name":"Surau Al-Kautsar","category":"mosque","kind":"Surau","address":"Pelabuhan Klang"},"geometry":{"type":"Point","coordinates":[101.40235,2.98233]}},{"type":"Feature","properties":{"name":"Surau Medan Selera Tanjung Harapan","category":"mosque","kind":"Surau"},"geometry":{"type":"Point","coordinates":[101.37387,3.00312]}},{"type":"Feature","properties":{"name":"Surau Asassudin","category":"mosque","kind":"Surau","address":"Pelabuhan Klang"},"geometry":{"type":"Point","coordinates":[101.38008,3.03094]}},{"type":"Feature","properties":{"name":"Surau Sungai Saim","category":"mosque","kind":"Surau","address":"Klang"},"geometry":{"type":"Point","coordinates":[101.39525,3.05541]}},{"type":"Feature","properties":{"name":"Surau At-Taufiqiah","category":"mosque","kind":"Surau","address":"Klang"},"geometry":{"type":"Point","coordinates":[101.41038,3.05117]}},{"type":"Feature","properties":{"name":"Surau","category":"mosque","kind":"Surau"},"geometry":{"type":"Point","coordinates":[101.45066,3.10413]}},{"type":"Feature","properties":{"name":"Surau Nurul Ikhwan","category":"mosque","kind":"Surau","address":"44100, Kerling"},"geometry":{"type":"Point","coordinates":[101.6152,3.59758]}},{"type":"Feature","properties":{"name":"Surau Taufiqiah","category":"mosque","kind":"Surau","address":"Kerling"},"geometry":{"type":"Point","coordinates":[101.57045,3.54011]}},{"type":"Feature","properties":{"name":"Surau Taman Tempua Bestari","category":"mosque","kind":"Surau","address":"Kalumpang"},"geometry":{"type":"Point","coordinates":[101.57365,3.62213]}},{"type":"Feature","properties":{"name":"Surau Kampung Pasir Putih","category":"mosque","kind":"Surau","address":"Kalumpang"},"geometry":{"type":"Point","coordinates":[101.57673,3.63767]}},{"type":"Feature","properties":{"name":"Surau Al-Wastiyah","category":"mosque","kind":"Surau","address":"44100, Kalumpang"},"geometry":{"type":"Point","coordinates":[101.54762,3.65359]}},{"type":"Feature","properties":{"name":"Surau Al-Ukhwah Ukay Bistari","category":"mosque","kind":"Surau"},"geometry":{"type":"Point","coordinates":[101.76554,3.20285]}},{"type":"Feature","properties":{"name":"Surau An-Najahiyah","category":"mosque","kind":"Surau"},"geometry":{"type":"Point","coordinates":[101.52969,3.05125]}},{"type":"Feature","properties":{"name":"PGA Mosque","category":"mosque","kind":"Mosque / surau"},"geometry":{"type":"Point","coordinates":[101.8557,2.93384]}},{"type":"Feature","properties":{"name":"Surau Annur","category":"mosque","kind":"Surau"},"geometry":{"type":"Point","coordinates":[101.86155,2.93982]}},{"type":"Feature","properties":{"name":"Surau Raudhatul Firdaus","category":"mosque","kind":"Surau"},"geometry":{"type":"Point","coordinates":[101.78851,3.01649]}},{"type":"Feature","properties":{"name":"Surau Al-Husna","category":"mosque","kind":"Surau"},"geometry":{"type":"Point","coordinates":[101.53609,3.05525]}},{"type":"Feature","properties":{"name":"Surau Al-Amin","category":"mosque","kind":"Surau"},"geometry":{"type":"Point","coordinates":[101.52423,3.04719]}},{"type":"Feature","properties":{"name":"Surau Al-Radhiyah","category":"mosque","kind":"Surau"},"geometry":{"type":"Point","coordinates":[101.58123,3.30226]}},{"type":"Feature","properties":{"name":"Surau Riyadussolihin MJII Beranang","category":"mosque","kind":"Surau"},"geometry":{"type":"Point","coordinates":[101.86415,2.90457]}},{"type":"Feature","properties":{"name":"Surau Al-Falah","category":"mosque","kind":"Surau"},"geometry":{"type":"Point","coordinates":[101.77243,3.02773]}},{"type":"Feature","properties":{"name":"Surau Smk Cyberjaya","category":"mosque","kind":"Surau"},"geometry":{"type":"Point","coordinates":[101.63894,2.91891]}},{"type":"Feature","properties":{"name":"Masjid Bandar Rinching Seksyen 3","category":"mosque","kind":"Masjid"},"geometry":{"type":"Point","coordinates":[101.84538,2.92915]}},{"type":"Feature","properties":{"name":"Surau Al-Munir","category":"mosque","kind":"Surau"},"geometry":{"type":"Point","coordinates":[101.68247,2.83523]}},{"type":"Feature","properties":{"name":"Surau Al-Ikhwan","category":"mosque","kind":"Surau"},"geometry":{"type":"Point","coordinates":[101.4888,3.13308]}},{"type":"Feature","properties":{"name":"Surau Shamsul Alam","category":"mosque","kind":"Surau"},"geometry":{"type":"Point","coordinates":[101.43156,3.14727]}},{"type":"Feature","properties":{"name":"Surau Haji Kamarudin","category":"mosque","kind":"Surau"},"geometry":{"type":"Point","coordinates":[101.43751,3.14795]}},{"type":"Feature","properties":{"name":"Surau At-Tijarah","category":"mosque","kind":"Surau"},"geometry":{"type":"Point","coordinates":[101.47317,3.06591]}},{"type":"Feature","properties":{"name":"Surau Nurul Iman","category":"mosque","kind":"Surau","address":"Jalan BS 1, 47000"},"geometry":{"type":"Point","coordinates":[101.47577,3.205]}},{"type":"Feature","properties":{"name":"Surau Al-Mannan","category":"mosque","kind":"Surau"},"geometry":{"type":"Point","coordinates":[101.66877,2.65473]}},{"type":"Feature","properties":{"name":"Masjid Al-Ulum","category":"mosque","kind":"Masjid"},"geometry":{"type":"Point","coordinates":[101.6735,2.66]}},{"type":"Feature","properties":{"name":"Masjid Jamek As-Solihin","category":"mosque","kind":"Masjid"},"geometry":{"type":"Point","coordinates":[101.48456,2.79068]}},{"type":"Feature","properties":{"name":"Surau Sungai Sekamat","category":"mosque","kind":"Surau","address":"Lorong Madrasah, 43000, Kajang"},"geometry":{"type":"Point","coordinates":[101.77668,3.02028]}},{"type":"Feature","properties":{"name":"re","category":"mosque","kind":"Mosque / surau"},"geometry":{"type":"Point","coordinates":[101.73748,2.9208]}},{"type":"Feature","properties":{"name":"Surau Desa Bestari","category":"mosque","kind":"Surau"},"geometry":{"type":"Point","coordinates":[101.75318,2.80109]}},{"type":"Feature","properties":{"name":"Surau Ar-Raudhah Bandar Bukit Raja","category":"mosque","kind":"Surau","address":"Jalan Gamelan, 41050, Klang"},"geometry":{"type":"Point","coordinates":[101.4256,3.08227]}},{"type":"Feature","properties":{"name":"Surau Sillaturrahim","category":"mosque","kind":"Surau"},"geometry":{"type":"Point","coordinates":[101.73022,3.28315]}},{"type":"Feature","properties":{"name":"Masjid Al-Falah","category":"mosque","kind":"Masjid"},"geometry":{"type":"Point","coordinates":[101.53995,2.96215]}},{"type":"Feature","properties":{"name":"Surau Al-Musawwir","category":"mosque","kind":"Surau"},"geometry":{"type":"Point","coordinates":[101.71264,2.80075]}},{"type":"Feature","properties":{"name":"Masijd Marzukiyah","category":"mosque","kind":"Mosque / surau"},"geometry":{"type":"Point","coordinates":[101.07268,3.7593]}},{"type":"Feature","properties":{"name":"Masjid Al-Huda","category":"mosque","kind":"Masjid"},"geometry":{"type":"Point","coordinates":[101.09149,3.72852]}},{"type":"Feature","properties":{"name":"Surau Al Muhajirin","category":"mosque","kind":"Surau"},"geometry":{"type":"Point","coordinates":[101.71962,3.25023]}},{"type":"Feature","properties":{"name":"Surau Baitul Islam","category":"mosque","kind":"Surau"},"geometry":{"type":"Point","coordinates":[101.77214,3.13]}},{"type":"Feature","properties":{"name":"Masjid Al-Hidayah","category":"mosque","kind":"Masjid"},"geometry":{"type":"Point","coordinates":[101.52684,3.15346]}},{"type":"Feature","properties":{"name":"Surau Al-Amin","category":"mosque","kind":"Surau","address":"43900"},"geometry":{"type":"Point","coordinates":[101.73018,2.83251]}},{"type":"Feature","properties":{"name":"Surau Al-Ikhsan","category":"mosque","kind":"Surau"},"geometry":{"type":"Point","coordinates":[101.75052,2.83651]}},{"type":"Feature","properties":{"name":"Surau Al Islah","category":"mosque","kind":"Surau"},"geometry":{"type":"Point","coordinates":[101.72369,2.8327]}},{"type":"Feature","properties":{"name":"Masjid Ar - Rahman","category":"mosque","kind":"Masjid","address":"Jalan Bukit Badong, 46000, Batang Berjuntai"},"geometry":{"type":"Point","coordinates":[101.41299,3.34287]}},{"type":"Feature","properties":{"name":"Surau Nurul Hidayah","category":"mosque","kind":"Surau","address":"Jalan Bukit Badong, 45000, Batang Berjuntai"},"geometry":{"type":"Point","coordinates":[101.42801,3.34601]}},{"type":"Feature","properties":{"name":"Surau An - Nur","category":"mosque","kind":"Surau","address":"Jalan Bukit Badong, 45000, Bestari Jaya"},"geometry":{"type":"Point","coordinates":[101.42714,3.35166]}},{"type":"Feature","properties":{"name":"Surau Al-Falak","category":"mosque","kind":"Surau","address":"Jalan Bukit Badong, 45600, Bestari Jaya"},"geometry":{"type":"Point","coordinates":[101.40877,3.37472]}},{"type":"Feature","properties":{"name":"Surau Haji Ahmad","category":"mosque","kind":"Surau","address":"Jalan Rantau Panjang, 42100, Klang"},"geometry":{"type":"Point","coordinates":[101.4107,3.0655]}},{"type":"Feature","properties":{"name":"Surau Haji Omar","category":"mosque","kind":"Surau"},"geometry":{"type":"Point","coordinates":[101.40126,3.06977]}},{"type":"Feature","properties":{"name":"Surau Al-Falahiyah","category":"mosque","kind":"Surau"},"geometry":{"type":"Point","coordinates":[101.78726,3.08509]}},{"type":"Feature","properties":{"name":"Surau Al Muttaqeen","category":"mosque","kind":"Surau"},"geometry":{"type":"Point","coordinates":[101.60961,2.93537]}},{"type":"Feature","properties":{"name":"Masjid Badlishah","category":"mosque","kind":"Masjid"},"geometry":{"type":"Point","coordinates":[101.01307,3.71007]}},{"type":"Feature","properties":{"name":"Masjid Kg Kuantan","category":"mosque","kind":"Masjid"},"geometry":{"type":"Point","coordinates":[101.45873,3.04138]}},{"type":"Feature","properties":{"name":"Surau Ar-Rahmaniah","category":"mosque","kind":"Surau"},"geometry":{"type":"Point","coordinates":[101.75861,3.14703]}},{"type":"Feature","properties":{"name":"Surau Al Kausar","category":"mosque","kind":"Surau"},"geometry":{"type":"Point","coordinates":[101.56488,3.31924]}},{"type":"Feature","properties":{"name":"Masjid Kota Raja","category":"mosque","kind":"Masjid"},"geometry":{"type":"Point","coordinates":[101.45988,3.02288]}},{"type":"Feature","properties":{"name":"Surau At Taqwa","category":"mosque","kind":"Surau","address":"Lot 13373 Jalan 1, Taman Kajang Baru, 43000, Kajang"},"geometry":{"type":"Point","coordinates":[101.80476,2.99718]}},{"type":"Feature","properties":{"name":"Masjid Nurul Iman","category":"mosque","kind":"Masjid"},"geometry":{"type":"Point","coordinates":[101.4011,3.31292]}},{"type":"Feature","properties":{"name":"Masjid As-Sajidin","category":"mosque","kind":"Masjid"},"geometry":{"type":"Point","coordinates":[101.63971,3.47147]}},{"type":"Feature","properties":{"name":"Masjid Kampung Sri Aman","category":"mosque","kind":"Masjid","address":"Jalan Aman, 47150, Puchong"},"geometry":{"type":"Point","coordinates":[101.5863,2.98631]}},{"type":"Feature","properties":{"name":"Masjid Hidayatul Muttaqin","category":"mosque","kind":"Masjid"},"geometry":{"type":"Point","coordinates":[101.5665,2.97984]}},{"type":"Feature","properties":{"name":"Masjid Nurul Hidayah","category":"mosque","kind":"Masjid"},"geometry":{"type":"Point","coordinates":[101.55092,2.88672]}},{"type":"Feature","properties":{"name":"Surau Pusat Islam PSA","category":"mosque","kind":"Surau"},"geometry":{"type":"Point","coordinates":[101.55675,3.08711]}},{"type":"Feature","properties":{"name":"Musolla KLIA","category":"mosque","kind":"Mosque / surau"},"geometry":{"type":"Point","coordinates":[101.70276,2.75507]}},{"type":"Feature","properties":{"name":"Surau Nurul Iman PUJ 9","category":"mosque","kind":"Surau","address":"Jalan PUJ 8, 43300, Seri Kembangan"},"geometry":{"type":"Point","coordinates":[101.68129,3.03757]}},{"type":"Feature","properties":{"name":"Surau Rentak Perdana","category":"mosque","kind":"Surau","address":"Jalan Rentak Perdana, 42300, Bandar Puncak Alam"},"geometry":{"type":"Point","coordinates":[101.46385,3.2386]}},{"type":"Feature","properties":{"name":"Surau Al-Faqeh @ D'cerrum","category":"mosque","kind":"Surau"},"geometry":{"type":"Point","coordinates":[101.84845,2.92167]}},{"type":"Feature","properties":{"name":"Surau Kemuning Utama","category":"mosque","kind":"Surau"},"geometry":{"type":"Point","coordinates":[101.54201,3.0166]}},{"type":"Feature","properties":{"name":"Masjid An-Nur Kampung Melayu Subang","category":"mosque","kind":"Masjid"},"geometry":{"type":"Point","coordinates":[101.53239,3.1502]}},{"type":"Feature","properties":{"name":"Surau Al-Jamaiyah","category":"mosque","kind":"Surau"},"geometry":{"type":"Point","coordinates":[101.53775,3.19893]}},{"type":"Feature","properties":{"name":"Surau Darussalam","category":"mosque","kind":"Surau"},"geometry":{"type":"Point","coordinates":[101.76693,3.11288]}},{"type":"Feature","properties":{"name":"Surau Al-Hidayah","category":"mosque","kind":"Surau","address":"Jalan Mega 13, 56100, Kuala Lumpur"},"geometry":{"type":"Point","coordinates":[101.76387,3.10822]}},{"type":"Feature","properties":{"name":"Surau Al-Azhar","category":"mosque","kind":"Surau"},"geometry":{"type":"Point","coordinates":[101.60621,3.19634]}},{"type":"Feature","properties":{"name":"Surau","category":"mosque","kind":"Surau"},"geometry":{"type":"Point","coordinates":[101.76453,3.04203]}},{"type":"Feature","properties":{"name":"Surau Eco Grandeur","category":"mosque","kind":"Surau"},"geometry":{"type":"Point","coordinates":[101.44825,3.23404]}},{"type":"Feature","properties":{"name":"Surau Al-Islah Addiniah","category":"mosque","kind":"Surau"},"geometry":{"type":"Point","coordinates":[101.55238,3.20045]}},{"type":"Feature","properties":{"name":"Surau","category":"mosque","kind":"Surau"},"geometry":{"type":"Point","coordinates":[101.73179,2.75884]}},{"type":"Feature","properties":{"name":"Surau","category":"mosque","kind":"Surau"},"geometry":{"type":"Point","coordinates":[101.7321,2.75889]}},{"type":"Feature","properties":{"name":"Surau","category":"mosque","kind":"Surau"},"geometry":{"type":"Point","coordinates":[101.46024,3.09046]}},{"type":"Feature","properties":{"name":"Masjid Ar-Raudhah","category":"mosque","kind":"Masjid","address":"Jalan 1, 43950, Kg. Ulu Teris"},"geometry":{"type":"Point","coordinates":[101.66744,2.67235]}},{"type":"Feature","properties":{"name":"Surau PKNS","category":"mosque","kind":"Surau"},"geometry":{"type":"Point","coordinates":[101.48881,3.07374]}},{"type":"Feature","properties":{"name":"Surau Nurul Iman","category":"mosque","kind":"Surau"},"geometry":{"type":"Point","coordinates":[101.52412,3.20901]}},{"type":"Feature","properties":{"name":"Surau 2 Kampung Sungai Yu","category":"mosque","kind":"Surau"},"geometry":{"type":"Point","coordinates":[101.21499,3.37771]}},{"type":"Feature","properties":{"name":"Surau 3 Kampung Sungai Yu","category":"mosque","kind":"Surau"},"geometry":{"type":"Point","coordinates":[101.20547,3.38306]}},{"type":"Feature","properties":{"name":"Surau Batu 10 Kampung Melaka","category":"mosque","kind":"Surau"},"geometry":{"type":"Point","coordinates":[101.15523,3.43562]}},{"type":"Feature","properties":{"name":"Masjid Jamiul Hasanat Kampung Tengah","category":"mosque","kind":"Masjid"},"geometry":{"type":"Point","coordinates":[101.15441,3.44696]}},{"type":"Feature","properties":{"name":"Masjid Jamek Sungai Gulang-Gulang","category":"mosque","kind":"Masjid"},"geometry":{"type":"Point","coordinates":[101.20046,3.40704]}},{"type":"Feature","properties":{"name":"Surau R&R Dengkil","category":"mosque","kind":"Surau"},"geometry":{"type":"Point","coordinates":[101.61027,2.90753]}},{"type":"Feature","properties":{"name":"Surau Khalifah Umar Abdul Aziz","category":"mosque","kind":"Surau"},"geometry":{"type":"Point","coordinates":[101.59188,3.19058]}},{"type":"Feature","properties":{"name":"Surau Hidayatul Mustaqim","category":"mosque","kind":"Surau","address":"Jalan 11, 68100, Batu Caves"},"geometry":{"type":"Point","coordinates":[101.66927,3.25265]}},{"type":"Feature","properties":{"name":"Masjid Al-Awwabin","category":"mosque","kind":"Masjid"},"geometry":{"type":"Point","coordinates":[101.40218,3.37979]}},{"type":"Feature","properties":{"name":"Suray Al-Mutmainnah","category":"mosque","kind":"Mosque / surau"},"geometry":{"type":"Point","coordinates":[101.5289,3.21781]}},{"type":"Feature","properties":{"name":"Surau","category":"mosque","kind":"Surau"},"geometry":{"type":"Point","coordinates":[101.78972,3.13205]}},{"type":"Feature","properties":{"name":"Masjid Kariah Kampung Pasir Baru","category":"mosque","kind":"Masjid"},"geometry":{"type":"Point","coordinates":[101.87129,3.0037]}},{"type":"Feature","properties":{"name":"Surau Al-Mansuriah","category":"mosque","kind":"Surau"},"geometry":{"type":"Point","coordinates":[101.84853,2.95983]}},{"type":"Feature","properties":{"name":"Surau","category":"mosque","kind":"Surau"},"geometry":{"type":"Point","coordinates":[101.6372,2.91889]}},{"type":"Feature","properties":{"name":"Surau","category":"mosque","kind":"Surau"},"geometry":{"type":"Point","coordinates":[101.63692,2.91988]}},{"type":"Feature","properties":{"name":"Surau Haji Md Zaman","category":"mosque","kind":"Surau"},"geometry":{"type":"Point","coordinates":[101.38287,3.24947]}},{"type":"Feature","properties":{"name":"Surau Nur Khalid","category":"mosque","kind":"Surau"},"geometry":{"type":"Point","coordinates":[101.49506,3.22539]}},{"type":"Feature","properties":{"name":"Surau Plaza Tol SKVE Saujana Putra","category":"mosque","kind":"Surau"},"geometry":{"type":"Point","coordinates":[101.58088,2.94816]}},{"type":"Feature","properties":{"name":"Surau Al-Fatihah","category":"mosque","kind":"Surau"},"geometry":{"type":"Point","coordinates":[101.42329,3.2445]}},{"type":"Feature","properties":{"name":"Surau Nur-Hijrah","category":"mosque","kind":"Surau"},"geometry":{"type":"Point","coordinates":[101.42228,3.24205]}},{"type":"Feature","properties":{"name":"Surau","category":"mosque","kind":"Surau"},"geometry":{"type":"Point","coordinates":[101.54335,3.17973]}},{"type":"Feature","properties":{"name":"Surau ILSAS","category":"mosque","kind":"Surau"},"geometry":{"type":"Point","coordinates":[101.73589,2.97722]}},{"type":"Feature","properties":{"name":"Surau At-Taqwa","category":"mosque","kind":"Surau"},"geometry":{"type":"Point","coordinates":[101.42712,3.24884]}},{"type":"Feature","properties":{"name":"Surau","category":"mosque","kind":"Surau"},"geometry":{"type":"Point","coordinates":[100.90546,3.75405]}},{"type":"Feature","properties":{"name":"Surau","category":"mosque","kind":"Surau"},"geometry":{"type":"Point","coordinates":[100.87414,3.82447]}},{"type":"Feature","properties":{"name":"Surau","category":"mosque","kind":"Surau"},"geometry":{"type":"Point","coordinates":[100.8258,3.80199]}},{"type":"Feature","properties":{"name":"Surau Al-Thaqwa","category":"mosque","kind":"Surau","address":"1-39 Jalan Prima SG 2, Kuala Lumpur"},"geometry":{"type":"Point","coordinates":[101.70051,3.23952]}},{"type":"Feature","properties":{"name":"Surau Al-Ehsan","category":"mosque","kind":"Surau"},"geometry":{"type":"Point","coordinates":[101.69349,3.23161]}},{"type":"Feature","properties":{"name":"Surau Al-Sheikh Daud Desa Batu Caves","category":"mosque","kind":"Surau"},"geometry":{"type":"Point","coordinates":[101.69001,3.23289]}},{"type":"Feature","properties":{"name":"Surau","category":"mosque","kind":"Surau"},"geometry":{"type":"Point","coordinates":[101.53617,3.17729]}},{"type":"Feature","properties":{"name":"Musolla","category":"mosque","kind":"Mosque / surau"},"geometry":{"type":"Point","coordinates":[101.63043,2.91036]}},{"type":"Feature","properties":{"name":"Masjid AL Azahariah","category":"mosque","kind":"Masjid"},"geometry":{"type":"Point","coordinates":[101.5192,3.04546]}},{"type":"Feature","properties":{"name":"Surau Al-Huda","category":"mosque","kind":"Surau"},"geometry":{"type":"Point","coordinates":[101.76863,3.15512]}},{"type":"Feature","properties":{"name":"Surau Al-Ikhlas","category":"mosque","kind":"Surau"},"geometry":{"type":"Point","coordinates":[101.77308,3.15214]}},{"type":"Feature","properties":{"name":"Surau Al-Baiduri","category":"mosque","kind":"Surau"},"geometry":{"type":"Point","coordinates":[101.77776,3.15645]}},{"type":"Feature","properties":{"name":"Surau","category":"mosque","kind":"Surau"},"geometry":{"type":"Point","coordinates":[101.74023,2.92681]}},{"type":"Feature","properties":{"name":"Surau Al-Mawadah","category":"mosque","kind":"Surau","address":"Jalan Platinum 7/58, 40000, Shah Alam"},"geometry":{"type":"Point","coordinates":[101.49113,3.08102]}},{"type":"Feature","properties":{"name":"AL-AMIN","category":"mosque","kind":"Mosque / surau","address":"Jalan Sampoton 33/11, 40400, Shah Alam"},"geometry":{"type":"Point","coordinates":[101.55422,3.01765]}},{"type":"Feature","properties":{"name":"MADRASAH ANNURUL MUHAMMADIYAH","category":"mosque","kind":"Mosque / surau","address":"Jalan Tamborin 33/23, 40400, Shah Alam"},"geometry":{"type":"Point","coordinates":[101.54443,3.02107]}},{"type":"Feature","properties":{"name":"Surau An Nur, Penjara Sungai Buloh","category":"mosque","kind":"Surau"},"geometry":{"type":"Point","coordinates":[101.49435,3.23493]}},{"type":"Feature","properties":{"name":"Surau Al-Hijrah","category":"mosque","kind":"Surau"},"geometry":{"type":"Point","coordinates":[101.58049,2.95464]}},{"type":"Feature","properties":{"name":"Surau","category":"mosque","kind":"Surau"},"geometry":{"type":"Point","coordinates":[101.68123,2.76841]}},{"type":"Feature","properties":{"name":"Surau Arrahman Seri Permata","category":"mosque","kind":"Surau"},"geometry":{"type":"Point","coordinates":[101.53043,3.08328]}},{"type":"Feature","properties":{"name":"Surau Muwafiqin","category":"mosque","kind":"Surau"},"geometry":{"type":"Point","coordinates":[101.65468,3.24459]}},{"type":"Feature","properties":{"name":"Surau","category":"mosque","kind":"Surau"},"geometry":{"type":"Point","coordinates":[101.48274,3.06562]}},{"type":"Feature","properties":{"name":"Surau Ar-Rayyan Ceria","category":"mosque","kind":"Surau"},"geometry":{"type":"Point","coordinates":[101.63173,2.91641]}},{"type":"Feature","properties":{"name":"MSU Mosque","category":"mosque","kind":"Mosque / surau"},"geometry":{"type":"Point","coordinates":[101.55223,3.07882]}},{"type":"Feature","properties":{"name":"Surau Madrasatul Muizzah","category":"mosque","kind":"Surau"},"geometry":{"type":"Point","coordinates":[101.7854,3.08004]}},{"type":"Feature","properties":{"name":"Surau Hamiddean","category":"mosque","kind":"Surau","address":"40300"},"geometry":{"type":"Point","coordinates":[101.5354,3.05113]}},{"type":"Feature","properties":{"name":"Surau An-Nuur","category":"mosque","kind":"Surau","address":"40300"},"geometry":{"type":"Point","coordinates":[101.54021,3.05391]}},{"type":"Feature","properties":{"name":"Surau","category":"mosque","kind":"Surau"},"geometry":{"type":"Point","coordinates":[101.50782,3.0772]}},{"type":"Feature","properties":{"name":"Masjid Jamek Fastabiqul Khayrat","category":"mosque","kind":"Masjid"},"geometry":{"type":"Point","coordinates":[101.55742,3.05929]}},{"type":"Feature","properties":{"name":"Masjid Kampung Tunku","category":"mosque","kind":"Masjid","address":"Jalan SS 1/31, Petaling Jaya"},"geometry":{"type":"Point","coordinates":[101.61969,3.10378]}},{"type":"Feature","properties":{"name":"Surau Jenaris","category":"mosque","kind":"Surau","address":"Jalan Jenaris 1"},"geometry":{"type":"Point","coordinates":[101.80169,3.01208]}},{"type":"Feature","properties":{"name":"Masjid Al-Ubudiah","category":"mosque","kind":"Masjid"},"geometry":{"type":"Point","coordinates":[101.53187,3.05644]}},{"type":"Feature","properties":{"name":"Masjid Abu Bakar As-Siddiq","category":"mosque","kind":"Masjid"},"geometry":{"type":"Point","coordinates":[101.57839,3.06689]}},{"type":"Feature","properties":{"name":"Masjid Al-Mukarramah","category":"mosque","kind":"Masjid"},"geometry":{"type":"Point","coordinates":[101.61404,3.19139]}},{"type":"Feature","properties":{"name":"Madrasah Persaudaraan Islam","category":"mosque","kind":"Mosque / surau","address":"Petaling Jaya"},"geometry":{"type":"Point","coordinates":[101.60065,3.1081]}},{"type":"Feature","properties":{"name":"Masjid Universiti Putra Malaysia","category":"mosque","kind":"Masjid"},"geometry":{"type":"Point","coordinates":[101.71703,3.00209]}},{"type":"Feature","properties":{"name":"Surau Al Hidayah","category":"mosque","kind":"Surau"},"geometry":{"type":"Point","coordinates":[101.64303,2.92425]}},{"type":"Feature","properties":{"name":"Masjid Tengku Kelana Jaya Petra","category":"mosque","kind":"Masjid","address":"Petaling Jaya"},"geometry":{"type":"Point","coordinates":[101.59541,3.09515]}},{"type":"Feature","properties":{"name":"Madrasah Salahuddin","category":"mosque","kind":"Mosque / surau"},"geometry":{"type":"Point","coordinates":[101.62986,3.10897]}},{"type":"Feature","properties":{"name":"Surau","category":"mosque","kind":"Surau"},"geometry":{"type":"Point","coordinates":[101.69559,3.01577]}},{"type":"Feature","properties":{"name":"Masjid Nurul Hidayah","category":"mosque","kind":"Masjid"},"geometry":{"type":"Point","coordinates":[101.5244,3.25424]}},{"type":"Feature","properties":{"name":"Masjid Kajang","category":"mosque","kind":"Masjid"},"geometry":{"type":"Point","coordinates":[101.78846,2.99749]}},{"type":"Feature","properties":{"name":"Masjid Jumhuriah","category":"mosque","kind":"Masjid","address":"Petaling Jaya"},"geometry":{"type":"Point","coordinates":[101.63772,3.0824]}},{"type":"Feature","properties":{"name":"Surau Al-Hidayah","category":"mosque","kind":"Surau"},"geometry":{"type":"Point","coordinates":[101.56428,3.01797]}},{"type":"Feature","properties":{"name":"Surau Al-Islah","category":"mosque","kind":"Surau"},"geometry":{"type":"Point","coordinates":[101.42323,3.16747]}},{"type":"Feature","properties":{"name":"Masjid Nurus Saadah","category":"mosque","kind":"Masjid","address":"56100"},"geometry":{"type":"Point","coordinates":[101.75355,3.10951]}},{"type":"Feature","properties":{"name":"Surau Nurul Iman","category":"mosque","kind":"Surau"},"geometry":{"type":"Point","coordinates":[101.75298,3.05748]}},{"type":"Feature","properties":{"name":"Surau Al-Ikhlas","category":"mosque","kind":"Surau"},"geometry":{"type":"Point","coordinates":[101.57548,3.07465]}},{"type":"Feature","properties":{"name":"Masjid Al-Faizin","category":"mosque","kind":"Masjid"},"geometry":{"type":"Point","coordinates":[101.56015,3.00727]}},{"type":"Feature","properties":{"name":"Surau Al-Mutawakkil Billah","category":"mosque","kind":"Surau"},"geometry":{"type":"Point","coordinates":[101.55986,2.99194]}},{"type":"Feature","properties":{"name":"Surau Ar Raudah","category":"mosque","kind":"Surau"},"geometry":{"type":"Point","coordinates":[101.56054,2.99357]}},{"type":"Feature","properties":{"name":"Masjid Al-Munawwarah","category":"mosque","kind":"Masjid"},"geometry":{"type":"Point","coordinates":[101.56624,3.01412]}},{"type":"Feature","properties":{"name":"Masjid Jamek Batu Dua Belas Puchong","category":"mosque","kind":"Masjid"},"geometry":{"type":"Point","coordinates":[101.61366,3.01972]}},{"type":"Feature","properties":{"name":"Surau Al-Firdaus","category":"mosque","kind":"Surau"},"geometry":{"type":"Point","coordinates":[101.63684,3.03933]}},{"type":"Feature","properties":{"name":"Surau Al-Husna","category":"mosque","kind":"Surau"},"geometry":{"type":"Point","coordinates":[101.61851,3.03008]}},{"type":"Feature","properties":{"name":"Masjid Baitul Amin","category":"mosque","kind":"Masjid","address":"Jalan Wawasan 5/3"},"geometry":{"type":"Point","coordinates":[101.62628,3.02802]}},{"type":"Feature","properties":{"name":"Surau Sri Jati","category":"mosque","kind":"Surau"},"geometry":{"type":"Point","coordinates":[101.62627,3.02221]}},{"type":"Feature","properties":{"name":"Surau Nur Iman","category":"mosque","kind":"Surau"},"geometry":{"type":"Point","coordinates":[101.60411,3.07108]}},{"type":"Feature","properties":{"name":"Surau Ibtida'iah","category":"mosque","kind":"Surau"},"geometry":{"type":"Point","coordinates":[101.62,3.0634]}},{"type":"Feature","properties":{"name":"Surau Taman Bukit Kucai","category":"mosque","kind":"Surau"},"geometry":{"type":"Point","coordinates":[101.63366,3.05893]}},{"type":"Feature","properties":{"name":"Surau al-Madaniah","category":"mosque","kind":"Surau"},"geometry":{"type":"Point","coordinates":[101.58451,3.03139]}},{"type":"Feature","properties":{"name":"Surau Nurul Ehsan Pangsapuri Sri Tanjung","category":"mosque","kind":"Surau"},"geometry":{"type":"Point","coordinates":[101.5738,3.03764]}},{"type":"Feature","properties":{"name":"Surau Nurul Ehsan Pangsapuri Sri Tanjung","category":"mosque","kind":"Surau"},"geometry":{"type":"Point","coordinates":[101.57349,3.03777]}},{"type":"Feature","properties":{"name":"Surau al-Muttaqun","category":"mosque","kind":"Surau"},"geometry":{"type":"Point","coordinates":[101.57616,3.03988]}},{"type":"Feature","properties":{"name":"Surau","category":"mosque","kind":"Surau"},"geometry":{"type":"Point","coordinates":[101.59206,3.03821]}},{"type":"Feature","properties":{"name":"Masjid Al-Falah","category":"mosque","kind":"Masjid","address":"Jalan USJ 9/1, 47620, Subang Jaya"},"geometry":{"type":"Point","coordinates":[101.58756,3.04517]}},{"type":"Feature","properties":{"name":"Surau USJ 9","category":"mosque","kind":"Surau"},"geometry":{"type":"Point","coordinates":[101.58403,3.04367]}},{"type":"Feature","properties":{"name":"Surau Al-Furqan","category":"mosque","kind":"Surau"},"geometry":{"type":"Point","coordinates":[101.59051,3.04276]}},{"type":"Feature","properties":{"name":"Surau","category":"mosque","kind":"Surau"},"geometry":{"type":"Point","coordinates":[101.58964,3.04583]}},{"type":"Feature","properties":{"name":"Surau Angsana Apartment","category":"mosque","kind":"Surau"},"geometry":{"type":"Point","coordinates":[101.60247,3.04348]}},{"type":"Feature","properties":{"name":"Masjid Al Irsyad","category":"mosque","kind":"Masjid"},"geometry":{"type":"Point","coordinates":[101.60207,3.04807]}},{"type":"Feature","properties":{"name":"Surau USJ1","category":"mosque","kind":"Surau"},"geometry":{"type":"Point","coordinates":[101.60176,3.05452]}},{"type":"Feature","properties":{"name":"Masjid Al-Ridhuan","category":"mosque","kind":"Masjid"},"geometry":{"type":"Point","coordinates":[101.76228,3.19705]}},{"type":"Feature","properties":{"name":"Masjid Universiti","category":"mosque","kind":"Masjid"},"geometry":{"type":"Point","coordinates":[101.77712,2.92915]}},{"type":"Feature","properties":{"name":"Surau Ar-Rahman","category":"mosque","kind":"Surau","address":"Jalan TPP 1/24"},"geometry":{"type":"Point","coordinates":[101.61132,3.02964]}},{"type":"Feature","properties":{"name":"Surau Al-Hidayah","category":"mosque","kind":"Surau"},"geometry":{"type":"Point","coordinates":[101.60829,3.02886]}},{"type":"Feature","properties":{"name":"Surau Baitul Ibadah","category":"mosque","kind":"Surau"},"geometry":{"type":"Point","coordinates":[101.53031,3.25527]}},{"type":"Feature","properties":{"name":"Surau Ukasyah","category":"mosque","kind":"Surau"},"geometry":{"type":"Point","coordinates":[101.63977,3.04719]}},{"type":"Feature","properties":{"name":"Masjid Al-Amin","category":"mosque","kind":"Masjid"},"geometry":{"type":"Point","coordinates":[101.63022,3.05443]}},{"type":"Feature","properties":{"name":"Masjid Al-Amin","category":"mosque","kind":"Masjid"},"geometry":{"type":"Point","coordinates":[101.75679,3.0793]}},{"type":"Feature","properties":{"name":"Surau Nurul Hidayah","category":"mosque","kind":"Surau"},"geometry":{"type":"Point","coordinates":[101.77926,3.07735]}},{"type":"Feature","properties":{"name":"Surau At-Taqwa","category":"mosque","kind":"Surau"},"geometry":{"type":"Point","coordinates":[101.77052,3.08427]}},{"type":"Feature","properties":{"name":"Madrasatul Hidayah Taman Cuepacs","category":"mosque","kind":"Mosque / surau"},"geometry":{"type":"Point","coordinates":[101.76101,3.07907]}},{"type":"Feature","properties":{"name":"Masjid At-Taqwa Desa Subang Permai","category":"mosque","kind":"Masjid"},"geometry":{"type":"Point","coordinates":[101.52637,3.14109]}},{"type":"Feature","properties":{"name":"Masjid Nurul Ehsan","category":"mosque","kind":"Masjid","address":"46000, Petaling Jaya"},"geometry":{"type":"Point","coordinates":[101.62836,3.08013]}},{"type":"Feature","properties":{"name":"Surau ar-Rasyidin","category":"mosque","kind":"Surau"},"geometry":{"type":"Point","coordinates":[101.70063,3.22749]}},{"type":"Feature","properties":{"name":"Masjid Al-Firdaus","category":"mosque","kind":"Masjid","address":"Jenjarom"},"geometry":{"type":"Point","coordinates":[101.49116,2.88628]}},{"type":"Feature","properties":{"name":"Surau Al-Ittihad","category":"mosque","kind":"Surau"},"geometry":{"type":"Point","coordinates":[101.86828,2.94659]}},{"type":"Feature","properties":{"name":"Surau Al-Furqan","category":"mosque","kind":"Surau","address":"Jalan Naluri Sukma, 42300, Puncak Alam"},"geometry":{"type":"Point","coordinates":[101.42746,3.22862]}},{"type":"Feature","properties":{"name":"Masjid Asy-Syakirin","category":"mosque","kind":"Masjid"},"geometry":{"type":"Point","coordinates":[101.61104,2.98103]}},{"type":"Feature","properties":{"name":"Surau Ar Rukyah","category":"mosque","kind":"Surau"},"geometry":{"type":"Point","coordinates":[101.59766,3.00622]}},{"type":"Feature","properties":{"name":"Masjid Al-Mutmainnah","category":"mosque","kind":"Masjid","address":"Banting"},"geometry":{"type":"Point","coordinates":[101.61866,2.80335]}},{"type":"Feature","properties":{"name":"Surau Al-Firdaus","category":"mosque","kind":"Surau"},"geometry":{"type":"Point","coordinates":[101.70859,3.02031]}},{"type":"Feature","properties":{"name":"Masjid Al-Jamiyah Al-Islamiyah","category":"mosque","kind":"Masjid","address":"Teluk Panglima Garang"},"geometry":{"type":"Point","coordinates":[101.47271,2.93007]}},{"type":"Feature","properties":{"name":"Surau Fatimah Sheikh Soltan","category":"mosque","kind":"Surau","address":"Teluk Panglima Garang"},"geometry":{"type":"Point","coordinates":[101.47438,2.94052]}},{"type":"Feature","properties":{"name":"Masjid Jamiul Ehsani","category":"mosque","kind":"Masjid","address":"Teluk Panglima Garang"},"geometry":{"type":"Point","coordinates":[101.44579,2.93913]}},{"type":"Feature","properties":{"name":"Masjid Al-Huda","category":"mosque","kind":"Masjid"},"geometry":{"type":"Point","coordinates":[101.55013,3.20047]}},{"type":"Feature","properties":{"name":"Surau As-Siddiq","category":"mosque","kind":"Surau","address":"Bandar Tun Hussein Onn, 43000, Cheras"},"geometry":{"type":"Point","coordinates":[101.75373,3.04766]}},{"type":"Feature","properties":{"name":"Masjid Jamek Al-Amaniah","category":"mosque","kind":"Masjid","address":"68100, Batu Caves"},"geometry":{"type":"Point","coordinates":[101.67445,3.23603]}},{"type":"Feature","properties":{"name":"Surau Al Muhajirin","category":"mosque","kind":"Surau"},"geometry":{"type":"Point","coordinates":[101.7617,3.17895]}},{"type":"Feature","properties":{"name":"Surau Al-Amin","category":"mosque","kind":"Surau"},"geometry":{"type":"Point","coordinates":[101.44911,3.0019]}},{"type":"Feature","properties":{"name":"Masjid Jamek Al-Rahimiah","category":"mosque","kind":"Masjid"},"geometry":{"type":"Point","coordinates":[101.44317,3.02242]}},{"type":"Feature","properties":{"name":"Surau Muhajirin","category":"mosque","kind":"Surau"},"geometry":{"type":"Point","coordinates":[101.6972,3.22988]}},{"type":"Feature","properties":{"name":"Surau Al-Hidayah","category":"mosque","kind":"Surau","address":"Kajang"},"geometry":{"type":"Point","coordinates":[101.79532,2.98223]}},{"type":"Feature","properties":{"name":"Masjid Al - Muttaqin","category":"mosque","kind":"Masjid"},"geometry":{"type":"Point","coordinates":[101.83818,3.14592]}},{"type":"Feature","properties":{"name":"Surau Al-Yaqeen","category":"mosque","kind":"Surau","address":"43300, Seri Kembangan"},"geometry":{"type":"Point","coordinates":[101.71097,3.02233]}},{"type":"Feature","properties":{"name":"Surau Hizbul Islami","category":"mosque","kind":"Surau","address":"Klang"},"geometry":{"type":"Point","coordinates":[101.40277,3.04756]}},{"type":"Feature","properties":{"name":"Masjid India","category":"mosque","kind":"Masjid"},"geometry":{"type":"Point","coordinates":[101.40927,3.37831]}},{"type":"Feature","properties":{"name":"Surau Ar Rahman","category":"mosque","kind":"Surau"},"geometry":{"type":"Point","coordinates":[101.55788,3.23014]}},{"type":"Feature","properties":{"name":"Surau Jumaat Al-Ikhlas","category":"mosque","kind":"Surau"},"geometry":{"type":"Point","coordinates":[101.732,3.03651]}},{"type":"Feature","properties":{"name":"Masjid Nurul Amin","category":"mosque","kind":"Masjid"},"geometry":{"type":"Point","coordinates":[101.4032,3.02977]}},{"type":"Feature","properties":{"name":"Masjid Al-Amin","category":"mosque","kind":"Masjid"},"geometry":{"type":"Point","coordinates":[101.50126,3.04214]}},{"type":"Feature","properties":{"name":"Masjid Riadhussolihin","category":"mosque","kind":"Masjid","address":"Jalan Belanak 17/43"},"geometry":{"type":"Point","coordinates":[101.50823,3.04505]}},{"type":"Feature","properties":{"name":"Masjid Taming Jaya","category":"mosque","kind":"Masjid"},"geometry":{"type":"Point","coordinates":[101.73841,3.02461]}},{"type":"Feature","properties":{"name":"Surau Kolej Melati","category":"mosque","kind":"Surau"},"geometry":{"type":"Point","coordinates":[101.49748,3.07042]}},{"type":"Feature","properties":{"name":"Surau Mawar","category":"mosque","kind":"Surau"},"geometry":{"type":"Point","coordinates":[101.49636,3.06896]}},{"type":"Feature","properties":{"name":"Surau Al-Ansor Seksyen 2","category":"mosque","kind":"Surau"},"geometry":{"type":"Point","coordinates":[101.5074,3.07006]}},{"type":"Feature","properties":{"name":"Masjid Al-Wathiqu Billah Tuanku Mizan Zainal Abidin","category":"mosque","kind":"Masjid"},"geometry":{"type":"Point","coordinates":[101.50285,3.06818]}},{"type":"Feature","properties":{"name":"Masjid Hashimiah","category":"mosque","kind":"Masjid"},"geometry":{"type":"Point","coordinates":[101.00555,3.6616]}},{"type":"Feature","properties":{"name":"Masjid Al-Mustaqim","category":"mosque","kind":"Masjid"},"geometry":{"type":"Point","coordinates":[101.75226,3.14969]}},{"type":"Feature","properties":{"name":"Surau Dagang Avenue","category":"mosque","kind":"Surau"},"geometry":{"type":"Point","coordinates":[101.75356,3.14946]}},{"type":"Feature","properties":{"name":"Masjid Jamiul-Huda","category":"mosque","kind":"Masjid","address":"68000"},"geometry":{"type":"Point","coordinates":[101.76123,3.15237]}},{"type":"Feature","properties":{"name":"Surau Al-Ansar","category":"mosque","kind":"Surau"},"geometry":{"type":"Point","coordinates":[101.47521,2.9356]}},{"type":"Feature","properties":{"name":"Surau Irsyadiah","category":"mosque","kind":"Surau"},"geometry":{"type":"Point","coordinates":[101.00209,3.66498]}},{"type":"Feature","properties":{"name":"Surau","category":"mosque","kind":"Surau"},"geometry":{"type":"Point","coordinates":[101.55507,2.67318]}},{"type":"Feature","properties":{"name":"Masjid Nurul Hidayah","category":"mosque","kind":"Masjid"},"geometry":{"type":"Point","coordinates":[101.74806,3.14486]}},{"type":"Feature","properties":{"name":"Masjid Bandar Diraja Klang Utara","category":"mosque","kind":"Masjid"},"geometry":{"type":"Point","coordinates":[101.44572,3.04772]}},{"type":"Feature","properties":{"name":"Ruqayyah Musolla","category":"mosque","kind":"Mosque / surau"},"geometry":{"type":"Point","coordinates":[101.73254,3.26002]}},{"type":"Feature","properties":{"name":"Masjid Kolej Islam Malaya","category":"mosque","kind":"Masjid"},"geometry":{"type":"Point","coordinates":[101.64102,3.11905]}},{"type":"Feature","properties":{"name":"Surau Almukminin","category":"mosque","kind":"Surau"},"geometry":{"type":"Point","coordinates":[101.78907,2.92706]}},{"type":"Feature","properties":{"name":"Sultan Haji Ahmad Shah Mosque","category":"mosque","kind":"Mosque / surau"},"geometry":{"type":"Point","coordinates":[101.73493,3.25134]}},{"type":"Feature","properties":{"name":"Masjid Darussalam Kampung Bukit Kucing","category":"mosque","kind":"Masjid"},"geometry":{"type":"Point","coordinates":[101.343,3.27133]}},{"type":"Feature","properties":{"name":"Masjid Ar-Rahman","category":"mosque","kind":"Masjid"},"geometry":{"type":"Point","coordinates":[101.61725,3.09844]}},{"type":"Feature","properties":{"name":"Masjid Makmuriah","category":"mosque","kind":"Masjid"},"geometry":{"type":"Point","coordinates":[100.98926,3.68083]}},{"type":"Feature","properties":{"name":"Masjid Al-Jenderami","category":"mosque","kind":"Masjid"},"geometry":{"type":"Point","coordinates":[101.72589,2.88024]}},{"type":"Feature","properties":{"name":"Madrasah Attaufiqiah","category":"mosque","kind":"Mosque / surau","address":"Jalan Sungai Kantan, Kajang"},"geometry":{"type":"Point","coordinates":[101.78744,2.99757]}},{"type":"Feature","properties":{"name":"Surau","category":"mosque","kind":"Surau"},"geometry":{"type":"Point","coordinates":[101.72899,2.91231]}},{"type":"Feature","properties":{"name":"Masjid Al Iman","category":"mosque","kind":"Masjid"},"geometry":{"type":"Point","coordinates":[101.7244,2.91208]}},{"type":"Feature","properties":{"name":"Surau Al Hidayah","category":"mosque","kind":"Surau"},"geometry":{"type":"Point","coordinates":[101.58668,2.9399]}},{"type":"Feature","properties":{"name":"Masjid Al-Bakri","category":"mosque","kind":"Masjid"},"geometry":{"type":"Point","coordinates":[101.50757,3.00439]}},{"type":"Feature","properties":{"name":"Surau An-Namira Bukit Rimau","category":"mosque","kind":"Surau"},"geometry":{"type":"Point","coordinates":[101.52632,2.99322]}},{"type":"Feature","properties":{"name":"Masjid Al-Baraqah","category":"mosque","kind":"Masjid"},"geometry":{"type":"Point","coordinates":[101.46405,2.99843]}},{"type":"Feature","properties":{"name":"Masjid As-Salam","category":"mosque","kind":"Masjid"},"geometry":{"type":"Point","coordinates":[101.56924,3.40421]}},{"type":"Feature","properties":{"name":"Masjid Al-Mukminun","category":"mosque","kind":"Masjid"},"geometry":{"type":"Point","coordinates":[101.5855,3.06002]}},{"type":"Feature","properties":{"name":"Masjid Tengku Ampuan Jemaah","category":"mosque","kind":"Masjid"},"geometry":{"type":"Point","coordinates":[101.53871,3.0996]}},{"type":"Feature","properties":{"name":"Masjid Bandar Tun Hussein Onn","category":"mosque","kind":"Masjid"},"geometry":{"type":"Point","coordinates":[101.76041,3.04848]}},{"type":"Feature","properties":{"name":"Masjid As-Salam","category":"mosque","kind":"Masjid"},"geometry":{"type":"Point","coordinates":[101.60775,3.00962]}},{"type":"Feature","properties":{"name":"Masjid Al-Muhtadin","category":"mosque","kind":"Masjid","address":"Jalan PJU 10/1D, 47830, Petaling Jaya"},"geometry":{"type":"Point","coordinates":[101.59576,3.19452]}},{"type":"Feature","properties":{"name":"Surau Al-Firdaus","category":"mosque","kind":"Surau"},"geometry":{"type":"Point","coordinates":[101.58724,3.19891]}},{"type":"Feature","properties":{"name":"Surau","category":"mosque","kind":"Surau"},"geometry":{"type":"Point","coordinates":[101.47301,2.94458]}},{"type":"Feature","properties":{"name":"Masjid Ara Damansara","category":"mosque","kind":"Masjid"},"geometry":{"type":"Point","coordinates":[101.5839,3.11711]}},{"type":"Feature","properties":{"name":"Masjid Taman Sri Muda","category":"mosque","kind":"Masjid"},"geometry":{"type":"Point","coordinates":[101.53499,3.03324]}},{"type":"Feature","properties":{"name":"Surau At-Taqwa","category":"mosque","kind":"Surau"},"geometry":{"type":"Point","coordinates":[101.76647,2.93949]}},{"type":"Feature","properties":{"name":"Surau Al Ikhlas","category":"mosque","kind":"Surau"},"geometry":{"type":"Point","coordinates":[101.53196,3.10996]}},{"type":"Feature","properties":{"name":"Surau As Sahabah","category":"mosque","kind":"Surau"},"geometry":{"type":"Point","coordinates":[101.57539,3.17098]}},{"type":"Feature","properties":{"name":"Surau Al-Hidayah Saujana Utama","category":"mosque","kind":"Surau"},"geometry":{"type":"Point","coordinates":[101.47951,3.20624]}},{"type":"Feature","properties":{"name":"Surau Al-Syed","category":"mosque","kind":"Surau"},"geometry":{"type":"Point","coordinates":[101.63752,3.22078]}},{"type":"Feature","properties":{"name":"Surau Nurul Iman","category":"mosque","kind":"Surau"},"geometry":{"type":"Point","coordinates":[101.57292,3.22662]}},{"type":"Feature","properties":{"name":"Masjid Jamek FRIM","category":"mosque","kind":"Masjid"},"geometry":{"type":"Point","coordinates":[101.63146,3.23573]}},{"type":"Feature","properties":{"name":"Surau Bukit Jelutong","category":"mosque","kind":"Surau","address":"1 Jalan Mimbar U8/13, 40150"},"geometry":{"type":"Point","coordinates":[101.52687,3.10007]}},{"type":"Feature","properties":{"name":"Masjid Jamek Pekan Sungai Buloh","category":"mosque","kind":"Masjid","address":"786 Jalan Masjid"},"geometry":{"type":"Point","coordinates":[101.57812,3.20721]}},{"type":"Feature","properties":{"name":"Surau An Nur Taman Jasa","category":"mosque","kind":"Surau","address":"Jalan Jasa 20, Taman Jasa, 68100, Batu Caves"},"geometry":{"type":"Point","coordinates":[101.67742,3.25656]}},{"type":"Feature","properties":{"name":"Surau Al Husna","category":"mosque","kind":"Surau"},"geometry":{"type":"Point","coordinates":[101.68899,3.00638]}},{"type":"Feature","properties":{"name":"Surau Al-Falah ELC","category":"mosque","kind":"Surau"},"geometry":{"type":"Point","coordinates":[101.79361,2.93786]}},{"type":"Feature","properties":{"name":"Masjid Sungai Nibong","category":"mosque","kind":"Masjid"},"geometry":{"type":"Point","coordinates":[101.06328,3.59444]}},{"type":"Feature","properties":{"name":"Masjid Ar-Rahmah","category":"mosque","kind":"Masjid","address":"Banting"},"geometry":{"type":"Point","coordinates":[101.65548,2.80344]}},{"type":"Feature","properties":{"name":"Masjid Bandar Utama Batang Kali","category":"mosque","kind":"Masjid","address":"Batang Kali"},"geometry":{"type":"Point","coordinates":[101.65556,3.45823]}},{"type":"Feature","properties":{"name":"Masjid Jamek Al-Rahimah","category":"mosque","kind":"Masjid","address":"Kuala Kubu Bharu"},"geometry":{"type":"Point","coordinates":[101.65503,3.56157]}},{"type":"Feature","properties":{"name":"Masjid Raja Muda Musa","category":"mosque","kind":"Masjid"},"geometry":{"type":"Point","coordinates":[101.84488,2.95113]}},{"type":"Feature","properties":{"name":"Masjid Pekan Sepang","category":"mosque","kind":"Masjid","address":"Sepang"},"geometry":{"type":"Point","coordinates":[101.75228,2.69451]}},{"type":"Feature","properties":{"name":"Masjid Ar-Rahman","category":"mosque","kind":"Masjid","address":"Batu 21 Jalan Sungai Lui, 43100, Hulu Langat"},"geometry":{"type":"Point","coordinates":[101.88123,3.1654]}},{"type":"Feature","properties":{"name":"Surau","category":"mosque","kind":"Surau"},"geometry":{"type":"Point","coordinates":[101.87278,3.17113]}},{"type":"Feature","properties":{"name":"Surau","category":"mosque","kind":"Surau"},"geometry":{"type":"Point","coordinates":[101.58042,3.05561]}},{"type":"Feature","properties":{"name":"Surau Al-Hidayah","category":"mosque","kind":"Surau","address":"Rasa"},"geometry":{"type":"Point","coordinates":[101.63626,3.51497]}},{"type":"Feature","properties":{"name":"Surau Taman Keruing","category":"mosque","kind":"Surau","address":"Rasa"},"geometry":{"type":"Point","coordinates":[101.62621,3.49606]}},{"type":"Feature","properties":{"name":"Surau Sa'odatus-Salam","category":"mosque","kind":"Surau","address":"Kuala Kubu Bharu"},"geometry":{"type":"Point","coordinates":[101.65436,3.53573]}},{"type":"Feature","properties":{"name":"Masjid Lama Al-Hidayah","category":"mosque","kind":"Masjid","address":"Kuala Kubu Bharu"},"geometry":{"type":"Point","coordinates":[101.65944,3.55122]}},{"type":"Feature","properties":{"name":"Surau Al Hidayah","category":"mosque","kind":"Surau","address":"Jalan Kesumba 3a, Bukit Beruntung"},"geometry":{"type":"Point","coordinates":[101.59463,3.428]}},{"type":"Feature","properties":{"name":"Surau Ar-Raudhah","category":"mosque","kind":"Surau","address":"Bukit Beruntung"},"geometry":{"type":"Point","coordinates":[101.59145,3.4316]}},{"type":"Feature","properties":{"name":"Masjid Al-Hasanah","category":"mosque","kind":"Masjid","address":"Bandar Baru Bangi"},"geometry":{"type":"Point","coordinates":[101.75294,2.95892]}},{"type":"Feature","properties":{"name":"Surau Al-Hidayah","category":"mosque","kind":"Surau"},"geometry":{"type":"Point","coordinates":[101.71111,3.00656]}},{"type":"Feature","properties":{"name":"Masjid Ar-Rahman","category":"mosque","kind":"Masjid","address":"Banting"},"geometry":{"type":"Point","coordinates":[101.53136,2.83292]}},{"type":"Feature","properties":{"name":"Masjid Jameatus Solehah","category":"mosque","kind":"Masjid","address":"Dengkil"},"geometry":{"type":"Point","coordinates":[101.67899,2.8582]}},{"type":"Feature","properties":{"name":"Surau Al-Ikhwan","category":"mosque","kind":"Surau","address":"Kajang"},"geometry":{"type":"Point","coordinates":[101.70637,2.90539]}},{"type":"Feature","properties":{"name":"Masjid Al-Hijrah","category":"mosque","kind":"Masjid","address":"Kajang"},"geometry":{"type":"Point","coordinates":[101.70134,2.89779]}},{"type":"Feature","properties":{"name":"Surau Al-Mukhlisin","category":"mosque","kind":"Surau","address":"Kajang"},"geometry":{"type":"Point","coordinates":[101.707,2.89848]}},{"type":"Feature","properties":{"name":"Masjid An-Nur","category":"mosque","kind":"Masjid"},"geometry":{"type":"Point","coordinates":[101.57658,3.05731]}},{"type":"Feature","properties":{"name":"Madrasatul Islamiah","category":"mosque","kind":"Mosque / surau","address":"Jalan SS 8/8A, Petaling Jaya"},"geometry":{"type":"Point","coordinates":[101.61427,3.09125]}},{"type":"Feature","properties":{"name":"Masjid Al-Ehsan","category":"mosque","kind":"Masjid","address":"Petaling Jaya"},"geometry":{"type":"Point","coordinates":[101.60905,3.10811]}},{"type":"Feature","properties":{"name":"Surau Haji Maruan","category":"mosque","kind":"Surau"},"geometry":{"type":"Point","coordinates":[101.13343,3.45949]}},{"type":"Feature","properties":{"name":"Masjid As-Syukriah","category":"mosque","kind":"Masjid","address":"Kuala Kubu Bharu"},"geometry":{"type":"Point","coordinates":[101.4301,3.72225]}},{"type":"Feature","properties":{"name":"Masjid Al-Makmur","category":"mosque","kind":"Masjid","address":"Kuala Kubu Bharu"},"geometry":{"type":"Point","coordinates":[101.38454,3.74202]}},{"type":"Feature","properties":{"name":"Surau R&R MEX Seri Kembangan (Utara)","category":"mosque","kind":"Surau"},"geometry":{"type":"Point","coordinates":[101.6823,2.98741]}},{"type":"Feature","properties":{"name":"Surau R&R MEX Seri Kembangan (Selatan)","category":"mosque","kind":"Surau"},"geometry":{"type":"Point","coordinates":[101.6842,2.9897]}},{"type":"Feature","properties":{"name":"Surau Al-Falaq","category":"mosque","kind":"Surau","address":"Puchong"},"geometry":{"type":"Point","coordinates":[101.67322,3.03478]}},{"type":"Feature","properties":{"name":"Masjid Tun Abdul Aziz","category":"mosque","kind":"Masjid","address":"Petaling Jaya"},"geometry":{"type":"Point","coordinates":[101.63407,3.11232]}},{"type":"Feature","properties":{"name":"Surau Haji Ismail","category":"mosque","kind":"Surau","address":"Puncak Alam"},"geometry":{"type":"Point","coordinates":[101.42782,3.24533]}},{"type":"Feature","properties":{"name":"Surau Ar-Rahimah","category":"mosque","kind":"Surau","address":"Puncak Alam"},"geometry":{"type":"Point","coordinates":[101.43357,3.21867]}},{"type":"Feature","properties":{"name":"Surau At-Taufiqiyyah","category":"mosque","kind":"Surau","address":"Puncak Alam"},"geometry":{"type":"Point","coordinates":[101.4129,3.2297]}},{"type":"Feature","properties":{"name":"Surau Al-Muttaqin","category":"mosque","kind":"Surau","address":"Lorong Cakera Purnama 12/10, 42300, Puncak Alam"},"geometry":{"type":"Point","coordinates":[101.42553,3.24122]}},{"type":"Feature","properties":{"name":"Masjid As-Saadah","category":"mosque","kind":"Masjid","address":"Pelabuhan Klang"},"geometry":{"type":"Point","coordinates":[101.37543,3.02607]}},{"type":"Feature","properties":{"name":"Surau Darul Hikmah","category":"mosque","kind":"Surau","address":"Pelabuhan Klang"},"geometry":{"type":"Point","coordinates":[101.38476,3.03189]}},{"type":"Feature","properties":{"name":"Masjid Kiayi Haji Abdullah Umar","category":"mosque","kind":"Masjid","address":"Jalan Kapar, Klang"},"geometry":{"type":"Point","coordinates":[101.40551,3.0798]}},{"type":"Feature","properties":{"name":"Masjid Al-Ubudiah","category":"mosque","kind":"Masjid","address":"44100, Kerling"},"geometry":{"type":"Point","coordinates":[101.60362,3.59136]}},{"type":"Feature","properties":{"name":"Surau Gumut Tambahan","category":"mosque","kind":"Surau","address":"44100, Kalumpang"},"geometry":{"type":"Point","coordinates":[101.57672,3.62569]}},{"type":"Feature","properties":{"name":"Masjid At-Taqwa","category":"mosque","kind":"Masjid","address":"Kalumpang"},"geometry":{"type":"Point","coordinates":[101.57232,3.63818]}},{"type":"Feature","properties":{"name":"Surau Al-Hidayah","category":"mosque","kind":"Surau","address":"Kalumpang"},"geometry":{"type":"Point","coordinates":[101.56669,3.63693]}},{"type":"Feature","properties":{"name":"Surau An-Naim","category":"mosque","kind":"Surau","address":"44100, Bernam Jaya"},"geometry":{"type":"Point","coordinates":[101.53644,3.65692]}},{"type":"Feature","properties":{"name":"Madrassa","category":"mosque","kind":"Mosque / surau"},"geometry":{"type":"Point","coordinates":[101.68622,3.44399]}},{"type":"Feature","properties":{"name":"Madrassa","category":"mosque","kind":"Mosque / surau"},"geometry":{"type":"Point","coordinates":[101.68646,3.44462]}},{"type":"Feature","properties":{"name":"Madrassa","category":"mosque","kind":"Mosque / surau"},"geometry":{"type":"Point","coordinates":[101.68658,3.44482]}},{"type":"Feature","properties":{"name":"Madrassa","category":"mosque","kind":"Mosque / surau"},"geometry":{"type":"Point","coordinates":[101.68664,3.44515]}},{"type":"Feature","properties":{"name":"Madrassa","category":"mosque","kind":"Mosque / surau"},"geometry":{"type":"Point","coordinates":[101.68693,3.44552]}},{"type":"Feature","properties":{"name":"Surau Baitur Rahman","category":"mosque","kind":"Surau","address":"25 Jalan Putra Indah 9/4, 47650, Subang Jaya"},"geometry":{"type":"Point","coordinates":[101.56304,2.99273]}},{"type":"Feature","properties":{"name":"Surau Hospital Kuala Kubu Bharu","category":"mosque","kind":"Surau","address":"Kuala Kubu Bharu"},"geometry":{"type":"Point","coordinates":[101.65364,3.56482]}},{"type":"Feature","properties":{"name":"Masjid Darul Quran","category":"mosque","kind":"Masjid","address":"Kuala Kubu Bharu"},"geometry":{"type":"Point","coordinates":[101.67023,3.54224]}},{"type":"Feature","properties":{"name":"Masjid Darul Ehsan","category":"mosque","kind":"Masjid","address":"Subang Jaya"},"geometry":{"type":"Point","coordinates":[101.58569,3.08047]}},{"type":"Feature","properties":{"name":"Surau Al-Mustaqimah","category":"mosque","kind":"Surau"},"geometry":{"type":"Point","coordinates":[101.48552,3.07003]}},{"type":"Feature","properties":{"name":"Masjid Jamek Al-Khalidiah","category":"mosque","kind":"Masjid","address":"Rasa"},"geometry":{"type":"Point","coordinates":[101.63466,3.50467]}},{"type":"Feature","properties":{"name":"Masjid Jamek Ar-Rahman","category":"mosque","kind":"Masjid","address":"Hulu Bernam"},"geometry":{"type":"Point","coordinates":[101.52582,3.67087]}},{"type":"Feature","properties":{"name":"Masjid Syiekh Ismail","category":"mosque","kind":"Masjid","address":"Hulu Bernam"},"geometry":{"type":"Point","coordinates":[101.52181,3.67547]}},{"type":"Feature","properties":{"name":"Surau PPR Taman Danau","category":"mosque","kind":"Surau","address":"Hulu Bernam"},"geometry":{"type":"Point","coordinates":[101.51767,3.66947]}},{"type":"Feature","properties":{"name":"Masjid lama Al-Hidayah","category":"mosque","kind":"Masjid"},"geometry":{"type":"Point","coordinates":[101.74931,3.21359]}},{"type":"Feature","properties":{"name":"Masjid Qariah Cheras","category":"mosque","kind":"Masjid"},"geometry":{"type":"Point","coordinates":[101.77462,3.05925]}},{"type":"Feature","properties":{"name":"Masjid Cahaya Iman","category":"mosque","kind":"Masjid"},"geometry":{"type":"Point","coordinates":[101.52647,3.32926]}},{"type":"Feature","properties":{"name":"Surau Al-Muwafaqah","category":"mosque","kind":"Surau"},"geometry":{"type":"Point","coordinates":[101.75512,3.21127]}},{"type":"Feature","properties":{"name":"Masjid As-Sobirin","category":"mosque","kind":"Masjid"},"geometry":{"type":"Point","coordinates":[101.75307,3.20281]}},{"type":"Feature","properties":{"name":"Masjid Al-Iman","category":"mosque","kind":"Masjid"},"geometry":{"type":"Point","coordinates":[101.76029,3.21456]}},{"type":"Feature","properties":{"name":"Surau Al-Muhibbah","category":"mosque","kind":"Surau","address":"68000, Ampang"},"geometry":{"type":"Point","coordinates":[101.76847,3.13892]}},{"type":"Feature","properties":{"name":"Surau Ar-Raudah","category":"mosque","kind":"Surau"},"geometry":{"type":"Point","coordinates":[101.79076,3.02009]}},{"type":"Feature","properties":{"name":"Musolla Gemilang","category":"mosque","kind":"Mosque / surau"},"geometry":{"type":"Point","coordinates":[101.79477,3.01582]}},{"type":"Feature","properties":{"name":"Surau Al Ikhwan Taman Samudra","category":"mosque","kind":"Surau"},"geometry":{"type":"Point","coordinates":[101.69782,3.23387]}},{"type":"Feature","properties":{"name":"Surau Taman Permata","category":"mosque","kind":"Surau","address":"Jalan Permata 4"},"geometry":{"type":"Point","coordinates":[101.74797,3.20654]}},{"type":"Feature","properties":{"name":"Surau Jabal Nur","category":"mosque","kind":"Surau"},"geometry":{"type":"Point","coordinates":[101.70689,3.25248]}},{"type":"Feature","properties":{"name":"Surau","category":"mosque","kind":"Surau"},"geometry":{"type":"Point","coordinates":[101.7798,3.0124]}},{"type":"Feature","properties":{"name":"Masjid Taman Kosas","category":"mosque","kind":"Masjid"},"geometry":{"type":"Point","coordinates":[101.77437,3.14584]}},{"type":"Feature","properties":{"name":"Masjid Al-Mardhiyah","category":"mosque","kind":"Masjid"},"geometry":{"type":"Point","coordinates":[101.74879,3.22693]}},{"type":"Feature","properties":{"name":"Surau Al-Azhar","category":"mosque","kind":"Surau","address":"46200, Petaling Jaya"},"geometry":{"type":"Point","coordinates":[101.61857,3.07979]}},{"type":"Feature","properties":{"name":"Madrasah Al-Hilaliah","category":"mosque","kind":"Mosque / surau"},"geometry":{"type":"Point","coordinates":[101.71686,3.21848]}},{"type":"Feature","properties":{"name":"Surau Villa Bestari","category":"mosque","kind":"Surau"},"geometry":{"type":"Point","coordinates":[101.74463,3.25593]}},{"type":"Feature","properties":{"name":"Masjid Al-Rahimah","category":"mosque","kind":"Masjid"},"geometry":{"type":"Point","coordinates":[101.70171,3.2324]}},{"type":"Feature","properties":{"name":"Surau Kampung Tengah","category":"mosque","kind":"Surau"},"geometry":{"type":"Point","coordinates":[101.7135,3.22814]}},{"type":"Feature","properties":{"name":"Surau Al-Iman","category":"mosque","kind":"Surau"},"geometry":{"type":"Point","coordinates":[101.70056,3.25377]}},{"type":"Feature","properties":{"name":"Surau Assolihin","category":"mosque","kind":"Surau"},"geometry":{"type":"Point","coordinates":[101.74763,2.99494]}},{"type":"Feature","properties":{"name":"Surau Ahmad Razali","category":"mosque","kind":"Surau"},"geometry":{"type":"Point","coordinates":[101.61786,3.17573]}},{"type":"Feature","properties":{"name":"Surau Darul Husna","category":"mosque","kind":"Surau"},"geometry":{"type":"Point","coordinates":[101.69894,3.22681]}},{"type":"Feature","properties":{"name":"Surau As Sobirin","category":"mosque","kind":"Surau"},"geometry":{"type":"Point","coordinates":[101.47179,3.19964]}},{"type":"Feature","properties":{"name":"Surau Ar-Rahim","category":"mosque","kind":"Surau","address":"Jalan KP 2/9, 43300"},"geometry":{"type":"Point","coordinates":[101.65938,2.994]}},{"type":"Feature","properties":{"name":"Surau Al-Mawaddah","category":"mosque","kind":"Surau","address":"Jalan KP 4/1, 43300, Kota Perdana, Bandar Putra Permai, Seri Kembangan"},"geometry":{"type":"Point","coordinates":[101.66094,2.98403]}},{"type":"Feature","properties":{"name":"Surau Al-Ehsan","category":"mosque","kind":"Surau","address":"Banting"},"geometry":{"type":"Point","coordinates":[101.62512,2.76972]}},{"type":"Feature","properties":{"name":"Surau of Alam Nusantara","category":"mosque","kind":"Surau"},"geometry":{"type":"Point","coordinates":[101.4669,3.11239]}},{"type":"Feature","properties":{"name":"Surau Al-Makmur","category":"mosque","kind":"Surau"},"geometry":{"type":"Point","coordinates":[101.80984,2.97469]}},{"type":"Feature","properties":{"name":"Surau Ad-Din","category":"mosque","kind":"Surau"},"geometry":{"type":"Point","coordinates":[101.56727,3.00889]}},{"type":"Feature","properties":{"name":"Masjid An-Nur","category":"mosque","kind":"Masjid","address":"Shah Alam"},"geometry":{"type":"Point","coordinates":[101.58178,3.09093]}},{"type":"Feature","properties":{"name":"Surau Mutiara Damansara","category":"mosque","kind":"Surau","address":"Jalan PJU 7/16, 47810, Petaling Jaya"},"geometry":{"type":"Point","coordinates":[101.60221,3.16058]}},{"type":"Feature","properties":{"name":"Surau At Taqwa","category":"mosque","kind":"Surau"},"geometry":{"type":"Point","coordinates":[101.74802,3.13375]}},{"type":"Feature","properties":{"name":"Surau Dakwatul Ubudiah Batu 16 Sungai Lias","category":"mosque","kind":"Surau"},"geometry":{"type":"Point","coordinates":[100.98005,3.68372]}},{"type":"Feature","properties":{"name":"Masjid Al-Ehsan","category":"mosque","kind":"Masjid","address":"47100, Puchong"},"geometry":{"type":"Point","coordinates":[101.6448,3.04495]}},{"type":"Feature","properties":{"name":"Masjid Jamiatus Solahiah","category":"mosque","kind":"Masjid","address":"Jalan Sungai Tua, 68100, Batu Caves"},"geometry":{"type":"Point","coordinates":[101.67487,3.25357]}},{"type":"Feature","properties":{"name":"Masjid Al-Falah","category":"mosque","kind":"Masjid","address":"Jalan Ulu Yam, 44300, Batang Kali"},"geometry":{"type":"Point","coordinates":[101.65544,3.43651]}},{"type":"Feature","properties":{"name":"Masjid Rantau Panjang","category":"mosque","kind":"Masjid"},"geometry":{"type":"Point","coordinates":[101.43779,3.39104]}},{"type":"Feature","properties":{"name":"Masjid Bukit Antarabangsa","category":"mosque","kind":"Masjid"},"geometry":{"type":"Point","coordinates":[101.76894,3.1776]}},{"type":"Feature","properties":{"name":"Masjid Bandar Bukit Puchong","category":"mosque","kind":"Masjid"},"geometry":{"type":"Point","coordinates":[101.62128,2.9807]}},{"type":"Feature","properties":{"name":"Surau Fatimah Az-Zahra","category":"mosque","kind":"Surau"},"geometry":{"type":"Point","coordinates":[101.77159,3.14855]}},{"type":"Feature","properties":{"name":"Surau Hijriyah","category":"mosque","kind":"Surau","address":"Petaling Jaya"},"geometry":{"type":"Point","coordinates":[101.63331,3.07992]}},{"type":"Feature","properties":{"name":"Surau Al-Faizin","category":"mosque","kind":"Surau"},"geometry":{"type":"Point","coordinates":[101.75866,3.06177]}},{"type":"Feature","properties":{"name":"Surau Garden Residence","category":"mosque","kind":"Surau"},"geometry":{"type":"Point","coordinates":[101.66936,2.94662]}},{"type":"Feature","properties":{"name":"Masjid Al-Aman","category":"mosque","kind":"Masjid"},"geometry":{"type":"Point","coordinates":[101.78737,3.13875]}},{"type":"Feature","properties":{"name":"Surau Jumaat Aampang Saujana","category":"mosque","kind":"Surau"},"geometry":{"type":"Point","coordinates":[101.78879,3.13488]}},{"type":"Feature","properties":{"name":"Masjid Al Adzim","category":"mosque","kind":"Masjid"},"geometry":{"type":"Point","coordinates":[101.75628,3.13288]}},{"type":"Feature","properties":{"name":"Surau Al-Ulum","category":"mosque","kind":"Surau"},"geometry":{"type":"Point","coordinates":[101.5824,3.17563]}},{"type":"Feature","properties":{"name":"Surau Muhajirin","category":"mosque","kind":"Surau"},"geometry":{"type":"Point","coordinates":[101.6437,3.07285]}},{"type":"Feature","properties":{"name":"Masjid Al-Azhar UIS","category":"mosque","kind":"Masjid"},"geometry":{"type":"Point","coordinates":[101.78786,2.89152]}},{"type":"Feature","properties":{"name":"Surau","category":"mosque","kind":"Surau"},"geometry":{"type":"Point","coordinates":[101.61499,2.90458]}},{"type":"Feature","properties":{"name":"Surau Ar-Ridhuan","category":"mosque","kind":"Surau"},"geometry":{"type":"Point","coordinates":[101.60022,3.01119]}},{"type":"Feature","properties":{"name":"Surau Al-Firdaus","category":"mosque","kind":"Surau"},"geometry":{"type":"Point","coordinates":[101.44303,3.04634]}},{"type":"Feature","properties":{"name":"Masjid As-Salam","category":"mosque","kind":"Masjid","address":"Petaling Jaya"},"geometry":{"type":"Point","coordinates":[101.64382,3.0781]}},{"type":"Feature","properties":{"name":"Surau Seksyen 3","category":"mosque","kind":"Surau"},"geometry":{"type":"Point","coordinates":[101.50888,3.07715]}},{"type":"Feature","properties":{"name":"Surau Al-Amin","category":"mosque","kind":"Surau"},"geometry":{"type":"Point","coordinates":[101.74664,3.13561]}},{"type":"Feature","properties":{"name":"Surau Al Ehsan","category":"mosque","kind":"Surau"},"geometry":{"type":"Point","coordinates":[101.67599,3.23907]}},{"type":"Feature","properties":{"name":"Masjid Bukit Indah","category":"mosque","kind":"Masjid"},"geometry":{"type":"Point","coordinates":[101.77574,3.15466]}},{"type":"Feature","properties":{"name":"Madrasah Al Ehsaniah","category":"mosque","kind":"Mosque / surau"},"geometry":{"type":"Point","coordinates":[101.77858,3.14757]}},{"type":"Feature","properties":{"name":"Surau","category":"mosque","kind":"Surau"},"geometry":{"type":"Point","coordinates":[101.40129,3.06977]}},{"type":"Feature","properties":{"name":"Masjid Al Ikhlas","category":"mosque","kind":"Masjid"},"geometry":{"type":"Point","coordinates":[101.5449,3.08676]}},{"type":"Feature","properties":{"name":"Surau","category":"mosque","kind":"Surau"},"geometry":{"type":"Point","coordinates":[101.61588,3.37282]}},{"type":"Feature","properties":{"name":"Surau As-Salam","category":"mosque","kind":"Surau"},"geometry":{"type":"Point","coordinates":[101.58185,3.15262]}},{"type":"Feature","properties":{"name":"Masjid An-Nawawi","category":"mosque","kind":"Masjid"},"geometry":{"type":"Point","coordinates":[101.40083,3.03546]}},{"type":"Feature","properties":{"name":"Surau Hidayatul Musolli","category":"mosque","kind":"Surau","address":"Sabak Bernam"},"geometry":{"type":"Point","coordinates":[100.97019,3.73594]}},{"type":"Feature","properties":{"name":"Masjid An-Naim","category":"mosque","kind":"Masjid","address":"Sabak Bernam"},"geometry":{"type":"Point","coordinates":[100.95643,3.73767]}},{"type":"Feature","properties":{"name":"Masjid Muhammadiah","category":"mosque","kind":"Masjid","address":"Sungai Besar"},"geometry":{"type":"Point","coordinates":[100.96356,3.69874]}},{"type":"Feature","properties":{"name":"Masjid At-Takwa Batu 38","category":"mosque","kind":"Masjid","address":"45200, Sabak Bernam"},"geometry":{"type":"Point","coordinates":[100.95582,3.75281]}},{"type":"Feature","properties":{"name":"Masjid Al-Fitrah","category":"mosque","kind":"Masjid","address":"45200, Sabak Bernam"},"geometry":{"type":"Point","coordinates":[100.92357,3.75872]}},{"type":"Feature","properties":{"name":"Masjid Al-Islakhiah","category":"mosque","kind":"Masjid","address":"45200, Sabak Bernam"},"geometry":{"type":"Point","coordinates":[100.90886,3.7797]}},{"type":"Feature","properties":{"name":"Masjid Sultan Hisamuddin Alam Shah","category":"mosque","kind":"Masjid"},"geometry":{"type":"Point","coordinates":[101.81543,3.11293]}},{"type":"Feature","properties":{"name":"surau kenanga","category":"mosque","kind":"Surau"},"geometry":{"type":"Point","coordinates":[101.75109,3.1518]}},{"type":"Feature","properties":{"name":"Surau Amanputra","category":"mosque","kind":"Surau","address":"Jalan Amanputra 1, 47130, Puchong"},"geometry":{"type":"Point","coordinates":[101.61931,2.93627]}},{"type":"Feature","properties":{"name":"Surau Al Taufik","category":"mosque","kind":"Surau"},"geometry":{"type":"Point","coordinates":[100.96485,3.72781]}},{"type":"Feature","properties":{"name":"Surau Raudhatul Jannah","category":"mosque","kind":"Surau"},"geometry":{"type":"Point","coordinates":[100.98073,3.75469]}},{"type":"Feature","properties":{"name":"Surau At-Taqwa Taman Desa Mawar","category":"mosque","kind":"Surau"},"geometry":{"type":"Point","coordinates":[101.18692,3.39086]}},{"type":"Feature","properties":{"name":"Masjid Kg. Nakhoda","category":"mosque","kind":"Masjid"},"geometry":{"type":"Point","coordinates":[101.67784,3.24973]}},{"type":"Feature","properties":{"name":"Surau Ar-Raudhah","category":"mosque","kind":"Surau","address":"Jalan Kota Puteri 5/1"},"geometry":{"type":"Point","coordinates":[101.44896,3.30549]}},{"type":"Feature","properties":{"name":"Surau As-Siddiqin","category":"mosque","kind":"Surau","address":"48020"},"geometry":{"type":"Point","coordinates":[101.5256,3.28281]}},{"type":"Feature","properties":{"name":"Surau Nurul Insan","category":"mosque","kind":"Surau","address":"Jalan Cenderawasih 6/7"},"geometry":{"type":"Point","coordinates":[101.50883,3.08384]}},{"type":"Feature","properties":{"name":"Surau","category":"mosque","kind":"Surau"},"geometry":{"type":"Point","coordinates":[101.51327,3.01582]}},{"type":"Feature","properties":{"name":"Surau At-Taufiqiah","category":"mosque","kind":"Surau"},"geometry":{"type":"Point","coordinates":[101.57197,3.1189]}},{"type":"Feature","properties":{"name":"Masjid Kiyai Murki","category":"mosque","kind":"Masjid"},"geometry":{"type":"Point","coordinates":[101.20558,3.46892]}},{"type":"Feature","properties":{"name":"Masjid Jame An-Nur","category":"mosque","kind":"Masjid"},"geometry":{"type":"Point","coordinates":[101.18662,3.45758]}},{"type":"Feature","properties":{"name":"Masjid Jamek At-Taqwa","category":"mosque","kind":"Masjid"},"geometry":{"type":"Point","coordinates":[101.19695,3.44175]}},{"type":"Feature","properties":{"name":"Masjid Jamek Nur Ikhsan","category":"mosque","kind":"Masjid"},"geometry":{"type":"Point","coordinates":[101.24003,3.44931]}},{"type":"Feature","properties":{"name":"Surau Raudhatul Faizin","category":"mosque","kind":"Surau"},"geometry":{"type":"Point","coordinates":[101.73508,2.8211]}},{"type":"Feature","properties":{"name":"Masjid Sultan Hisamuddin","category":"mosque","kind":"Masjid"},"geometry":{"type":"Point","coordinates":[101.73308,2.82028]}},{"type":"Feature","properties":{"name":"Surau Al-Amin","category":"mosque","kind":"Surau"},"geometry":{"type":"Point","coordinates":[101.75701,3.12351]}},{"type":"Feature","properties":{"name":"Surau An-Nur","category":"mosque","kind":"Surau","address":"1 Jalan Setia Nusantara U13/17, 40170"},"geometry":{"type":"Point","coordinates":[101.47765,3.10378]}},{"type":"Feature","properties":{"name":"Surau Al-Fateh","category":"mosque","kind":"Surau"},"geometry":{"type":"Point","coordinates":[101.44465,2.82726]}},{"type":"Feature","properties":{"name":"Surau IKBN","category":"mosque","kind":"Surau"},"geometry":{"type":"Point","coordinates":[101.4702,2.8199]}},{"type":"Feature","properties":{"name":"Surau","category":"mosque","kind":"Surau"},"geometry":{"type":"Point","coordinates":[101.456,2.82108]}},{"type":"Feature","properties":{"name":"Surau","category":"mosque","kind":"Surau"},"geometry":{"type":"Point","coordinates":[101.77273,3.0641]}},{"type":"Feature","properties":{"name":"Surau An Nur MPSJ TP2","category":"mosque","kind":"Surau","address":"Jalan TP2, 47600, Subang Jaya"},"geometry":{"type":"Point","coordinates":[101.56709,3.04461]}},{"type":"Feature","properties":{"name":"Surau SRAI BBB","category":"mosque","kind":"Surau"},"geometry":{"type":"Point","coordinates":[101.76192,2.93955]}},{"type":"Feature","properties":{"name":"Masjid Al-Ilmi","category":"mosque","kind":"Masjid","address":"Dengkil"},"geometry":{"type":"Point","coordinates":[101.66927,2.87932]}},{"type":"Feature","properties":{"name":"Surau Al-Iman","category":"mosque","kind":"Surau","address":"Dengkil"},"geometry":{"type":"Point","coordinates":[101.67044,2.8741]}},{"type":"Feature","properties":{"name":"Masjid As Syakirin","category":"mosque","kind":"Masjid","address":"Dengkil"},"geometry":{"type":"Point","coordinates":[101.72244,2.88503]}},{"type":"Feature","properties":{"name":"Masjid Sungai Ramal Luar","category":"mosque","kind":"Masjid","address":"43000"},"geometry":{"type":"Point","coordinates":[101.76411,2.98444]}},{"type":"Feature","properties":{"name":"Surau An-Nur","category":"mosque","kind":"Surau"},"geometry":{"type":"Point","coordinates":[101.74052,2.98779]}},{"type":"Feature","properties":{"name":"Masjid Aminah Al-Muhairi","category":"mosque","kind":"Masjid"},"geometry":{"type":"Point","coordinates":[101.61355,3.11249]}},{"type":"Feature","properties":{"name":"Masjid Ar-Redha","category":"mosque","kind":"Masjid"},"geometry":{"type":"Point","coordinates":[101.73062,2.86947]}},{"type":"Feature","properties":{"name":"Surau An-Nur","category":"mosque","kind":"Surau"},"geometry":{"type":"Point","coordinates":[101.73142,3.29368]}},{"type":"Feature","properties":{"name":"Masjid Jamiurrahmah","category":"mosque","kind":"Masjid"},"geometry":{"type":"Point","coordinates":[101.71143,2.91475]}},{"type":"Feature","properties":{"name":"Masjid DiRaja Sultan Sulaiman","category":"mosque","kind":"Masjid"},"geometry":{"type":"Point","coordinates":[101.45052,3.03442]}},{"type":"Feature","properties":{"name":"Masjid India Muslim Tengku Kelana","category":"mosque","kind":"Masjid"},"geometry":{"type":"Point","coordinates":[101.44716,3.04197]}},{"type":"Feature","properties":{"name":"Masjid As Syakirin","category":"mosque","kind":"Masjid"},"geometry":{"type":"Point","coordinates":[101.7123,3.21804]}},{"type":"Feature","properties":{"name":"Surau Al-Khairiah","category":"mosque","kind":"Surau"},"geometry":{"type":"Point","coordinates":[101.71551,3.22937]}},{"type":"Feature","properties":{"name":"Surau Al-Khairiah","category":"mosque","kind":"Surau"},"geometry":{"type":"Point","coordinates":[101.55477,3.41928]}},{"type":"Feature","properties":{"name":"Masjid Al-Ansar Taman Keramat","category":"mosque","kind":"Masjid"},"geometry":{"type":"Point","coordinates":[101.74403,3.16989]}},{"type":"Feature","properties":{"name":"Madrasah Ar-Rahmaniah","category":"mosque","kind":"Mosque / surau"},"geometry":{"type":"Point","coordinates":[101.74497,3.14103]}},{"type":"Feature","properties":{"name":"Surau Ad-Din","category":"mosque","kind":"Surau"},"geometry":{"type":"Point","coordinates":[101.55422,3.01766]}},{"type":"Feature","properties":{"name":"Surau Al-Mizan Seksyen 28","category":"mosque","kind":"Surau"},"geometry":{"type":"Point","coordinates":[101.56854,3.00455]}},{"type":"Feature","properties":{"name":"Surau Ehsaniah","category":"mosque","kind":"Surau"},"geometry":{"type":"Point","coordinates":[101.78773,3.14705]}},{"type":"Feature","properties":{"name":"Surau","category":"mosque","kind":"Surau"},"geometry":{"type":"Point","coordinates":[101.08675,3.63802]}},{"type":"Feature","properties":{"name":"Surau Al-Falah","category":"mosque","kind":"Surau"},"geometry":{"type":"Point","coordinates":[101.7486,3.13937]}},{"type":"Feature","properties":{"name":"Masjid Al-Hidayah","category":"mosque","kind":"Masjid"},"geometry":{"type":"Point","coordinates":[101.75371,3.21326]}},{"type":"Feature","properties":{"name":"Masjid Ubudiah","category":"mosque","kind":"Masjid","address":"43200, Cheras"},"geometry":{"type":"Point","coordinates":[101.76964,3.06733]}},{"type":"Feature","properties":{"name":"Surau","category":"mosque","kind":"Surau"},"geometry":{"type":"Point","coordinates":[101.77282,3.06833]}},{"type":"Feature","properties":{"name":"Masjid Jamek Batu 14 Puchong","category":"mosque","kind":"Masjid"},"geometry":{"type":"Point","coordinates":[101.6247,2.99399]}},{"type":"Feature","properties":{"name":"Masjid Darussalam","category":"mosque","kind":"Masjid"},"geometry":{"type":"Point","coordinates":[101.61931,3.00607]}},{"type":"Feature","properties":{"name":"Surau Al-Muhajirin","category":"mosque","kind":"Surau"},"geometry":{"type":"Point","coordinates":[101.58923,3.10896]}},{"type":"Feature","properties":{"name":"Surau Darul Hidayah","category":"mosque","kind":"Surau"},"geometry":{"type":"Point","coordinates":[101.58705,3.11521]}},{"type":"Feature","properties":{"name":"Masjid Ridhwani","category":"mosque","kind":"Masjid","address":"Jalan SS 9A/8, Petaling Jaya"},"geometry":{"type":"Point","coordinates":[101.61773,3.09052]}},{"type":"Feature","properties":{"name":"Masjid Ar-Rahmah","category":"mosque","kind":"Masjid","address":"Petaling Jaya"},"geometry":{"type":"Point","coordinates":[101.61727,3.08613]}},{"type":"Feature","properties":{"name":"Surau Darul Muslimin","category":"mosque","kind":"Surau"},"geometry":{"type":"Point","coordinates":[101.41494,3.14719]}},{"type":"Feature","properties":{"name":"Surau Darul Aman","category":"mosque","kind":"Surau"},"geometry":{"type":"Point","coordinates":[101.41482,3.154]}},{"type":"Feature","properties":{"name":"Surau","category":"mosque","kind":"Surau"},"geometry":{"type":"Point","coordinates":[101.60606,2.98461]}},{"type":"Feature","properties":{"name":"Surau Al Iman","category":"mosque","kind":"Surau"},"geometry":{"type":"Point","coordinates":[101.61005,2.98894]}},{"type":"Feature","properties":{"name":"Masjid Al-Khairiah","category":"mosque","kind":"Masjid"},"geometry":{"type":"Point","coordinates":[101.7582,3.18478]}},{"type":"Feature","properties":{"name":"Surau Al-Ikmal","category":"mosque","kind":"Surau","address":"Jalan Semarak 1, Kajang"},"geometry":{"type":"Point","coordinates":[101.77546,2.97877]}},{"type":"Feature","properties":{"name":"Surau Al Mukmin","category":"mosque","kind":"Surau"},"geometry":{"type":"Point","coordinates":[101.71758,3.23593]}},{"type":"Feature","properties":{"name":"Masjid Zakaria","category":"mosque","kind":"Masjid"},"geometry":{"type":"Point","coordinates":[101.72289,3.25156]}},{"type":"Feature","properties":{"name":"Surau Al-Ittifaqiah","category":"mosque","kind":"Surau"},"geometry":{"type":"Point","coordinates":[101.59699,3.0176]}},{"type":"Feature","properties":{"name":"Masjid Ar-Rahman","category":"mosque","kind":"Masjid"},"geometry":{"type":"Point","coordinates":[101.31657,3.40756]}},{"type":"Feature","properties":{"name":"Masjid As-Saidiah","category":"mosque","kind":"Masjid"},"geometry":{"type":"Point","coordinates":[101.07566,3.56672]}},{"type":"Feature","properties":{"name":"Masjid Pekan Sekinchan","category":"mosque","kind":"Masjid"},"geometry":{"type":"Point","coordinates":[101.09445,3.51588]}},{"type":"Feature","properties":{"name":"Surau Nur Hidayah","category":"mosque","kind":"Surau"},"geometry":{"type":"Point","coordinates":[101.073,3.5781]}},{"type":"Feature","properties":{"name":"Surau","category":"mosque","kind":"Surau"},"geometry":{"type":"Point","coordinates":[101.01558,3.6504]}},{"type":"Feature","properties":{"name":"Surau Ar-Rahmaniah","category":"mosque","kind":"Surau"},"geometry":{"type":"Point","coordinates":[100.9759,3.74607]}},{"type":"Feature","properties":{"name":"Masjid Taman Rakan","category":"mosque","kind":"Masjid"},"geometry":{"type":"Point","coordinates":[101.78346,3.03529]}},{"type":"Feature","properties":{"name":"Masjid At-Taqwa","category":"mosque","kind":"Masjid"},"geometry":{"type":"Point","coordinates":[101.80955,2.88043]}},{"type":"Feature","properties":{"name":"Masjid Jamiul Hasaniah","category":"mosque","kind":"Masjid","address":"Jalan Kapar, 42100, Klang"},"geometry":{"type":"Point","coordinates":[101.42443,3.0665]}},{"type":"Feature","properties":{"name":"Surau Taman Seroja","category":"mosque","kind":"Surau"},"geometry":{"type":"Point","coordinates":[101.72744,2.8266]}},{"type":"Feature","properties":{"name":"Masjid Ma'muniah","category":"mosque","kind":"Masjid"},"geometry":{"type":"Point","coordinates":[101.05873,3.61837]}},{"type":"Feature","properties":{"name":"Masjid Cyber 10","category":"mosque","kind":"Masjid"},"geometry":{"type":"Point","coordinates":[101.63228,2.90079]}},{"type":"Feature","properties":{"name":"Masjid Jamiul Hasanat","category":"mosque","kind":"Masjid","address":"45600, Kampung Jaya Setia"},"geometry":{"type":"Point","coordinates":[101.4224,3.36463]}},{"type":"Feature","properties":{"name":"Surau Al-Izzah","category":"mosque","kind":"Surau"},"geometry":{"type":"Point","coordinates":[101.70005,3.2313]}},{"type":"Feature","properties":{"name":"Masjid Al-Hidayah","category":"mosque","kind":"Masjid"},"geometry":{"type":"Point","coordinates":[101.516,3.05]}},{"type":"Feature","properties":{"name":"Surau An - Nur","category":"mosque","kind":"Surau","address":"Jalan Bukit Badong, 45000, Bestari Jaya"},"geometry":{"type":"Point","coordinates":[101.42717,3.35165]}},{"type":"Feature","properties":{"name":"Masjid Nurul Amin","category":"mosque","kind":"Masjid"},"geometry":{"type":"Point","coordinates":[101.51477,3.21707]}},{"type":"Feature","properties":{"name":"Surau Al-Ittihadiyyah","category":"mosque","kind":"Surau","address":"Shah Alam"},"geometry":{"type":"Point","coordinates":[101.52798,3.0809]}},{"type":"Feature","properties":{"name":"Surau al-Qudwah","category":"mosque","kind":"Surau"},"geometry":{"type":"Point","coordinates":[101.59913,3.19491]}},{"type":"Feature","properties":{"name":"Surau Ehsaniah","category":"mosque","kind":"Surau"},"geometry":{"type":"Point","coordinates":[101.74987,3.14268]}},{"type":"Feature","properties":{"name":"Masjid At-Taqwa Desa Serdang","category":"mosque","kind":"Masjid"},"geometry":{"type":"Point","coordinates":[101.73266,3.00998]}},{"type":"Feature","properties":{"name":"Masjid Al Ehsan","category":"mosque","kind":"Masjid"},"geometry":{"type":"Point","coordinates":[101.79392,3.09166]}},{"type":"Feature","properties":{"name":"Surau Tholabiah","category":"mosque","kind":"Surau"},"geometry":{"type":"Point","coordinates":[101.76698,2.9875]}},{"type":"Feature","properties":{"name":"Surau Al-Kauthar","category":"mosque","kind":"Surau"},"geometry":{"type":"Point","coordinates":[101.77969,2.95842]}},{"type":"Feature","properties":{"name":"Surau Al-Ukhuwah","category":"mosque","kind":"Surau","address":"Bandar Baru Bangi"},"geometry":{"type":"Point","coordinates":[101.7708,2.97115]}},{"type":"Feature","properties":{"name":"Masjid Kota Damansara","category":"mosque","kind":"Masjid","address":"Jalan Sepah Puteri 5/21, 47810, Kota Damansara"},"geometry":{"type":"Point","coordinates":[101.58721,3.16162]}},{"type":"Feature","properties":{"name":"Surau An-Nur","category":"mosque","kind":"Surau"},"geometry":{"type":"Point","coordinates":[101.58606,2.94725]}},{"type":"Feature","properties":{"name":"Masjid Taman Sutera","category":"mosque","kind":"Masjid"},"geometry":{"type":"Point","coordinates":[101.76493,3.00834]}},{"type":"Feature","properties":{"name":"Surau Al-Ansar","category":"mosque","kind":"Surau","address":"Jalan Suakasih 2/3, 43200, Cheras"},"geometry":{"type":"Point","coordinates":[101.7569,3.03286]}},{"type":"Feature","properties":{"name":"Surau Al-Ikhwaniah Damai Indah","category":"mosque","kind":"Surau"},"geometry":{"type":"Point","coordinates":[101.74629,3.05344]}},{"type":"Feature","properties":{"name":"Masjid Al-Ikhwaniah","category":"mosque","kind":"Masjid"},"geometry":{"type":"Point","coordinates":[101.74597,3.04744]}},{"type":"Feature","properties":{"name":"Surau Al-Fathonah","category":"mosque","kind":"Surau"},"geometry":{"type":"Point","coordinates":[101.758,3.03705]}},{"type":"Feature","properties":{"name":"Surau Yusof Al-Amin","category":"mosque","kind":"Surau"},"geometry":{"type":"Point","coordinates":[101.75,3.08863]}},{"type":"Feature","properties":{"name":"Masjid Al-Qayyum","category":"mosque","kind":"Masjid"},"geometry":{"type":"Point","coordinates":[101.34445,2.97931]}},{"type":"Feature","properties":{"name":"Surau Sabilulhuda","category":"mosque","kind":"Surau"},"geometry":{"type":"Point","coordinates":[101.42184,2.98565]}},{"type":"Feature","properties":{"name":"Masjid India Kajang","category":"mosque","kind":"Masjid","address":"Lot 32 Jalan Reko, 43000, Kajang"},"geometry":{"type":"Point","coordinates":[101.79002,2.9853]}},{"type":"Feature","properties":{"name":"Masjid Kampung Pendamar","category":"mosque","kind":"Masjid"},"geometry":{"type":"Point","coordinates":[101.43159,2.9791]}},{"type":"Feature","properties":{"name":"Surau","category":"mosque","kind":"Surau"},"geometry":{"type":"Point","coordinates":[101.40134,3.01484]}},{"type":"Feature","properties":{"name":"Surau Al-Islah","category":"mosque","kind":"Surau","address":"Kajang"},"geometry":{"type":"Point","coordinates":[101.77963,2.97304]}},{"type":"Feature","properties":{"name":"Masjid An-Nuriah","category":"mosque","kind":"Masjid"},"geometry":{"type":"Point","coordinates":[101.31586,3.30914]}},{"type":"Feature","properties":{"name":"Surau Al-Hayy","category":"mosque","kind":"Surau"},"geometry":{"type":"Point","coordinates":[101.56371,2.98493]}},{"type":"Feature","properties":{"name":"Surau Al-Falah","category":"mosque","kind":"Surau"},"geometry":{"type":"Point","coordinates":[101.5773,3.15781]}},{"type":"Feature","properties":{"name":"Surau Nurul Iman","category":"mosque","kind":"Surau"},"geometry":{"type":"Point","coordinates":[101.5741,3.15628]}},{"type":"Feature","properties":{"name":"Masjid An-Nur Muhammadiah","category":"mosque","kind":"Masjid"},"geometry":{"type":"Point","coordinates":[101.54445,3.02107]}},{"type":"Feature","properties":{"name":"Surau An-Najah","category":"mosque","kind":"Surau"},"geometry":{"type":"Point","coordinates":[101.63062,3.06867]}},{"type":"Feature","properties":{"name":"Surau Ad-Dhuha","category":"mosque","kind":"Surau"},"geometry":{"type":"Point","coordinates":[101.57842,3.17852]}},{"type":"Feature","properties":{"name":"Masjid Al-Madaniah","category":"mosque","kind":"Masjid"},"geometry":{"type":"Point","coordinates":[101.58364,3.03145]}},{"type":"Feature","properties":{"name":"Masjid Al-Islamiah","category":"mosque","kind":"Masjid","address":"Petaling Jaya"},"geometry":{"type":"Point","coordinates":[101.61734,3.07728]}},{"type":"Feature","properties":{"name":"Surau","category":"mosque","kind":"Surau"},"geometry":{"type":"Point","coordinates":[101.58215,3.07657]}},{"type":"Feature","properties":{"name":"Surau Al Hikmah","category":"mosque","kind":"Surau"},"geometry":{"type":"Point","coordinates":[101.5809,3.06802]}},{"type":"Feature","properties":{"name":"Surau","category":"mosque","kind":"Surau"},"geometry":{"type":"Point","coordinates":[101.58982,3.0695]}},{"type":"Feature","properties":{"name":"Surau Madrasatul Sofwa","category":"mosque","kind":"Surau"},"geometry":{"type":"Point","coordinates":[101.75899,3.12966]}},{"type":"Feature","properties":{"name":"School Surau","category":"mosque","kind":"Surau"},"geometry":{"type":"Point","coordinates":[101.25699,3.32302]}},{"type":"Feature","properties":{"name":"Masjid Nurul Iman","category":"mosque","kind":"Masjid"},"geometry":{"type":"Point","coordinates":[101.5889,3.01471]}},{"type":"Feature","properties":{"name":"Surau Al-Ehsan","category":"mosque","kind":"Surau"},"geometry":{"type":"Point","coordinates":[101.58559,3.01105]}},{"type":"Feature","properties":{"name":"Surau Al-Muhajirin","category":"mosque","kind":"Surau"},"geometry":{"type":"Point","coordinates":[101.53613,3.18108]}},{"type":"Feature","properties":{"name":"Masjid Al-Amin","category":"mosque","kind":"Masjid"},"geometry":{"type":"Point","coordinates":[101.60314,3.07607]}},{"type":"Feature","properties":{"name":"Masjid Al-Husna","category":"mosque","kind":"Masjid"},"geometry":{"type":"Point","coordinates":[101.60719,3.07488]}},{"type":"Feature","properties":{"name":"Surau Al Mukminin","category":"mosque","kind":"Surau"},"geometry":{"type":"Point","coordinates":[101.61265,3.06654]}},{"type":"Feature","properties":{"name":"Surau Ar Raudhah As Syareefah","category":"mosque","kind":"Surau"},"geometry":{"type":"Point","coordinates":[101.57357,3.02699]}},{"type":"Feature","properties":{"name":"Masjid Bandar Tasik Puteri","category":"mosque","kind":"Masjid"},"geometry":{"type":"Point","coordinates":[101.47484,3.2909]}},{"type":"Feature","properties":{"name":"Masjid Taman Putra Perdana","category":"mosque","kind":"Masjid"},"geometry":{"type":"Point","coordinates":[101.60992,2.94375]}},{"type":"Feature","properties":{"name":"Surau Al Ukhwah","category":"mosque","kind":"Surau"},"geometry":{"type":"Point","coordinates":[101.53929,3.17892]}},{"type":"Feature","properties":{"name":"Surau","category":"mosque","kind":"Surau"},"geometry":{"type":"Point","coordinates":[101.47732,3.05126]}},{"type":"Feature","properties":{"name":"Surau Al-Rayyan","category":"mosque","kind":"Surau"},"geometry":{"type":"Point","coordinates":[101.56852,3.02722]}},{"type":"Feature","properties":{"name":"Surau An-Nur","category":"mosque","kind":"Surau"},"geometry":{"type":"Point","coordinates":[101.57117,3.01226]}},{"type":"Feature","properties":{"name":"Masjid Taman Subang Perdana","category":"mosque","kind":"Masjid"},"geometry":{"type":"Point","coordinates":[101.54335,3.15257]}},{"type":"Feature","properties":{"name":"Surau","category":"mosque","kind":"Surau"},"geometry":{"type":"Point","coordinates":[101.56797,3.00215]}},{"type":"Feature","properties":{"name":"Surau Nurul Hidayah","category":"mosque","kind":"Surau"},"geometry":{"type":"Point","coordinates":[101.56351,3.00213]}},{"type":"Feature","properties":{"name":"Masjid Putra Heights","category":"mosque","kind":"Masjid"},"geometry":{"type":"Point","coordinates":[101.57645,2.99742]}},{"type":"Feature","properties":{"name":"Surau Nurul Islah","category":"mosque","kind":"Surau"},"geometry":{"type":"Point","coordinates":[101.56302,2.99947]}},{"type":"Feature","properties":{"name":"Surau","category":"mosque","kind":"Surau"},"geometry":{"type":"Point","coordinates":[100.98113,3.76646]}},{"type":"Feature","properties":{"name":"Masjid Puncak Alam","category":"mosque","kind":"Masjid","address":"Puncak Alam"},"geometry":{"type":"Point","coordinates":[101.42619,3.23431]}},{"type":"Feature","properties":{"name":"Surau","category":"mosque","kind":"Surau"},"geometry":{"type":"Point","coordinates":[101.50758,3.27108]}},{"type":"Feature","properties":{"name":"Surau","category":"mosque","kind":"Surau"},"geometry":{"type":"Point","coordinates":[101.52676,3.05224]}},{"type":"Feature","properties":{"name":"Masjid Himmatul 'Aliyah","category":"mosque","kind":"Masjid","address":"Lot 2968 Jalan Kampung Batu 6"},"geometry":{"type":"Point","coordinates":[101.50188,2.99124]}},{"type":"Feature","properties":{"name":"Surau Al-Muhajirin","category":"mosque","kind":"Surau"},"geometry":{"type":"Point","coordinates":[101.42395,3.14206]}},{"type":"Feature","properties":{"name":"Surau Al Mardhiah","category":"mosque","kind":"Surau"},"geometry":{"type":"Point","coordinates":[101.55652,3.0505]}},{"type":"Feature","properties":{"name":"Surau Al-Falah","category":"mosque","kind":"Surau"},"geometry":{"type":"Point","coordinates":[101.55555,3.04796]}},{"type":"Feature","properties":{"name":"Surau Al-Jannah","category":"mosque","kind":"Surau"},"geometry":{"type":"Point","coordinates":[101.52896,3.0442]}},{"type":"Feature","properties":{"name":"Surau Nurul Iman","category":"mosque","kind":"Surau"},"geometry":{"type":"Point","coordinates":[101.5593,3.07768]}},{"type":"Feature","properties":{"name":"Surau Al-Islamiah Sungai Kantan","category":"mosque","kind":"Surau"},"geometry":{"type":"Point","coordinates":[101.78946,3.00279]}},{"type":"Feature","properties":{"name":"Surau Raudhatul Jannah","category":"mosque","kind":"Surau"},"geometry":{"type":"Point","coordinates":[101.55025,3.43953]}},{"type":"Feature","properties":{"name":"Surau Abu Otman Ali Bashah","category":"mosque","kind":"Surau"},"geometry":{"type":"Point","coordinates":[101.55574,3.44398]}},{"type":"Feature","properties":{"name":"Surau Raudhah As-Solihin","category":"mosque","kind":"Surau"},"geometry":{"type":"Point","coordinates":[101.5623,3.05098]}},{"type":"Feature","properties":{"name":"Surau Nuruddin D'Kayangan","category":"mosque","kind":"Surau"},"geometry":{"type":"Point","coordinates":[101.54597,3.07585]}},{"type":"Feature","properties":{"name":"Surau","category":"mosque","kind":"Surau"},"geometry":{"type":"Point","coordinates":[101.64062,3.24152]}},{"type":"Feature","properties":{"name":"Surau Al-Munawwarah","category":"mosque","kind":"Surau","address":"2 Jalan Polo Air 13/58B, 40100"},"geometry":{"type":"Point","coordinates":[101.54094,3.08703]}},{"type":"Feature","properties":{"name":"Surau Al-Husna","category":"mosque","kind":"Surau"},"geometry":{"type":"Point","coordinates":[101.63837,3.07198]}},{"type":"Feature","properties":{"name":"Surau At-Taqwa","category":"mosque","kind":"Surau"},"geometry":{"type":"Point","coordinates":[101.76842,3.06459]}},{"type":"Feature","properties":{"name":"Masjid Nurul Yaqin","category":"mosque","kind":"Masjid"},"geometry":{"type":"Point","coordinates":[101.60304,3.092]}},{"type":"Feature","properties":{"name":"Surau Plus","category":"mosque","kind":"Surau","address":"Subang Toll Plaza, Petaling Jaya"},"geometry":{"type":"Point","coordinates":[101.59064,3.10136]}},{"type":"Feature","properties":{"name":"Surau","category":"mosque","kind":"Surau"},"geometry":{"type":"Point","coordinates":[101.51945,3.17208]}},{"type":"Feature","properties":{"name":"Masjid Lapangan Terbang Sultan Abdul Aziz Shah","category":"mosque","kind":"Masjid"},"geometry":{"type":"Point","coordinates":[101.56449,3.11995]}},{"type":"Feature","properties":{"name":"Surau As-Sakeenah","category":"mosque","kind":"Surau"},"geometry":{"type":"Point","coordinates":[101.55137,3.09782]}},{"type":"Feature","properties":{"name":"Surau","category":"mosque","kind":"Surau"},"geometry":{"type":"Point","coordinates":[101.55412,3.10481]}},{"type":"Feature","properties":{"name":"Masjid Al-I'tisam","category":"mosque","kind":"Masjid"},"geometry":{"type":"Point","coordinates":[101.55765,3.10521]}},{"type":"Feature","properties":{"name":"Surau SRA TTDI Jaya","category":"mosque","kind":"Surau"},"geometry":{"type":"Point","coordinates":[101.55724,3.10596]}},{"type":"Feature","properties":{"name":"Masjid Nahdhah Al-Islam","category":"mosque","kind":"Masjid"},"geometry":{"type":"Point","coordinates":[101.52235,3.05263]}},{"type":"Feature","properties":{"name":"Surau Delima Apartment","category":"mosque","kind":"Surau"},"geometry":{"type":"Point","coordinates":[101.53618,3.11074]}},{"type":"Feature","properties":{"name":"Surau Seroja Apartment","category":"mosque","kind":"Surau"},"geometry":{"type":"Point","coordinates":[101.53716,3.1096]}},{"type":"Feature","properties":{"name":"Surau SMK Shah Alam","category":"mosque","kind":"Surau"},"geometry":{"type":"Point","coordinates":[101.53904,3.1117]}},{"type":"Feature","properties":{"name":"Surau Al-Islah","category":"mosque","kind":"Surau","address":"Jalan PJS 1/54A, 46000, Petaling Jaya"},"geometry":{"type":"Point","coordinates":[101.64663,3.07719]}},{"type":"Feature","properties":{"name":"Surau","category":"mosque","kind":"Surau"},"geometry":{"type":"Point","coordinates":[101.52278,3.24997]}},{"type":"Feature","properties":{"name":"Surau Plaza Tol Shah Alam","category":"mosque","kind":"Surau"},"geometry":{"type":"Point","coordinates":[101.54427,3.09795]}},{"type":"Feature","properties":{"name":"Surau","category":"mosque","kind":"Surau"},"geometry":{"type":"Point","coordinates":[101.46688,2.99008]}},{"type":"Feature","properties":{"name":"Surau SK Taman Bukit Subang","category":"mosque","kind":"Surau"},"geometry":{"type":"Point","coordinates":[101.51393,3.17202]}},{"type":"Feature","properties":{"name":"Surau At Taqwa","category":"mosque","kind":"Surau"},"geometry":{"type":"Point","coordinates":[101.51202,3.17356]}},{"type":"Feature","properties":{"name":"Surau Melor","category":"mosque","kind":"Surau"},"geometry":{"type":"Point","coordinates":[101.51498,3.17349]}},{"type":"Feature","properties":{"name":"Surau Al Mahdi","category":"mosque","kind":"Surau"},"geometry":{"type":"Point","coordinates":[101.51465,3.1721]}},{"type":"Feature","properties":{"name":"Surau Al Falah","category":"mosque","kind":"Surau"},"geometry":{"type":"Point","coordinates":[101.51826,3.17181]}},{"type":"Feature","properties":{"name":"Surau Kiambang","category":"mosque","kind":"Surau"},"geometry":{"type":"Point","coordinates":[101.5159,3.17053]}},{"type":"Feature","properties":{"name":"Surau Lili","category":"mosque","kind":"Surau"},"geometry":{"type":"Point","coordinates":[101.51526,3.16965]}},{"type":"Feature","properties":{"name":"Surau SRA Denai Alam","category":"mosque","kind":"Surau"},"geometry":{"type":"Point","coordinates":[101.51106,3.16324]}},{"type":"Feature","properties":{"name":"Surau As-Salam","category":"mosque","kind":"Surau"},"geometry":{"type":"Point","coordinates":[101.4657,3.09915]}},{"type":"Feature","properties":{"name":"Surau Al Abrar","category":"mosque","kind":"Surau"},"geometry":{"type":"Point","coordinates":[101.51343,3.15764]}},{"type":"Feature","properties":{"name":"Surau Al Islah","category":"mosque","kind":"Surau"},"geometry":{"type":"Point","coordinates":[101.51905,3.1529]}},{"type":"Feature","properties":{"name":"Surau Al-Ehsaniah Ahmadiah","category":"mosque","kind":"Surau","address":"Jalan SS 5A/10, Kelana Jaya"},"geometry":{"type":"Point","coordinates":[101.60439,3.09562]}},{"type":"Feature","properties":{"name":"Surau Elmina Gardens","category":"mosque","kind":"Surau"},"geometry":{"type":"Point","coordinates":[101.52354,3.19165]}},{"type":"Feature","properties":{"name":"Surau","category":"mosque","kind":"Surau"},"geometry":{"type":"Point","coordinates":[101.80685,2.99032]}},{"type":"Feature","properties":{"name":"Surau Al Ittifaqiah","category":"mosque","kind":"Surau"},"geometry":{"type":"Point","coordinates":[101.60549,3.10634]}},{"type":"Feature","properties":{"name":"Surau Ar-Rahim - PDRM Housing Complex","category":"mosque","kind":"Surau"},"geometry":{"type":"Point","coordinates":[101.60058,3.10468]}},{"type":"Feature","properties":{"name":"Surau Al Kauthar","category":"mosque","kind":"Surau"},"geometry":{"type":"Point","coordinates":[101.60432,3.10299]}},{"type":"Feature","properties":{"name":"Surau Ar Rahman","category":"mosque","kind":"Surau"},"geometry":{"type":"Point","coordinates":[101.60169,3.09788]}},{"type":"Feature","properties":{"name":"Surau","category":"mosque","kind":"Surau"},"geometry":{"type":"Point","coordinates":[101.56155,3.07426]}},{"type":"Feature","properties":{"name":"Surau","category":"mosque","kind":"Surau"},"geometry":{"type":"Point","coordinates":[101.87011,2.90805]}},{"type":"Feature","properties":{"name":"Surau Sekolah","category":"mosque","kind":"Surau"},"geometry":{"type":"Point","coordinates":[101.59706,3.10725]}},{"type":"Feature","properties":{"name":"Surau","category":"mosque","kind":"Surau"},"geometry":{"type":"Point","coordinates":[101.59842,3.10774]}},{"type":"Feature","properties":{"name":"Masjid Al-Ikhlas","category":"mosque","kind":"Masjid","address":"Jalan SS 3/47, Petaling Jaya"},"geometry":{"type":"Point","coordinates":[101.61397,3.10737]}},{"type":"Feature","properties":{"name":"Masjid Al-Hidayah","category":"mosque","kind":"Masjid","address":"Petaling Jaya"},"geometry":{"type":"Point","coordinates":[101.60789,3.10126]}},{"type":"Feature","properties":{"name":"Surau Al Akidah","category":"mosque","kind":"Surau","address":"Jalan SS 7/28, Petaling Jaya"},"geometry":{"type":"Point","coordinates":[101.59371,3.10472]}},{"type":"Feature","properties":{"name":"Surau Al-Ikhlas","category":"mosque","kind":"Surau","address":"Jalan Alam Suria 16/7, 42300, Puncak Alam"},"geometry":{"type":"Point","coordinates":[101.41239,3.24142]}},{"type":"Feature","properties":{"name":"Surau PJS 6/2","category":"mosque","kind":"Surau","address":"Jalan PJS 6/2, Petaling Jaya"},"geometry":{"type":"Point","coordinates":[101.61589,3.07555]}},{"type":"Feature","properties":{"name":"Surau Nur Hidayah","category":"mosque","kind":"Surau","address":"Lorong PJS 6/3B, Petaling Jaya"},"geometry":{"type":"Point","coordinates":[101.61454,3.07829]}},{"type":"Feature","properties":{"name":"Surau Luqman Al Hakim","category":"mosque","kind":"Surau"},"geometry":{"type":"Point","coordinates":[101.4493,3.09831]}},{"type":"Feature","properties":{"name":"Surau Hidayatul Islamiah","category":"mosque","kind":"Surau","address":"40150"},"geometry":{"type":"Point","coordinates":[101.54902,3.03467]}},{"type":"Feature","properties":{"name":"Surau Ar Raudhah","category":"mosque","kind":"Surau","address":"Jalan Setia Indah U13/11M, Shah Alam"},"geometry":{"type":"Point","coordinates":[101.45966,3.0957]}},{"type":"Feature","properties":{"name":"Masjid Kampung Raja Uda","category":"mosque","kind":"Masjid","address":"Persiaran Raja Muda Musa, Pelabuhan Klang"},"geometry":{"type":"Point","coordinates":[101.41303,3.01763]}},{"type":"Feature","properties":{"name":"Surau Ukhwanul Muslimin","category":"mosque","kind":"Surau","address":"Jalan Kastam, Pelabuhan Klang"},"geometry":{"type":"Point","coordinates":[101.40419,3.01297]}},{"type":"Feature","properties":{"name":"Surau Al Islah","category":"mosque","kind":"Surau","address":"Jalan Raja Muda, Pelabuhan Klang"},"geometry":{"type":"Point","coordinates":[101.40483,3.01102]}},{"type":"Feature","properties":{"name":"Masjid Samadiah","category":"mosque","kind":"Masjid"},"geometry":{"type":"Point","coordinates":[101.4008,3.00428]}},{"type":"Feature","properties":{"name":"Surau Sekolah","category":"mosque","kind":"Surau"},"geometry":{"type":"Point","coordinates":[101.40044,3.0005]}},{"type":"Feature","properties":{"name":"Surau As Sajidin","category":"mosque","kind":"Surau","address":"Pelabuhan Klang"},"geometry":{"type":"Point","coordinates":[101.40954,2.99461]}},{"type":"Feature","properties":{"name":"Surau Al Shuhada","category":"mosque","kind":"Surau","address":"Pelabuhan Klang"},"geometry":{"type":"Point","coordinates":[101.41269,2.99107]}},{"type":"Feature","properties":{"name":"Surau WIT","category":"mosque","kind":"Surau"},"geometry":{"type":"Point","coordinates":[101.4219,2.99475]}},{"type":"Feature","properties":{"name":"Masjid Al Mansuriah","category":"mosque","kind":"Masjid"},"geometry":{"type":"Point","coordinates":[101.41098,3.01122]}},{"type":"Feature","properties":{"name":"Masjid Ar-Rahman","category":"mosque","kind":"Masjid","address":"Jln Pandamaran Jaya 63, Kawasan 10, 42000, Pelabuhan Klang"},"geometry":{"type":"Point","coordinates":[101.42301,3.00454]}},{"type":"Feature","properties":{"name":"Surau Al Insyirah","category":"mosque","kind":"Surau","address":"Jalan Batu Nilam 34, Klang"},"geometry":{"type":"Point","coordinates":[101.42942,2.99964]}},{"type":"Feature","properties":{"name":"Masjid Al Falah","category":"mosque","kind":"Masjid","address":"Jalan Idaman 11, Pelabuhan Klang"},"geometry":{"type":"Point","coordinates":[101.42466,2.99339]}},{"type":"Feature","properties":{"name":"Surau","category":"mosque","kind":"Surau","address":"Jalan Idaman 14, Pelabuhan Klang"},"geometry":{"type":"Point","coordinates":[101.42513,2.99456]}},{"type":"Feature","properties":{"name":"Surau Al Hidayah","category":"mosque","kind":"Surau","address":"Lorong Batu Nilam 6C, Klang"},"geometry":{"type":"Point","coordinates":[101.43862,3.00683]}},{"type":"Feature","properties":{"name":"Surau Nurul Ehsan","category":"mosque","kind":"Surau"},"geometry":{"type":"Point","coordinates":[101.39297,3.67615]}},{"type":"Feature","properties":{"name":"Surau Al Faizin","category":"mosque","kind":"Surau","address":"Jalan Sungai Kapar Indah 10, ."},"geometry":{"type":"Point","coordinates":[101.38334,3.10038]}},{"type":"Feature","properties":{"name":"Surau","category":"mosque","kind":"Surau"},"geometry":{"type":"Point","coordinates":[101.42526,2.98928]}},{"type":"Feature","properties":{"name":"Surau","category":"mosque","kind":"Surau"},"geometry":{"type":"Point","coordinates":[101.42531,2.98465]}},{"type":"Feature","properties":{"name":"Surau","category":"mosque","kind":"Surau"},"geometry":{"type":"Point","coordinates":[101.4252,2.98663]}},{"type":"Feature","properties":{"name":"Masjid Jamek Cina Muslim Klang","category":"mosque","kind":"Masjid"},"geometry":{"type":"Point","coordinates":[101.44434,2.99994]}},{"type":"Feature","properties":{"name":"Surau Addin","category":"mosque","kind":"Surau"},"geometry":{"type":"Point","coordinates":[101.52773,3.06477]}},{"type":"Feature","properties":{"name":"Surau Al-Amin Seksyen 19 Barat","category":"mosque","kind":"Surau"},"geometry":{"type":"Point","coordinates":[101.52572,3.05068]}},{"type":"Feature","properties":{"name":"Masjid Al-Ehsan Seksyen 24 Shah Alam (Baru)","category":"mosque","kind":"Masjid","address":"Jalan Pudina 24/39, 40300, Shah Alam"},"geometry":{"type":"Point","coordinates":[101.52076,3.0347]}},{"type":"Feature","properties":{"name":"Surau Al-Syakirin","category":"mosque","kind":"Surau"},"geometry":{"type":"Point","coordinates":[101.61174,3.14721]}},{"type":"Feature","properties":{"name":"Masjid Kompleks Pertanian Serdang","category":"mosque","kind":"Masjid"},"geometry":{"type":"Point","coordinates":[101.70089,2.99578]}},{"type":"Feature","properties":{"name":"Masjid Al-Khairat","category":"mosque","kind":"Masjid","address":"Banting"},"geometry":{"type":"Point","coordinates":[101.57214,2.8377]}},{"type":"Feature","properties":{"name":"Surau Al-Bajuri","category":"mosque","kind":"Surau","address":"42700, Banting"},"geometry":{"type":"Point","coordinates":[101.59756,2.83543]}},{"type":"Feature","properties":{"name":"Masjid Nurul Huda","category":"mosque","kind":"Masjid","address":"42700, Banting"},"geometry":{"type":"Point","coordinates":[101.58644,2.83752]}},{"type":"Feature","properties":{"name":"Masjid Taman Alam Jaya","category":"mosque","kind":"Masjid"},"geometry":{"type":"Point","coordinates":[101.44296,3.25345]}},{"type":"Feature","properties":{"name":"Masjid Al-Raudhah","category":"mosque","kind":"Masjid"},"geometry":{"type":"Point","coordinates":[101.49558,3.13082]}},{"type":"Feature","properties":{"name":"Masjid Al Istiqamah","category":"mosque","kind":"Masjid"},"geometry":{"type":"Point","coordinates":[101.59576,3.00927]}},{"type":"Feature","properties":{"name":"Surau Al-Iklas","category":"mosque","kind":"Surau"},"geometry":{"type":"Point","coordinates":[101.63538,3.0567]}},{"type":"Feature","properties":{"name":"Masjid Meranti","category":"mosque","kind":"Masjid"},"geometry":{"type":"Point","coordinates":[101.64086,2.96912]}},{"type":"Feature","properties":{"name":"Surau","category":"mosque","kind":"Surau"},"geometry":{"type":"Point","coordinates":[101.62994,2.96769]}},{"type":"Feature","properties":{"name":"Surau Al-Furqan","category":"mosque","kind":"Surau"},"geometry":{"type":"Point","coordinates":[101.55983,3.39883]}},{"type":"Feature","properties":{"name":"Masjid Al-Ma'muriah","category":"mosque","kind":"Masjid"},"geometry":{"type":"Point","coordinates":[101.61267,3.13511]}},{"type":"Feature","properties":{"name":"Masjid Jamek Sultan Abdul Aziz","category":"mosque","kind":"Masjid","address":"Jalan Templer"},"geometry":{"type":"Point","coordinates":[101.65052,3.09075]}},{"type":"Feature","properties":{"name":"Surau","category":"mosque","kind":"Surau"},"geometry":{"type":"Point","coordinates":[101.60052,2.79891]}},{"type":"Feature","properties":{"name":"Surau Othmaniah","category":"mosque","kind":"Surau"},"geometry":{"type":"Point","coordinates":[101.63844,3.09707]}},{"type":"Feature","properties":{"name":"Surau","category":"mosque","kind":"Surau"},"geometry":{"type":"Point","coordinates":[101.62732,3.10242]}},{"type":"Feature","properties":{"name":"Surau","category":"mosque","kind":"Surau"},"geometry":{"type":"Point","coordinates":[101.625,3.09561]}},{"type":"Feature","properties":{"name":"Surau Al Hakimin","category":"mosque","kind":"Surau"},"geometry":{"type":"Point","coordinates":[101.7799,3.14613]}},{"type":"Feature","properties":{"name":"Surau Al-Islah","category":"mosque","kind":"Surau","address":"Petaling Jaya"},"geometry":{"type":"Point","coordinates":[101.64548,3.08939]}},{"type":"Feature","properties":{"name":"Surau Al Ikhlasiah","category":"mosque","kind":"Surau"},"geometry":{"type":"Point","coordinates":[101.76558,3.15269]}},{"type":"Feature","properties":{"name":"Madrasah Ihsaniah","category":"mosque","kind":"Mosque / surau"},"geometry":{"type":"Point","coordinates":[101.76005,3.15802]}},{"type":"Feature","properties":{"name":"Madrasah Ad Diniah","category":"mosque","kind":"Mosque / surau"},"geometry":{"type":"Point","coordinates":[101.77156,3.18962]}},{"type":"Feature","properties":{"name":"Surau Ar-Raudhah","category":"mosque","kind":"Surau","address":"Jalan 3/1, 43650, Bandar Baru Bangi"},"geometry":{"type":"Point","coordinates":[101.77742,2.93696]}},{"type":"Feature","properties":{"name":"Surau","category":"mosque","kind":"Surau"},"geometry":{"type":"Point","coordinates":[101.85008,2.95304]}},{"type":"Feature","properties":{"name":"Masjid Ikram","category":"mosque","kind":"Masjid"},"geometry":{"type":"Point","coordinates":[101.738,2.97649]}},{"type":"Feature","properties":{"name":"Surau Al-Amin","category":"mosque","kind":"Surau"},"geometry":{"type":"Point","coordinates":[101.79003,2.94324]}},{"type":"Feature","properties":{"name":"Surau Ar-Rahmaniah","category":"mosque","kind":"Surau"},"geometry":{"type":"Point","coordinates":[101.80988,2.95497]}},{"type":"Feature","properties":{"name":"Surau At Taqwa","category":"mosque","kind":"Surau"},"geometry":{"type":"Point","coordinates":[101.54311,3.03164]}},{"type":"Feature","properties":{"name":"Surau Al-Muiz'z","category":"mosque","kind":"Surau","address":"Lot 35226 Jalan Suci 25/90, 40400, Shah Alam"},"geometry":{"type":"Point","coordinates":[101.53999,3.02476]}},{"type":"Feature","properties":{"name":"Surau Al Amirin","category":"mosque","kind":"Surau"},"geometry":{"type":"Point","coordinates":[101.78308,2.95382]}},{"type":"Feature","properties":{"name":"Madrasatul Islamiah","category":"mosque","kind":"Mosque / surau"},"geometry":{"type":"Point","coordinates":[101.74631,3.16907]}},{"type":"Feature","properties":{"name":"Surau Al-Mauziah","category":"mosque","kind":"Surau"},"geometry":{"type":"Point","coordinates":[101.45784,3.20947]}},{"type":"Feature","properties":{"name":"Surau Al-Faqeh @ D'cerrum","category":"mosque","kind":"Surau"},"geometry":{"type":"Point","coordinates":[101.84847,2.92158]}},{"type":"Feature","properties":{"name":"Surau Al Khautsar","category":"mosque","kind":"Surau"},"geometry":{"type":"Point","coordinates":[101.7105,3.2421]}},{"type":"Feature","properties":{"name":"Masjid Al-Khairiyah","category":"mosque","kind":"Masjid","address":"Jalan Gombak 7/10, Gombak"},"geometry":{"type":"Point","coordinates":[101.70296,3.24672]}},{"type":"Feature","properties":{"name":"Masjid Al-Islah","category":"mosque","kind":"Masjid","address":"43300"},"geometry":{"type":"Point","coordinates":[101.70338,3.04296]}},{"type":"Feature","properties":{"name":"Surau Nurul Hidayah Batu 11","category":"mosque","kind":"Surau"},"geometry":{"type":"Point","coordinates":[101.61837,3.03924]}},{"type":"Feature","properties":{"name":"Surau Al-Faizun","category":"mosque","kind":"Surau"},"geometry":{"type":"Point","coordinates":[101.69447,3.02648]}},{"type":"Feature","properties":{"name":"Surau","category":"mosque","kind":"Surau"},"geometry":{"type":"Point","coordinates":[101.69793,3.24532]}},{"type":"Feature","properties":{"name":"Masjid Jamek Batu Arang","category":"mosque","kind":"Masjid"},"geometry":{"type":"Point","coordinates":[101.47085,3.31808]}},{"type":"Feature","properties":{"name":"Surau Darussalam","category":"mosque","kind":"Surau"},"geometry":{"type":"Point","coordinates":[101.75396,3.14372]}},{"type":"Feature","properties":{"name":"Surau Al-Firdaus","category":"mosque","kind":"Surau"},"geometry":{"type":"Point","coordinates":[101.57786,3.15174]}},{"type":"Feature","properties":{"name":"Surau Al Firdaus","category":"mosque","kind":"Surau"},"geometry":{"type":"Point","coordinates":[101.7382,2.9123]}},{"type":"Feature","properties":{"name":"Surau Dataran Iman","category":"mosque","kind":"Surau"},"geometry":{"type":"Point","coordinates":[101.73688,2.91874]}},{"type":"Feature","properties":{"name":"Masjid Sg. Kembung Hulu","category":"mosque","kind":"Masjid"},"geometry":{"type":"Point","coordinates":[101.82705,2.89105]}},{"type":"Feature","properties":{"name":"Masjid Riyadhus Solihin","category":"mosque","kind":"Masjid"},"geometry":{"type":"Point","coordinates":[101.70566,3.01137]}},{"type":"Feature","properties":{"name":"Surau Islamiah","category":"mosque","kind":"Surau"},"geometry":{"type":"Point","coordinates":[101.70596,3.01557]}},{"type":"Feature","properties":{"name":"Surau Al-Falah","category":"mosque","kind":"Surau"},"geometry":{"type":"Point","coordinates":[101.70806,3.01598]}},{"type":"Feature","properties":{"name":"Masjid Denai Alam","category":"mosque","kind":"Masjid","address":"40160, Denai Alam"},"geometry":{"type":"Point","coordinates":[101.51013,3.16234]}},{"type":"Feature","properties":{"name":"Surau At-Taqwaniah","category":"mosque","kind":"Surau"},"geometry":{"type":"Point","coordinates":[101.55379,3.1922]}},{"type":"Feature","properties":{"name":"Masjid Al-Muhajirin","category":"mosque","kind":"Masjid","address":"Jalan U8/72"},"geometry":{"type":"Point","coordinates":[101.54615,3.11285]}},{"type":"Feature","properties":{"name":"Surau Al-Falah","category":"mosque","kind":"Surau"},"geometry":{"type":"Point","coordinates":[101.67254,3.01711]}},{"type":"Feature","properties":{"name":"Surau Al-Ikhwan","category":"mosque","kind":"Surau"},"geometry":{"type":"Point","coordinates":[101.67892,3.019]}},{"type":"Feature","properties":{"name":"Surau Al-Falah","category":"mosque","kind":"Surau"},"geometry":{"type":"Point","coordinates":[101.47783,3.20858]}},{"type":"Feature","properties":{"name":"Surau Al Ikhwan","category":"mosque","kind":"Surau"},"geometry":{"type":"Point","coordinates":[101.60466,2.99323]}},{"type":"Feature","properties":{"name":"Surau","category":"mosque","kind":"Surau"},"geometry":{"type":"Point","coordinates":[101.71205,3.02531]}},{"type":"Feature","properties":{"name":"Surau An Nur","category":"mosque","kind":"Surau"},"geometry":{"type":"Point","coordinates":[101.66927,3.0155]}},{"type":"Feature","properties":{"name":"Surau Lestari Perdana 7","category":"mosque","kind":"Surau"},"geometry":{"type":"Point","coordinates":[101.66849,3.00598]}},{"type":"Feature","properties":{"name":"Masjid Asy-Syarif","category":"mosque","kind":"Masjid"},"geometry":{"type":"Point","coordinates":[101.72542,3.02796]}},{"type":"Feature","properties":{"name":"Masjid Badariah Kampung Batu 12","category":"mosque","kind":"Masjid"},"geometry":{"type":"Point","coordinates":[101.35419,3.14414]}},{"type":"Feature","properties":{"name":"Surau Hamidiyah","category":"mosque","kind":"Surau"},"geometry":{"type":"Point","coordinates":[101.31489,3.20512]}},{"type":"Feature","properties":{"name":"Masjid Al-Muttaqin","category":"mosque","kind":"Masjid"},"geometry":{"type":"Point","coordinates":[101.66859,2.99216]}},{"type":"Feature","properties":{"name":"Surau Al-Hidayah","category":"mosque","kind":"Surau","address":"52 Jalan BK 2/7"},"geometry":{"type":"Point","coordinates":[101.64732,3.05458]}},{"type":"Feature","properties":{"name":"Masjid Al-Quddus","category":"mosque","kind":"Masjid"},"geometry":{"type":"Point","coordinates":[101.67832,2.98547]}},{"type":"Feature","properties":{"name":"Surau Al-Munawwarah","category":"mosque","kind":"Surau"},"geometry":{"type":"Point","coordinates":[101.6734,2.98724]}},{"type":"Feature","properties":{"name":"Masjid Al-Mujahideen","category":"mosque","kind":"Masjid"},"geometry":{"type":"Point","coordinates":[101.62045,3.13869]}},{"type":"Feature","properties":{"name":"Surau Madrasatul Ehsan","category":"mosque","kind":"Surau"},"geometry":{"type":"Point","coordinates":[101.60888,3.00536]}},{"type":"Feature","properties":{"name":"Surau Al-Mashitah","category":"mosque","kind":"Surau"},"geometry":{"type":"Point","coordinates":[101.60163,3.01114]}},{"type":"Feature","properties":{"name":"Surau At Taubah","category":"mosque","kind":"Surau"},"geometry":{"type":"Point","coordinates":[101.60616,3.01308]}},{"type":"Feature","properties":{"name":"Surau At-Toyibah","category":"mosque","kind":"Surau"},"geometry":{"type":"Point","coordinates":[101.63083,2.98887]}},{"type":"Feature","properties":{"name":"Surau Hayatul Islam","category":"mosque","kind":"Surau","address":"Taman Seroja, Seksyen BS 6, Bukit Sentosa 2, 48300, Rawang"},"geometry":{"type":"Point","coordinates":[101.58318,3.4155]}},{"type":"Feature","properties":{"name":"Surau Nurul Ikhlas","category":"mosque","kind":"Surau"},"geometry":{"type":"Point","coordinates":[101.67259,2.98333]}},{"type":"Feature","properties":{"name":"Surau Al-Furqan","category":"mosque","kind":"Surau"},"geometry":{"type":"Point","coordinates":[101.717,3.00642]}},{"type":"Feature","properties":{"name":"Surau Al-Munir","category":"mosque","kind":"Surau"},"geometry":{"type":"Point","coordinates":[101.66432,2.99773]}},{"type":"Feature","properties":{"name":"Surau Baiturrahman","category":"mosque","kind":"Surau"},"geometry":{"type":"Point","coordinates":[101.65667,2.97835]}},{"type":"Feature","properties":{"name":"Surau Saidina Abu Bakar As-Siddiq","category":"mosque","kind":"Surau"},"geometry":{"type":"Point","coordinates":[101.65272,3.00172]}},{"type":"Feature","properties":{"name":"Surau Al-Mustaqim","category":"mosque","kind":"Surau"},"geometry":{"type":"Point","coordinates":[101.6482,3.0021]}},{"type":"Feature","properties":{"name":"Masjid Jamiul Ehsan","category":"mosque","kind":"Masjid"},"geometry":{"type":"Point","coordinates":[101.51479,3.2033]}},{"type":"Feature","properties":{"name":"Masjid Diraja Sultan Alaeddin","category":"mosque","kind":"Masjid"},"geometry":{"type":"Point","coordinates":[101.43983,2.86328]}},{"type":"Feature","properties":{"name":"Surau Pekan Simpang Lima","category":"mosque","kind":"Surau"},"geometry":{"type":"Point","coordinates":[101.05394,3.624]}},{"type":"Feature","properties":{"name":"Masjid Kariah Batu 4 Sapintas","category":"mosque","kind":"Masjid"},"geometry":{"type":"Point","coordinates":[101.03037,3.77609]}},{"type":"Feature","properties":{"name":"Surau An-Nur","category":"mosque","kind":"Surau"},"geometry":{"type":"Point","coordinates":[101.75461,3.01103]}},{"type":"Feature","properties":{"name":"Masjid An-Naim","category":"mosque","kind":"Masjid"},"geometry":{"type":"Point","coordinates":[101.31443,3.19094]}},{"type":"Feature","properties":{"name":"Masjid Setia Alam","category":"mosque","kind":"Masjid"},"geometry":{"type":"Point","coordinates":[101.444,3.10411]}},{"type":"Feature","properties":{"name":"Surau Nur Ramadhan","category":"mosque","kind":"Surau"},"geometry":{"type":"Point","coordinates":[101.74549,2.94311]}},{"type":"Feature","properties":{"name":"Masjid Raja Haji Fi Sabilillah","category":"mosque","kind":"Masjid","address":"Persiaran Semarak Api, 63000, Cyberjaya"},"geometry":{"type":"Point","coordinates":[101.64805,2.93222]}},{"type":"Feature","properties":{"name":"Surau Ubudiah","category":"mosque","kind":"Surau"},"geometry":{"type":"Point","coordinates":[101.75072,3.12321]}},{"type":"Feature","properties":{"name":"Surau As-Syakirin","category":"mosque","kind":"Surau"},"geometry":{"type":"Point","coordinates":[101.78189,2.88856]}},{"type":"Feature","properties":{"name":"Surau KPTM Bangi","category":"mosque","kind":"Surau"},"geometry":{"type":"Point","coordinates":[101.75933,2.93115]}},{"type":"Feature","properties":{"name":"Surau An- Nur","category":"mosque","kind":"Surau"},"geometry":{"type":"Point","coordinates":[101.77533,2.9374]}},{"type":"Feature","properties":{"name":"Surau Ar-Rahman","category":"mosque","kind":"Surau"},"geometry":{"type":"Point","coordinates":[101.60118,2.9808]}},{"type":"Feature","properties":{"name":"Surau Darus Sa'adah","category":"mosque","kind":"Surau"},"geometry":{"type":"Point","coordinates":[101.73974,3.17475]}},{"type":"Feature","properties":{"name":"Surau Al Hidayah","category":"mosque","kind":"Surau"},"geometry":{"type":"Point","coordinates":[101.73951,3.17095]}},{"type":"Feature","properties":{"name":"Surau Al-Aziziah","category":"mosque","kind":"Surau"},"geometry":{"type":"Point","coordinates":[101.73628,3.17065]}},{"type":"Feature","properties":{"name":"Surau Al-Ittifaq","category":"mosque","kind":"Surau"},"geometry":{"type":"Point","coordinates":[101.73723,3.17381]}},{"type":"Feature","properties":{"name":"Surau Al-Mutaqqin","category":"mosque","kind":"Surau","address":"Jalan Anggerik 3, 48300, Rawang"},"geometry":{"type":"Point","coordinates":[101.58102,3.41971]}},{"type":"Feature","properties":{"name":"Madrasatul Hajjah Zubaidah","category":"mosque","kind":"Mosque / surau"},"geometry":{"type":"Point","coordinates":[101.65337,3.07775]}},{"type":"Feature","properties":{"name":"Surau Az Zikri","category":"mosque","kind":"Surau"},"geometry":{"type":"Point","coordinates":[101.55052,3.17741]}},{"type":"Feature","properties":{"name":"Surau Haji Abbas","category":"mosque","kind":"Surau"},"geometry":{"type":"Point","coordinates":[101.40956,3.03185]}},{"type":"Feature","properties":{"name":"Surau Hj Sulaiman","category":"mosque","kind":"Surau"},"geometry":{"type":"Point","coordinates":[101.41469,3.02799]}},{"type":"Feature","properties":{"name":"Masjid Al-Hijrah","category":"mosque","kind":"Masjid"},"geometry":{"type":"Point","coordinates":[101.5406,2.98326]}},{"type":"Feature","properties":{"name":"Surau Al-Firdaus","category":"mosque","kind":"Surau"},"geometry":{"type":"Point","coordinates":[101.54946,2.98506]}},{"type":"Feature","properties":{"name":"Surau Al Aziziah","category":"mosque","kind":"Surau"},"geometry":{"type":"Point","coordinates":[101.53049,2.96892]}},{"type":"Feature","properties":{"name":"Masjid At-Taqwa","category":"mosque","kind":"Masjid"},"geometry":{"type":"Point","coordinates":[101.41469,3.16214]}},{"type":"Feature","properties":{"name":"Surau Al Muhajirin","category":"mosque","kind":"Surau"},"geometry":{"type":"Point","coordinates":[101.55128,3.00451]}},{"type":"Feature","properties":{"name":"Surau Bukit Mulia","category":"mosque","kind":"Surau"},"geometry":{"type":"Point","coordinates":[101.77526,3.19434]}},{"type":"Feature","properties":{"name":"Surau Al-Hidayah","category":"mosque","kind":"Surau","address":"Jalan Desa Kemandol 1, 42610"},"geometry":{"type":"Point","coordinates":[101.56239,2.93684]}},{"type":"Feature","properties":{"name":"Surau Al-Ehsan","category":"mosque","kind":"Surau"},"geometry":{"type":"Point","coordinates":[101.49515,3.07415]}},{"type":"Feature","properties":{"name":"Pusat Dakwah Tarbiah Al Ehsan Seksyen 24","category":"mosque","kind":"Mosque / surau","address":"Jalan Pudina 24/39, 40300, Shah Alam"},"geometry":{"type":"Point","coordinates":[101.51823,3.03653]}},{"type":"Feature","properties":{"name":"Surau Asy-Syakirin Adtec Shah Alam","category":"mosque","kind":"Surau"},"geometry":{"type":"Point","coordinates":[101.50922,3.01337]}},{"type":"Feature","properties":{"name":"Surau Khalid al-Walid","category":"mosque","kind":"Surau"},"geometry":{"type":"Point","coordinates":[101.5194,3.08825]}},{"type":"Feature","properties":{"name":"Surau Al-Razi","category":"mosque","kind":"Surau"},"geometry":{"type":"Point","coordinates":[101.54062,3.16624]}},{"type":"Feature","properties":{"name":"Masjid Ar-Raudhah","category":"mosque","kind":"Masjid","address":"Jalan 1, 43950, Kg. Ulu Teris"},"geometry":{"type":"Point","coordinates":[101.66713,2.67235]}},{"type":"Feature","properties":{"name":"Masjid An-Nur","category":"mosque","kind":"Masjid","address":"40200, Shah Alam"},"geometry":{"type":"Point","coordinates":[101.4907,3.04783]}},{"type":"Feature","properties":{"name":"Surau Al-Hidayah","category":"mosque","kind":"Surau"},"geometry":{"type":"Point","coordinates":[101.5952,2.96749]}},{"type":"Feature","properties":{"name":"Surau Al-Kasaniah","category":"mosque","kind":"Surau"},"geometry":{"type":"Point","coordinates":[101.54822,3.19355]}},{"type":"Feature","properties":{"name":"Surau Kolej Tingkatan Enam Shah Alam","category":"mosque","kind":"Surau","address":"Jalan Timun 24/1, 40300, Shah Alam"},"geometry":{"type":"Point","coordinates":[101.51614,3.03844]}},{"type":"Feature","properties":{"name":"Surau At-Taqwa","category":"mosque","kind":"Surau"},"geometry":{"type":"Point","coordinates":[101.61717,3.21572]}},{"type":"Feature","properties":{"name":"Surau","category":"mosque","kind":"Surau"},"geometry":{"type":"Point","coordinates":[101.24102,3.35002]}},{"type":"Feature","properties":{"name":"Masjid Nurul Iman","category":"mosque","kind":"Masjid","address":"Rawang"},"geometry":{"type":"Point","coordinates":[101.57828,3.31549]}},{"type":"Feature","properties":{"name":"Masjid Subang Bestari U5","category":"mosque","kind":"Masjid"},"geometry":{"type":"Point","coordinates":[101.54327,3.17517]}},{"type":"Feature","properties":{"name":"Surau Mahyun","category":"mosque","kind":"Surau"},"geometry":{"type":"Point","coordinates":[101.69064,3.25041]}},{"type":"Feature","properties":{"name":"Surau Nurul Falah","category":"mosque","kind":"Surau"},"geometry":{"type":"Point","coordinates":[101.40553,3.01968]}},{"type":"Feature","properties":{"name":"Surau As-Salam","category":"mosque","kind":"Surau"},"geometry":{"type":"Point","coordinates":[101.57949,3.19889]}},{"type":"Feature","properties":{"name":"Surau At-Tajdid","category":"mosque","kind":"Surau","address":"Jalan BRP 4/3"},"geometry":{"type":"Point","coordinates":[101.56195,3.21511]}},{"type":"Feature","properties":{"name":"Surau At-Taqwa","category":"mosque","kind":"Surau"},"geometry":{"type":"Point","coordinates":[101.75117,3.20201]}},{"type":"Feature","properties":{"name":"Surau Kg Bukit Sungai Putih","category":"mosque","kind":"Surau"},"geometry":{"type":"Point","coordinates":[101.78949,3.14504]}},{"type":"Feature","properties":{"name":"Masjid Damansara Perdana","category":"mosque","kind":"Masjid","address":"Jalan PJU 8/8"},"geometry":{"type":"Point","coordinates":[101.61781,3.17326]}},{"type":"Feature","properties":{"name":"Madrasah Al-Ikhwan","category":"mosque","kind":"Mosque / surau"},"geometry":{"type":"Point","coordinates":[101.75956,3.10724]}},{"type":"Feature","properties":{"name":"Masjid Bandar Saujana Putra","category":"mosque","kind":"Masjid"},"geometry":{"type":"Point","coordinates":[101.57494,2.95204]}},{"type":"Feature","properties":{"name":"Masjid Raja Lumu Kuala Selangor","category":"mosque","kind":"Masjid"},"geometry":{"type":"Point","coordinates":[101.24885,3.34141]}},{"type":"Feature","properties":{"name":"Masjid Jami' Sultan Ibrahim","category":"mosque","kind":"Masjid"},"geometry":{"type":"Point","coordinates":[101.25796,3.3284]}},{"type":"Feature","properties":{"name":"Masjid Ar-Ridhuan","category":"mosque","kind":"Masjid"},"geometry":{"type":"Point","coordinates":[101.3145,3.22399]}},{"type":"Feature","properties":{"name":"Surau Darul Hidayah","category":"mosque","kind":"Surau"},"geometry":{"type":"Point","coordinates":[101.69481,3.25322]}},{"type":"Feature","properties":{"name":"Surau Al-Hidayah","category":"mosque","kind":"Surau"},"geometry":{"type":"Point","coordinates":[101.32011,3.16104]}},{"type":"Feature","properties":{"name":"Surau Ar-Raudoh","category":"mosque","kind":"Surau"},"geometry":{"type":"Point","coordinates":[101.53986,3.18172]}},{"type":"Feature","properties":{"name":"Surau Al-Hikmah","category":"mosque","kind":"Surau"},"geometry":{"type":"Point","coordinates":[101.5457,3.18149]}},{"type":"Feature","properties":{"name":"Surau Al-Hidayah","category":"mosque","kind":"Surau","address":"Sungai Buloh"},"geometry":{"type":"Point","coordinates":[101.49006,3.23093]}},{"type":"Feature","properties":{"name":"Surau Nurul Iman","category":"mosque","kind":"Surau"},"geometry":{"type":"Point","coordinates":[101.53403,3.18618]}},{"type":"Feature","properties":{"name":"Surau An-Najah","category":"mosque","kind":"Surau"},"geometry":{"type":"Point","coordinates":[101.78307,2.99307]}},{"type":"Feature","properties":{"name":"Surau At-Tawqa","category":"mosque","kind":"Surau","address":"Lot 41607 & 41108, 43000, Kajang"},"geometry":{"type":"Point","coordinates":[101.80239,2.97433]}},{"type":"Feature","properties":{"name":"Surau An-Naim","category":"mosque","kind":"Surau"},"geometry":{"type":"Point","coordinates":[101.79961,2.98853]}},{"type":"Feature","properties":{"name":"Surau Ar-Raudah","category":"mosque","kind":"Surau"},"geometry":{"type":"Point","coordinates":[101.80531,3.05299]}},{"type":"Feature","properties":{"name":"Surau Rentak Perdana","category":"mosque","kind":"Surau","address":"Jalan Rentak Perdana, 42300, Bandar Puncak Alam"},"geometry":{"type":"Point","coordinates":[101.46374,3.23856]}},{"type":"Feature","properties":{"name":"Surau Taslim","category":"mosque","kind":"Surau"},"geometry":{"type":"Point","coordinates":[101.5526,3.15313]}},{"type":"Feature","properties":{"name":"Masjid An-Nur","category":"mosque","kind":"Masjid"},"geometry":{"type":"Point","coordinates":[101.47864,3.21331]}},{"type":"Feature","properties":{"name":"Masjid Selayang Baru","category":"mosque","kind":"Masjid"},"geometry":{"type":"Point","coordinates":[101.66966,3.24895]}},{"type":"Feature","properties":{"name":"Surau Darul Taqwa","category":"mosque","kind":"Surau"},"geometry":{"type":"Point","coordinates":[101.42933,3.02542]}},{"type":"Feature","properties":{"name":"Masjid Saujana Utama","category":"mosque","kind":"Masjid"},"geometry":{"type":"Point","coordinates":[101.48848,3.20236]}},{"type":"Feature","properties":{"name":"Surau As-Syahadah","category":"mosque","kind":"Surau"},"geometry":{"type":"Point","coordinates":[101.81201,3.11828]}},{"type":"Feature","properties":{"name":"Surau Al Ikhwaniah","category":"mosque","kind":"Surau"},"geometry":{"type":"Point","coordinates":[101.45271,3.01261]}},{"type":"Feature","properties":{"name":"Surau Al-Islah","category":"mosque","kind":"Surau","address":"1 Jalan 39"},"geometry":{"type":"Point","coordinates":[101.74962,3.11392]}},{"type":"Feature","properties":{"name":"Surau","category":"mosque","kind":"Surau"},"geometry":{"type":"Point","coordinates":[101.4563,3.25635]}},{"type":"Feature","properties":{"name":"Surau Nur Iman","category":"mosque","kind":"Surau"},"geometry":{"type":"Point","coordinates":[101.74817,3.11863]}},{"type":"Feature","properties":{"name":"Surau Al-Amin","category":"mosque","kind":"Surau"},"geometry":{"type":"Point","coordinates":[101.74927,3.12035]}},{"type":"Feature","properties":{"name":"Surau Baitul Rahman","category":"mosque","kind":"Surau","address":"Jalan Aman Perdana 10A/KU 5, 40150, Klang"},"geometry":{"type":"Point","coordinates":[101.40911,3.09417]}},{"type":"Feature","properties":{"name":"Surau Taman Saraya","category":"mosque","kind":"Surau"},"geometry":{"type":"Point","coordinates":[101.76172,3.1173]}},{"type":"Feature","properties":{"name":"Madrasatul Huda","category":"mosque","kind":"Mosque / surau"},"geometry":{"type":"Point","coordinates":[101.76622,3.11825]}},{"type":"Feature","properties":{"name":"Surau Darul Najah","category":"mosque","kind":"Surau","address":"Lorong Bunga Melati 2C"},"geometry":{"type":"Point","coordinates":[101.74539,3.12752]}},{"type":"Feature","properties":{"name":"Surau Al-Huda","category":"mosque","kind":"Surau","address":"56100, Kuala Lumpur"},"geometry":{"type":"Point","coordinates":[101.74907,3.12515]}},{"type":"Feature","properties":{"name":"Surau Juma'at Al Mustaqimah","category":"mosque","kind":"Surau","address":"Jalan Indah 15, 56100, Kuala Lumpur"},"geometry":{"type":"Point","coordinates":[101.74072,3.12708]}},{"type":"Feature","properties":{"name":"Surau Al Falah TM Cyberjaya","category":"mosque","kind":"Surau"},"geometry":{"type":"Point","coordinates":[101.65776,2.93077]}},{"type":"Feature","properties":{"name":"Surau Al-Falah","category":"mosque","kind":"Surau","address":"56100"},"geometry":{"type":"Point","coordinates":[101.7422,3.13408]}},{"type":"Feature","properties":{"name":"Surau Al-Hidayah","category":"mosque","kind":"Surau"},"geometry":{"type":"Point","coordinates":[101.7835,3.0572]}},{"type":"Feature","properties":{"name":"Surau As-Sobireen","category":"mosque","kind":"Surau"},"geometry":{"type":"Point","coordinates":[101.77301,3.0662]}},{"type":"Feature","properties":{"name":"Surau An-Nur","category":"mosque","kind":"Surau"},"geometry":{"type":"Point","coordinates":[101.75841,3.1499]}},{"type":"Feature","properties":{"name":"Surau Al-Ehsaniah","category":"mosque","kind":"Surau"},"geometry":{"type":"Point","coordinates":[101.58789,2.98443]}},{"type":"Feature","properties":{"name":"Masjid Jamik Pekan Sungai Buloh","category":"mosque","kind":"Masjid"},"geometry":{"type":"Point","coordinates":[101.30665,3.2573]}},{"type":"Feature","properties":{"name":"Surau Al Falah AU4","category":"mosque","kind":"Surau","address":"Jalan AU 4/7, 54200, Ulu Kelang"},"geometry":{"type":"Point","coordinates":[101.75797,3.19875]}},{"type":"Feature","properties":{"name":"Masjid Bandar Utama","category":"mosque","kind":"Masjid","address":"27 Lebuh Bandar Utama, 47400, Petaling Jaya"},"geometry":{"type":"Point","coordinates":[101.60671,3.12591]}},{"type":"Feature","properties":{"name":"Surau Al-Asliyyah","category":"mosque","kind":"Surau","address":"133 Jalan PJU 8/7"},"geometry":{"type":"Point","coordinates":[101.60314,3.16864]}},{"type":"Feature","properties":{"name":"Surau Nur Hidayah","category":"mosque","kind":"Surau","address":"4 Jalan Petola 24/8, 40300, Shah Alam"},"geometry":{"type":"Point","coordinates":[101.51393,3.04179]}},{"type":"Feature","properties":{"name":"Surau Ar-Raudah","category":"mosque","kind":"Surau"},"geometry":{"type":"Point","coordinates":[101.52446,3.04363]}},{"type":"Feature","properties":{"name":"Surau Ar-Raihan","category":"mosque","kind":"Surau"},"geometry":{"type":"Point","coordinates":[101.76843,3.11989]}},{"type":"Feature","properties":{"name":"Surau","category":"mosque","kind":"Surau"},"geometry":{"type":"Point","coordinates":[101.76732,3.12184]}},{"type":"Feature","properties":{"name":"Masjid Seri Melati","category":"mosque","kind":"Masjid"},"geometry":{"type":"Point","coordinates":[101.65258,3.24065]}},{"type":"Feature","properties":{"name":"Surau","category":"mosque","kind":"Surau"},"geometry":{"type":"Point","coordinates":[101.75868,3.18209]}},{"type":"Feature","properties":{"name":"Masjid Al-Falah","category":"mosque","kind":"Masjid"},"geometry":{"type":"Point","coordinates":[101.52924,3.03063]}},{"type":"Feature","properties":{"name":"Surau An-Najah","category":"mosque","kind":"Surau"},"geometry":{"type":"Point","coordinates":[101.79886,2.93436]}},{"type":"Feature","properties":{"name":"Surau Al-Azim","category":"mosque","kind":"Surau"},"geometry":{"type":"Point","coordinates":[101.73944,3.16609]}},{"type":"Feature","properties":{"name":"Masjid Baitul Mahabbah","category":"mosque","kind":"Masjid"},"geometry":{"type":"Point","coordinates":[101.56863,3.02079]}},{"type":"Feature","properties":{"name":"Surau Al-Ukhuwah","category":"mosque","kind":"Surau"},"geometry":{"type":"Point","coordinates":[101.60315,3.19368]}},{"type":"Feature","properties":{"name":"Surau Al-Ehsan","category":"mosque","kind":"Surau"},"geometry":{"type":"Point","coordinates":[101.62399,3.07421]}},{"type":"Feature","properties":{"name":"Surau Ar-Rahmaniyya","category":"mosque","kind":"Surau"},"geometry":{"type":"Point","coordinates":[101.62693,3.08321]}},{"type":"Feature","properties":{"name":"Surau Al-Musawwir","category":"mosque","kind":"Surau"},"geometry":{"type":"Point","coordinates":[101.80553,2.98745]}},{"type":"Feature","properties":{"name":"Masjid Jamek Sungai Plong","category":"mosque","kind":"Masjid"},"geometry":{"type":"Point","coordinates":[101.5347,3.21079]}},{"type":"Feature","properties":{"name":"Surau Nurul Hidayah","category":"mosque","kind":"Surau"},"geometry":{"type":"Point","coordinates":[101.47517,3.03207]}},{"type":"Feature","properties":{"name":"Surau Hentian Gombak Arah Timur","category":"mosque","kind":"Surau"},"geometry":{"type":"Point","coordinates":[101.72816,3.24289]}},{"type":"Feature","properties":{"name":"Surau Al-Abqari, SMK Subang Bestari","category":"mosque","kind":"Surau"},"geometry":{"type":"Point","coordinates":[101.54389,3.17897]}},{"type":"Feature","properties":{"name":"Surau Al-Siddiqin","category":"mosque","kind":"Surau"},"geometry":{"type":"Point","coordinates":[101.4737,3.28202]}},{"type":"Feature","properties":{"name":"Masjid Prima Saujana Kajang","category":"mosque","kind":"Masjid"},"geometry":{"type":"Point","coordinates":[101.80625,3.00905]}},{"type":"Feature","properties":{"name":"Masjid Sirajuddin Al-Anuar","category":"mosque","kind":"Masjid","address":"Klang"},"geometry":{"type":"Point","coordinates":[101.44283,3.07231]}},{"type":"Feature","properties":{"name":"Madrasah Al-Muttaqin","category":"mosque","kind":"Mosque / surau"},"geometry":{"type":"Point","coordinates":[101.7655,3.08376]}},{"type":"Feature","properties":{"name":"Surau Orang Asli Nurul Iman","category":"mosque","kind":"Surau"},"geometry":{"type":"Point","coordinates":[101.49648,3.09505]}},{"type":"Feature","properties":{"name":"Masjid Kampung Sungai Terap","category":"mosque","kind":"Masjid"},"geometry":{"type":"Point","coordinates":[101.22296,3.38856]}},{"type":"Feature","properties":{"name":"Surau Al-Abqori","category":"mosque","kind":"Surau","address":"Jalan Cerdik, 43000, kajang"},"geometry":{"type":"Point","coordinates":[101.8047,2.93276]}},{"type":"Feature","properties":{"name":"Surau Al Hikmah Suria Ixora","category":"mosque","kind":"Surau"},"geometry":{"type":"Point","coordinates":[101.46841,3.12166]}},{"type":"Feature","properties":{"name":"Masjid Ar-Raudhah","category":"mosque","kind":"Masjid"},"geometry":{"type":"Point","coordinates":[101.17059,3.42442]}},{"type":"Feature","properties":{"name":"Surau Ar-Raudah","category":"mosque","kind":"Surau"},"geometry":{"type":"Point","coordinates":[101.75829,3.19098]}},{"type":"Feature","properties":{"name":"Surau","category":"mosque","kind":"Surau"},"geometry":{"type":"Point","coordinates":[101.42317,3.03751]}},{"type":"Feature","properties":{"name":"Surau Al-Firdaus","category":"mosque","kind":"Surau"},"geometry":{"type":"Point","coordinates":[101.64429,3.24224]}},{"type":"Feature","properties":{"name":"Surau Ar Rahman","category":"mosque","kind":"Surau"},"geometry":{"type":"Point","coordinates":[101.62207,3.05696]}},{"type":"Feature","properties":{"name":"Surau As-Sakinah","category":"mosque","kind":"Surau"},"geometry":{"type":"Point","coordinates":[101.62204,2.9461]}},{"type":"Feature","properties":{"name":"Surau Al-Hakim","category":"mosque","kind":"Surau"},"geometry":{"type":"Point","coordinates":[101.54798,3.17199]}},{"type":"Feature","properties":{"name":"Masjid Al-Ikhlas","category":"mosque","kind":"Masjid"},"geometry":{"type":"Point","coordinates":[101.55839,3.16304]}},{"type":"Feature","properties":{"name":"Surau Jamihayy Karimah","category":"mosque","kind":"Surau","address":"22 Jalan U5/15, 40150"},"geometry":{"type":"Point","coordinates":[101.52967,3.17955]}},{"type":"Feature","properties":{"name":"Surau Al-Furqan","category":"mosque","kind":"Surau"},"geometry":{"type":"Point","coordinates":[101.53031,3.18774]}},{"type":"Feature","properties":{"name":"Surau Al-Malikus Soleh","category":"mosque","kind":"Surau"},"geometry":{"type":"Point","coordinates":[101.54087,3.15696]}},{"type":"Feature","properties":{"name":"Masjid Darul Ehsan","category":"mosque","kind":"Masjid"},"geometry":{"type":"Point","coordinates":[101.76506,3.16814]}},{"type":"Feature","properties":{"name":"Surau Ar-Rahman","category":"mosque","kind":"Surau"},"geometry":{"type":"Point","coordinates":[101.79181,2.9697]}},{"type":"Feature","properties":{"name":"Masjid Telok Menegon","category":"mosque","kind":"Masjid"},"geometry":{"type":"Point","coordinates":[101.47777,3.03295]}},{"type":"Feature","properties":{"name":"Masjid Kampung Assam Jawa","category":"mosque","kind":"Masjid"},"geometry":{"type":"Point","coordinates":[101.29003,3.29795]}},{"type":"Feature","properties":{"name":"Masjid Al-Ansar","category":"mosque","kind":"Masjid","address":"Jalan Kapar - Kuala Selangor, 42200, Kapar"},"geometry":{"type":"Point","coordinates":[101.37046,3.13812]}},{"type":"Feature","properties":{"name":"Masjid Sungai Pinang","category":"mosque","kind":"Masjid"},"geometry":{"type":"Point","coordinates":[101.44084,3.06267]}},{"type":"Feature","properties":{"name":"Masjid Nurul Falah, Taliair 7 Sungai Leman","category":"mosque","kind":"Masjid"},"geometry":{"type":"Point","coordinates":[101.08928,3.53216]}},{"type":"Feature","properties":{"name":"Surau","category":"mosque","kind":"Surau"},"geometry":{"type":"Point","coordinates":[101.0799,3.55615]}},{"type":"Feature","properties":{"name":"Masjid Ar-Rahmaniah","category":"mosque","kind":"Masjid"},"geometry":{"type":"Point","coordinates":[100.89689,3.84308]}},{"type":"Feature","properties":{"name":"Masjid Ubudiah","category":"mosque","kind":"Masjid"},"geometry":{"type":"Point","coordinates":[100.8823,3.77779]}},{"type":"Feature","properties":{"name":"Surau","category":"mosque","kind":"Surau"},"geometry":{"type":"Point","coordinates":[100.82959,3.80998]}},{"type":"Feature","properties":{"name":"Masjid Kampung Sungai Tengar","category":"mosque","kind":"Masjid"},"geometry":{"type":"Point","coordinates":[100.85899,3.82507]}},{"type":"Feature","properties":{"name":"Surau Jasmin","category":"mosque","kind":"Surau","address":"Jalan Pluto U5/138"},"geometry":{"type":"Point","coordinates":[101.53551,3.16475]}},{"type":"Feature","properties":{"name":"Surau Baitul Rahman","category":"mosque","kind":"Surau"},"geometry":{"type":"Point","coordinates":[101.56107,2.66234]}},{"type":"Feature","properties":{"name":"Surau Nurul Hidayah","category":"mosque","kind":"Surau"},"geometry":{"type":"Point","coordinates":[101.76848,3.05422]}},{"type":"Feature","properties":{"name":"Surau Ar-Raudhah","category":"mosque","kind":"Surau","address":"2 Jalan Matahari U5/102, 40150"},"geometry":{"type":"Point","coordinates":[101.54613,3.16713]}},{"type":"Feature","properties":{"name":"Surau","category":"mosque","kind":"Surau"},"geometry":{"type":"Point","coordinates":[101.76727,3.12651]}},{"type":"Feature","properties":{"name":"Surau al-Falah","category":"mosque","kind":"Surau"},"geometry":{"type":"Point","coordinates":[101.7816,2.96094]}},{"type":"Feature","properties":{"name":"Surau Jubli Perak Al-Ikhwan","category":"mosque","kind":"Surau"},"geometry":{"type":"Point","coordinates":[101.77835,2.95359]}},{"type":"Feature","properties":{"name":"Surau Al-Mawaddah","category":"mosque","kind":"Surau","address":"43650, Bandar Baru Bangi"},"geometry":{"type":"Point","coordinates":[101.77449,2.93938]}},{"type":"Feature","properties":{"name":"Surau Al Amin","category":"mosque","kind":"Surau"},"geometry":{"type":"Point","coordinates":[101.77794,3.01683]}},{"type":"Feature","properties":{"name":"Surau Al Amin","category":"mosque","kind":"Surau"},"geometry":{"type":"Point","coordinates":[101.47657,3.32228]}},{"type":"Feature","properties":{"name":"Masjid Saidina Ali","category":"mosque","kind":"Masjid"},"geometry":{"type":"Point","coordinates":[101.58755,3.41439]}},{"type":"Feature","properties":{"name":"Surau Al-Ehsan","category":"mosque","kind":"Surau"},"geometry":{"type":"Point","coordinates":[101.77415,2.94759]}},{"type":"Feature","properties":{"name":"Surau Al-Ikhlas","category":"mosque","kind":"Surau","address":"1 Jalan 4/12G, 43650, Bandar Baru Bangi"},"geometry":{"type":"Point","coordinates":[101.77973,2.96286]}},{"type":"Feature","properties":{"name":"Masjid Al-Umm","category":"mosque","kind":"Masjid"},"geometry":{"type":"Point","coordinates":[101.77084,2.94407]}},{"type":"Feature","properties":{"name":"Maahad Tahfiz Darussalam","category":"mosque","kind":"Mosque / surau"},"geometry":{"type":"Point","coordinates":[101.75988,3.06626]}},{"type":"Feature","properties":{"name":"Surau As-Sobah","category":"mosque","kind":"Surau"},"geometry":{"type":"Point","coordinates":[101.77878,2.94743]}},{"type":"Feature","properties":{"name":"Surau Abdul Rahman Auf","category":"mosque","kind":"Surau"},"geometry":{"type":"Point","coordinates":[101.78168,2.94111]}},{"type":"Feature","properties":{"name":"Surau Bangi Perdana","category":"mosque","kind":"Surau"},"geometry":{"type":"Point","coordinates":[101.78117,2.94693]}},{"type":"Feature","properties":{"name":"Masjid At-Taufiqiyah","category":"mosque","kind":"Masjid"},"geometry":{"type":"Point","coordinates":[101.47149,3.24793]}},{"type":"Feature","properties":{"name":"Surau Al-Munawwarah","category":"mosque","kind":"Surau"},"geometry":{"type":"Point","coordinates":[101.76798,2.96054]}},{"type":"Feature","properties":{"name":"Surau Nurul Aman","category":"mosque","kind":"Surau"},"geometry":{"type":"Point","coordinates":[101.76679,3.06149]}},{"type":"Feature","properties":{"name":"Surau Al-Falah","category":"mosque","kind":"Surau"},"geometry":{"type":"Point","coordinates":[101.76369,3.06624]}},{"type":"Feature","properties":{"name":"Masjid Al-Ubudiah","category":"mosque","kind":"Masjid"},"geometry":{"type":"Point","coordinates":[101.3774,2.94163]}},{"type":"Feature","properties":{"name":"Masjid Felda Bukit Ceraka","category":"mosque","kind":"Masjid"},"geometry":{"type":"Point","coordinates":[101.4328,3.20517]}},{"type":"Feature","properties":{"name":"Surau Al Madani","category":"mosque","kind":"Surau"},"geometry":{"type":"Point","coordinates":[101.77853,2.94174]}},{"type":"Feature","properties":{"name":"Surau","category":"mosque","kind":"Surau"},"geometry":{"type":"Point","coordinates":[101.54057,3.65971]}},{"type":"Feature","properties":{"name":"Surau Jumaat Al-Hilal","category":"mosque","kind":"Surau"},"geometry":{"type":"Point","coordinates":[101.73921,3.14117]}},{"type":"Feature","properties":{"name":"Masjid Sungai Tengi","category":"mosque","kind":"Masjid"},"geometry":{"type":"Point","coordinates":[101.42129,3.61745]}},{"type":"Feature","properties":{"name":"Surau Baitul Ehsan","category":"mosque","kind":"Surau"},"geometry":{"type":"Point","coordinates":[101.7718,3.13287]}},{"type":"Feature","properties":{"name":"Surau Al-Hidayah","category":"mosque","kind":"Surau"},"geometry":{"type":"Point","coordinates":[101.74913,3.14842]}},{"type":"Feature","properties":{"name":"Masjid Sultan Abdul Samad","category":"mosque","kind":"Masjid","address":"Jalan Simpang Jugra, Banting"},"geometry":{"type":"Point","coordinates":[101.44867,2.81722]}},{"type":"Feature","properties":{"name":"Surau Raudhotul Firdaus","category":"mosque","kind":"Surau","address":"Jalan Pulau Lumut U10/68, 40170, Shah Alam"},"geometry":{"type":"Point","coordinates":[101.47977,3.14337]}},{"type":"Feature","properties":{"name":"Surau Darul Islam","category":"mosque","kind":"Surau"},"geometry":{"type":"Point","coordinates":[101.46041,2.89569]}},{"type":"Feature","properties":{"name":"Surau Al-Maunnah","category":"mosque","kind":"Surau"},"geometry":{"type":"Point","coordinates":[101.36855,2.9251]}},{"type":"Feature","properties":{"name":"Surau Orang Asli Bukit Lagong","category":"mosque","kind":"Surau"},"geometry":{"type":"Point","coordinates":[101.62794,3.26228]}},{"type":"Feature","properties":{"name":"Surau Sri Murni","category":"mosque","kind":"Surau"},"geometry":{"type":"Point","coordinates":[101.78068,3.20953]}},{"type":"Feature","properties":{"name":"Surau Al-Ihsan","category":"mosque","kind":"Surau"},"geometry":{"type":"Point","coordinates":[101.62137,3.22107]}},{"type":"Feature","properties":{"name":"Masjid Jamek Raja Tun Uda","category":"mosque","kind":"Masjid"},"geometry":{"type":"Point","coordinates":[101.50796,3.06147]}},{"type":"Feature","properties":{"name":"Surau","category":"mosque","kind":"Surau"},"geometry":{"type":"Point","coordinates":[101.53785,3.18866]}},{"type":"Feature","properties":{"name":"Surau Al-Ehsan Flat Taman Samudra","category":"mosque","kind":"Surau"},"geometry":{"type":"Point","coordinates":[101.69988,3.23322]}},{"type":"Feature","properties":{"name":"Masjid Kariah Kampung Kuala Pajam","category":"mosque","kind":"Masjid"},"geometry":{"type":"Point","coordinates":[101.84364,2.8714]}},{"type":"Feature","properties":{"name":"Masjid Kampung Tebuk Mufrad","category":"mosque","kind":"Masjid"},"geometry":{"type":"Point","coordinates":[100.9188,3.8026]}},{"type":"Feature","properties":{"name":"Surau Al-Muttaqin","category":"mosque","kind":"Surau"},"geometry":{"type":"Point","coordinates":[101.53427,3.18346]}},{"type":"Feature","properties":{"name":"Madrasah Baqiyathus Salihath","category":"mosque","kind":"Mosque / surau"},"geometry":{"type":"Point","coordinates":[101.78081,3.13073]}},{"type":"Feature","properties":{"name":"Surau Al-Iman","category":"mosque","kind":"Surau"},"geometry":{"type":"Point","coordinates":[101.78478,3.12825]}},{"type":"Feature","properties":{"name":"Masjid Al-Falah","category":"mosque","kind":"Masjid","address":"Shah Alam"},"geometry":{"type":"Point","coordinates":[101.47027,3.15781]}},{"type":"Feature","properties":{"name":"Masjid Kampung Melayu Batu 16 Rawang","category":"mosque","kind":"Masjid"},"geometry":{"type":"Point","coordinates":[101.59481,3.30629]}},{"type":"Feature","properties":{"name":"Masjid Bandar Seri Putra","category":"mosque","kind":"Masjid","address":"43000, Kajang"},"geometry":{"type":"Point","coordinates":[101.78836,2.88751]}},{"type":"Feature","properties":{"name":"Surau Taman Ramal","category":"mosque","kind":"Surau","address":"Kajang"},"geometry":{"type":"Point","coordinates":[101.75711,2.98236]}},{"type":"Feature","properties":{"name":"Surau Al-Islah","category":"mosque","kind":"Surau"},"geometry":{"type":"Point","coordinates":[101.56296,3.21898]}},{"type":"Feature","properties":{"name":"Masjid Raudhatul Jannah","category":"mosque","kind":"Masjid"},"geometry":{"type":"Point","coordinates":[101.7612,2.8911]}},{"type":"Feature","properties":{"name":"Surau Al Falah","category":"mosque","kind":"Surau"},"geometry":{"type":"Point","coordinates":[101.51413,3.27301]}},{"type":"Feature","properties":{"name":"Surau Al Muhajirin","category":"mosque","kind":"Surau"},"geometry":{"type":"Point","coordinates":[101.62264,3.20676]}},{"type":"Feature","properties":{"name":"Masjid Al Shariff","category":"mosque","kind":"Masjid"},"geometry":{"type":"Point","coordinates":[101.71171,3.23325]}},{"type":"Feature","properties":{"name":"Masjid Kampung Klang Gate Baru","category":"mosque","kind":"Masjid"},"geometry":{"type":"Point","coordinates":[101.73937,3.21584]}},{"type":"Feature","properties":{"name":"Surau Hj Jangidin","category":"mosque","kind":"Surau"},"geometry":{"type":"Point","coordinates":[101.42782,3.16206]}},{"type":"Feature","properties":{"name":"Masjid Bukit Kapar 2","category":"mosque","kind":"Masjid"},"geometry":{"type":"Point","coordinates":[101.433,3.1775]}},{"type":"Feature","properties":{"name":"Surau Kampung Lembah Paya","category":"mosque","kind":"Surau"},"geometry":{"type":"Point","coordinates":[101.75179,2.76973]}},{"type":"Feature","properties":{"name":"Surau Nurul Hijrah Al-Khalidiah","category":"mosque","kind":"Surau"},"geometry":{"type":"Point","coordinates":[101.78072,3.20259]}},{"type":"Feature","properties":{"name":"Surau Al-Maarif Al-Islamiyah","category":"mosque","kind":"Surau"},"geometry":{"type":"Point","coordinates":[101.77968,3.19847]}},{"type":"Feature","properties":{"name":"Masjid Ukay Perdana","category":"mosque","kind":"Masjid"},"geometry":{"type":"Point","coordinates":[101.78032,3.20591]}},{"type":"Feature","properties":{"name":"Surau Makmuriah","category":"mosque","kind":"Surau"},"geometry":{"type":"Point","coordinates":[101.5265,3.22141]}},{"type":"Feature","properties":{"name":"Masjid Bandar Baru Sungai Buloh","category":"mosque","kind":"Masjid"},"geometry":{"type":"Point","coordinates":[101.55814,3.20122]}},{"type":"Feature","properties":{"name":"Surau Taman Sering Ukay","category":"mosque","kind":"Surau"},"geometry":{"type":"Point","coordinates":[101.77628,3.19917]}},{"type":"Feature","properties":{"name":"Surau Fatimah Az-Zahra","category":"mosque","kind":"Surau"},"geometry":{"type":"Point","coordinates":[101.76754,3.19529]}},{"type":"Feature","properties":{"name":"Surau Al-Taqwa","category":"mosque","kind":"Surau"},"geometry":{"type":"Point","coordinates":[101.77554,3.20905]}},{"type":"Feature","properties":{"name":"Masjid Annur Wira Damai","category":"mosque","kind":"Masjid","address":"Batu Caves"},"geometry":{"type":"Point","coordinates":[101.68772,3.24923]}},{"type":"Feature","properties":{"name":"Surau","category":"mosque","kind":"Surau"},"geometry":{"type":"Point","coordinates":[101.83014,3.13843]}},{"type":"Feature","properties":{"name":"Madrasah As-Salikin","category":"mosque","kind":"Mosque / surau"},"geometry":{"type":"Point","coordinates":[101.83322,3.14018]}},{"type":"Feature","properties":{"name":"Surau","category":"mosque","kind":"Surau"},"geometry":{"type":"Point","coordinates":[101.80248,3.10104]}},{"type":"Feature","properties":{"name":"Surau","category":"mosque","kind":"Surau"},"geometry":{"type":"Point","coordinates":[101.80051,3.10438]}},{"type":"Feature","properties":{"name":"Surau","category":"mosque","kind":"Surau"},"geometry":{"type":"Point","coordinates":[101.79747,3.10288]}},{"type":"Feature","properties":{"name":"Surau Al-Muttaqin","category":"mosque","kind":"Surau"},"geometry":{"type":"Point","coordinates":[101.55807,3.30937]}},{"type":"Feature","properties":{"name":"Surau","category":"mosque","kind":"Surau"},"geometry":{"type":"Point","coordinates":[101.80267,3.00718]}},{"type":"Feature","properties":{"name":"Surau Ittihadiah","category":"mosque","kind":"Surau"},"geometry":{"type":"Point","coordinates":[101.66431,3.24902]}},{"type":"Feature","properties":{"name":"Surau Shell Equine Park","category":"mosque","kind":"Surau"},"geometry":{"type":"Point","coordinates":[101.67041,2.98858]}},{"type":"Feature","properties":{"name":"Masjid Al-Faizin","category":"mosque","kind":"Masjid"},"geometry":{"type":"Point","coordinates":[101.62957,3.21524]}},{"type":"Feature","properties":{"name":"Surau Al Muiz Taman Sri Muda","category":"mosque","kind":"Surau","address":"Jalan Harapan 25/90, 40400, Shah Alam"},"geometry":{"type":"Point","coordinates":[101.53992,3.02475]}},{"type":"Feature","properties":{"name":"Surau Al-Ubudiah","category":"mosque","kind":"Surau"},"geometry":{"type":"Point","coordinates":[101.68814,3.04272]}},{"type":"Feature","properties":{"name":"Surau Al-Kausar","category":"mosque","kind":"Surau"},"geometry":{"type":"Point","coordinates":[101.498,3.29107]}},{"type":"Feature","properties":{"name":"Surau Nur As-Sobirin","category":"mosque","kind":"Surau"},"geometry":{"type":"Point","coordinates":[101.49866,3.27855]}},{"type":"Feature","properties":{"name":"Surau","category":"mosque","kind":"Surau"},"geometry":{"type":"Point","coordinates":[101.46008,3.0659]}},{"type":"Feature","properties":{"name":"Surau An Nur","category":"mosque","kind":"Surau"},"geometry":{"type":"Point","coordinates":[101.80839,3.02011]}},{"type":"Feature","properties":{"name":"Masjid Saujana Puchong","category":"mosque","kind":"Masjid"},"geometry":{"type":"Point","coordinates":[101.63685,2.99404]}},{"type":"Feature","properties":{"name":"Musolla Halaman 11","category":"mosque","kind":"Mosque / surau","address":"Halaman 11, 42500, Bandar Rimbayu"},"geometry":{"type":"Point","coordinates":[101.53136,2.92766]}},{"type":"Feature","properties":{"name":"Musolla @ McDonald's","category":"mosque","kind":"Mosque / surau"},"geometry":{"type":"Point","coordinates":[101.5483,2.94808]}},{"type":"Feature","properties":{"name":"Surau Raudhah Al Muttaqin","category":"mosque","kind":"Surau"},"geometry":{"type":"Point","coordinates":[101.51265,3.07805]}},{"type":"Feature","properties":{"name":"Surau Al-Huda","category":"mosque","kind":"Surau"},"geometry":{"type":"Point","coordinates":[101.52825,3.05375]}},{"type":"Feature","properties":{"name":"Surau","category":"mosque","kind":"Surau"},"geometry":{"type":"Point","coordinates":[101.71296,3.02435]}},{"type":"Feature","properties":{"name":"Surau Al-Abrar","category":"mosque","kind":"Surau"},"geometry":{"type":"Point","coordinates":[101.67401,3.23966]}},{"type":"Feature","properties":{"name":"Surau An-Nur","category":"mosque","kind":"Surau"},"geometry":{"type":"Point","coordinates":[101.48848,3.08796]}},{"type":"Feature","properties":{"name":"Masjid Haji Ismail","category":"mosque","kind":"Masjid"},"geometry":{"type":"Point","coordinates":[101.42773,3.24529]}},{"type":"Feature","properties":{"name":"Surau Baiturraundhah","category":"mosque","kind":"Surau"},"geometry":{"type":"Point","coordinates":[101.51581,3.33754]}},{"type":"Feature","properties":{"name":"Surau Al Aiman","category":"mosque","kind":"Surau","address":"Jalan Putra Permai 10/2G, 47650, Subang Jaya"},"geometry":{"type":"Point","coordinates":[101.56865,2.9878]}},{"type":"Feature","properties":{"name":"Masjid Alam Impian","category":"mosque","kind":"Masjid"},"geometry":{"type":"Point","coordinates":[101.51806,3.02598]}},{"type":"Feature","properties":{"name":"Surau Al Karimiah","category":"mosque","kind":"Surau"},"geometry":{"type":"Point","coordinates":[101.67569,3.24778]}},{"type":"Feature","properties":{"name":"Surau Setia Eco Glades","category":"mosque","kind":"Surau"},"geometry":{"type":"Point","coordinates":[101.63768,2.93665]}},{"type":"Feature","properties":{"name":"Pusat Islam Kampus UiTM Dengkil","category":"mosque","kind":"Mosque / surau"},"geometry":{"type":"Point","coordinates":[101.66814,2.87071]}},{"type":"Feature","properties":{"name":"Surau","category":"mosque","kind":"Surau"},"geometry":{"type":"Point","coordinates":[101.72362,3.00817]}},{"type":"Feature","properties":{"name":"Surau al-Ikhwan","category":"mosque","kind":"Surau","address":"Jalan Kesuma 4C/3, 43700, Beranang"},"geometry":{"type":"Point","coordinates":[101.86592,2.91348]}},{"type":"Feature","properties":{"name":"Surau Nur Muhammad","category":"mosque","kind":"Surau"},"geometry":{"type":"Point","coordinates":[101.87245,2.91253]}},{"type":"Feature","properties":{"name":"Surau Mukhlisin","category":"mosque","kind":"Surau"},"geometry":{"type":"Point","coordinates":[101.86771,2.91629]}},{"type":"Feature","properties":{"name":"Surau","category":"mosque","kind":"Surau"},"geometry":{"type":"Point","coordinates":[101.6934,3.24642]}},{"type":"Feature","properties":{"name":"Surau Darul Muslimin","category":"mosque","kind":"Surau"},"geometry":{"type":"Point","coordinates":[101.41491,3.14705]}},{"type":"Feature","properties":{"name":"Surau","category":"mosque","kind":"Surau"},"geometry":{"type":"Point","coordinates":[101.72593,3.24632]}},{"type":"Feature","properties":{"name":"Surau Haji Hamdani","category":"mosque","kind":"Surau"},"geometry":{"type":"Point","coordinates":[101.43474,3.16984]}},{"type":"Feature","properties":{"name":"Masjid Taman Tun Teja","category":"mosque","kind":"Masjid","address":"48000, Rawang"},"geometry":{"type":"Point","coordinates":[101.59318,3.29566]}},{"type":"Feature","properties":{"name":"Surau Al-Furqan","category":"mosque","kind":"Surau","address":"42700 Banting"},"geometry":{"type":"Point","coordinates":[101.59452,2.87265]}},{"type":"Feature","properties":{"name":"Masjid Nurul Amin","category":"mosque","kind":"Masjid"},"geometry":{"type":"Point","coordinates":[101.51456,3.21837]}},{"type":"Feature","properties":{"name":"Surau Ar-Ridhuan","category":"mosque","kind":"Surau"},"geometry":{"type":"Point","coordinates":[101.76455,2.94182]}},{"type":"Feature","properties":{"name":"Surau Jumaat Asy-Syakirin","category":"mosque","kind":"Surau","address":"Bandar Baru Bangi"},"geometry":{"type":"Point","coordinates":[101.79025,2.95982]}},{"type":"Feature","properties":{"name":"Surau Za'ba","category":"mosque","kind":"Surau"},"geometry":{"type":"Point","coordinates":[101.77458,2.91986]}},{"type":"Feature","properties":{"name":"Masjid Sultan Salahuddin Abdul Aziz Shah","category":"mosque","kind":"Masjid","address":"Persiaran Masjid, Shah Alam"},"geometry":{"type":"Point","coordinates":[101.52092,3.07959]}},{"type":"Feature","properties":{"name":"Masjid Bandar Baru Ampang","category":"mosque","kind":"Masjid","address":"68000, Bandar Baru Ampang"},"geometry":{"type":"Point","coordinates":[101.7698,3.13807]}},{"type":"Feature","properties":{"name":"Masjid As-Syariff","category":"mosque","kind":"Masjid"},"geometry":{"type":"Point","coordinates":[101.43698,3.13711]}},{"type":"Feature","properties":{"name":"Masjid Sultan Abdul Samad","category":"mosque","kind":"Masjid","address":"Jalan Masjid KLIA, 64000, KLIA"},"geometry":{"type":"Point","coordinates":[101.67633,2.78786]}},{"type":"Feature","properties":{"name":"Surau","category":"mosque","kind":"Surau"},"geometry":{"type":"Point","coordinates":[101.30496,3.22579]}},{"type":"Feature","properties":{"name":"Masjid UNITEN","category":"mosque","kind":"Masjid"},"geometry":{"type":"Point","coordinates":[101.73228,2.97199]}},{"type":"Feature","properties":{"name":"Surau Al-Faaizeen","category":"mosque","kind":"Surau","address":"Jalan Anggerik 1, Prima Beruntung"},"geometry":{"type":"Point","coordinates":[101.54128,3.41033]}},{"type":"Feature","properties":{"name":"Surau Asy-Syakirin","category":"mosque","kind":"Surau"},"geometry":{"type":"Point","coordinates":[101.55792,3.04701]}},{"type":"Feature","properties":{"name":"Surau Al-Ukhuwah","category":"mosque","kind":"Surau","address":"Petaling Jaya"},"geometry":{"type":"Point","coordinates":[101.62174,3.07864]}},{"type":"Feature","properties":{"name":"Masjid Dato' Haji Kamaruddin","category":"mosque","kind":"Masjid","address":"Jalan 51A/224, 46100, Petaling Jaya"},"geometry":{"type":"Point","coordinates":[101.62635,3.09493]}},{"type":"Feature","properties":{"name":"Masjid Ar-Rahmah","category":"mosque","kind":"Masjid"},"geometry":{"type":"Point","coordinates":[101.63163,3.1292]}},{"type":"Feature","properties":{"name":"Surau Madrasatul Muhammadiah","category":"mosque","kind":"Surau"},"geometry":{"type":"Point","coordinates":[101.64165,3.08862]}},{"type":"Feature","properties":{"name":"Surau Al-Falah","category":"mosque","kind":"Surau"},"geometry":{"type":"Point","coordinates":[101.65332,3.23739]}},{"type":"Feature","properties":{"name":"Surau Setia al Muqarrabin","category":"mosque","kind":"Surau"},"geometry":{"type":"Point","coordinates":[101.51081,3.01992]}}]}