{"type":"FeatureCollection","features":[{"type":"Feature","properties":{"name":"Pusat Perubatan Kajang Plaza (KPMC)","category":"health","kind":"Hospital","address":"Kajang"},"geometry":{"type":"Point","coordinates":[101.78805,2.99561]}},{"type":"Feature","properties":{"name":"Poliklinik Az-Zahrah","category":"health","kind":"Clinic"},"geometry":{"type":"Point","coordinates":[101.82859,2.97455]}},{"type":"Feature","properties":{"name":"Klinik Ahmad Shah","category":"health","kind":"Clinic"},"geometry":{"type":"Point","coordinates":[101.55124,3.03748]}},{"type":"Feature","properties":{"name":"Klinik Baharudin","category":"health","kind":"Clinic"},"geometry":{"type":"Point","coordinates":[101.52724,3.04737]}},{"type":"Feature","properties":{"name":"Poliklinik Lourdes","category":"health","kind":"Clinic"},"geometry":{"type":"Point","coordinates":[101.53925,3.06436]}},{"type":"Feature","properties":{"name":"Klinik Bandaran","category":"health","kind":"Clinic"},"geometry":{"type":"Point","coordinates":[101.53848,3.06415]}},{"type":"Feature","properties":{"name":"Poliklinik Lourdes","category":"health","kind":"Clinic"},"geometry":{"type":"Point","coordinates":[101.5617,3.06725]}},{"type":"Feature","properties":{"name":"Poliklinik Seri Permai","category":"health","kind":"Clinic"},"geometry":{"type":"Point","coordinates":[101.56191,3.07429]}},{"type":"Feature","properties":{"name":"Poliklinik Umra","category":"health","kind":"Clinic"},"geometry":{"type":"Point","coordinates":[101.53987,3.08288]}},{"type":"Feature","properties":{"name":"Klinik Mesra","category":"health","kind":"Clinic"},"geometry":{"type":"Point","coordinates":[101.53993,3.0831]}},{"type":"Feature","properties":{"name":"Hospital Pusrawi SMC","category":"health","kind":"Clinic","address":"Jalan Raja Haroun, Kajang"},"geometry":{"type":"Point","coordinates":[101.79131,2.99223]}},{"type":"Feature","properties":{"name":"Putra Medical Center","category":"health","kind":"Hospital"},"geometry":{"type":"Point","coordinates":[101.5621,3.20943]}},{"type":"Feature","properties":{"name":"Klinik Perwira","category":"health","kind":"Clinic"},"geometry":{"type":"Point","coordinates":[101.56476,3.21099]}},{"type":"Feature","properties":{"name":"Klinik Lawrence","category":"health","kind":"Clinic"},"geometry":{"type":"Point","coordinates":[101.80031,2.98976]}},{"type":"Feature","properties":{"name":"Poliklinik Mona","category":"health","kind":"Clinic"},"geometry":{"type":"Point","coordinates":[101.66255,3.08633]}},{"type":"Feature","properties":{"name":"Klinik Mediviron","category":"health","kind":"Clinic","address":"Petaling Jaya"},"geometry":{"type":"Point","coordinates":[101.66321,3.08692]}},{"type":"Feature","properties":{"name":"Klinik Mediviron","category":"health","kind":"Clinic","address":"Petaling Jaya"},"geometry":{"type":"Point","coordinates":[101.64863,3.08692]}},{"type":"Feature","properties":{"name":"Klinik Diagnostik Gasing MediAssist4U","category":"health","kind":"Clinic","address":"Jalan Gasing, Petaling Jaya"},"geometry":{"type":"Point","coordinates":[101.65135,3.09518]}},{"type":"Feature","properties":{"name":"Poliklinik Lourdes","category":"health","kind":"Clinic","address":"Jalan Barat, Petaling Jaya"},"geometry":{"type":"Point","coordinates":[101.64101,3.10107]}},{"type":"Feature","properties":{"name":"Poliklinik Ludher","category":"health","kind":"Clinic","address":"Petaling Jaya"},"geometry":{"type":"Point","coordinates":[101.63568,3.11031]}},{"type":"Feature","properties":{"name":"Klinik Pakar Jiwa Deva Dass","category":"health","kind":"Clinic","address":"Petaling Jaya"},"geometry":{"type":"Point","coordinates":[101.6462,3.0987]}},{"type":"Feature","properties":{"name":"Dunstan Eye Surgery","category":"health","kind":"Clinic","address":"52, 46000, Petaling Jaya"},"geometry":{"type":"Point","coordinates":[101.6468,3.08617]}},{"type":"Feature","properties":{"name":"KMI Kelana Jaya Medical Centre","category":"health","kind":"Hospital"},"geometry":{"type":"Point","coordinates":[101.59532,3.10844]}},{"type":"Feature","properties":{"name":"London Children's Clinic","category":"health","kind":"Hospital"},"geometry":{"type":"Point","coordinates":[101.60779,3.18463]}},{"type":"Feature","properties":{"name":"Pusat Dialisis Permodalan Negeri Selangor","category":"health","kind":"Clinic","address":"83 Persiaran Tengku Ampuan Rahimah, Taman Sri Andalas, Klang, Selangor., 41200"},"geometry":{"type":"Point","coordinates":[101.44077,3.01466]}},{"type":"Feature","properties":{"name":"Klinik Mediveron","category":"health","kind":"Clinic"},"geometry":{"type":"Point","coordinates":[101.48948,3.06671]}},{"type":"Feature","properties":{"name":"Klinik Segara","category":"health","kind":"Clinic","address":"Puchong"},"geometry":{"type":"Point","coordinates":[101.64796,3.06354]}},{"type":"Feature","properties":{"name":"Klinik Selva","category":"health","kind":"Clinic","address":"Puchong"},"geometry":{"type":"Point","coordinates":[101.64829,3.06389]}},{"type":"Feature","properties":{"name":"Poliklinik Vijay","category":"health","kind":"Clinic","address":"Puchong"},"geometry":{"type":"Point","coordinates":[101.64841,3.06402]}},{"type":"Feature","properties":{"name":"Klinik Mein Dan Surgeri","category":"health","kind":"Clinic"},"geometry":{"type":"Point","coordinates":[101.64737,3.08634]}},{"type":"Feature","properties":{"name":"Jabatan Patologi","category":"health","kind":"Clinic"},"geometry":{"type":"Point","coordinates":[101.58231,3.21922]}},{"type":"Feature","properties":{"name":"Dhillon Medical Centre","category":"health","kind":"Clinic"},"geometry":{"type":"Point","coordinates":[101.57523,3.32016]}},{"type":"Feature","properties":{"name":"Namax;Patel & Kim","category":"health","kind":"Clinic"},"geometry":{"type":"Point","coordinates":[101.57488,3.32109]}},{"type":"Feature","properties":{"name":"Poliklinik An Nisa","category":"health","kind":"Hospital","address":"Jalan Pulau Lumut U10/Q, 40170, Shah Alam"},"geometry":{"type":"Point","coordinates":[101.48043,3.1446]}},{"type":"Feature","properties":{"name":"Klinik Nurzawati","category":"health","kind":"Clinic","address":"Jalan Pulau Lumut U10/P, 40170, Shah Alam"},"geometry":{"type":"Point","coordinates":[101.48197,3.14428]}},{"type":"Feature","properties":{"name":"Klinik Rakyat","category":"health","kind":"Clinic"},"geometry":{"type":"Point","coordinates":[101.6112,3.09734]}},{"type":"Feature","properties":{"name":"Pusat Kesihatan Kampong Melayu Subang","category":"health","kind":"Hospital"},"geometry":{"type":"Point","coordinates":[101.53307,3.15166]}},{"type":"Feature","properties":{"name":"Klinik Alam Medic Subang Perdana","category":"health","kind":"Clinic","address":"Jalan Dinar U3/G, 40150, Shah Alam"},"geometry":{"type":"Point","coordinates":[101.54311,3.1504]}},{"type":"Feature","properties":{"name":"《新一代》中医诊疗所","category":"health","kind":"Clinic","address":"Jalan SK 6/1, 43300, Seri Kembangan"},"geometry":{"type":"Point","coordinates":[101.69936,3.02219]}},{"type":"Feature","properties":{"name":"Poliklinik An-Nisa'","category":"health","kind":"Clinic","address":"Lorong Naluri Sukma 8/B, 42300, Puncak Alam"},"geometry":{"type":"Point","coordinates":[101.42626,3.22948]}},{"type":"Feature","properties":{"name":"Poliklinik Ikhwan","category":"health","kind":"Clinic","address":"Lorong Naluri Sukma 8/B, 42300, Puncak Alam"},"geometry":{"type":"Point","coordinates":[101.42641,3.22937]}},{"type":"Feature","properties":{"name":"Clinik Central","category":"health","kind":"Clinic"},"geometry":{"type":"Point","coordinates":[101.59051,3.11601]}},{"type":"Feature","properties":{"name":"Darussyifa","category":"health","kind":"Clinic"},"geometry":{"type":"Point","coordinates":[101.76889,2.94938]}},{"type":"Feature","properties":{"name":"Trust clinic","category":"health","kind":"Clinic"},"geometry":{"type":"Point","coordinates":[101.73979,3.0456]}},{"type":"Feature","properties":{"name":"Klinik Khamsiah","category":"health","kind":"Clinic"},"geometry":{"type":"Point","coordinates":[101.53724,3.23847]}},{"type":"Feature","properties":{"name":"Klinik Dr Aishah","category":"health","kind":"Clinic"},"geometry":{"type":"Point","coordinates":[101.75628,3.14618]}},{"type":"Feature","properties":{"name":"Klinik Desa Rinching Hilir","category":"health","kind":"Clinic","address":"Jalan Utama, 43500, Semenyih"},"geometry":{"type":"Point","coordinates":[101.81225,2.90122]}},{"type":"Feature","properties":{"name":"Klinik Dinamik","category":"health","kind":"Clinic"},"geometry":{"type":"Point","coordinates":[101.85728,2.9318]}},{"type":"Feature","properties":{"name":"Poliklinik Permata","category":"health","kind":"Clinic"},"geometry":{"type":"Point","coordinates":[101.75099,3.17171]}},{"type":"Feature","properties":{"name":"Klinik Melawati","category":"health","kind":"Clinic","address":"17"},"geometry":{"type":"Point","coordinates":[101.24949,3.34009]}},{"type":"Feature","properties":{"name":"Klinik Nayanika","category":"health","kind":"Clinic"},"geometry":{"type":"Point","coordinates":[101.53869,3.00339]}},{"type":"Feature","properties":{"name":"Klinik Mesra Jaya","category":"health","kind":"Clinic","address":"2A Jalan Anggerik Vanilla Q31/Q, 40460, Kota Kemuning"},"geometry":{"type":"Point","coordinates":[101.53626,3.00667]}},{"type":"Feature","properties":{"name":"Klinik Mediviron","category":"health","kind":"Clinic"},"geometry":{"type":"Point","coordinates":[101.53701,3.005]}},{"type":"Feature","properties":{"name":"Poliklinik Kumpulan City (Kota Kemuning)","category":"health","kind":"Clinic"},"geometry":{"type":"Point","coordinates":[101.53718,3.00493]}},{"type":"Feature","properties":{"name":"Poliklinik Kota Kemuning","category":"health","kind":"Clinic"},"geometry":{"type":"Point","coordinates":[101.53553,3.00514]}},{"type":"Feature","properties":{"name":"Klinik Metro","category":"health","kind":"Clinic"},"geometry":{"type":"Point","coordinates":[101.53746,3.00395]}},{"type":"Feature","properties":{"name":"Poliklinik Shaik","category":"health","kind":"Clinic"},"geometry":{"type":"Point","coordinates":[101.53742,3.00323]}},{"type":"Feature","properties":{"name":"Klinik Dr. Hasseenah","category":"health","kind":"Clinic"},"geometry":{"type":"Point","coordinates":[101.53717,3.00351]}},{"type":"Feature","properties":{"name":"Klinik Alam Medic","category":"health","kind":"Clinic"},"geometry":{"type":"Point","coordinates":[101.52549,2.99987]}},{"type":"Feature","properties":{"name":"Klinik Prima Impian","category":"health","kind":"Clinic","address":"4 Jalan Tun Teja B 35/B, 40470, Shah Alam"},"geometry":{"type":"Point","coordinates":[101.51411,3.01611]}},{"type":"Feature","properties":{"name":"Hospital Pakar Sentosa","category":"health","kind":"Hospital"},"geometry":{"type":"Point","coordinates":[101.48299,3.00569]}},{"type":"Feature","properties":{"name":"Pusat Pakar Mata Sentosa","category":"health","kind":"Clinic"},"geometry":{"type":"Point","coordinates":[101.48309,3.00598]}},{"type":"Feature","properties":{"name":"Klinik Veda","category":"health","kind":"Clinic"},"geometry":{"type":"Point","coordinates":[101.54308,3.02535]}},{"type":"Feature","properties":{"name":"Klinik Hashimee","category":"health","kind":"Clinic"},"geometry":{"type":"Point","coordinates":[101.74424,3.1487]}},{"type":"Feature","properties":{"name":"Klinik Marsya","category":"health","kind":"Clinic","address":"jalan besar salak"},"geometry":{"type":"Point","coordinates":[101.75088,2.78454]}},{"type":"Feature","properties":{"name":"SMJ Medical Centre","category":"health","kind":"Hospital"},"geometry":{"type":"Point","coordinates":[101.43844,3.03421]}},{"type":"Feature","properties":{"name":"Klinik Union Medic","category":"health","kind":"Clinic"},"geometry":{"type":"Point","coordinates":[101.79162,3.04151]}},{"type":"Feature","properties":{"name":"Sheila Clinic","category":"health","kind":"Clinic"},"geometry":{"type":"Point","coordinates":[101.43456,3.04041]}},{"type":"Feature","properties":{"name":"Jaspal Clinic","category":"health","kind":"Clinic"},"geometry":{"type":"Point","coordinates":[101.42826,3.02858]}},{"type":"Feature","properties":{"name":"Public Clinic","category":"health","kind":"Clinic"},"geometry":{"type":"Point","coordinates":[101.42875,3.0289]}},{"type":"Feature","properties":{"name":"Pantai Hospital Klang","category":"health","kind":"Hospital"},"geometry":{"type":"Point","coordinates":[101.42631,3.02639]}},{"type":"Feature","properties":{"name":"Lim Children Clinic","category":"health","kind":"Clinic"},"geometry":{"type":"Point","coordinates":[101.42788,3.02681]}},{"type":"Feature","properties":{"name":"Southern Clinic & Surgery","category":"health","kind":"Clinic"},"geometry":{"type":"Point","coordinates":[101.42842,3.02585]}},{"type":"Feature","properties":{"name":"BP LAB","category":"health","kind":"Clinic"},"geometry":{"type":"Point","coordinates":[101.42851,3.02705]}},{"type":"Feature","properties":{"name":"1M Clinic","category":"health","kind":"Clinic","address":"Jalan Uranus AJ U5/AJ, 40150"},"geometry":{"type":"Point","coordinates":[101.53262,3.16828]}},{"type":"Feature","properties":{"name":"Klinik Sri Manja","category":"health","kind":"Clinic"},"geometry":{"type":"Point","coordinates":[101.57282,3.0304]}},{"type":"Feature","properties":{"name":"Klinik Sri Familia","category":"health","kind":"Clinic"},"geometry":{"type":"Point","coordinates":[101.52837,3.10309]}},{"type":"Feature","properties":{"name":"Klinik 1Malaysia","category":"health","kind":"Clinic"},"geometry":{"type":"Point","coordinates":[101.73768,3.00856]}},{"type":"Feature","properties":{"name":"Klinik Mediviron","category":"health","kind":"Clinic"},"geometry":{"type":"Point","coordinates":[101.58614,3.11143]}},{"type":"Feature","properties":{"name":"Poliklinik Care Medics","category":"health","kind":"Clinic","address":"0380519725 No 10 jalan Bp 7/11, Bandar Bukit Puchong Puchong selangor, 47120"},"geometry":{"type":"Point","coordinates":[101.61858,2.98471]}},{"type":"Feature","properties":{"name":"Klinik Mediviron","category":"health","kind":"Clinic"},"geometry":{"type":"Point","coordinates":[101.75154,3.14626]}},{"type":"Feature","properties":{"name":"Klinik Subang Perdana","category":"health","kind":"Clinic"},"geometry":{"type":"Point","coordinates":[101.59037,3.04697]}},{"type":"Feature","properties":{"name":"QHC Medical Center","category":"health","kind":"Hospital","address":"No 2 Jalan USJ 9/5R, 47620, Subang Jaya"},"geometry":{"type":"Point","coordinates":[101.58738,3.04763]}},{"type":"Feature","properties":{"name":"Poliklinik Ananthan","category":"health","kind":"Clinic"},"geometry":{"type":"Point","coordinates":[101.59008,3.04685]}},{"type":"Feature","properties":{"name":"Klinik Mediviron","category":"health","kind":"Clinic"},"geometry":{"type":"Point","coordinates":[101.58643,3.11131]}},{"type":"Feature","properties":{"name":"Eng and Sing","category":"health","kind":"Clinic"},"geometry":{"type":"Point","coordinates":[101.52802,3.32836]}},{"type":"Feature","properties":{"name":"Wong and Sing","category":"health","kind":"Clinic"},"geometry":{"type":"Point","coordinates":[101.5281,3.32834]}},{"type":"Feature","properties":{"name":"Klinik Wai","category":"health","kind":"Clinic"},"geometry":{"type":"Point","coordinates":[101.62133,3.04674]}},{"type":"Feature","properties":{"name":"Klinik TTDI","category":"health","kind":"Clinic","address":"Petaling Jaya"},"geometry":{"type":"Point","coordinates":[101.65018,3.07524]}},{"type":"Feature","properties":{"name":"Poliklinik Dinar","category":"health","kind":"Clinic","address":"Petaling Jaya"},"geometry":{"type":"Point","coordinates":[101.63705,3.08032]}},{"type":"Feature","properties":{"name":"Klinik Anda","category":"health","kind":"Clinic","address":"Petaling Jaya"},"geometry":{"type":"Point","coordinates":[101.63701,3.08001]}},{"type":"Feature","properties":{"name":"Klinik Mediviron","category":"health","kind":"Clinic","address":"Petaling Jaya"},"geometry":{"type":"Point","coordinates":[101.63702,3.08013]}},{"type":"Feature","properties":{"name":"Klinik Damai Perdana","category":"health","kind":"Clinic"},"geometry":{"type":"Point","coordinates":[101.7394,3.04624]}},{"type":"Feature","properties":{"name":"Klinik Fatimah","category":"health","kind":"Clinic","address":"Petaling Jaya"},"geometry":{"type":"Point","coordinates":[101.63555,3.07482]}},{"type":"Feature","properties":{"name":"Pusat Hemodialisis Fasa","category":"health","kind":"Clinic","address":"Petaling Jaya"},"geometry":{"type":"Point","coordinates":[101.65126,3.07506]}},{"type":"Feature","properties":{"name":"Klinik Meena","category":"health","kind":"Clinic","address":"Petaling Jaya"},"geometry":{"type":"Point","coordinates":[101.64601,3.07503]}},{"type":"Feature","properties":{"name":"Klinik Famili TTDI","category":"health","kind":"Clinic","address":"Petaling Jaya"},"geometry":{"type":"Point","coordinates":[101.64601,3.07491]}},{"type":"Feature","properties":{"name":"Klinik Leow","category":"health","kind":"Clinic","address":"Puchong"},"geometry":{"type":"Point","coordinates":[101.64721,3.06267]}},{"type":"Feature","properties":{"name":"Klinik Mediviron","category":"health","kind":"Clinic","address":"Puchong"},"geometry":{"type":"Point","coordinates":[101.64697,3.04924]}},{"type":"Feature","properties":{"name":"Klinik Mediviron","category":"health","kind":"Clinic","address":"40 Jalan Congkak, Taman Alam Nyata 3, Seksyen 36, 40470, Shah Alam"},"geometry":{"type":"Point","coordinates":[101.48067,3.02589]}},{"type":"Feature","properties":{"name":"Klinik Pakar Wanita Good Hope","category":"health","kind":"Clinic","address":"Petaling Jaya"},"geometry":{"type":"Point","coordinates":[101.64783,3.08625]}},{"type":"Feature","properties":{"name":"Klinik Catterall, Khoo & Raja Malek","category":"health","kind":"Clinic","address":"Petaling Jaya"},"geometry":{"type":"Point","coordinates":[101.64773,3.08737]}},{"type":"Feature","properties":{"name":"Klinik Dr Ashraf Hamid","category":"health","kind":"Clinic","address":"Petaling Jaya"},"geometry":{"type":"Point","coordinates":[101.64102,3.08218]}},{"type":"Feature","properties":{"name":"Klinik Salim","category":"health","kind":"Clinic","address":"Petaling Jaya"},"geometry":{"type":"Point","coordinates":[101.63731,3.08286]}},{"type":"Feature","properties":{"name":"Klinik Sri Manja","category":"health","kind":"Clinic","address":"Petaling Jaya"},"geometry":{"type":"Point","coordinates":[101.64867,3.07339]}},{"type":"Feature","properties":{"name":"Poliklinik Damai Dan Surgeri","category":"health","kind":"Clinic","address":"Petaling Jaya"},"geometry":{"type":"Point","coordinates":[101.6507,3.0789]}},{"type":"Feature","properties":{"name":"Klinik Fuziah","category":"health","kind":"Clinic","address":"Jalan SD1 1/1, Banting"},"geometry":{"type":"Point","coordinates":[101.61638,2.83023]}},{"type":"Feature","properties":{"name":"Klinik Kesihatan Bukit Changgang","category":"health","kind":"Clinic","address":"Banting"},"geometry":{"type":"Point","coordinates":[101.62066,2.82701]}},{"type":"Feature","properties":{"name":"Klinik Adam","category":"health","kind":"Clinic","address":"Jalan Bukit Changgang, Banting"},"geometry":{"type":"Point","coordinates":[101.63231,2.82674]}},{"type":"Feature","properties":{"name":"MB Star Dialysis Centre","category":"health","kind":"Clinic","address":"Petaling Jaya"},"geometry":{"type":"Point","coordinates":[101.59959,3.10268]}},{"type":"Feature","properties":{"name":"Klinik Uzma","category":"health","kind":"Clinic","address":"Petaling Jaya"},"geometry":{"type":"Point","coordinates":[101.59986,3.10312]}},{"type":"Feature","properties":{"name":"Qualitas Health","category":"health","kind":"Clinic","address":"Petaling Jaya"},"geometry":{"type":"Point","coordinates":[101.59992,3.10566]}},{"type":"Feature","properties":{"name":"Kelinik Nasional","category":"health","kind":"Clinic","address":"547B Jalan SS 9A/12, Petaling Jaya"},"geometry":{"type":"Point","coordinates":[101.61545,3.08857]}},{"type":"Feature","properties":{"name":"Klinik Ganesan","category":"health","kind":"Clinic","address":"293 Jalan SS 9A/2, Petaling Jaya"},"geometry":{"type":"Point","coordinates":[101.61752,3.08851]}},{"type":"Feature","properties":{"name":"Poliklinik Lim","category":"health","kind":"Clinic","address":"Petaling Jaya"},"geometry":{"type":"Point","coordinates":[101.62121,3.08666]}},{"type":"Feature","properties":{"name":"Klinik Seri Setia","category":"health","kind":"Clinic","address":"Petaling Jaya"},"geometry":{"type":"Point","coordinates":[101.6214,3.08663]}},{"type":"Feature","properties":{"name":"Poliklinik Mohan","category":"health","kind":"Clinic","address":"Petaling Jaya"},"geometry":{"type":"Point","coordinates":[101.62054,3.08632]}},{"type":"Feature","properties":{"name":"Klinik Dr Fernandez","category":"health","kind":"Clinic","address":"Petaling Jaya"},"geometry":{"type":"Point","coordinates":[101.62077,3.0861]}},{"type":"Feature","properties":{"name":"Klinik Lingam","category":"health","kind":"Clinic","address":"Dengkil"},"geometry":{"type":"Point","coordinates":[101.68051,2.85659]}},{"type":"Feature","properties":{"name":"Kelinik Rakyat & Surgeri","category":"health","kind":"Clinic","address":"Dengkil"},"geometry":{"type":"Point","coordinates":[101.68017,2.85763]}},{"type":"Feature","properties":{"name":"Klinik Ibu & Anak Dengkil","category":"health","kind":"Clinic"},"geometry":{"type":"Point","coordinates":[101.68181,2.85931]}},{"type":"Feature","properties":{"name":"Klinik Kesihatan Dengkil","category":"health","kind":"Clinic"},"geometry":{"type":"Point","coordinates":[101.68179,2.85985]}},{"type":"Feature","properties":{"name":"Klinik Dr Marisa & Rakan","category":"health","kind":"Clinic","address":"Dengkil"},"geometry":{"type":"Point","coordinates":[101.67531,2.86445]}},{"type":"Feature","properties":{"name":"Klinik Zalfah","category":"health","kind":"Clinic","address":"Dengkil"},"geometry":{"type":"Point","coordinates":[101.67482,2.86497]}},{"type":"Feature","properties":{"name":"Poliklinik Nur Fatimah","category":"health","kind":"Clinic","address":"Dengkil"},"geometry":{"type":"Point","coordinates":[101.67344,2.86527]}},{"type":"Feature","properties":{"name":"Klinik Harmoni","category":"health","kind":"Clinic","address":"Dengkil"},"geometry":{"type":"Point","coordinates":[101.66572,2.87905]}},{"type":"Feature","properties":{"name":"Pusat Dialisis Healthcare","category":"health","kind":"Clinic","address":"Jalan 6/31, Petaling Jaya"},"geometry":{"type":"Point","coordinates":[101.6531,3.08854]}},{"type":"Feature","properties":{"name":"Drs Young Newton","category":"health","kind":"Clinic","address":"Petaling Jaya"},"geometry":{"type":"Point","coordinates":[101.64641,3.09971]}},{"type":"Feature","properties":{"name":"Klinik Koh Dispensary","category":"health","kind":"Clinic","address":"Petaling Jaya"},"geometry":{"type":"Point","coordinates":[101.64623,3.0999]}},{"type":"Feature","properties":{"name":"A.H Lee Specialist Clinic","category":"health","kind":"Clinic","address":"Petaling Jaya"},"geometry":{"type":"Point","coordinates":[101.64619,3.09994]}},{"type":"Feature","properties":{"name":"Poliklinik Vista","category":"health","kind":"Clinic","address":"Lorong 8/1E, Petaling Jaya"},"geometry":{"type":"Point","coordinates":[101.64137,3.1004]}},{"type":"Feature","properties":{"name":"Hospital Wanita Metro","category":"health","kind":"Hospital","address":"Banting"},"geometry":{"type":"Point","coordinates":[101.5314,2.82268]}},{"type":"Feature","properties":{"name":"Klinik Rozita","category":"health","kind":"Clinic","address":"Banting"},"geometry":{"type":"Point","coordinates":[101.53094,2.82247]}},{"type":"Feature","properties":{"name":"Klinik Kesihatan Sijangkang","category":"health","kind":"Clinic","address":"Teluk Panglima Garang"},"geometry":{"type":"Point","coordinates":[101.45628,2.9415]}},{"type":"Feature","properties":{"name":"Klinik Utara","category":"health","kind":"Clinic","address":"Jalan Kebun Baru Batu 9, Teluk Panglima Garang"},"geometry":{"type":"Point","coordinates":[101.47534,2.92593]}},{"type":"Feature","properties":{"name":"Poliklinik Jaya TPG","category":"health","kind":"Clinic","address":"Jalan Temenggong, Teluk Panglima Garang"},"geometry":{"type":"Point","coordinates":[101.4747,2.9143]}},{"type":"Feature","properties":{"name":"Klinik Kesihatan Kebun Baru","category":"health","kind":"Clinic","address":"Teluk Panglima Garang"},"geometry":{"type":"Point","coordinates":[101.48773,2.91224]}},{"type":"Feature","properties":{"name":"Klinik Sri Subang","category":"health","kind":"Clinic","address":"Jalan PJS 7/22, Petaling Jaya"},"geometry":{"type":"Point","coordinates":[101.61518,3.07427]}},{"type":"Feature","properties":{"name":"Klinik Norzila & Surgeri","category":"health","kind":"Clinic","address":"Shah Alam"},"geometry":{"type":"Point","coordinates":[101.51614,3.08934]}},{"type":"Feature","properties":{"name":"Klinik Dr Noraini","category":"health","kind":"Clinic","address":"Jalan Liku B, Shah Alam"},"geometry":{"type":"Point","coordinates":[101.50899,3.09078]}},{"type":"Feature","properties":{"name":"Klinik Reddy","category":"health","kind":"Clinic","address":"Puchong"},"geometry":{"type":"Point","coordinates":[101.64814,3.06381]}},{"type":"Feature","properties":{"name":"Klinik Baba","category":"health","kind":"Clinic","address":"Puchong"},"geometry":{"type":"Point","coordinates":[101.64989,3.06647]}},{"type":"Feature","properties":{"name":"Poliklinik Kinrara","category":"health","kind":"Clinic","address":"Jalan TK 4/4D, Puchong"},"geometry":{"type":"Point","coordinates":[101.63765,3.06472]}},{"type":"Feature","properties":{"name":"Klinik Walia","category":"health","kind":"Clinic","address":"Puchong"},"geometry":{"type":"Point","coordinates":[101.63767,3.06545]}},{"type":"Feature","properties":{"name":"Klinik Famili","category":"health","kind":"Clinic","address":"Jalan PPK 1, Puchong"},"geometry":{"type":"Point","coordinates":[101.64069,3.05883]}},{"type":"Feature","properties":{"name":"Klinik Chakara","category":"health","kind":"Clinic","address":"Jalan PPK 4, Puchong"},"geometry":{"type":"Point","coordinates":[101.64081,3.06041]}},{"type":"Feature","properties":{"name":"Klinik Widuri","category":"health","kind":"Clinic","address":"Jalan Medan 10, Petaling Jaya"},"geometry":{"type":"Point","coordinates":[101.63556,3.07424]}},{"type":"Feature","properties":{"name":"MDZ Haemodialysis Centre","category":"health","kind":"Clinic","address":"Jalan PJS 5/28A, Petaling Jaya"},"geometry":{"type":"Point","coordinates":[101.62389,3.07784]}},{"type":"Feature","properties":{"name":"Poliklinik PJCC","category":"health","kind":"Clinic","address":"Jln PJS 5/28, Petaling Jaya"},"geometry":{"type":"Point","coordinates":[101.62507,3.0783]}},{"type":"Feature","properties":{"name":"Klinik Kulit & Laser Cosmetic Goo","category":"health","kind":"Clinic","address":"Petaling Jaya"},"geometry":{"type":"Point","coordinates":[101.63585,3.11019]}},{"type":"Feature","properties":{"name":"Poliklinik Pusrawi SMC","category":"health","kind":"Clinic","address":"Petaling Jaya"},"geometry":{"type":"Point","coordinates":[101.63388,3.11163]}},{"type":"Feature","properties":{"name":"Klinik Pakar Sakit Puan PJ","category":"health","kind":"Clinic","address":"Petaling Jaya"},"geometry":{"type":"Point","coordinates":[101.63392,3.11099]}},{"type":"Feature","properties":{"name":"Klinik Mediprime","category":"health","kind":"Clinic","address":"Petaling Jaya"},"geometry":{"type":"Point","coordinates":[101.63438,3.11122]}},{"type":"Feature","properties":{"name":"Poliklinik Alia","category":"health","kind":"Clinic","address":"Jalan Tengku Ampuan Zabedah B, Shah Alam"},"geometry":{"type":"Point","coordinates":[101.52734,3.08177]}},{"type":"Feature","properties":{"name":"Klinik Rohana","category":"health","kind":"Clinic","address":"Jalan Tengku Ampuan Zabedah B, Shah Alam"},"geometry":{"type":"Point","coordinates":[101.52738,3.08171]}},{"type":"Feature","properties":{"name":"Klinik Famili TTDI","category":"health","kind":"Clinic","address":"Petaling Jaya"},"geometry":{"type":"Point","coordinates":[101.62811,3.08296]}},{"type":"Feature","properties":{"name":"Prof Muhaya Eye & Lasik Centre","category":"health","kind":"Clinic","address":"Kajang"},"geometry":{"type":"Point","coordinates":[101.78047,2.98539]}},{"type":"Feature","properties":{"name":"Poliklinik Ideal","category":"health","kind":"Clinic","address":"Kajang"},"geometry":{"type":"Point","coordinates":[101.78843,2.99573]}},{"type":"Feature","properties":{"name":"Klinik Pakar KPMC","category":"health","kind":"Clinic","address":"Kajang"},"geometry":{"type":"Point","coordinates":[101.78831,2.99563]}},{"type":"Feature","properties":{"name":"Klinik Desa Sungai Ramal","category":"health","kind":"Clinic","address":"Kajang"},"geometry":{"type":"Point","coordinates":[101.76727,2.99051]}},{"type":"Feature","properties":{"name":"Klinik Mediviron","category":"health","kind":"Clinic","address":"Jalan TKS 1, Kajang"},"geometry":{"type":"Point","coordinates":[101.7948,2.97736]}},{"type":"Feature","properties":{"name":"Pakar Wanita & Kanak-Kanak Britannia","category":"health","kind":"Clinic","address":"Jalan TKS 1, Kajang"},"geometry":{"type":"Point","coordinates":[101.7953,2.97739]}},{"type":"Feature","properties":{"name":"Klinik Mediviron","category":"health","kind":"Clinic","address":"Jalan 7/1B, Bandar Baru Bangi"},"geometry":{"type":"Point","coordinates":[101.77537,2.96762]}},{"type":"Feature","properties":{"name":"Pusat Dialisis Airah","category":"health","kind":"Clinic","address":"Jalan Putra 8, Kajang"},"geometry":{"type":"Point","coordinates":[101.77124,2.97941]}},{"type":"Feature","properties":{"name":"Klinik Mediviron","category":"health","kind":"Clinic","address":"Jalan Putra 4, Kajang"},"geometry":{"type":"Point","coordinates":[101.77268,2.9784]}},{"type":"Feature","properties":{"name":"Dialisis Amal MAA Medicare","category":"health","kind":"Clinic","address":"Jalan Putra 3, Kajang"},"geometry":{"type":"Point","coordinates":[101.77329,2.97852]}},{"type":"Feature","properties":{"name":"Klinik Desa Batang Kali","category":"health","kind":"Clinic","address":"Jalan Batang Kali - Ulu Yam, 44300, Batang Kali"},"geometry":{"type":"Point","coordinates":[101.64411,3.46746]}},{"type":"Feature","properties":{"name":"Pusat Hemodialisis Syifa","category":"health","kind":"Clinic","address":"Jalan Mahogani 2A/7, Batang Kali"},"geometry":{"type":"Point","coordinates":[101.6611,3.45836]}},{"type":"Feature","properties":{"name":"Pusat Hemodialisis Mawar (Cawangan Sepang)","category":"health","kind":"Clinic","address":"Sepang"},"geometry":{"type":"Point","coordinates":[101.75155,2.69147]}},{"type":"Feature","properties":{"name":"Klinik Dr. Ko","category":"health","kind":"Clinic"},"geometry":{"type":"Point","coordinates":[101.53257,2.99992]}},{"type":"Feature","properties":{"name":"Klinik 1Malaysia Persiaran Subang Permai","category":"health","kind":"Clinic","address":"K1M USJ 1, D1-10-11 & B1-10-12, Blok B, Pangsapuri Angsana Persiaran Subang Permai, 47620, Subang Jaya"},"geometry":{"type":"Point","coordinates":[101.60371,3.04376]}},{"type":"Feature","properties":{"name":"Pusat Fisioterapi Liew","category":"health","kind":"Clinic","address":"PA-S-35 jalan pasir emas, 43000"},"geometry":{"type":"Point","coordinates":[101.78034,2.98592]}},{"type":"Feature","properties":{"name":"Revival Clinic","category":"health","kind":"Clinic"},"geometry":{"type":"Point","coordinates":[101.5352,3.00433]}},{"type":"Feature","properties":{"name":"Klinik Usrah Medic","category":"health","kind":"Clinic","address":"28 Jalan Niaga Bestari 8, Puncak Alam"},"geometry":{"type":"Point","coordinates":[101.42766,3.23513]}},{"type":"Feature","properties":{"name":"Klinik Mediviron","category":"health","kind":"Clinic"},"geometry":{"type":"Point","coordinates":[101.44487,3.10066]}},{"type":"Feature","properties":{"name":"Klinik Desa Kerling","category":"health","kind":"Clinic","address":"44100, Kerling"},"geometry":{"type":"Point","coordinates":[101.60161,3.58882]}},{"type":"Feature","properties":{"name":"BP Specialist Centre Taman Megah","category":"health","kind":"Clinic","address":"79 Jalan SS 23/15, 47400, Petaling Jaya"},"geometry":{"type":"Point","coordinates":[101.61385,3.11548]}},{"type":"Feature","properties":{"name":"Klinik Dr Rosli SS19","category":"health","kind":"Clinic","address":"81 Jalan SS 19/6, Ss 19, Subang Jaya, Selangor, 40150"},"geometry":{"type":"Point","coordinates":[101.57729,3.06554]}},{"type":"Feature","properties":{"name":"Klinik Nik Isahak","category":"health","kind":"Clinic"},"geometry":{"type":"Point","coordinates":[101.53779,3.05068]}},{"type":"Feature","properties":{"name":"Klinik K.J Lim","category":"health","kind":"Clinic"},"geometry":{"type":"Point","coordinates":[101.70026,3.23889]}},{"type":"Feature","properties":{"name":"Klinik Seri Indah","category":"health","kind":"Clinic"},"geometry":{"type":"Point","coordinates":[101.69833,3.23544]}},{"type":"Feature","properties":{"name":"Poliklinik Samudra","category":"health","kind":"Clinic"},"geometry":{"type":"Point","coordinates":[101.69774,3.23544]}},{"type":"Feature","properties":{"name":"Klinik Dr Najwa","category":"health","kind":"Clinic"},"geometry":{"type":"Point","coordinates":[101.74604,2.94313]}},{"type":"Feature","properties":{"name":"Klinik Jaya Ampang","category":"health","kind":"Clinic"},"geometry":{"type":"Point","coordinates":[101.77654,3.14356]}},{"type":"Feature","properties":{"name":"Klinik Desa Rinching Tengah","category":"health","kind":"Clinic"},"geometry":{"type":"Point","coordinates":[101.86235,2.91493]}},{"type":"Feature","properties":{"name":"Klinik Pusrawi SMC Semenyih","category":"health","kind":"Clinic","address":"59-G"},"geometry":{"type":"Point","coordinates":[101.85801,2.93055]}},{"type":"Feature","properties":{"name":"Damansara Damai Medical Clinic","category":"health","kind":"Clinic"},"geometry":{"type":"Point","coordinates":[101.59339,3.19924]}},{"type":"Feature","properties":{"name":"Klinik 1Malaysia","category":"health","kind":"Clinic","address":"5 J WATAN 8, 68000"},"geometry":{"type":"Point","coordinates":[101.77297,3.13928]}},{"type":"Feature","properties":{"name":"Farmasi","category":"health","kind":"Hospital"},"geometry":{"type":"Point","coordinates":[101.48954,3.068]}},{"type":"Feature","properties":{"name":"kompleks kediaman","category":"health","kind":"Hospital"},"geometry":{"type":"Point","coordinates":[101.48988,3.07337]}},{"type":"Feature","properties":{"name":"Hospital Umra","category":"health","kind":"Hospital","address":"12, 18 Jalan Bola Tampar 13/14, 40100, SEKSYEN 13"},"geometry":{"type":"Point","coordinates":[101.5399,3.08297]}},{"type":"Feature","properties":{"name":"Poliklinik Sentosa","category":"health","kind":"Clinic"},"geometry":{"type":"Point","coordinates":[101.79082,2.98913]}},{"type":"Feature","properties":{"name":"Klinik As Syakirin","category":"health","kind":"Clinic"},"geometry":{"type":"Point","coordinates":[101.48132,3.14458]}},{"type":"Feature","properties":{"name":"Pusat Kesihitan Universiti","category":"health","kind":"Hospital"},"geometry":{"type":"Point","coordinates":[101.70842,2.99155]}},{"type":"Feature","properties":{"name":"Klinik Med Doc","category":"health","kind":"Clinic"},"geometry":{"type":"Point","coordinates":[101.53898,3.00374]}},{"type":"Feature","properties":{"name":"Klinik Desa Kampung Sungai Merab Luar","category":"health","kind":"Clinic"},"geometry":{"type":"Point","coordinates":[101.74249,2.93901]}},{"type":"Feature","properties":{"name":"Klinik Famili Shah Alam","category":"health","kind":"Clinic"},"geometry":{"type":"Point","coordinates":[101.53756,3.00623]}},{"type":"Feature","properties":{"name":"Klinik Mediviron","category":"health","kind":"Clinic"},"geometry":{"type":"Point","coordinates":[101.26689,3.32194]}},{"type":"Feature","properties":{"name":"klinik anda","category":"health","kind":"Clinic"},"geometry":{"type":"Point","coordinates":[101.26824,3.3204]}},{"type":"Feature","properties":{"name":"Appu Clinic","category":"health","kind":"Clinic"},"geometry":{"type":"Point","coordinates":[100.98194,3.76751]}},{"type":"Feature","properties":{"name":"Klinik Pergigian Warisan","category":"health","kind":"Clinic"},"geometry":{"type":"Point","coordinates":[101.69421,2.81826]}},{"type":"Feature","properties":{"name":"Klinik Siti","category":"health","kind":"Clinic"},"geometry":{"type":"Point","coordinates":[101.69415,2.81844]}},{"type":"Feature","properties":{"name":"Klinik Pergigian Dental Heritage","category":"health","kind":"Clinic"},"geometry":{"type":"Point","coordinates":[101.69415,2.81857]}},{"type":"Feature","properties":{"name":"Klinik Anda","category":"health","kind":"Clinic","address":"Jalan Warisan Sentral 1, 43900, Sepang"},"geometry":{"type":"Point","coordinates":[101.69416,2.82074]}},{"type":"Feature","properties":{"name":"Bloom Clinic","category":"health","kind":"Clinic"},"geometry":{"type":"Point","coordinates":[101.62338,3.13791]}},{"type":"Feature","properties":{"name":"Klinik Seri Melawati","category":"health","kind":"Clinic"},"geometry":{"type":"Point","coordinates":[101.75137,3.21079]}},{"type":"Feature","properties":{"name":"Klinik Siti Banting","category":"health","kind":"Clinic","address":"50 Jalan Bunga Pekan, Kawasan Perindustrian Banting, 42700, Banting"},"geometry":{"type":"Point","coordinates":[101.50535,2.81334]}},{"type":"Feature","properties":{"name":"Klinik Sri Jaya","category":"health","kind":"Clinic","address":"Jalan SS 9A/1, Petaling Jaya"},"geometry":{"type":"Point","coordinates":[101.62081,3.08941]}},{"type":"Feature","properties":{"name":"Care Clinics","category":"health","kind":"Clinic"},"geometry":{"type":"Point","coordinates":[101.69986,3.23816]}},{"type":"Feature","properties":{"name":"Klinik Desa Dusun Tua","category":"health","kind":"Clinic"},"geometry":{"type":"Point","coordinates":[101.83716,3.14286]}},{"type":"Feature","properties":{"name":"Klinik Pergigian Mastura","category":"health","kind":"Clinic","address":"Jalan Kapar, 42100, Klang"},"geometry":{"type":"Point","coordinates":[101.41237,3.07059]}},{"type":"Feature","properties":{"name":"Klinik Johari dan Anita","category":"health","kind":"Clinic"},"geometry":{"type":"Point","coordinates":[101.60603,3.10144]}},{"type":"Feature","properties":{"name":"Klinik Nuraini","category":"health","kind":"Clinic","address":"Jalan Rantau Panjang, 42100, Klang"},"geometry":{"type":"Point","coordinates":[101.41176,3.06922]}},{"type":"Feature","properties":{"name":"Cellora Clinic","category":"health","kind":"Clinic"},"geometry":{"type":"Point","coordinates":[101.70652,3.04282]}},{"type":"Feature","properties":{"name":"Klinik Lana Serdang","category":"health","kind":"Clinic"},"geometry":{"type":"Point","coordinates":[101.70739,3.04085]}},{"type":"Feature","properties":{"name":"Sri Kinrara Klinik","category":"health","kind":"Clinic"},"geometry":{"type":"Point","coordinates":[101.64453,3.04736]}},{"type":"Feature","properties":{"name":"Klinik Mediviron","category":"health","kind":"Clinic"},"geometry":{"type":"Point","coordinates":[101.74385,3.05464]}},{"type":"Feature","properties":{"name":"Klinik Medic","category":"health","kind":"Clinic"},"geometry":{"type":"Point","coordinates":[101.741,3.04683]}},{"type":"Feature","properties":{"name":"Britannia Women & Children Specialist Clinic","category":"health","kind":"Clinic"},"geometry":{"type":"Point","coordinates":[101.74068,3.04596]}},{"type":"Feature","properties":{"name":"Klinik Maha & Rao","category":"health","kind":"Clinic"},"geometry":{"type":"Point","coordinates":[101.74048,3.04548]}},{"type":"Feature","properties":{"name":"Pusat Rawatan TCM NG","category":"health","kind":"Clinic"},"geometry":{"type":"Point","coordinates":[101.74037,3.04607]}},{"type":"Feature","properties":{"name":"Gombak Setia Medical Centre","category":"health","kind":"Clinic"},"geometry":{"type":"Point","coordinates":[101.71404,3.21793]}},{"type":"Feature","properties":{"name":"Klinik Kesihatan Gombak Setia","category":"health","kind":"Clinic"},"geometry":{"type":"Point","coordinates":[101.71462,3.21807]}},{"type":"Feature","properties":{"name":"Klinik Seri Indah Taman Selayang Jaya","category":"health","kind":"Clinic"},"geometry":{"type":"Point","coordinates":[101.65252,3.23835]}},{"type":"Feature","properties":{"name":"Pristine Women Medical Centre","category":"health","kind":"Clinic"},"geometry":{"type":"Point","coordinates":[101.65011,3.239]}},{"type":"Feature","properties":{"name":"Klinik & Surgeri Guna","category":"health","kind":"Clinic"},"geometry":{"type":"Point","coordinates":[101.63801,3.22368]}},{"type":"Feature","properties":{"name":"Poliklinik Lau","category":"health","kind":"Clinic"},"geometry":{"type":"Point","coordinates":[101.49682,2.80917]}},{"type":"Feature","properties":{"name":"Klinik Keluarga","category":"health","kind":"Clinic"},"geometry":{"type":"Point","coordinates":[101.69985,3.23736]}},{"type":"Feature","properties":{"name":"Poliklinik Aisyah","category":"health","kind":"Clinic"},"geometry":{"type":"Point","coordinates":[101.6982,3.23513]}},{"type":"Feature","properties":{"name":"Sai Policlinic","category":"health","kind":"Clinic","address":"Jalan Bukit Badong, 45600, Bestari Jaya"},"geometry":{"type":"Point","coordinates":[101.40967,3.37655]}},{"type":"Feature","properties":{"name":"Pusat Kesihatan Universiti","category":"health","kind":"Clinic","address":"43600, Bangi"},"geometry":{"type":"Point","coordinates":[101.7781,2.92592]}},{"type":"Feature","properties":{"name":"Signature Dental Clinic","category":"health","kind":"Clinic","address":"1 Ground Floor, Jalan PJU 5/10 Dataran Sunway, 47810, Petaling Jaya"},"geometry":{"type":"Point","coordinates":[101.59254,3.15139]}},{"type":"Feature","properties":{"name":"Poliklinik Shaik","category":"health","kind":"Clinic"},"geometry":{"type":"Point","coordinates":[101.54218,2.94395]}},{"type":"Feature","properties":{"name":"Klinik Dr Abdul Razak","category":"health","kind":"Clinic"},"geometry":{"type":"Point","coordinates":[101.76286,3.12061]}},{"type":"Feature","properties":{"name":"Klinik Bandar","category":"health","kind":"Clinic"},"geometry":{"type":"Point","coordinates":[101.60855,3.07819]}},{"type":"Feature","properties":{"name":"Klinik Mediviron","category":"health","kind":"Clinic","address":"19-G Jalan Kasturi 1, 43200, Cheras"},"geometry":{"type":"Point","coordinates":[101.7692,3.03894]}},{"type":"Feature","properties":{"name":"Klinik Mediviron","category":"health","kind":"Clinic"},"geometry":{"type":"Point","coordinates":[101.37417,3.13698]}},{"type":"Feature","properties":{"name":"Klinik Mediviron","category":"health","kind":"Clinic"},"geometry":{"type":"Point","coordinates":[101.44583,2.99555]}},{"type":"Feature","properties":{"name":"Klinik Pakar Mata Vista","category":"health","kind":"Clinic"},"geometry":{"type":"Point","coordinates":[101.44528,2.99673]}},{"type":"Feature","properties":{"name":"Klinik Mediviron","category":"health","kind":"Clinic"},"geometry":{"type":"Point","coordinates":[101.43584,3.00725]}},{"type":"Feature","properties":{"name":"Klinik Kesihatan Sungai Sekamat","category":"health","kind":"Clinic"},"geometry":{"type":"Point","coordinates":[101.77576,3.02313]}},{"type":"Feature","properties":{"name":"Klinik San & Surgeri","category":"health","kind":"Clinic"},"geometry":{"type":"Point","coordinates":[101.59372,3.15049]}},{"type":"Feature","properties":{"name":"Klinik Utama","category":"health","kind":"Clinic"},"geometry":{"type":"Point","coordinates":[101.3982,3.00507]}},{"type":"Feature","properties":{"name":"Fisio Care Physiotherapy & Rehabilitation Centre","category":"health","kind":"Clinic"},"geometry":{"type":"Point","coordinates":[101.53672,3.00648]}},{"type":"Feature","properties":{"name":"Klinik Jaya","category":"health","kind":"Clinic"},"geometry":{"type":"Point","coordinates":[101.75005,3.20885]}},{"type":"Feature","properties":{"name":"Klinik Kesihatan Rawang","category":"health","kind":"Clinic","address":"Jalan RP 5, 48000, Rawang"},"geometry":{"type":"Point","coordinates":[101.59579,3.31512]}},{"type":"Feature","properties":{"name":"Klinik Wong Singh","category":"health","kind":"Clinic"},"geometry":{"type":"Point","coordinates":[101.58591,3.30799]}},{"type":"Feature","properties":{"name":"Klinik Guan","category":"health","kind":"Clinic"},"geometry":{"type":"Point","coordinates":[101.45191,3.06526]}},{"type":"Feature","properties":{"name":"Klinik Pritam","category":"health","kind":"Clinic"},"geometry":{"type":"Point","coordinates":[101.44744,3.05096]}},{"type":"Feature","properties":{"name":"Poliklinik Lourdes","category":"health","kind":"Clinic"},"geometry":{"type":"Point","coordinates":[101.45154,3.05027]}},{"type":"Feature","properties":{"name":"Klinik Ng dan Singh","category":"health","kind":"Clinic"},"geometry":{"type":"Point","coordinates":[101.41003,3.3142]}},{"type":"Feature","properties":{"name":"Klinik Temanku","category":"health","kind":"Clinic"},"geometry":{"type":"Point","coordinates":[101.62816,3.42381]}},{"type":"Feature","properties":{"name":"Klinik Ibu Dan Anak Bukit Sentosa","category":"health","kind":"Clinic"},"geometry":{"type":"Point","coordinates":[101.57743,3.41726]}},{"type":"Feature","properties":{"name":"Pusat Rawatan AMC","category":"health","kind":"Clinic"},"geometry":{"type":"Point","coordinates":[101.55759,3.40258]}},{"type":"Feature","properties":{"name":"Klinik Mediviron","category":"health","kind":"Clinic"},"geometry":{"type":"Point","coordinates":[101.57666,3.32244]}},{"type":"Feature","properties":{"name":"Poliklinik Keluarga","category":"health","kind":"Clinic"},"geometry":{"type":"Point","coordinates":[101.57684,3.32213]}},{"type":"Feature","properties":{"name":"Klinik Raj","category":"health","kind":"Clinic"},"geometry":{"type":"Point","coordinates":[101.57368,3.15859]}},{"type":"Feature","properties":{"name":"UniKlinik","category":"health","kind":"Clinic"},"geometry":{"type":"Point","coordinates":[101.57387,3.1585]}},{"type":"Feature","properties":{"name":"Dr Wong Specialist Clinic (Psychiatry)","category":"health","kind":"Clinic"},"geometry":{"type":"Point","coordinates":[101.44374,2.9974]}},{"type":"Feature","properties":{"name":"Klinik Fitrah","category":"health","kind":"Clinic"},"geometry":{"type":"Point","coordinates":[101.44049,3.13054]}},{"type":"Feature","properties":{"name":"Klinik Iman","category":"health","kind":"Clinic"},"geometry":{"type":"Point","coordinates":[101.56759,3.06231]}},{"type":"Feature","properties":{"name":"SP Care","category":"health","kind":"Clinic"},"geometry":{"type":"Point","coordinates":[101.52695,3.32814]}},{"type":"Feature","properties":{"name":"Andorra Women and Children Hospital","category":"health","kind":"Hospital"},"geometry":{"type":"Point","coordinates":[101.6781,2.97441]}},{"type":"Feature","properties":{"name":"Mini Child Specialist Clinic","category":"health","kind":"Clinic","address":"127 Jalan SS 25/2, 47301, Petaling Jaya"},"geometry":{"type":"Point","coordinates":[101.60268,3.11365]}},{"type":"Feature","properties":{"name":"Klinik Desa Puncak Alam","category":"health","kind":"Clinic"},"geometry":{"type":"Point","coordinates":[101.4252,3.23225]}},{"type":"Feature","properties":{"name":"Primer Cherang Clinic Kota Damansara 24H","category":"health","kind":"Clinic","address":"S-01-06 & S-01-07 Persiaran Surian, 47810, Petaling Jaya"},"geometry":{"type":"Point","coordinates":[101.5714,3.15711]}},{"type":"Feature","properties":{"name":"Klinik Mutiara","category":"health","kind":"Clinic"},"geometry":{"type":"Point","coordinates":[101.77424,3.15347]}},{"type":"Feature","properties":{"name":"Klinik Keluarga Rohani","category":"health","kind":"Clinic"},"geometry":{"type":"Point","coordinates":[101.4272,3.2293]}},{"type":"Feature","properties":{"name":"KLINIK DR BAZILAH","category":"health","kind":"Hospital","address":"c10g Jalan medan pusat bandar 5, 43650, Bandar Baru Bangi"},"geometry":{"type":"Point","coordinates":[101.75399,2.9609]}},{"type":"Feature","properties":{"name":"Klinik Dr Bazilah","category":"health","kind":"Clinic","address":"R-02-01 Jalan akuatik a13/64a, 40100"},"geometry":{"type":"Point","coordinates":[101.54723,3.07854]}},{"type":"Feature","properties":{"name":"Klinik Dr Bazilah","category":"health","kind":"Clinic","address":"c10g Jalan Medan Pusat Bandar 5, 43650"},"geometry":{"type":"Point","coordinates":[101.75407,2.96086]}},{"type":"Feature","properties":{"name":"Poliklinik An-Nisa'","category":"health","kind":"Clinic","address":"13B Jalan Sungai Keranji Q32/Q, 40460, Shah Alam"},"geometry":{"type":"Point","coordinates":[101.53332,2.97926]}},{"type":"Feature","properties":{"name":"Klinik Siti Kota Kemuning","category":"health","kind":"Clinic","address":"45 Jalan Tanjung Rhu 30/165, 40460, Shah Alam"},"geometry":{"type":"Point","coordinates":[101.53441,2.97848]}},{"type":"Feature","properties":{"name":"Klinik CyberMedik","category":"health","kind":"Clinic","address":"41 Jalan Sungai Keranji Q32/Q, 40460, Shah Alam"},"geometry":{"type":"Point","coordinates":[101.53234,2.97929]}},{"type":"Feature","properties":{"name":"Klinik Eternal","category":"health","kind":"Clinic","address":"7 Jalan Dagang SB 4/3"},"geometry":{"type":"Point","coordinates":[101.71686,3.02437]}},{"type":"Feature","properties":{"name":"Klinik Nur Raisha","category":"health","kind":"Clinic"},"geometry":{"type":"Point","coordinates":[101.42771,3.23476]}},{"type":"Feature","properties":{"name":"Klinik Mediviron","category":"health","kind":"Clinic"},"geometry":{"type":"Point","coordinates":[101.51322,3.16092]}},{"type":"Feature","properties":{"name":"Klinik Mediviron","category":"health","kind":"Clinic"},"geometry":{"type":"Point","coordinates":[101.62308,3.10873]}},{"type":"Feature","properties":{"name":"BP","category":"health","kind":"Clinic"},"geometry":{"type":"Point","coordinates":[101.70493,3.0212]}},{"type":"Feature","properties":{"name":"Klinik Syifa’","category":"health","kind":"Clinic","address":"Jalan Liter D U19D"},"geometry":{"type":"Point","coordinates":[101.55708,3.2014]}},{"type":"Feature","properties":{"name":"Klinik Komuniti Taman Impian Ehsan","category":"health","kind":"Clinic"},"geometry":{"type":"Point","coordinates":[101.75163,3.01316]}},{"type":"Feature","properties":{"name":"Selcare Clinic (Skypark)","category":"health","kind":"Clinic"},"geometry":{"type":"Point","coordinates":[101.55332,3.13344]}},{"type":"Feature","properties":{"name":"Klinik Oasis","category":"health","kind":"Clinic","address":"Jalan Eco Grandeur 1/9A, 42300, Bandar Puncak Alam"},"geometry":{"type":"Point","coordinates":[101.45115,3.23169]}},{"type":"Feature","properties":{"name":"Klinik Mediviron","category":"health","kind":"Clinic"},"geometry":{"type":"Point","coordinates":[101.67029,2.85607]}},{"type":"Feature","properties":{"name":"Klinik Siti","category":"health","kind":"Clinic","address":"16-G Jalan Nirwana 1, 68000, Ampang"},"geometry":{"type":"Point","coordinates":[101.75203,3.14571]}},{"type":"Feature","properties":{"name":"Klinik Mediviron","category":"health","kind":"Clinic"},"geometry":{"type":"Point","coordinates":[101.76028,2.99328]}},{"type":"Feature","properties":{"name":"Klinik Mediviron","category":"health","kind":"Clinic","address":"6 Persiaran Cahaya 2"},"geometry":{"type":"Point","coordinates":[101.75733,3.13986]}},{"type":"Feature","properties":{"name":"Klinik Aman Putra","category":"health","kind":"Clinic"},"geometry":{"type":"Point","coordinates":[101.60683,3.19448]}},{"type":"Feature","properties":{"name":"Klinik Ikhwan","category":"health","kind":"Clinic"},"geometry":{"type":"Point","coordinates":[101.48556,3.20086]}},{"type":"Feature","properties":{"name":"Klinik Famili","category":"health","kind":"Clinic"},"geometry":{"type":"Point","coordinates":[101.86974,2.89573]}},{"type":"Feature","properties":{"name":"Poliklinik Mediprima","category":"health","kind":"Clinic","address":"2078 Jalan 3/1"},"geometry":{"type":"Point","coordinates":[101.55827,3.20209]}},{"type":"Feature","properties":{"name":"Klinik Roziana","category":"health","kind":"Clinic","address":"5"},"geometry":{"type":"Point","coordinates":[101.41426,3.23473]}},{"type":"Feature","properties":{"name":"Klinik Komuniti","category":"health","kind":"Clinic"},"geometry":{"type":"Point","coordinates":[101.68639,3.25177]}},{"type":"Feature","properties":{"name":"Klinik Desa Sungai Sembilang","category":"health","kind":"Clinic"},"geometry":{"type":"Point","coordinates":[101.3152,3.19212]}},{"type":"Feature","properties":{"name":"Klinik Dr. Suhaida","category":"health","kind":"Clinic","address":"22A"},"geometry":{"type":"Point","coordinates":[101.44568,3.23855]}},{"type":"Feature","properties":{"name":"Klinik Siti","category":"health","kind":"Clinic"},"geometry":{"type":"Point","coordinates":[101.26377,3.32467]}},{"type":"Feature","properties":{"name":"Dr. Ahmad Poliklinik & Surgeri","category":"health","kind":"Clinic"},"geometry":{"type":"Point","coordinates":[101.77269,3.06088]}},{"type":"Feature","properties":{"name":"Klinik Anda","category":"health","kind":"Clinic"},"geometry":{"type":"Point","coordinates":[101.61488,2.99235]}},{"type":"Feature","properties":{"name":"Klinik Haza","category":"health","kind":"Clinic","address":"29 Jalan Dataran Suria 15/7/1"},"geometry":{"type":"Point","coordinates":[101.41419,3.23345]}},{"type":"Feature","properties":{"name":"Klinik Ajwa","category":"health","kind":"Clinic"},"geometry":{"type":"Point","coordinates":[101.45039,3.23292]}},{"type":"Feature","properties":{"name":"Klinik Fiza","category":"health","kind":"Clinic"},"geometry":{"type":"Point","coordinates":[101.47363,3.20682]}},{"type":"Feature","properties":{"name":"Pusat Dialisis Nur Kasih","category":"health","kind":"Clinic","address":"17-21"},"geometry":{"type":"Point","coordinates":[101.42874,3.236]}},{"type":"Feature","properties":{"name":"Poliklinik Shamsara","category":"health","kind":"Clinic","address":"45 Lorong Az Zaharah 10/B"},"geometry":{"type":"Point","coordinates":[101.41458,3.23268]}},{"type":"Feature","properties":{"name":"Klinik Komuniti Bandar Saujana Utama","category":"health","kind":"Clinic","address":"6&8"},"geometry":{"type":"Point","coordinates":[101.4873,3.20566]}},{"type":"Feature","properties":{"name":"Klinik Mediviron","category":"health","kind":"Clinic"},"geometry":{"type":"Point","coordinates":[101.18035,3.42444]}},{"type":"Feature","properties":{"name":"Klinik Medipulse","category":"health","kind":"Clinic"},"geometry":{"type":"Point","coordinates":[101.56194,3.21151]}},{"type":"Feature","properties":{"name":"Klinik Medijay","category":"health","kind":"Clinic","address":"12"},"geometry":{"type":"Point","coordinates":[101.55771,3.22703]}},{"type":"Feature","properties":{"name":"Klinik Elminna","category":"health","kind":"Clinic","address":"7"},"geometry":{"type":"Point","coordinates":[101.52275,3.21784]}},{"type":"Feature","properties":{"name":"Klinik Mediviron Bandar Seri Coalfields","category":"health","kind":"Clinic"},"geometry":{"type":"Point","coordinates":[101.47516,3.2424]}},{"type":"Feature","properties":{"name":"Klinik Nova","category":"health","kind":"Clinic","address":"no 26 ground floor jalan aman tiara 8, bandar tropicana aman, 42500, Telok Panglima Garang"},"geometry":{"type":"Point","coordinates":[101.52674,2.94939]}},{"type":"Feature","properties":{"name":"Klinik Kok","category":"health","kind":"Clinic"},"geometry":{"type":"Point","coordinates":[101.57728,3.05688]}},{"type":"Feature","properties":{"name":"Klinik Perdana","category":"health","kind":"Clinic","address":"13 Jalan Liter D U19D"},"geometry":{"type":"Point","coordinates":[101.55688,3.20129]}},{"type":"Feature","properties":{"name":"Klinik Siti","category":"health","kind":"Clinic","address":"20"},"geometry":{"type":"Point","coordinates":[101.43277,3.24127]}},{"type":"Feature","properties":{"name":"Klinik Mumtaz","category":"health","kind":"Clinic","address":"14 Jalan Warisan Megah 1/4, 43900, Kota Warisan"},"geometry":{"type":"Point","coordinates":[101.70507,2.82474]}},{"type":"Feature","properties":{"name":"Fuziah","category":"health","kind":"Clinic","address":"60 Jalan Warisan Megah 1/4, 43900, Kota Warisan"},"geometry":{"type":"Point","coordinates":[101.70703,2.82467]}},{"type":"Feature","properties":{"name":"Poliklinik Medi Ihsan","category":"health","kind":"Clinic","address":"Jalan Saujana KLIA 1/B, 43900, Sepang"},"geometry":{"type":"Point","coordinates":[101.68962,2.8191]}},{"type":"Feature","properties":{"name":"Klinik Smart","category":"health","kind":"Clinic","address":"Jalan Warisan Sutera 1, 43900, Sepang"},"geometry":{"type":"Point","coordinates":[101.69246,2.82339]}},{"type":"Feature","properties":{"name":"Syamsul","category":"health","kind":"Clinic","address":"28 Jalan Warisan Megah 1/4, 43900, Kota Warisan"},"geometry":{"type":"Point","coordinates":[101.70561,2.82474]}},{"type":"Feature","properties":{"name":"Poliklinik Amalmedik","category":"health","kind":"Clinic","address":"61 Jalan Warisan Sentral 1, 43900, Sepang"},"geometry":{"type":"Point","coordinates":[101.69415,2.82116]}},{"type":"Feature","properties":{"name":"Mediviron","category":"health","kind":"Clinic","address":"75 Jalan Warisan Sentral 1, 43900, Sepang"},"geometry":{"type":"Point","coordinates":[101.69415,2.8216]}},{"type":"Feature","properties":{"name":"Klinik Warisan","category":"health","kind":"Clinic"},"geometry":{"type":"Point","coordinates":[101.69453,2.82116]}},{"type":"Feature","properties":{"name":"Medicentral","category":"health","kind":"Clinic","address":"53 Jalan Warisan Sentral 2, 43900, Sepang"},"geometry":{"type":"Point","coordinates":[101.69453,2.82062]}},{"type":"Feature","properties":{"name":"MediPulih Klinik","category":"health","kind":"Clinic","address":"13A Jalan Warisan Sentral 2, 43900, Sepang"},"geometry":{"type":"Point","coordinates":[101.69453,2.81825]}},{"type":"Feature","properties":{"name":"Klinik Hazra Medic","category":"health","kind":"Clinic","address":"Jalan Warisan Sentral 1, 43900, Sepang"},"geometry":{"type":"Point","coordinates":[101.69415,2.81927]}},{"type":"Feature","properties":{"name":"Klinik Syifa'","category":"health","kind":"Clinic"},"geometry":{"type":"Point","coordinates":[101.54634,3.17605]}},{"type":"Feature","properties":{"name":"Poliklinik UKM Kesihatan","category":"health","kind":"Clinic","address":"Jalan KLIA Avenue, 43900, Sepang"},"geometry":{"type":"Point","coordinates":[101.69506,2.80708]}},{"type":"Feature","properties":{"name":"Klinik Damai Medik","category":"health","kind":"Clinic","address":"12A"},"geometry":{"type":"Point","coordinates":[101.5971,3.18624]}},{"type":"Feature","properties":{"name":"Poliklinik Leeson","category":"health","kind":"Clinic","address":"28G Jalan Bulan BN U5/BN, Bandar Pinggiran Subang,, 40150, Shah Alam"},"geometry":{"type":"Point","coordinates":[101.54825,3.16481]}},{"type":"Feature","properties":{"name":"Davita (Opening Soon)","category":"health","kind":"Clinic","address":"Jalan Sunsuria 1B/3, 43900, Sepang"},"geometry":{"type":"Point","coordinates":[101.70076,2.83912]}},{"type":"Feature","properties":{"name":"Getwell Clinic","category":"health","kind":"Clinic"},"geometry":{"type":"Point","coordinates":[101.45318,3.23221]}},{"type":"Feature","properties":{"name":"Klinik Dr Normah","category":"health","kind":"Clinic"},"geometry":{"type":"Point","coordinates":[101.59412,3.19789]}},{"type":"Feature","properties":{"name":"Klink Aurora","category":"health","kind":"Clinic"},"geometry":{"type":"Point","coordinates":[101.5939,3.19728]}},{"type":"Feature","properties":{"name":"Klinik Mediviron","category":"health","kind":"Clinic"},"geometry":{"type":"Point","coordinates":[101.59421,3.19822]}},{"type":"Feature","properties":{"name":"Klinik Siti","category":"health","kind":"Clinic"},"geometry":{"type":"Point","coordinates":[101.59386,3.19718]}},{"type":"Feature","properties":{"name":"Klinik Idzham","category":"health","kind":"Clinic"},"geometry":{"type":"Point","coordinates":[101.59413,3.19798]}},{"type":"Feature","properties":{"name":"Klinik Azalea","category":"health","kind":"Clinic"},"geometry":{"type":"Point","coordinates":[101.59907,3.19803]}},{"type":"Feature","properties":{"name":"Avisena Dialysis Centre","category":"health","kind":"Clinic"},"geometry":{"type":"Point","coordinates":[101.52277,3.07199]}},{"type":"Feature","properties":{"name":"Klinik Kesihatan Kota Damansara","category":"health","kind":"Clinic"},"geometry":{"type":"Point","coordinates":[101.57553,3.17652]}},{"type":"Feature","properties":{"name":"U.n.i Klinik","category":"health","kind":"Clinic"},"geometry":{"type":"Point","coordinates":[101.47485,3.20736]}},{"type":"Feature","properties":{"name":"U.N.I. Klinik","category":"health","kind":"Clinic"},"geometry":{"type":"Point","coordinates":[101.44853,3.24016]}},{"type":"Feature","properties":{"name":"Klinik Mediviron Puncak Alam","category":"health","kind":"Clinic","address":"62A Jalan PPAJ 1/1"},"geometry":{"type":"Point","coordinates":[101.44527,3.23981]}},{"type":"Feature","properties":{"name":"Poliklinik Dr Petricia","category":"health","kind":"Clinic","address":"1 Jalan Medan Niaga 3"},"geometry":{"type":"Point","coordinates":[101.27123,3.32082]}},{"type":"Feature","properties":{"name":"Afly Clinic","category":"health","kind":"Clinic"},"geometry":{"type":"Point","coordinates":[101.65162,2.92363]}},{"type":"Feature","properties":{"name":"Klinik Bahiah","category":"health","kind":"Clinic","address":"66 Jalan Bidara 6/3"},"geometry":{"type":"Point","coordinates":[101.48737,3.20277]}},{"type":"Feature","properties":{"name":"Klinik Kesihatan Bandar Botanik","category":"health","kind":"Clinic","address":"Blok A Jalan Langat, 41200"},"geometry":{"type":"Point","coordinates":[101.4464,2.98953]}},{"type":"Feature","properties":{"name":"Klinik Mediviron","category":"health","kind":"Clinic","address":"62G Jalan Dato Yusuf Shahbudin 30"},"geometry":{"type":"Point","coordinates":[101.46795,3.01028]}},{"type":"Feature","properties":{"name":"Klinik Pusrawi Dengkil","category":"health","kind":"Clinic","address":"G11 Dengkil Centre Point, 43800, Dengkil"},"geometry":{"type":"Point","coordinates":[101.67119,2.87019]}},{"type":"Feature","properties":{"name":"Klinik Alfa","category":"health","kind":"Clinic"},"geometry":{"type":"Point","coordinates":[101.73944,3.13461]}},{"type":"Feature","properties":{"name":"Klinik Awani","category":"health","kind":"Clinic","address":"Jalan Arena, 43900, Sepang"},"geometry":{"type":"Point","coordinates":[101.69297,2.82543]}},{"type":"Feature","properties":{"name":"Klinik Kakitangan MBPJ","category":"health","kind":"Clinic"},"geometry":{"type":"Point","coordinates":[101.63835,3.0991]}},{"type":"Feature","properties":{"name":"Klinik Tasik Puteri","category":"health","kind":"Clinic"},"geometry":{"type":"Point","coordinates":[101.47352,3.28289]}},{"type":"Feature","properties":{"name":"Klinik Kesihatan Batu 8","category":"health","kind":"Clinic"},"geometry":{"type":"Point","coordinates":[101.72253,3.24591]}},{"type":"Feature","properties":{"name":"Klinik Siti","category":"health","kind":"Clinic"},"geometry":{"type":"Point","coordinates":[101.47408,3.20705]}},{"type":"Feature","properties":{"name":"Poliklinik Desa Sentral","category":"health","kind":"Clinic","address":"30 Jalan DC 4/5"},"geometry":{"type":"Point","coordinates":[101.48967,3.23452]}},{"type":"Feature","properties":{"name":"Alam Medic","category":"health","kind":"Clinic","address":"37&38"},"geometry":{"type":"Point","coordinates":[101.42708,3.2469]}},{"type":"Feature","properties":{"name":"Klinik Mediviron","category":"health","kind":"Clinic"},"geometry":{"type":"Point","coordinates":[101.30777,3.25608]}},{"type":"Feature","properties":{"name":"Klinik Pakar Kanak-Kanak Junina","category":"health","kind":"Clinic"},"geometry":{"type":"Point","coordinates":[101.60457,3.1581]}},{"type":"Feature","properties":{"name":"Nefrocare","category":"health","kind":"Clinic","address":"24"},"geometry":{"type":"Point","coordinates":[101.47478,3.24617]}},{"type":"Feature","properties":{"name":"Marissa Mediclinic","category":"health","kind":"Clinic"},"geometry":{"type":"Point","coordinates":[101.45435,3.21183]}},{"type":"Feature","properties":{"name":"JL Dialysis","category":"health","kind":"Clinic","address":"22-G Jalan HVO 3, 43900, Sepang"},"geometry":{"type":"Point","coordinates":[101.69757,2.83904]}},{"type":"Feature","properties":{"name":"Klinik Horizon","category":"health","kind":"Clinic","address":"Jalan HVO 2, 43900, Sepang"},"geometry":{"type":"Point","coordinates":[101.69795,2.83983]}},{"type":"Feature","properties":{"name":"KLINIK LANA","category":"health","kind":"Clinic","address":"Jalan PJS 1/50, 46150"},"geometry":{"type":"Point","coordinates":[101.65123,3.07891]}},{"type":"Feature","properties":{"name":"Klinik Krishnasunthari","category":"health","kind":"Clinic"},"geometry":{"type":"Point","coordinates":[101.62206,3.04844]}},{"type":"Feature","properties":{"name":"Klinik Genesis","category":"health","kind":"Clinic"},"geometry":{"type":"Point","coordinates":[101.62209,3.04741]}},{"type":"Feature","properties":{"name":"Klinik Siti","category":"health","kind":"Clinic"},"geometry":{"type":"Point","coordinates":[101.51406,3.16391]}},{"type":"Feature","properties":{"name":"Skyhill Clinic HQ","category":"health","kind":"Clinic"},"geometry":{"type":"Point","coordinates":[101.51296,3.16178]}},{"type":"Feature","properties":{"name":"Klinik Mediprima","category":"health","kind":"Clinic"},"geometry":{"type":"Point","coordinates":[101.51228,3.16267]}},{"type":"Feature","properties":{"name":"Klinik Utama","category":"health","kind":"Clinic"},"geometry":{"type":"Point","coordinates":[101.54806,3.17608]}},{"type":"Feature","properties":{"name":"Klinik Utama","category":"health","kind":"Clinic","address":"Jalan Arena, 43900, Sepang"},"geometry":{"type":"Point","coordinates":[101.69279,2.8273]}},{"type":"Feature","properties":{"name":"Poliklinik Dinar","category":"health","kind":"Clinic"},"geometry":{"type":"Point","coordinates":[101.5352,3.17256]}},{"type":"Feature","properties":{"name":"Bright Clinic Sunway Geo","category":"health","kind":"Clinic","address":"A0109 Sunway Geo Avenue Jalan Lagoon Selatan Sunway South Quay, 47500, Bandar Sunway"},"geometry":{"type":"Point","coordinates":[101.60971,3.06513]}},{"type":"Feature","properties":{"name":"Bright Clinic","category":"health","kind":"Clinic","address":"100 Jalan SS 21/35, 47400"},"geometry":{"type":"Point","coordinates":[101.62429,3.1346]}},{"type":"Feature","properties":{"name":"Klinik Mawarni","category":"health","kind":"Clinic","address":"11 Jalan Astana A13/A"},"geometry":{"type":"Point","coordinates":[101.42514,3.244]}},{"type":"Feature","properties":{"name":"Poliklinik & Surgeri Astana Jaya","category":"health","kind":"Clinic","address":"7 Jalan Astana C13/C"},"geometry":{"type":"Point","coordinates":[101.42561,3.24475]}},{"type":"Feature","properties":{"name":"Klinik Teratai","category":"health","kind":"Clinic"},"geometry":{"type":"Point","coordinates":[101.56709,3.19455]}},{"type":"Feature","properties":{"name":"Klinik Mediviron","category":"health","kind":"Clinic"},"geometry":{"type":"Point","coordinates":[101.54779,3.17868]}},{"type":"Feature","properties":{"name":"Poliklinik Dr. Azhar Dan Rakan-rakan","category":"health","kind":"Clinic","address":"11"},"geometry":{"type":"Point","coordinates":[101.42609,3.24517]}},{"type":"Feature","properties":{"name":"Klinik Pergigian Dr. Smile","category":"health","kind":"Clinic"},"geometry":{"type":"Point","coordinates":[101.54848,3.176]}},{"type":"Feature","properties":{"name":"Klinik Medichealth","category":"health","kind":"Clinic"},"geometry":{"type":"Point","coordinates":[101.58184,3.16208]}},{"type":"Feature","properties":{"name":"Poliklinik Kota Damansara","category":"health","kind":"Clinic"},"geometry":{"type":"Point","coordinates":[101.59537,3.15921]}},{"type":"Feature","properties":{"name":"Poliklinik Amalmedic","category":"health","kind":"Clinic"},"geometry":{"type":"Point","coordinates":[101.59532,3.15561]}},{"type":"Feature","properties":{"name":"Klinik Idzham","category":"health","kind":"Clinic"},"geometry":{"type":"Point","coordinates":[101.59532,3.15567]}},{"type":"Feature","properties":{"name":"Klinik Anda","category":"health","kind":"Clinic"},"geometry":{"type":"Point","coordinates":[101.59533,3.15556]}},{"type":"Feature","properties":{"name":"Klinik Pusrawi","category":"health","kind":"Clinic"},"geometry":{"type":"Point","coordinates":[101.75081,3.20716]}},{"type":"Feature","properties":{"name":"Sunsuria Medical Clinic","category":"health","kind":"Clinic","address":"Bell Avenue Jalan Sunsuria, 43900, Sepang"},"geometry":{"type":"Point","coordinates":[101.70741,2.82862]}},{"type":"Feature","properties":{"name":"Klinik Iman Mikail","category":"health","kind":"Clinic"},"geometry":{"type":"Point","coordinates":[101.52528,3.18696]}},{"type":"Feature","properties":{"name":"My Health Clinic @ Elmina","category":"health","kind":"Clinic"},"geometry":{"type":"Point","coordinates":[101.52529,3.18708]}},{"type":"Feature","properties":{"name":"Klinik Utama","category":"health","kind":"Clinic"},"geometry":{"type":"Point","coordinates":[101.51796,3.04466]}},{"type":"Feature","properties":{"name":"Klinik Mediviron","category":"health","kind":"Clinic"},"geometry":{"type":"Point","coordinates":[101.5179,3.04488]}},{"type":"Feature","properties":{"name":"Klinik Bungaraya","category":"health","kind":"Clinic"},"geometry":{"type":"Point","coordinates":[101.5127,3.16072]}},{"type":"Feature","properties":{"name":"Klinik Alam Medic","category":"health","kind":"Clinic"},"geometry":{"type":"Point","coordinates":[101.52739,3.1851]}},{"type":"Feature","properties":{"name":"Anadia Clinic","category":"health","kind":"Clinic"},"geometry":{"type":"Point","coordinates":[101.51341,3.16062]}},{"type":"Feature","properties":{"name":"Klinik Syifa'","category":"health","kind":"Clinic"},"geometry":{"type":"Point","coordinates":[101.52739,3.18548]}},{"type":"Feature","properties":{"name":"Poliklinik Rakyat","category":"health","kind":"Clinic"},"geometry":{"type":"Point","coordinates":[101.51798,3.04459]}},{"type":"Feature","properties":{"name":"Family Clinic Seventeen","category":"health","kind":"Clinic"},"geometry":{"type":"Point","coordinates":[101.63612,3.12823]}},{"type":"Feature","properties":{"name":"Poliklinik Rafflesia","category":"health","kind":"Clinic"},"geometry":{"type":"Point","coordinates":[101.54829,3.17692]}},{"type":"Feature","properties":{"name":"DaVita","category":"health","kind":"Clinic","address":"11 Jalan Menteri"},"geometry":{"type":"Point","coordinates":[100.9836,3.76363]}},{"type":"Feature","properties":{"name":"Klinik Mediviron","category":"health","kind":"Clinic"},"geometry":{"type":"Point","coordinates":[101.76593,3.08114]}},{"type":"Feature","properties":{"name":"Renal Associates","category":"health","kind":"Clinic","address":"85"},"geometry":{"type":"Point","coordinates":[101.65294,3.10332]}},{"type":"Feature","properties":{"name":"Poliklinik al-Haj","category":"health","kind":"Clinic","address":"Jalan 4/12A, 43650, Bandar Baru Bangi"},"geometry":{"type":"Point","coordinates":[101.78125,2.96511]}},{"type":"Feature","properties":{"name":"Klinik Syifa","category":"health","kind":"Clinic"},"geometry":{"type":"Point","coordinates":[101.77877,2.9548]}},{"type":"Feature","properties":{"name":"Klinik Al-Huda","category":"health","kind":"Clinic"},"geometry":{"type":"Point","coordinates":[101.77874,2.95492]}},{"type":"Feature","properties":{"name":"Amethyst","category":"health","kind":"Clinic","address":"43650, Bandar Baru Bangi"},"geometry":{"type":"Point","coordinates":[101.77956,2.96473]}},{"type":"Feature","properties":{"name":"Klinik Az-Zahrah","category":"health","kind":"Clinic","address":"43650, Bandar Baru Bangi"},"geometry":{"type":"Point","coordinates":[101.77943,2.96473]}},{"type":"Feature","properties":{"name":"Klinik Ummi Salihah","category":"health","kind":"Clinic","address":"Jalan 4/12A, 43650, Bandar Baru Bangi"},"geometry":{"type":"Point","coordinates":[101.78058,2.96513]}},{"type":"Feature","properties":{"name":"Klinik Sofea","category":"health","kind":"Clinic","address":"Jalan 4/12, 43650, Bandar Baru Bangi"},"geometry":{"type":"Point","coordinates":[101.77958,2.96516]}},{"type":"Feature","properties":{"name":"Qualitas Health","category":"health","kind":"Clinic","address":"43650, Bandar Baru Bangi"},"geometry":{"type":"Point","coordinates":[101.78076,2.96473]}},{"type":"Feature","properties":{"name":"Klinik Selva","category":"health","kind":"Clinic"},"geometry":{"type":"Point","coordinates":[101.62076,3.04381]}},{"type":"Feature","properties":{"name":"Klinik Selva","category":"health","kind":"Clinic"},"geometry":{"type":"Point","coordinates":[101.61723,3.03361]}},{"type":"Feature","properties":{"name":"Careclinics","category":"health","kind":"Clinic"},"geometry":{"type":"Point","coordinates":[101.61718,3.03338]}},{"type":"Feature","properties":{"name":"Ohana Mediclinic","category":"health","kind":"Clinic","address":"63000, Cyberjaya"},"geometry":{"type":"Point","coordinates":[101.65108,2.92474]}},{"type":"Feature","properties":{"name":"Megaklinik Zahran","category":"health","kind":"Clinic","address":"43650, Bandar Baru Bangi"},"geometry":{"type":"Point","coordinates":[101.77305,2.9711]}},{"type":"Feature","properties":{"name":"Klinik Hana","category":"health","kind":"Clinic"},"geometry":{"type":"Point","coordinates":[101.72016,2.9655]}},{"type":"Feature","properties":{"name":"Klinik Khalifah","category":"health","kind":"Clinic","address":"43650, Bandar Baru Bangi"},"geometry":{"type":"Point","coordinates":[101.78086,2.93852]}},{"type":"Feature","properties":{"name":"Foresight Dialysis","category":"health","kind":"Clinic","address":"20&22"},"geometry":{"type":"Point","coordinates":[101.41347,3.23362]}},{"type":"Feature","properties":{"name":"Klinik Eco Medic","category":"health","kind":"Clinic"},"geometry":{"type":"Point","coordinates":[101.45356,3.23271]}},{"type":"Feature","properties":{"name":"Klinik Hidup Sihat","category":"health","kind":"Clinic"},"geometry":{"type":"Point","coordinates":[101.78458,2.99297]}},{"type":"Feature","properties":{"name":"Polyklinik Sri Reko","category":"health","kind":"Clinic","address":"Jalan Reko, 43000, Kajang"},"geometry":{"type":"Point","coordinates":[101.78955,2.97917]}},{"type":"Feature","properties":{"name":"Klinik Pusrawi","category":"health","kind":"Clinic"},"geometry":{"type":"Point","coordinates":[101.75204,2.96379]}},{"type":"Feature","properties":{"name":"Klinik Mediviron","category":"health","kind":"Clinic"},"geometry":{"type":"Point","coordinates":[101.75231,2.96397]}},{"type":"Feature","properties":{"name":"Klinik Nur Syifa","category":"health","kind":"Clinic"},"geometry":{"type":"Point","coordinates":[101.7542,2.96427]}},{"type":"Feature","properties":{"name":"Klinik Anda","category":"health","kind":"Clinic"},"geometry":{"type":"Point","coordinates":[101.75632,2.96318]}},{"type":"Feature","properties":{"name":"Klinik Perubatan Hijraa","category":"health","kind":"Clinic"},"geometry":{"type":"Point","coordinates":[101.76005,2.96321]}},{"type":"Feature","properties":{"name":"Klinik Ummu 'Ammar","category":"health","kind":"Clinic"},"geometry":{"type":"Point","coordinates":[101.78978,2.8854]}},{"type":"Feature","properties":{"name":"Klinik Iman Medic","category":"health","kind":"Clinic"},"geometry":{"type":"Point","coordinates":[101.78518,2.94522]}},{"type":"Feature","properties":{"name":"Poliklinik Subang","category":"health","kind":"Clinic","address":"3 Jalan SS 15/4B, 47500"},"geometry":{"type":"Point","coordinates":[101.58659,3.07577]}},{"type":"Feature","properties":{"name":"Klinik Amara","category":"health","kind":"Clinic"},"geometry":{"type":"Point","coordinates":[101.61793,2.94772]}},{"type":"Feature","properties":{"name":"Klinik Adam Hawa","category":"health","kind":"Clinic"},"geometry":{"type":"Point","coordinates":[101.76197,2.96355]}},{"type":"Feature","properties":{"name":"Bekam Hamaz","category":"health","kind":"Clinic"},"geometry":{"type":"Point","coordinates":[101.76476,2.9641]}},{"type":"Feature","properties":{"name":"Klinik Amisi","category":"health","kind":"Clinic"},"geometry":{"type":"Point","coordinates":[101.76521,2.96413]}},{"type":"Feature","properties":{"name":"Perdana Care","category":"health","kind":"Clinic","address":"12 Jalan PJU 8/3"},"geometry":{"type":"Point","coordinates":[101.608,3.16515]}},{"type":"Feature","properties":{"name":"Klinik Aishah","category":"health","kind":"Clinic"},"geometry":{"type":"Point","coordinates":[101.63688,3.07878]}},{"type":"Feature","properties":{"name":"Klinik Siti","category":"health","kind":"Clinic"},"geometry":{"type":"Point","coordinates":[101.63689,3.07891]}},{"type":"Feature","properties":{"name":"Klinik Alarra","category":"health","kind":"Clinic","address":"Jalan Arena, 43900, Sepang"},"geometry":{"type":"Point","coordinates":[101.69224,2.82436]}},{"type":"Feature","properties":{"name":"Klinik Cosmo Medic","category":"health","kind":"Clinic","address":"Bell Avenue Jalan Sunsuria, 43900, Sepang"},"geometry":{"type":"Point","coordinates":[101.70598,2.82881]}},{"type":"Feature","properties":{"name":"KLINIK MEDIVIRON","category":"health","kind":"Clinic"},"geometry":{"type":"Point","coordinates":[101.69517,3.234]}},{"type":"Feature","properties":{"name":"POLIKLINIK MEDIPRIMA","category":"health","kind":"Clinic","address":"Jalan Samudera Utara 11"},"geometry":{"type":"Point","coordinates":[101.69518,3.23394]}},{"type":"Feature","properties":{"name":"Klinik Medilife","category":"health","kind":"Clinic","address":"78 Jalan Bandar 2, 47100, Puchong"},"geometry":{"type":"Point","coordinates":[101.61767,3.03345]}},{"type":"Feature","properties":{"name":"KLINIK DR. CARE BANTING","category":"health","kind":"Clinic","address":"184 JALAN SULTAN ABDUL SAMAD, 42700, BANTING"},"geometry":{"type":"Point","coordinates":[101.50423,2.81405]}},{"type":"Feature","properties":{"name":"Klinik JKKP","category":"health","kind":"Clinic"},"geometry":{"type":"Point","coordinates":[101.43506,3.20537]}},{"type":"Feature","properties":{"name":"U.N.I. Klinik","category":"health","kind":"Clinic","address":"153"},"geometry":{"type":"Point","coordinates":[101.65663,2.80041]}},{"type":"Feature","properties":{"name":"Poliklinik Nur Fatima","category":"health","kind":"Clinic"},"geometry":{"type":"Point","coordinates":[101.65637,2.80064]}},{"type":"Feature","properties":{"name":"Klinik Anda","category":"health","kind":"Clinic"},"geometry":{"type":"Point","coordinates":[101.80106,3.09795]}},{"type":"Feature","properties":{"name":"Uni Klinik","category":"health","kind":"Clinic"},"geometry":{"type":"Point","coordinates":[101.47266,2.92433]}},{"type":"Feature","properties":{"name":"Klinik Dr Arisah","category":"health","kind":"Clinic"},"geometry":{"type":"Point","coordinates":[101.54784,3.17848]}},{"type":"Feature","properties":{"name":"Poliklinik mediMAX","category":"health","kind":"Clinic"},"geometry":{"type":"Point","coordinates":[101.63438,3.12824]}},{"type":"Feature","properties":{"name":"TRUEclinic","category":"health","kind":"Clinic"},"geometry":{"type":"Point","coordinates":[101.59337,3.15408]}},{"type":"Feature","properties":{"name":"Klinik Q","category":"health","kind":"Clinic"},"geometry":{"type":"Point","coordinates":[101.59229,3.15446]}},{"type":"Feature","properties":{"name":"Klinik Bestari","category":"health","kind":"Clinic"},"geometry":{"type":"Point","coordinates":[101.54805,3.17774]}},{"type":"Feature","properties":{"name":"Poliklinik An Nur","category":"health","kind":"Clinic","address":"43000, Kajang"},"geometry":{"type":"Point","coordinates":[101.79098,2.88574]}},{"type":"Feature","properties":{"name":"Klinik Selva","category":"health","kind":"Clinic","address":"Jalan Harmoni Indah 1, 43300, Balakong"},"geometry":{"type":"Point","coordinates":[101.73315,3.02674]}},{"type":"Feature","properties":{"name":"Klinik Mediviron","category":"health","kind":"Clinic"},"geometry":{"type":"Point","coordinates":[101.6581,2.973]}},{"type":"Feature","properties":{"name":"Care Clinics","category":"health","kind":"Clinic","address":"9 Jalan Hentian 1"},"geometry":{"type":"Point","coordinates":[101.79066,2.95722]}},{"type":"Feature","properties":{"name":"Dr Chong Clinic","category":"health","kind":"Clinic"},"geometry":{"type":"Point","coordinates":[101.62094,3.04618]}},{"type":"Feature","properties":{"name":"Klinik Navis","category":"health","kind":"Clinic"},"geometry":{"type":"Point","coordinates":[101.69627,3.01359]}},{"type":"Feature","properties":{"name":"Klinik Prasarana","category":"health","kind":"Clinic"},"geometry":{"type":"Point","coordinates":[101.58532,3.11375]}},{"type":"Feature","properties":{"name":"Klinik Lee & Low","category":"health","kind":"Clinic"},"geometry":{"type":"Point","coordinates":[101.70518,3.02139]}},{"type":"Feature","properties":{"name":"Klinik SK Perdana","category":"health","kind":"Clinic"},"geometry":{"type":"Point","coordinates":[101.70542,3.02156]}},{"type":"Feature","properties":{"name":"Klinik Mediviron","category":"health","kind":"Clinic"},"geometry":{"type":"Point","coordinates":[101.70603,3.02209]}},{"type":"Feature","properties":{"name":"Klinik Wai","category":"health","kind":"Clinic"},"geometry":{"type":"Point","coordinates":[101.70619,3.02231]}},{"type":"Feature","properties":{"name":"Klinik Pakar Perubatan Pertama","category":"health","kind":"Clinic"},"geometry":{"type":"Point","coordinates":[101.7063,3.02245]}},{"type":"Feature","properties":{"name":"sSijangkang Dalam Rural Clinic","category":"health","kind":"Clinic"},"geometry":{"type":"Point","coordinates":[101.43487,2.93266]}},{"type":"Feature","properties":{"name":"Poliklinik Medi-Nur","category":"health","kind":"Clinic","address":"22 Jalan PU 7/3, 47100"},"geometry":{"type":"Point","coordinates":[101.61571,2.99233]}},{"type":"Feature","properties":{"name":"Y.F.Chew Klinik Sdn Bhd","category":"health","kind":"Clinic"},"geometry":{"type":"Point","coordinates":[101.70652,3.02272]}},{"type":"Feature","properties":{"name":"Klinik Hong Lee & Yap Sdn. Bhd.","category":"health","kind":"Clinic"},"geometry":{"type":"Point","coordinates":[101.70723,3.02364]}},{"type":"Feature","properties":{"name":"Klinik Dr Rosli Seksyen 7 Shah Alam","category":"health","kind":"Hospital","address":"15 Jalan Kristal K7/K, 40000, Shah Alam"},"geometry":{"type":"Point","coordinates":[101.486,3.07495]}},{"type":"Feature","properties":{"name":"Poliklinik Al Hikmah","category":"health","kind":"Hospital","address":"1-06 Jalan Lazuardi 7/29, 40000, Seksyen 7, Shah Alam"},"geometry":{"type":"Point","coordinates":[101.49659,3.07497]}},{"type":"Feature","properties":{"name":"Klinik Ajwa Seksyen 7","category":"health","kind":"Hospital","address":"Persiaran Bestari, 20 Jalan Kristal J7/J, 40000, Shah Alam"},"geometry":{"type":"Point","coordinates":[101.48608,3.07455]}},{"type":"Feature","properties":{"name":"Klinik Pakar Kanak-Kanak Ting","category":"health","kind":"Clinic"},"geometry":{"type":"Point","coordinates":[101.62048,3.04547]}},{"type":"Feature","properties":{"name":"Klinik Alliance","category":"health","kind":"Clinic"},"geometry":{"type":"Point","coordinates":[101.61988,3.04432]}},{"type":"Feature","properties":{"name":"Klinik Pakar Mata Ranu","category":"health","kind":"Clinic"},"geometry":{"type":"Point","coordinates":[101.61848,3.03998]}},{"type":"Feature","properties":{"name":"Klinik Segara","category":"health","kind":"Clinic"},"geometry":{"type":"Point","coordinates":[101.6174,3.03436]}},{"type":"Feature","properties":{"name":"Klinik Dr. Ko","category":"health","kind":"Clinic","address":"24 Jalan Eco Grandeur 1/8A"},"geometry":{"type":"Point","coordinates":[101.45302,3.23192]}},{"type":"Feature","properties":{"name":"Klinik Dr Muiz","category":"health","kind":"Clinic"},"geometry":{"type":"Point","coordinates":[101.51852,3.3347]}},{"type":"Feature","properties":{"name":"W. Y. Leong","category":"health","kind":"Clinic"},"geometry":{"type":"Point","coordinates":[101.59799,3.11949]}},{"type":"Feature","properties":{"name":"Dr Tan & Partners","category":"health","kind":"Clinic"},"geometry":{"type":"Point","coordinates":[101.59784,3.11967]}},{"type":"Feature","properties":{"name":"Klinik Qualitas Health","category":"health","kind":"Clinic"},"geometry":{"type":"Point","coordinates":[101.56053,3.08152]}},{"type":"Feature","properties":{"name":"Klinik Desa Gesir Tengah","category":"health","kind":"Clinic"},"geometry":{"type":"Point","coordinates":[101.42491,3.7235]}},{"type":"Feature","properties":{"name":"Klinik Syifa’","category":"health","kind":"Clinic","address":"7 Jalan Plumbum S7/S"},"geometry":{"type":"Point","coordinates":[101.49092,3.06868]}},{"type":"Feature","properties":{"name":"Klinik Dr. Siti & Rakan2","category":"health","kind":"Clinic"},"geometry":{"type":"Point","coordinates":[101.59922,3.00758]}},{"type":"Feature","properties":{"name":"Klinik Azlini","category":"health","kind":"Clinic"},"geometry":{"type":"Point","coordinates":[101.59916,3.00759]}},{"type":"Feature","properties":{"name":"Klinik Bandaran","category":"health","kind":"Clinic"},"geometry":{"type":"Point","coordinates":[101.59899,3.00764]}},{"type":"Feature","properties":{"name":"Ace Clinic","category":"health","kind":"Clinic"},"geometry":{"type":"Point","coordinates":[101.69685,3.01347]}},{"type":"Feature","properties":{"name":"Klinik Keluarga Lee","category":"health","kind":"Clinic","address":"41 Jalan SS 15/4E, 47500, Subang Jaya"},"geometry":{"type":"Point","coordinates":[101.58781,3.07718]}},{"type":"Feature","properties":{"name":"Klinik Medilove SS15 Subang Jaya","category":"health","kind":"Clinic","address":"5 Jalan SS 15/4E, 47500, Subang Jaya"},"geometry":{"type":"Point","coordinates":[101.58665,3.07713]}},{"type":"Feature","properties":{"name":"Peters Radiant Aesthetic & Hair Transplant Clinic","category":"health","kind":"Clinic"},"geometry":{"type":"Point","coordinates":[101.58795,3.08153]}},{"type":"Feature","properties":{"name":"Klinik Jaya","category":"health","kind":"Clinic"},"geometry":{"type":"Point","coordinates":[101.58734,3.08156]}},{"type":"Feature","properties":{"name":"Poliklinik Juara Medic","category":"health","kind":"Clinic"},"geometry":{"type":"Point","coordinates":[101.57888,3.03327]}},{"type":"Feature","properties":{"name":"Allow Clinic","category":"health","kind":"Clinic"},"geometry":{"type":"Point","coordinates":[101.58457,3.0496]}},{"type":"Feature","properties":{"name":"Klinik D Melawati","category":"health","kind":"Clinic"},"geometry":{"type":"Point","coordinates":[101.74632,3.2115]}},{"type":"Feature","properties":{"name":"Klinik Medi Pesona","category":"health","kind":"Clinic","address":"20 Jalan Tengku Ampuan Zabedah K 9/K"},"geometry":{"type":"Point","coordinates":[101.52608,3.08419]}},{"type":"Feature","properties":{"name":"Klinik Aurora","category":"health","kind":"Clinic"},"geometry":{"type":"Point","coordinates":[101.52703,2.99896]}},{"type":"Feature","properties":{"name":"Klinik Kalai","category":"health","kind":"Clinic"},"geometry":{"type":"Point","coordinates":[101.53517,3.03061]}},{"type":"Feature","properties":{"name":"Klinik Waqaf An-Nur & Pusat Dialysis Sungai Buloh","category":"health","kind":"Clinic"},"geometry":{"type":"Point","coordinates":[101.55799,3.20156]}},{"type":"Feature","properties":{"name":"Infinite Dental Clinic Ara Damansara","category":"health","kind":"Hospital","address":"A-G-05, Block A Jalan PJU1a/3j, 47500, Petaling Jaya"},"geometry":{"type":"Point","coordinates":[101.58961,3.12073]}},{"type":"Feature","properties":{"name":"Pusat Perubatan Homeopati GHC","category":"health","kind":"Clinic","address":"13 Jalan USJ 11/3j, 47620, Subang Jaya"},"geometry":{"type":"Point","coordinates":[101.5802,3.04737]}},{"type":"Feature","properties":{"name":"Klinik Kita","category":"health","kind":"Clinic"},"geometry":{"type":"Point","coordinates":[101.74041,3.13546]}},{"type":"Feature","properties":{"name":"Poliklinik Yeow","category":"health","kind":"Clinic"},"geometry":{"type":"Point","coordinates":[101.73958,3.13511]}},{"type":"Feature","properties":{"name":"Klinik Hannah","category":"health","kind":"Clinic"},"geometry":{"type":"Point","coordinates":[101.73943,3.13505]}},{"type":"Feature","properties":{"name":"Pusat Perubatan Joe","category":"health","kind":"Clinic"},"geometry":{"type":"Point","coordinates":[101.74188,3.13606]}},{"type":"Feature","properties":{"name":"Klinik Idzham","category":"health","kind":"Clinic"},"geometry":{"type":"Point","coordinates":[101.74151,3.13522]}},{"type":"Feature","properties":{"name":"Klinik As-Salam 24 jam Kajang","category":"health","kind":"Clinic","address":"Jalan Putra 4, 43000"},"geometry":{"type":"Point","coordinates":[101.77254,2.97814]}},{"type":"Feature","properties":{"name":"Poliklinik Mediprima","category":"health","kind":"Clinic"},"geometry":{"type":"Point","coordinates":[101.69986,3.23909]}},{"type":"Feature","properties":{"name":"Klinik Mutiara","category":"health","kind":"Clinic"},"geometry":{"type":"Point","coordinates":[101.69986,3.23881]}},{"type":"Feature","properties":{"name":"Klinik Daddy","category":"health","kind":"Clinic"},"geometry":{"type":"Point","coordinates":[101.69986,3.23903]}},{"type":"Feature","properties":{"name":"Klinik Anda","category":"health","kind":"Clinic"},"geometry":{"type":"Point","coordinates":[101.69986,3.23836]}},{"type":"Feature","properties":{"name":"Klinik Medi Rakyat","category":"health","kind":"Clinic"},"geometry":{"type":"Point","coordinates":[101.69985,3.23777]}},{"type":"Feature","properties":{"name":"EAM Dialysis Centre","category":"health","kind":"Clinic"},"geometry":{"type":"Point","coordinates":[101.70267,3.24102]}},{"type":"Feature","properties":{"name":"Poliklinik Jaya","category":"health","kind":"Clinic"},"geometry":{"type":"Point","coordinates":[101.70344,3.24282]}},{"type":"Feature","properties":{"name":"Poliklinik Shah","category":"health","kind":"Clinic"},"geometry":{"type":"Point","coordinates":[101.70468,3.24283]}},{"type":"Feature","properties":{"name":"Poliklinik Meranti","category":"health","kind":"Clinic"},"geometry":{"type":"Point","coordinates":[101.60252,3.18689]}},{"type":"Feature","properties":{"name":"Dr. Puterii's Clinic","category":"health","kind":"Clinic","address":"15 (GF) Jalan Setia Utama AT U13/AT, 40170, Shah Alam"},"geometry":{"type":"Point","coordinates":[101.46714,3.12465]}},{"type":"Feature","properties":{"name":"Klinik Aurora","category":"health","kind":"Clinic"},"geometry":{"type":"Point","coordinates":[101.4675,3.12434]}},{"type":"Feature","properties":{"name":"Klinik Puteri","category":"health","kind":"Clinic"},"geometry":{"type":"Point","coordinates":[101.46844,3.12416]}},{"type":"Feature","properties":{"name":"Klinik Mediviron","category":"health","kind":"Clinic"},"geometry":{"type":"Point","coordinates":[101.4691,3.12735]}},{"type":"Feature","properties":{"name":"Klinik Anda","category":"health","kind":"Clinic"},"geometry":{"type":"Point","coordinates":[101.46693,3.12812]}},{"type":"Feature","properties":{"name":"Klinik Khalifah","category":"health","kind":"Clinic"},"geometry":{"type":"Point","coordinates":[101.75571,3.11349]}},{"type":"Feature","properties":{"name":"KIDDO CHILD SPECIALIST CLINIC","category":"health","kind":"Hospital","address":"57 Jalan Bola Jaring 13/15, Syeksen 13, 40000, Shah Alam"},"geometry":{"type":"Point","coordinates":[101.53967,3.08313]}},{"type":"Feature","properties":{"name":"Aero Physio Shah Alam","category":"health","kind":"Hospital","address":"G3F Jalan Bola Jaring 13/15, 40100, shah alam"},"geometry":{"type":"Point","coordinates":[101.5397,3.08118]}},{"type":"Feature","properties":{"name":"Dental Valet","category":"health","kind":"Hospital","address":"53 Jalan Bola Jaring 13/15, Shah Alam"},"geometry":{"type":"Point","coordinates":[101.53963,3.083]}},{"type":"Feature","properties":{"name":"EARTISTIC Hearing & Physiotherapy Shah Alam","category":"health","kind":"Clinic","address":"48 Jalan Bola Tampar 13/14, 40100"},"geometry":{"type":"Point","coordinates":[101.53999,3.08139]}},{"type":"Feature","properties":{"name":"eternity healthcare sdn bhd","category":"health","kind":"Clinic"},"geometry":{"type":"Point","coordinates":[101.54,3.08146]}},{"type":"Feature","properties":{"name":"KLINIK DR. ROSLI","category":"health","kind":"Clinic","address":"Jalan Kebun Nenas 7A/KS 8"},"geometry":{"type":"Point","coordinates":[101.51857,2.95865]}},{"type":"Feature","properties":{"name":"POLIKLINIK ASTANA MEDIC","category":"health","kind":"Clinic","address":"Jalan Kebun Nenas 7A/KS 8, Shah Alam"},"geometry":{"type":"Point","coordinates":[101.51827,2.95913]}},{"type":"Feature","properties":{"name":"Klinik Dr. Rose","category":"health","kind":"Clinic","address":"Jalan Kebun Nenas 7A/KS 8"},"geometry":{"type":"Point","coordinates":[101.51761,2.96023]}},{"type":"Feature","properties":{"name":"Klinik Pergigian i-Ria","category":"health","kind":"Clinic"},"geometry":{"type":"Point","coordinates":[101.51894,2.95792]}},{"type":"Feature","properties":{"name":"Qualitas Health","category":"health","kind":"Clinic"},"geometry":{"type":"Point","coordinates":[101.50676,3.05785]}},{"type":"Feature","properties":{"name":"klinik smp","category":"health","kind":"Clinic"},"geometry":{"type":"Point","coordinates":[101.50616,3.05869]}},{"type":"Feature","properties":{"name":"Klinik & Surgeri NK Medic","category":"health","kind":"Clinic"},"geometry":{"type":"Point","coordinates":[101.53645,3.02974]}},{"type":"Feature","properties":{"name":"KLINIK USAHAWAN SELANGOR","category":"health","kind":"Hospital"},"geometry":{"type":"Point","coordinates":[101.49063,3.0682]}},{"type":"Feature","properties":{"name":"CITY SPEC OPTICAL","category":"health","kind":"Hospital"},"geometry":{"type":"Point","coordinates":[101.49048,3.06862]}},{"type":"Feature","properties":{"name":"V CARE PHARMACY","category":"health","kind":"Hospital"},"geometry":{"type":"Point","coordinates":[101.49049,3.0685]}},{"type":"Feature","properties":{"name":"KLINIK PERGIGIAN DR SMILE","category":"health","kind":"Hospital"},"geometry":{"type":"Point","coordinates":[101.49051,3.06851]}},{"type":"Feature","properties":{"name":"Klinik Jessy","category":"health","kind":"Clinic"},"geometry":{"type":"Point","coordinates":[101.77151,3.04205]}},{"type":"Feature","properties":{"name":"Klinik Anda","category":"health","kind":"Clinic"},"geometry":{"type":"Point","coordinates":[101.77199,3.04267]}},{"type":"Feature","properties":{"name":"Klinik Indaah","category":"health","kind":"Clinic"},"geometry":{"type":"Point","coordinates":[101.77208,3.04279]}},{"type":"Feature","properties":{"name":"Klinik Aurora","category":"health","kind":"Clinic"},"geometry":{"type":"Point","coordinates":[101.77264,3.04351]}},{"type":"Feature","properties":{"name":"Poliklinik Amalmedik","category":"health","kind":"Clinic"},"geometry":{"type":"Point","coordinates":[101.77226,3.04237]}},{"type":"Feature","properties":{"name":"Klinik Utama","category":"health","kind":"Clinic"},"geometry":{"type":"Point","coordinates":[101.76926,3.03908]}},{"type":"Feature","properties":{"name":"KLINIK SINAR HARAPAN EMMA","category":"health","kind":"Clinic","address":"G01 BLOK 1 Persiaran Sukan, 40100, Shah Alam,Selangor"},"geometry":{"type":"Point","coordinates":[101.54529,3.0916]}},{"type":"Feature","properties":{"name":"KLINIK PAKAR MATA OASIS","category":"health","kind":"Clinic","address":"G15 BLOK 3 Persiaran Sukan, 40100, Shah Alam,Selangor"},"geometry":{"type":"Point","coordinates":[101.54395,3.09161]}},{"type":"Feature","properties":{"name":"KLINIK PERGIGIAN DENTAL DISTRICT","category":"health","kind":"Clinic","address":"G17 BLOK 3 Persiaran Sukan, 40100, Shah Alam,Selangor"},"geometry":{"type":"Point","coordinates":[101.54385,3.09161]}},{"type":"Feature","properties":{"name":"CARECLINICS","category":"health","kind":"Clinic","address":"8 Jalan Boling Padang F 13/F, 40100, Shah Alam"},"geometry":{"type":"Point","coordinates":[101.55127,3.07644]}},{"type":"Feature","properties":{"name":"KLINIK IRIS SHAH ALAM","category":"health","kind":"Clinic","address":"20 Jalan Boling Padang F 13/F, 40100, Shah Alam"},"geometry":{"type":"Point","coordinates":[101.55161,3.0765]}},{"type":"Feature","properties":{"name":"Klinik Saraya dan Surgeri","category":"health","kind":"Clinic"},"geometry":{"type":"Point","coordinates":[101.76068,3.11493]}},{"type":"Feature","properties":{"name":"KLINIK HELLO DOCTOR","category":"health","kind":"Clinic","address":"10 Jalan Boling Padang G 13/G, 40100, Shah Alam"},"geometry":{"type":"Point","coordinates":[101.55003,3.07617]}},{"type":"Feature","properties":{"name":"KLINIK AKHI","category":"health","kind":"Clinic"},"geometry":{"type":"Point","coordinates":[101.5497,3.076]}},{"type":"Feature","properties":{"name":"uniklinik","category":"health","kind":"Clinic"},"geometry":{"type":"Point","coordinates":[101.49724,3.07676]}},{"type":"Feature","properties":{"name":"PJ Polyclinic","category":"health","kind":"Clinic"},"geometry":{"type":"Point","coordinates":[101.64637,3.08609]}},{"type":"Feature","properties":{"name":"Klinik Utama","category":"health","kind":"Clinic"},"geometry":{"type":"Point","coordinates":[101.42073,2.99008]}},{"type":"Feature","properties":{"name":"Klinik Perubatan Ampang Putra","category":"health","kind":"Clinic","address":"2 Jalan Excella"},"geometry":{"type":"Point","coordinates":[101.74814,3.15064]}},{"type":"Feature","properties":{"name":"Klinik Dr. Syuhada","category":"health","kind":"Clinic","address":"23 Jalan Dataran Suria 15/7"},"geometry":{"type":"Point","coordinates":[101.41367,3.23454]}},{"type":"Feature","properties":{"name":"Klinik Dan Surgeri Dr Shal","category":"health","kind":"Clinic","address":"S-G-15"},"geometry":{"type":"Point","coordinates":[101.58869,2.94342]}},{"type":"Feature","properties":{"name":"Klinik Afeeya","category":"health","kind":"Clinic","address":"42A"},"geometry":{"type":"Point","coordinates":[101.49006,3.23456]}},{"type":"Feature","properties":{"name":"RJ CLINIC Eco Santuari | Skin, Laser & Aesthetic Clinic Telok Panglima Garang","category":"health","kind":"Clinic","address":"40-g Jalan Eco Sanctuari 8/2B, 42500, Teluk Panglima Garang"},"geometry":{"type":"Point","coordinates":[101.54305,2.94652]}},{"type":"Feature","properties":{"name":"RJ Clinic Ativo Plaza","category":"health","kind":"Clinic","address":"B-F-10 Persiaran Perdana, 52200, Kuala Lumpur"},"geometry":{"type":"Point","coordinates":[101.61665,3.19599]}},{"type":"Feature","properties":{"name":"Klinik Medilove","category":"health","kind":"Clinic","address":"97G Jalan BPU 2, 47100"},"geometry":{"type":"Point","coordinates":[101.62169,2.99581]}},{"type":"Feature","properties":{"name":"Klinik Semenyih Impian","category":"health","kind":"Clinic"},"geometry":{"type":"Point","coordinates":[101.87118,2.99111]}},{"type":"Feature","properties":{"name":"Klinik prime healthcare","category":"health","kind":"Clinic"},"geometry":{"type":"Point","coordinates":[101.5974,3.12024]}},{"type":"Feature","properties":{"name":"Pusat Rawatan Jamilah","category":"health","kind":"Clinic"},"geometry":{"type":"Point","coordinates":[101.75896,3.05534]}},{"type":"Feature","properties":{"name":"Klinik Hasnida","category":"health","kind":"Clinic"},"geometry":{"type":"Point","coordinates":[101.75855,3.05533]}},{"type":"Feature","properties":{"name":"Klinik Vista Medik","category":"health","kind":"Clinic"},"geometry":{"type":"Point","coordinates":[101.75811,3.06239]}},{"type":"Feature","properties":{"name":"Klinik Vista Medik","category":"health","kind":"Clinic"},"geometry":{"type":"Point","coordinates":[101.75811,3.06239]}},{"type":"Feature","properties":{"name":"Klinik Dr. Prevents","category":"health","kind":"Clinic"},"geometry":{"type":"Point","coordinates":[101.61653,3.1286]}},{"type":"Feature","properties":{"name":"Poliklinik Grewal","category":"health","kind":"Clinic"},"geometry":{"type":"Point","coordinates":[101.76836,3.14585]}},{"type":"Feature","properties":{"name":"Klinik Life Care","category":"health","kind":"Clinic"},"geometry":{"type":"Point","coordinates":[101.76771,3.14612]}},{"type":"Feature","properties":{"name":"Klinik Astana Medical","category":"health","kind":"Clinic"},"geometry":{"type":"Point","coordinates":[101.76568,3.14718]}},{"type":"Feature","properties":{"name":"Klinik Wanita dan Kanak-Kanak","category":"health","kind":"Clinic"},"geometry":{"type":"Point","coordinates":[101.76556,3.14726]}},{"type":"Feature","properties":{"name":"Klinik Anda","category":"health","kind":"Clinic","address":"174"},"geometry":{"type":"Point","coordinates":[101.67442,3.02223]}},{"type":"Feature","properties":{"name":"Klinik Mediviron","category":"health","kind":"Clinic"},"geometry":{"type":"Point","coordinates":[101.62958,3.05672]}},{"type":"Feature","properties":{"name":"Klinik Selva","category":"health","kind":"Clinic"},"geometry":{"type":"Point","coordinates":[101.6205,3.04394]}},{"type":"Feature","properties":{"name":"Klinik Medilove","category":"health","kind":"Clinic"},"geometry":{"type":"Point","coordinates":[101.62167,3.04329]}},{"type":"Feature","properties":{"name":"Klinik Lim & Eng","category":"health","kind":"Clinic"},"geometry":{"type":"Point","coordinates":[101.61531,3.03194]}},{"type":"Feature","properties":{"name":"Poliklinik Star Puchong","category":"health","kind":"Clinic"},"geometry":{"type":"Point","coordinates":[101.61697,3.03727]}},{"type":"Feature","properties":{"name":"Klinik Rakyat","category":"health","kind":"Clinic"},"geometry":{"type":"Point","coordinates":[101.76052,3.15159]}},{"type":"Feature","properties":{"name":"Klinik Wong dan Singh","category":"health","kind":"Clinic"},"geometry":{"type":"Point","coordinates":[101.76165,3.15041]}},{"type":"Feature","properties":{"name":"Klinik Maamor","category":"health","kind":"Clinic"},"geometry":{"type":"Point","coordinates":[101.76932,3.12596]}},{"type":"Feature","properties":{"name":"Poliklinik Loo","category":"health","kind":"Clinic"},"geometry":{"type":"Point","coordinates":[101.76582,3.12101]}},{"type":"Feature","properties":{"name":"Klinik Malaysia & Surgeri","category":"health","kind":"Clinic"},"geometry":{"type":"Point","coordinates":[101.76288,3.12039]}},{"type":"Feature","properties":{"name":"Klinik Dr. Monty","category":"health","kind":"Clinic"},"geometry":{"type":"Point","coordinates":[101.7531,3.13349]}},{"type":"Feature","properties":{"name":"Klinik Arun","category":"health","kind":"Clinic"},"geometry":{"type":"Point","coordinates":[101.75218,3.13321]}},{"type":"Feature","properties":{"name":"Harmoni Hemodialisis (Cawangan Sungai Pelek)","category":"health","kind":"Clinic"},"geometry":{"type":"Point","coordinates":[101.71288,2.63814]}},{"type":"Feature","properties":{"name":"Klinic Wong & Chye","category":"health","kind":"Clinic"},"geometry":{"type":"Point","coordinates":[101.62138,3.13384]}},{"type":"Feature","properties":{"name":"Klinik Desa Teluk Gong","category":"health","kind":"Clinic"},"geometry":{"type":"Point","coordinates":[101.38563,2.95675]}},{"type":"Feature","properties":{"name":"Orion Clinic","category":"health","kind":"Clinic"},"geometry":{"type":"Point","coordinates":[101.63608,2.9212]}},{"type":"Feature","properties":{"name":"Klinik Desa Sungai Udang","category":"health","kind":"Clinic"},"geometry":{"type":"Point","coordinates":[101.41187,3.03751]}},{"type":"Feature","properties":{"name":"Klinik Damai","category":"health","kind":"Clinic"},"geometry":{"type":"Point","coordinates":[101.56488,3.20985]}},{"type":"Feature","properties":{"name":"POLIKLINIK & SURGERI MEDIKHLAS","category":"health","kind":"Clinic"},"geometry":{"type":"Point","coordinates":[101.72663,2.88519]}},{"type":"Feature","properties":{"name":"Klinik Mediviron Olak Lempit","category":"health","kind":"Clinic","address":"11G Jalan 6b, Kompleks Perabot, 42700"},"geometry":{"type":"Point","coordinates":[101.6069,2.82842]}},{"type":"Feature","properties":{"name":"Klinik Rawatan Dr Mahmud Pandan","category":"health","kind":"Clinic"},"geometry":{"type":"Point","coordinates":[101.74152,3.14183]}},{"type":"Feature","properties":{"name":"Klinik Medijaya","category":"health","kind":"Clinic"},"geometry":{"type":"Point","coordinates":[101.61143,3.07481]}},{"type":"Feature","properties":{"name":"Klinik Taipan","category":"health","kind":"Clinic","address":"11A Jalan USJ 10/1E, 47620"},"geometry":{"type":"Point","coordinates":[101.58383,3.04904]}},{"type":"Feature","properties":{"name":"Klinik Mediviron","category":"health","kind":"Clinic","address":"45 Jalan USJ 10/1"},"geometry":{"type":"Point","coordinates":[101.5843,3.04771]}},{"type":"Feature","properties":{"name":"Poliklinik Tan Dan Loi","category":"health","kind":"Clinic","address":"11 Jalan USJ 10/1"},"geometry":{"type":"Point","coordinates":[101.58565,3.04778]}},{"type":"Feature","properties":{"name":"Hospital Az-Zahrah","category":"health","kind":"Hospital"},"geometry":{"type":"Point","coordinates":[101.75421,2.95986]}},{"type":"Feature","properties":{"name":"Klinik Rakyat & Surgeri","category":"health","kind":"Clinic","address":"14-G Jalan LP 7/5, 43300, Seri Kembangan"},"geometry":{"type":"Point","coordinates":[101.66705,3.00748]}},{"type":"Feature","properties":{"name":"Klinik Utama","category":"health","kind":"Clinic","address":"2 Jalan SP 5/5, Bandar Saujana Putra, 42610 Jenjarom, Selangor"},"geometry":{"type":"Point","coordinates":[101.5862,2.94529]}},{"type":"Feature","properties":{"name":"Klinik Puteri","category":"health","kind":"Clinic"},"geometry":{"type":"Point","coordinates":[101.66193,2.98361]}},{"type":"Feature","properties":{"name":"Essenture Traditional Chinese Medical Healthcare","category":"health","kind":"Clinic"},"geometry":{"type":"Point","coordinates":[101.59535,3.1227]}},{"type":"Feature","properties":{"name":"Klinik Mediviron","category":"health","kind":"Clinic"},"geometry":{"type":"Point","coordinates":[101.67482,3.02104]}},{"type":"Feature","properties":{"name":"Klinik Kesihatan Shah Alam","category":"health","kind":"Clinic"},"geometry":{"type":"Point","coordinates":[101.49106,3.07246]}},{"type":"Feature","properties":{"name":"SALAM Shah Alam Specialist Hospital","category":"health","kind":"Hospital","address":"2-14 Jalan Nelayan B19/B, 40300"},"geometry":{"type":"Point","coordinates":[101.53517,3.04913]}},{"type":"Feature","properties":{"name":"KPJ Selangor Specialist Hospital","category":"health","kind":"Hospital","address":"40300"},"geometry":{"type":"Point","coordinates":[101.541,3.0575]}},{"type":"Feature","properties":{"name":"Hospital Mata Nasional Tun Hussein Onn","category":"health","kind":"Hospital","address":"2 Lorong Utara B, Petaling Jaya"},"geometry":{"type":"Point","coordinates":[101.63998,3.10615]}},{"type":"Feature","properties":{"name":"Medical Center","category":"health","kind":"Clinic"},"geometry":{"type":"Point","coordinates":[101.73898,2.76111]}},{"type":"Feature","properties":{"name":"Klinik Kesihatan Kelana Jaya","category":"health","kind":"Clinic","address":"Jalan SS 6/3A"},"geometry":{"type":"Point","coordinates":[101.6007,3.09897]}},{"type":"Feature","properties":{"name":"Subang Jaya Medical Centre","category":"health","kind":"Hospital"},"geometry":{"type":"Point","coordinates":[101.59389,3.07909]}},{"type":"Feature","properties":{"name":"ReGen Rehab Hospital","category":"health","kind":"Hospital"},"geometry":{"type":"Point","coordinates":[101.64036,3.11538]}},{"type":"Feature","properties":{"name":"Hospital Pakar KPJ Ampang Puteri","category":"health","kind":"Hospital","address":"Ampang Jaya"},"geometry":{"type":"Point","coordinates":[101.75151,3.15994]}},{"type":"Feature","properties":{"name":"Hospital Cyberjaya","category":"health","kind":"Hospital"},"geometry":{"type":"Point","coordinates":[101.63159,2.92045]}},{"type":"Feature","properties":{"name":"KPJ Kajang Specialist Hospital","category":"health","kind":"Hospital","address":"Kajang"},"geometry":{"type":"Point","coordinates":[101.7859,2.99991]}},{"type":"Feature","properties":{"name":"Kajang Plaza Medical Centre","category":"health","kind":"Hospital","address":"1 Jalan Puteri 2/1"},"geometry":{"type":"Point","coordinates":[101.61573,3.02456]}},{"type":"Feature","properties":{"name":"Columbia Asia Hospital","category":"health","kind":"Hospital"},"geometry":{"type":"Point","coordinates":[101.62251,3.02401]}},{"type":"Feature","properties":{"name":"Sunway Medical Centre","category":"health","kind":"Hospital"},"geometry":{"type":"Point","coordinates":[101.60853,3.06638]}},{"type":"Feature","properties":{"name":"Klinik Desa Kundang","category":"health","kind":"Clinic"},"geometry":{"type":"Point","coordinates":[101.52538,3.25435]}},{"type":"Feature","properties":{"name":"Klinik Desa Kundang","category":"health","kind":"Clinic"},"geometry":{"type":"Point","coordinates":[101.51321,3.2764]}},{"type":"Feature","properties":{"name":"Hospital Tengku Ampuan Rahimah","category":"health","kind":"Hospital"},"geometry":{"type":"Point","coordinates":[101.43946,3.02128]}},{"type":"Feature","properties":{"name":"Klinik Fadzliyana","category":"health","kind":"Clinic","address":"63 Jalan LP 1a/2, 43300, Seri Kembangan"},"geometry":{"type":"Point","coordinates":[101.67342,2.99337]}},{"type":"Feature","properties":{"name":"Klinik Hope","category":"health","kind":"Clinic","address":"29-1 Jalan BS 4/1, 43300, Seri Kembangan"},"geometry":{"type":"Point","coordinates":[101.69997,3.02073]}},{"type":"Feature","properties":{"name":"Klinik Lee","category":"health","kind":"Clinic","address":"13A-1 Jalan BS 4/1, 43300, Seri Kembangan"},"geometry":{"type":"Point","coordinates":[101.69932,3.02151]}},{"type":"Feature","properties":{"name":"Hospital Banting","category":"health","kind":"Hospital","address":"Jalan Sultan Alam Shah, 42700"},"geometry":{"type":"Point","coordinates":[101.49247,2.80334]}},{"type":"Feature","properties":{"name":"Klinik Kesihatan Pelabuhan Klang","category":"health","kind":"Clinic","address":"PT 6/62 Jalan Limbungan, 42000, Pelabuhan Klang"},"geometry":{"type":"Point","coordinates":[101.394,3.00084]}},{"type":"Feature","properties":{"name":"Thomson Hospital Kota Damansara","category":"health","kind":"Hospital","address":"11 Jalan Teknologi, 47810, Kota Damansara"},"geometry":{"type":"Point","coordinates":[101.5785,3.14888]}},{"type":"Feature","properties":{"name":"Klinik Kesihatan Pulau Ketam","category":"health","kind":"Clinic"},"geometry":{"type":"Point","coordinates":[101.25334,3.01934]}},{"type":"Feature","properties":{"name":"Sungai Long Specialist Hospital","category":"health","kind":"Hospital","address":"PT 21147 Persiaran SL 1, 43000, Bandar Sungai Long"},"geometry":{"type":"Point","coordinates":[101.79512,3.03965]}},{"type":"Feature","properties":{"name":"Pusat Kesihatan UiTM Shah Alam","category":"health","kind":"Clinic"},"geometry":{"type":"Point","coordinates":[101.49372,3.06827]}},{"type":"Feature","properties":{"name":"Klinik Kesihatan Bandar Sri Putra","category":"health","kind":"Clinic","address":"Jalan Seri Putra 1/2, 43000, Kajang"},"geometry":{"type":"Point","coordinates":[101.79264,2.88796]}},{"type":"Feature","properties":{"name":"Klinik Kesihatan Kampung Pandan","category":"health","kind":"Clinic"},"geometry":{"type":"Point","coordinates":[101.7506,3.14567]}},{"type":"Feature","properties":{"name":"Bukit Tinggi Medical Centre","category":"health","kind":"Hospital"},"geometry":{"type":"Point","coordinates":[101.4317,3.01009]}},{"type":"Feature","properties":{"name":"Klinik Kesihatan Klang (Anika)","category":"health","kind":"Clinic"},"geometry":{"type":"Point","coordinates":[101.44658,3.03744]}},{"type":"Feature","properties":{"name":"Pusat Perubatan Pakar Sri Kota","category":"health","kind":"Hospital"},"geometry":{"type":"Point","coordinates":[101.44558,3.04046]}},{"type":"Feature","properties":{"name":"Pusat Kesihatan UiTM Shah Alam (Annex)","category":"health","kind":"Clinic"},"geometry":{"type":"Point","coordinates":[101.49406,3.06862]}},{"type":"Feature","properties":{"name":"Klinik Desa Pulau Meranti","category":"health","kind":"Clinic"},"geometry":{"type":"Point","coordinates":[101.62522,2.9551]}},{"type":"Feature","properties":{"name":"Hospital Orang Asli Gombak","category":"health","kind":"Hospital"},"geometry":{"type":"Point","coordinates":[101.73098,3.293]}},{"type":"Feature","properties":{"name":"Klinik Menara","category":"health","kind":"Clinic","address":"Jalan Pelapik U8/C, Shah Alam"},"geometry":{"type":"Point","coordinates":[101.52626,3.11467]}},{"type":"Feature","properties":{"name":"Klinik Alam Medic","category":"health","kind":"Clinic","address":"Jalan Pelapik B U8/B, Shah Alam"},"geometry":{"type":"Point","coordinates":[101.52666,3.11473]}},{"type":"Feature","properties":{"name":"Klinik Kesihatan Paya Jaras","category":"health","kind":"Clinic"},"geometry":{"type":"Point","coordinates":[101.55133,3.20042]}},{"type":"Feature","properties":{"name":"Avisena Specialist Hospital","category":"health","kind":"Hospital","address":"4 Jalan Ikhtisas, 40000"},"geometry":{"type":"Point","coordinates":[101.52372,3.07138]}},{"type":"Feature","properties":{"name":"Hospital Kajang","category":"health","kind":"Hospital","address":"Kajang"},"geometry":{"type":"Point","coordinates":[101.79252,2.99409]}},{"type":"Feature","properties":{"name":"Klinik Desa Gedangsa","category":"health","kind":"Clinic","address":"Kuala Kubu Bharu"},"geometry":{"type":"Point","coordinates":[101.38459,3.74102]}},{"type":"Feature","properties":{"name":"Klinik Kesihatan Rantau Panjang","category":"health","kind":"Clinic","address":"Klang"},"geometry":{"type":"Point","coordinates":[101.4115,3.06891]}},{"type":"Feature","properties":{"name":"Klinik Kesihatan Kalumpang","category":"health","kind":"Clinic","address":"Kalumpang"},"geometry":{"type":"Point","coordinates":[101.57298,3.63675]}},{"type":"Feature","properties":{"name":"Hospital Kuala Kubu Bharu","category":"health","kind":"Hospital","address":"Kuala Kubu Bharu"},"geometry":{"type":"Point","coordinates":[101.65284,3.56533]}},{"type":"Feature","properties":{"name":"Klinik Kesihatan Kuala Kubu Bharu","category":"health","kind":"Clinic","address":"Kuala Kubu Bharu"},"geometry":{"type":"Point","coordinates":[101.66106,3.56783]}},{"type":"Feature","properties":{"name":"Hospital Pakar KPJ Rawang","category":"health","kind":"Hospital","address":"Rawang"},"geometry":{"type":"Point","coordinates":[101.57902,3.3208]}},{"type":"Feature","properties":{"name":"Klinik Desa Hulu Bernam","category":"health","kind":"Clinic","address":"Hulu Bernam"},"geometry":{"type":"Point","coordinates":[101.52626,3.67085]}},{"type":"Feature","properties":{"name":"Hospital Ampang","category":"health","kind":"Hospital"},"geometry":{"type":"Point","coordinates":[101.76395,3.12812]}},{"type":"Feature","properties":{"name":"Klinik Kesihatan Jenjarom","category":"health","kind":"Clinic","address":"Taman Sejahtera, 42600, Jenjarom"},"geometry":{"type":"Point","coordinates":[101.50038,2.87841]}},{"type":"Feature","properties":{"name":"Klinik Kesihatan Selayang Baru","category":"health","kind":"Clinic","address":"Jalan Sungai Tua, 68100, Batu Caves"},"geometry":{"type":"Point","coordinates":[101.67356,3.24528]}},{"type":"Feature","properties":{"name":"Klinik Kesihatan Ulu Yam Bharu","category":"health","kind":"Clinic","address":"Jalan Ulu Yam, 44300, Batang Kali"},"geometry":{"type":"Point","coordinates":[101.657,3.43552]}},{"type":"Feature","properties":{"name":"Pusat Hemodialysis Kau Ong Yah Ampang","category":"health","kind":"Clinic"},"geometry":{"type":"Point","coordinates":[101.7654,3.1416]}},{"type":"Feature","properties":{"name":"Klinik Kesihatan Taman Medan","category":"health","kind":"Clinic","address":"Petaling Jaya"},"geometry":{"type":"Point","coordinates":[101.63453,3.07909]}},{"type":"Feature","properties":{"name":"KPJ Klang Specialist Hospital","category":"health","kind":"Hospital"},"geometry":{"type":"Point","coordinates":[101.46333,3.06244]}},{"type":"Feature","properties":{"name":"National Institute of Health","category":"health","kind":"Hospital"},"geometry":{"type":"Point","coordinates":[101.45297,3.11082]}},{"type":"Feature","properties":{"name":"MSU Medical Centre","category":"health","kind":"Hospital","address":"1 Jalan Boling Padang 13/64, 40100"},"geometry":{"type":"Point","coordinates":[101.55309,3.07675]}},{"type":"Feature","properties":{"name":"Klinik Desa Jenderam Hulu","category":"health","kind":"Clinic"},"geometry":{"type":"Point","coordinates":[101.73093,2.86851]}},{"type":"Feature","properties":{"name":"Klinik Kesihatan Bukit Kuda","category":"health","kind":"Clinic"},"geometry":{"type":"Point","coordinates":[101.45827,3.05067]}},{"type":"Feature","properties":{"name":"Klinik Pergigian Kg Pandan Dalam","category":"health","kind":"Clinic"},"geometry":{"type":"Point","coordinates":[101.75031,3.14561]}},{"type":"Feature","properties":{"name":"Klinik Kesihatan Batu 9, Cheras","category":"health","kind":"Clinic"},"geometry":{"type":"Point","coordinates":[101.77419,3.06991]}},{"type":"Feature","properties":{"name":"Columbia Asia Hospital","category":"health","kind":"Hospital"},"geometry":{"type":"Point","coordinates":[101.44659,3.08593]}},{"type":"Feature","properties":{"name":"Hospital Tanjong Karang","category":"health","kind":"Hospital"},"geometry":{"type":"Point","coordinates":[101.21699,3.39609]}},{"type":"Feature","properties":{"name":"Columbia Asia Hospital","category":"health","kind":"Hospital"},"geometry":{"type":"Point","coordinates":[101.76259,3.03144]}},{"type":"Feature","properties":{"name":"Kids Clinic","category":"health","kind":"Hospital","address":"33 Jalan Bpp 8/1, Pusat Bandar Putra Permai,, 43300, Seri Kembangan"},"geometry":{"type":"Point","coordinates":[101.6661,2.98541]}},{"type":"Feature","properties":{"name":"Gombak Setia Medical Clinic","category":"health","kind":"Clinic"},"geometry":{"type":"Point","coordinates":[101.71399,3.2179]}},{"type":"Feature","properties":{"name":"Klinik Kesihatan Puchong Batu 14","category":"health","kind":"Clinic"},"geometry":{"type":"Point","coordinates":[101.61913,2.9938]}},{"type":"Feature","properties":{"name":"Klinik Kesihatan Simpang Lima","category":"health","kind":"Clinic"},"geometry":{"type":"Point","coordinates":[101.05175,3.62665]}},{"type":"Feature","properties":{"name":"Klinik Kesihatan Sungai Besar","category":"health","kind":"Clinic","address":"45300, Sungai Besar"},"geometry":{"type":"Point","coordinates":[100.98838,3.67579]}},{"type":"Feature","properties":{"name":"Klinik Kesihatan Kuala Selangor","category":"health","kind":"Clinic"},"geometry":{"type":"Point","coordinates":[101.24973,3.33671]}},{"type":"Feature","properties":{"name":"Klinik Kesihatan Batu Arang","category":"health","kind":"Clinic"},"geometry":{"type":"Point","coordinates":[101.47255,3.3195]}},{"type":"Feature","properties":{"name":"Klinik Kesihatan Sungai Buloh","category":"health","kind":"Clinic"},"geometry":{"type":"Point","coordinates":[101.57699,3.21947]}},{"type":"Feature","properties":{"name":"Sungai Buloh Leprosarium","category":"health","kind":"Hospital"},"geometry":{"type":"Point","coordinates":[101.59155,3.22243]}},{"type":"Feature","properties":{"name":"Klinik Kesihatan Salak","category":"health","kind":"Clinic","address":"Sepang"},"geometry":{"type":"Point","coordinates":[101.7492,2.78953]}},{"type":"Feature","properties":{"name":"Hospital Shah Alam","category":"health","kind":"Hospital","address":"Persiaran Kayangan, Seksyen 7, 40000, Shah Alam"},"geometry":{"type":"Point","coordinates":[101.48972,3.07092]}},{"type":"Feature","properties":{"name":"KLINIK DR. CARE BANTING","category":"health","kind":"Clinic","address":"184 JALAN SULTAN ABDUL SAMAD, 42700, Banting"},"geometry":{"type":"Point","coordinates":[101.50444,2.81353]}},{"type":"Feature","properties":{"name":"Klinik Kesihatan Bandar Tun Hussein Onn","category":"health","kind":"Clinic"},"geometry":{"type":"Point","coordinates":[101.75694,3.05494]}},{"type":"Feature","properties":{"name":"Klinik Kesihatan Ijok","category":"health","kind":"Clinic"},"geometry":{"type":"Point","coordinates":[101.41419,3.31755]}},{"type":"Feature","properties":{"name":"Klink Pakar Kanak-kanak KidzCare","category":"health","kind":"Clinic"},"geometry":{"type":"Point","coordinates":[101.44198,2.99762]}},{"type":"Feature","properties":{"name":"Klinik Crosmed","category":"health","kind":"Clinic"},"geometry":{"type":"Point","coordinates":[101.4429,2.99733]}},{"type":"Feature","properties":{"name":"Klinik Ng & Lew","category":"health","kind":"Clinic"},"geometry":{"type":"Point","coordinates":[101.44334,2.99731]}},{"type":"Feature","properties":{"name":"Klinik Kesihatan Ampang","category":"health","kind":"Clinic"},"geometry":{"type":"Point","coordinates":[101.76141,3.14529]}},{"type":"Feature","properties":{"name":"AVISENA Women's & Children's Specialist Hospital","category":"health","kind":"Hospital","address":"3 Jalan Perdagangan 14/4"},"geometry":{"type":"Point","coordinates":[101.52104,3.07169]}},{"type":"Feature","properties":{"name":"Klinik Seksyen 19","category":"health","kind":"Clinic"},"geometry":{"type":"Point","coordinates":[101.53317,3.04991]}},{"type":"Feature","properties":{"name":"Klinik Kesihatan Bandar Baru Bangi","category":"health","kind":"Clinic","address":"Persiaran Pekeliling, 43650, Bandar Baru Bangi"},"geometry":{"type":"Point","coordinates":[101.77384,2.93544]}},{"type":"Feature","properties":{"name":"Gleneagles Kuala Lumpur","category":"health","kind":"Hospital"},"geometry":{"type":"Point","coordinates":[101.73965,3.16186]}},{"type":"Feature","properties":{"name":"Klinik Kesihatan Kajang","category":"health","kind":"Clinic"},"geometry":{"type":"Point","coordinates":[101.82548,2.97871]}},{"type":"Feature","properties":{"name":"Klinik Kesihatan Pandamaran","category":"health","kind":"Clinic"},"geometry":{"type":"Point","coordinates":[101.41281,3.01432]}},{"type":"Feature","properties":{"name":"Klinik Kesihatan Sepang","category":"health","kind":"Clinic","address":"Sepang"},"geometry":{"type":"Point","coordinates":[101.75,2.68936]}},{"type":"Feature","properties":{"name":"Klinik Kesihatan Kapar","category":"health","kind":"Clinic"},"geometry":{"type":"Point","coordinates":[101.37216,3.13968]}},{"type":"Feature","properties":{"name":"Pantai Hospital Ampang","category":"health","kind":"Hospital"},"geometry":{"type":"Point","coordinates":[101.75224,3.12776]}},{"type":"Feature","properties":{"name":"Klinik Kesihatan Sungai Chua","category":"health","kind":"Clinic"},"geometry":{"type":"Point","coordinates":[101.77157,2.9861]}},{"type":"Feature","properties":{"name":"Pusat Dialisis Rakyat Ampang","category":"health","kind":"Clinic"},"geometry":{"type":"Point","coordinates":[101.76279,3.15335]}},{"type":"Feature","properties":{"name":"Klinik Kesihatan Sungai Pelek","category":"health","kind":"Clinic"},"geometry":{"type":"Point","coordinates":[101.7182,2.64515]}},{"type":"Feature","properties":{"name":"Klinik Desa Broga","category":"health","kind":"Clinic"},"geometry":{"type":"Point","coordinates":[101.90915,2.93668]}},{"type":"Feature","properties":{"name":"SJAM-KPS Pusat Hemodialisis Serdang Raya (Station 14)","category":"health","kind":"Clinic"},"geometry":{"type":"Point","coordinates":[101.70195,3.0409]}},{"type":"Feature","properties":{"name":"Pusat Hemodialisis Mawar (Cawangan Seri Kembangan)","category":"health","kind":"Clinic"},"geometry":{"type":"Point","coordinates":[101.69887,3.03127]}},{"type":"Feature","properties":{"name":"Klinik Kesihatan Batu 13","category":"health","kind":"Clinic"},"geometry":{"type":"Point","coordinates":[101.59245,3.02095]}},{"type":"Feature","properties":{"name":"Sunway Medical Centre Damansara","category":"health","kind":"Hospital"},"geometry":{"type":"Point","coordinates":[101.59642,3.15018]}},{"type":"Feature","properties":{"name":"Klinik Kesihatan Rasa","category":"health","kind":"Clinic"},"geometry":{"type":"Point","coordinates":[101.63613,3.49811]}},{"type":"Feature","properties":{"name":"Klinik Kesihatan Jeram","category":"health","kind":"Clinic"},"geometry":{"type":"Point","coordinates":[101.31447,3.23327]}},{"type":"Feature","properties":{"name":"Klinik Kesihatan Balakong","category":"health","kind":"Clinic"},"geometry":{"type":"Point","coordinates":[101.74677,3.02737]}},{"type":"Feature","properties":{"name":"Klinik Komuniti Sri Serdang","category":"health","kind":"Clinic"},"geometry":{"type":"Point","coordinates":[101.71608,3.00596]}},{"type":"Feature","properties":{"name":"MEX FAST Drive-Thru Testing Centre","category":"health","kind":"Clinic"},"geometry":{"type":"Point","coordinates":[101.68403,2.99017]}},{"type":"Feature","properties":{"name":"Klinik Desa Kelanang","category":"health","kind":"Clinic"},"geometry":{"type":"Point","coordinates":[101.44296,2.79434]}},{"type":"Feature","properties":{"name":"Sick bay","category":"health","kind":"Clinic"},"geometry":{"type":"Point","coordinates":[101.54,3.56091]}},{"type":"Feature","properties":{"name":"Hospital Al-Sultan Abdullah UiTM","category":"health","kind":"Hospital","address":"42300, Puncak Alam"},"geometry":{"type":"Point","coordinates":[101.45113,3.20957]}},{"type":"Feature","properties":{"name":"Klinik Kesihatan Meru","category":"health","kind":"Clinic"},"geometry":{"type":"Point","coordinates":[101.4411,3.13677]}},{"type":"Feature","properties":{"name":"Selgate Specialist Hospital Sepang","category":"health","kind":"Hospital"},"geometry":{"type":"Point","coordinates":[101.74962,2.80527]}},{"type":"Feature","properties":{"name":"Hospital Sultan Idris Shah Serdang","category":"health","kind":"Hospital"},"geometry":{"type":"Point","coordinates":[101.72062,2.97693]}},{"type":"Feature","properties":{"name":"Hospital Sultan Abdul Aziz Shah","category":"health","kind":"Hospital","address":"Persiaran MARDI - UPM, 43400"},"geometry":{"type":"Point","coordinates":[101.71806,2.98015]}},{"type":"Feature","properties":{"name":"Klinik Kesihatan Serendah","category":"health","kind":"Clinic"},"geometry":{"type":"Point","coordinates":[101.60326,3.36147]}},{"type":"Feature","properties":{"name":"Klinik Kesihatan Batu 14 Hulu Langat","category":"health","kind":"Clinic"},"geometry":{"type":"Point","coordinates":[101.815,3.11091]}},{"type":"Feature","properties":{"name":"Hospital Tanjong Karang (Lama)","category":"health","kind":"Clinic"},"geometry":{"type":"Point","coordinates":[101.17975,3.42626]}},{"type":"Feature","properties":{"name":"Klinik Kesihatan Tanjong Karang","category":"health","kind":"Clinic"},"geometry":{"type":"Point","coordinates":[101.17363,3.42164]}},{"type":"Feature","properties":{"name":"Jalan Kebun Rural Clinic","category":"health","kind":"Clinic"},"geometry":{"type":"Point","coordinates":[101.51522,2.97178]}},{"type":"Feature","properties":{"name":"Klinik Fortune","category":"health","kind":"Clinic"},"geometry":{"type":"Point","coordinates":[101.52769,3.01641]}},{"type":"Feature","properties":{"name":"Poliklinik An-Nisa'","category":"health","kind":"Clinic","address":"Jalan Timun E 24/E, 40300, Shah Alam"},"geometry":{"type":"Point","coordinates":[101.5202,3.03672]}},{"type":"Feature","properties":{"name":"Klinik Akhi","category":"health","kind":"Clinic","address":"Jalan Timun C 24/C, 40300, Shah Alam"},"geometry":{"type":"Point","coordinates":[101.51998,3.0372]}},{"type":"Feature","properties":{"name":"Klinik Nadi Iman","category":"health","kind":"Clinic"},"geometry":{"type":"Point","coordinates":[101.5266,3.04649]}},{"type":"Feature","properties":{"name":"Klinik Kesihatan Bukit Naga","category":"health","kind":"Clinic"},"geometry":{"type":"Point","coordinates":[101.50532,3.00321]}},{"type":"Feature","properties":{"name":"pusat hemodialisis shah alam","category":"health","kind":"Clinic"},"geometry":{"type":"Point","coordinates":[101.53759,3.02466]}},{"type":"Feature","properties":{"name":"pusat hemodialisis shah alam","category":"health","kind":"Clinic"},"geometry":{"type":"Point","coordinates":[101.53764,3.02468]}},{"type":"Feature","properties":{"name":"klinik berjaya medick","category":"health","kind":"Hospital"},"geometry":{"type":"Point","coordinates":[101.53726,3.03266]}},{"type":"Feature","properties":{"name":"Klinik Ahmad Shah","category":"health","kind":"Clinic"},"geometry":{"type":"Point","coordinates":[101.55818,3.02542]}},{"type":"Feature","properties":{"name":"Klinik Siti","category":"health","kind":"Clinic"},"geometry":{"type":"Point","coordinates":[101.51641,3.04456]}},{"type":"Feature","properties":{"name":"Klinik Noor Hajar","category":"health","kind":"Clinic","address":"30 Jalan Pinang C 18/C, 40200, Shah Alam"},"geometry":{"type":"Point","coordinates":[101.51768,3.04437]}},{"type":"Feature","properties":{"name":"Klinik Nik Isahak","category":"health","kind":"Clinic","address":"24 Jalan Pinang C 18/C, 40200, Shah Alam"},"geometry":{"type":"Point","coordinates":[101.51763,3.04454]}},{"type":"Feature","properties":{"name":"Poliklinik Zulkifli","category":"health","kind":"Clinic","address":"42 Jalan Pinang C 18/C"},"geometry":{"type":"Point","coordinates":[101.51786,3.04383]}},{"type":"Feature","properties":{"name":"Klinik Dr. Rosli","category":"health","kind":"Clinic","address":"47 Jalan Pinang 18/B, 40200, Shah Alam"},"geometry":{"type":"Point","coordinates":[101.51816,3.04371]}},{"type":"Feature","properties":{"name":"MediPulih Klinik","category":"health","kind":"Clinic"},"geometry":{"type":"Point","coordinates":[101.49131,3.05711]}},{"type":"Feature","properties":{"name":"KLINIK AL JAZRAH ALAM AVENUE","category":"health","kind":"Clinic"},"geometry":{"type":"Point","coordinates":[101.4913,3.05698]}},{"type":"Feature","properties":{"name":"KLINIK UTAMA 24 JAM","category":"health","kind":"Clinic"},"geometry":{"type":"Point","coordinates":[101.49129,3.05673]}},{"type":"Feature","properties":{"name":"Klinik Tanjong Medik","category":"health","kind":"Clinic"},"geometry":{"type":"Point","coordinates":[101.48985,3.05746]}},{"type":"Feature","properties":{"name":"klinik Alam Medik","category":"health","kind":"Clinic"},"geometry":{"type":"Point","coordinates":[101.48432,3.05428]}},{"type":"Feature","properties":{"name":"Klinik dan Surgeri Elsa","category":"health","kind":"Clinic"},"geometry":{"type":"Point","coordinates":[101.48467,3.05428]}},{"type":"Feature","properties":{"name":"Klinik Mesra","category":"health","kind":"Clinic","address":"Jalan Kebun Nenas 7A/KS 8"},"geometry":{"type":"Point","coordinates":[101.5174,2.96052]}},{"type":"Feature","properties":{"name":"Klinik Kesihatan Telok Panglima Garang","category":"health","kind":"Clinic"},"geometry":{"type":"Point","coordinates":[101.46764,2.90507]}},{"type":"Feature","properties":{"name":"Klinik Kesihatan Seri Kembangan","category":"health","kind":"Clinic","address":"Seri Kembangan"},"geometry":{"type":"Point","coordinates":[101.71162,3.02749]}},{"type":"Feature","properties":{"name":"Klinik Kesihatan AU2 Taman Keramat","category":"health","kind":"Clinic"},"geometry":{"type":"Point","coordinates":[101.74893,3.17504]}},{"type":"Feature","properties":{"name":"Klinik Kesihatan Dato' Keramat","category":"health","kind":"Clinic"},"geometry":{"type":"Point","coordinates":[101.73642,3.16672]}},{"type":"Feature","properties":{"name":"Klinik Desa Bukit Belimbing","category":"health","kind":"Clinic"},"geometry":{"type":"Point","coordinates":[101.27262,3.38985]}},{"type":"Feature","properties":{"name":"MAHSA Specialist Hospital","category":"health","kind":"Hospital","address":"Jalan SP 1/3, 42610"},"geometry":{"type":"Point","coordinates":[101.57735,2.95329]}},{"type":"Feature","properties":{"name":"Klinik Dada","category":"health","kind":"Clinic"},"geometry":{"type":"Point","coordinates":[101.44128,3.02202]}},{"type":"Feature","properties":{"name":"Klinik Utara","category":"health","kind":"Hospital","address":"Jalan Renges, 41200, Klang"},"geometry":{"type":"Point","coordinates":[101.44071,3.0288]}},{"type":"Feature","properties":{"name":"Klinik Desa Pasir Penambang","category":"health","kind":"Clinic"},"geometry":{"type":"Point","coordinates":[101.24763,3.36343]}},{"type":"Feature","properties":{"name":"Klinik Kesihatan Teluk Datok","category":"health","kind":"Clinic"},"geometry":{"type":"Point","coordinates":[101.51721,2.81954]}},{"type":"Feature","properties":{"name":"Klinik Mediviron","category":"health","kind":"Hospital","address":"PUSAT KOMERSIAL, PG19 Jalan Plumbum U7/U, 40000, Shah Alam"},"geometry":{"type":"Point","coordinates":[101.48921,3.06703]}},{"type":"Feature","properties":{"name":"Klinik Najat Seksyen 7 Shah Alam","category":"health","kind":"Hospital","address":"YG-11, Block F Jalan Plumbum Y7/Y, 40000, Pusat Komersial Seksyen 7, Shah Alam"},"geometry":{"type":"Point","coordinates":[101.48894,3.06494]}},{"type":"Feature","properties":{"name":"Klinik Tuah Shah Alam","category":"health","kind":"Hospital","address":"No.9 Jalan Plumbum P7/P, 40000, Shah Alam"},"geometry":{"type":"Point","coordinates":[101.48948,3.06944]}},{"type":"Feature","properties":{"name":"Klinik Utama 24 Jam Seksyen 7 Shah Alam","category":"health","kind":"Hospital","address":"5 Jalan Plumbum R7/R, 40000, Shah Alam"},"geometry":{"type":"Point","coordinates":[101.48983,3.06795]}},{"type":"Feature","properties":{"name":"Klinik Desa Sungai Lalang","category":"health","kind":"Clinic"},"geometry":{"type":"Point","coordinates":[101.87222,2.99934]}},{"type":"Feature","properties":{"name":"Klinik Desa Kampung Jawa","category":"health","kind":"Clinic"},"geometry":{"type":"Point","coordinates":[101.46308,3.02793]}},{"type":"Feature","properties":{"name":"Klinik Desa Sungai Bertek","category":"health","kind":"Clinic"},"geometry":{"type":"Point","coordinates":[101.42784,3.04908]}},{"type":"Feature","properties":{"name":"Klinik Kesihatan Ibu dan Anak Cheras Baru","category":"health","kind":"Clinic","address":"Jalan 49"},"geometry":{"type":"Point","coordinates":[101.75301,3.11198]}},{"type":"Feature","properties":{"name":"Klinik Sri Putra","category":"health","kind":"Clinic","address":"4 Jalan BP 3/11"},"geometry":{"type":"Point","coordinates":[101.62972,2.99015]}},{"type":"Feature","properties":{"name":"Klinik May Fair","category":"health","kind":"Clinic","address":"19 Jalan BP 3/12, 47120, Puchong"},"geometry":{"type":"Point","coordinates":[101.62986,2.98981]}},{"type":"Feature","properties":{"name":"Klinik Desa Bukit Kuching","category":"health","kind":"Clinic"},"geometry":{"type":"Point","coordinates":[101.34757,3.27169]}},{"type":"Feature","properties":{"name":"Klinik Kesihatan Semenyih","category":"health","kind":"Clinic"},"geometry":{"type":"Point","coordinates":[101.84022,2.95173]}},{"type":"Feature","properties":{"name":"Klinik Kesihatan Kuang","category":"health","kind":"Clinic"},"geometry":{"type":"Point","coordinates":[101.55202,3.25987]}},{"type":"Feature","properties":{"name":"Ara Damansara Medical Centre","category":"health","kind":"Hospital","address":"Lot 2 Jalan Lapangan Terbang Subang"},"geometry":{"type":"Point","coordinates":[101.565,3.11456]}},{"type":"Feature","properties":{"name":"Klinik Desa Assam Jawa","category":"health","kind":"Clinic"},"geometry":{"type":"Point","coordinates":[101.28941,3.30073]}},{"type":"Feature","properties":{"name":"Klinik Desa Bagan Nakhoda Omar","category":"health","kind":"Clinic"},"geometry":{"type":"Point","coordinates":[100.88227,3.77584]}},{"type":"Feature","properties":{"name":"Klinik Desa Sungai Lui","category":"health","kind":"Clinic"},"geometry":{"type":"Point","coordinates":[101.88275,3.16461]}},{"type":"Feature","properties":{"name":"Klinik Desa Merbau Berdarah","category":"health","kind":"Clinic"},"geometry":{"type":"Point","coordinates":[101.12643,3.71332]}},{"type":"Feature","properties":{"name":"Pusat Dialisis Rakyat","category":"health","kind":"Clinic"},"geometry":{"type":"Point","coordinates":[101.75626,3.20345]}},{"type":"Feature","properties":{"name":"Klinik Desa Bangi","category":"health","kind":"Clinic"},"geometry":{"type":"Point","coordinates":[101.77826,2.90196]}},{"type":"Feature","properties":{"name":"Hospital Tengku Permaisuri Norashikin (Pusat Rawatan Wanita dan Kanak-Kanak)","category":"health","kind":"Hospital"},"geometry":{"type":"Point","coordinates":[101.79842,2.99299]}},{"type":"Feature","properties":{"name":"Klinik Kesihatan Sekinchan","category":"health","kind":"Clinic"},"geometry":{"type":"Point","coordinates":[101.1028,3.51001]}},{"type":"Feature","properties":{"name":"Selgate Specialist Hospital Rawang","category":"health","kind":"Hospital"},"geometry":{"type":"Point","coordinates":[101.53436,3.31745]}},{"type":"Feature","properties":{"name":"Klinik Kesihatan Taman Ehsan","category":"health","kind":"Clinic"},"geometry":{"type":"Point","coordinates":[101.62303,3.22421]}},{"type":"Feature","properties":{"name":"Columbia Asia Hospital Bukit Rimau","category":"health","kind":"Hospital","address":"3 Persiaran Anggerik Eria, 40460, Shah Alam"},"geometry":{"type":"Point","coordinates":[101.52877,2.99713]}},{"type":"Feature","properties":{"name":"Klinik Kesihatan Tanjung Sepat","category":"health","kind":"Clinic"},"geometry":{"type":"Point","coordinates":[101.55117,2.66586]}},{"type":"Feature","properties":{"name":"Pusat Kesihatan Kampus UiTM Dengkil","category":"health","kind":"Clinic"},"geometry":{"type":"Point","coordinates":[101.66697,2.87045]}},{"type":"Feature","properties":{"name":"Hospital Sungai Buloh","category":"health","kind":"Hospital"},"geometry":{"type":"Point","coordinates":[101.58546,3.221]}},{"type":"Feature","properties":{"name":"KPJ Specialist Hospital Kuala Selangor","category":"health","kind":"Hospital"},"geometry":{"type":"Point","coordinates":[101.25714,3.34414]}},{"type":"Feature","properties":{"name":"Hospital Assunta","category":"health","kind":"Hospital","address":"Petaling Jaya"},"geometry":{"type":"Point","coordinates":[101.6453,3.09345]}},{"type":"Feature","properties":{"name":"Klinik Desa Damansara","category":"health","kind":"Clinic"},"geometry":{"type":"Point","coordinates":[101.63156,3.12892]}},{"type":"Feature","properties":{"name":"Hospital Pakar KPJ Damansara","category":"health","kind":"Hospital","address":"119 Jalan SS 20/10, Petaling Jaya"},"geometry":{"type":"Point","coordinates":[101.62789,3.13734]}},{"type":"Feature","properties":{"name":"Beacon Hospital","category":"health","kind":"Hospital","address":"1, 46050, Petaling Jaya"},"geometry":{"type":"Point","coordinates":[101.63797,3.09151]}},{"type":"Feature","properties":{"name":"Hospital Selayang","category":"health","kind":"Hospital"},"geometry":{"type":"Point","coordinates":[101.64748,3.24313]}},{"type":"Feature","properties":{"name":"Hospital UiTM Selayang","category":"health","kind":"Hospital"},"geometry":{"type":"Point","coordinates":[101.65059,3.24487]}},{"type":"Feature","properties":{"name":"Hospital Picaso","category":"health","kind":"Hospital","address":"110 Jalan Professor Khoo Kay Kim, 46300, Petaling Jaya"},"geometry":{"type":"Point","coordinates":[101.63342,3.11299]}},{"type":"Feature","properties":{"name":"Bahagian Regulatori Farmasi Negara","category":"health","kind":"Clinic","address":"Lot 36 Jalan Prof Diraja Ungku Aziz, 46200, Petaling Jaya"},"geometry":{"type":"Point","coordinates":[101.63931,3.11773]}},{"type":"Feature","properties":{"name":"Columbia Asia Hospital","category":"health","kind":"Hospital","address":"Lot 69 Jalan 13/6, 46200, Petaling Jaya"},"geometry":{"type":"Point","coordinates":[101.63764,3.11816]}}]}