{"type":"FeatureCollection", "features": [
{"type":"Feature","geometry":{"type":"Polygon","coordinates":[[[101.74833,3.19867],[101.74869,3.1983],[101.74814,3.19713],[101.74753,3.19627],[101.74766,3.19499],[101.74723,3.19431],[101.74713,3.1934],[101.74632,3.19291],[101.74584,3.19327],[101.74561,3.19399],[101.74512,3.19417],[101.74335,3.19323],[101.74326,3.19283],[101.74428,3.19256],[101.74498,3.19218],[101.74435,3.19161],[101.74493,3.1912],[101.74519,3.19188],[101.7463,3.19189],[101.74627,3.19117],[101.74665,3.19063],[101.74609,3.18905],[101.74449,3.1873],[101.74322,3.18719],[101.74336,3.1864],[101.74393,3.18604],[101.74566,3.18677],[101.74637,3.18671],[101.74634,3.18513],[101.74733,3.18513],[101.74737,3.18331],[101.748,3.1837],[101.74869,3.18349],[101.74943,3.18409],[101.74988,3.1849],[101.74981,3.18572],[101.75062,3.1863],[101.75133,3.18634],[101.75185,3.18685],[101.7525,3.18625],[101.75184,3.18503],[101.75244,3.18502],[101.75331,3.18449],[101.7532,3.186],[101.75358,3.18649],[101.75398,3.18815],[101.7559,3.18778],[101.75642,3.19001],[101.75545,3.19062],[101.75595,3.19186],[101.75731,3.19238],[101.75668,3.1928],[101.75641,3.19492],[101.75536,3.19469],[101.7541,3.19573],[101.75331,3.19517],[101.7523,3.19524],[101.75128,3.19554],[101.7511,3.19587],[101.75117,3.19707],[101.75063,3.19793],[101.75043,3.19926],[101.74833,3.19867]]]},"properties":{"name":"Hutan Bukit Dinding","kind":"Park"}},
{"type":"Feature","geometry":{"type":"Polygon","coordinates":[[[101.65757,3.10799],[101.65789,3.10723],[101.6587,3.10626],[101.65846,3.10569],[101.65856,3.1023],[101.65787,3.09908],[101.65725,3.09919],[101.65728,3.09849],[101.65693,3.09805],[101.65691,3.09303],[101.65887,3.09303],[101.65893,3.09558],[101.65961,3.09568],[101.65973,3.09865],[101.65948,3.09908],[101.66037,3.09988],[101.65888,3.10938],[101.65763,3.10959],[101.6572,3.10848],[101.65757,3.10799]]]},"properties":{"name":"Hutan Pendidikan Bukit Gasing","kind":"Protected area"}},
{"type":"Feature","geometry":{"type":"Polygon","coordinates":[[[101.24486,3.33943],[101.24354,3.33957],[101.24303,3.34018],[101.24205,3.3424],[101.24184,3.34376],[101.23926,3.34303],[101.23872,3.34346],[101.23931,3.34947],[101.23665,3.35031],[101.23654,3.34568],[101.23621,3.34294],[101.235,3.33812],[101.23252,3.33399],[101.23059,3.33215],[101.23112,3.3309],[101.23984,3.32162],[101.24366,3.31713],[101.24571,3.31968],[101.24623,3.3201],[101.24788,3.31916],[101.25111,3.32275],[101.24459,3.32908],[101.24855,3.33356],[101.24706,3.33547],[101.24805,3.3364],[101.2462,3.33868],[101.24579,3.33968],[101.24486,3.33943]]]},"properties":{"name":"Taman Alam Kuala Selangor","kind":"Protected area"}},
{"type":"Feature","geometry":{"type":"Polygon","coordinates":[[[101.58306,3.11841],[101.58394,3.118],[101.58448,3.1184],[101.5848,3.11935],[101.58576,3.1197],[101.58566,3.12035],[101.58644,3.12051],[101.58674,3.12194],[101.58757,3.12287],[101.58723,3.12309],[101.58505,3.12079],[101.5841,3.12083],[101.58334,3.1206],[101.58136,3.12053],[101.58135,3.12018],[101.58326,3.12026],[101.58352,3.11933],[101.58306,3.11841]]]},"properties":{"name":"Ara Damansara Park","kind":"Park"}},
{"type":"Feature","geometry":{"type":"Polygon","coordinates":[[[101.56522,3.07204],[101.56522,3.07343],[101.56455,3.07291],[101.56474,3.07162],[101.5644,3.07063],[101.56508,3.0708],[101.56522,3.07204]]]},"properties":{"name":"Central Park","kind":"Park"}},
{"type":"Feature","geometry":{"type":"Polygon","coordinates":[[[101.45766,3.10607],[101.45744,3.10643],[101.45619,3.10657],[101.45615,3.10523],[101.4556,3.09941],[101.45611,3.09924],[101.45785,3.09994],[101.45838,3.09981],[101.45836,3.10087],[101.45704,3.10119],[101.45736,3.106],[101.45766,3.10607]],[[101.45715,3.10586],[101.45705,3.10305],[101.45627,3.10328],[101.45669,3.10559],[101.45715,3.10586]]]},"properties":{"name":"Setia Alam Central Park","kind":"Park"}},
{"type":"Feature","geometry":{"type":"Polygon","coordinates":[[[101.61641,3.06457],[101.61646,3.064],[101.61696,3.064],[101.61712,3.0644],[101.61641,3.06457]]]},"properties":{"name":"University Square","kind":"Park"}},
{"type":"Feature","geometry":{"type":"Polygon","coordinates":[[[101.68692,2.97936],[101.68659,2.9785],[101.68512,2.97854],[101.6839,2.97647],[101.68331,2.97368],[101.68635,2.97396],[101.68796,2.97345],[101.68949,2.97389],[101.69038,2.97464],[101.69102,2.97568],[101.69083,2.97679],[101.69101,2.97733],[101.6917,2.97768],[101.69241,2.97733],[101.69294,2.97671],[101.69422,2.97726],[101.69534,2.97733],[101.69754,2.97692],[101.69879,2.97728],[101.70308,2.97809],[101.70507,2.97855],[101.70537,2.97924],[101.70517,2.97964],[101.70599,2.97994],[101.70672,2.98081],[101.70701,2.98283],[101.70784,2.98314],[101.70837,2.9827],[101.70794,2.98221],[101.70815,2.98028],[101.70959,2.98134],[101.70798,2.9835],[101.7069,2.98436],[101.70628,2.98409],[101.70385,2.98397],[101.70218,2.98357],[101.70023,2.98358],[101.69913,2.98388],[101.69589,2.98333],[101.69342,2.98206],[101.69068,2.98205],[101.68956,2.97933],[101.68838,2.97955],[101.68743,2.98007],[101.68692,2.97936]]]},"properties":{"name":"Taman Ekspo Pertanian Malaysia","kind":"Park"}},
{"type":"Feature","geometry":{"type":"Polygon","coordinates":[[[101.45916,3.2238],[101.45961,3.22463],[101.45901,3.22575],[101.45928,3.22613],[101.45789,3.22683],[101.45694,3.22647],[101.457,3.22548],[101.45623,3.2252],[101.45589,3.22477],[101.45634,3.22404],[101.45702,3.22348],[101.45712,3.223],[101.45679,3.22194],[101.45693,3.22098],[101.45894,3.22087],[101.45917,3.22233],[101.46036,3.22227],[101.46073,3.22347],[101.45916,3.22355],[101.45916,3.2238]]]},"properties":{"name":"Eco Grandeur Gallery Park","kind":"Park"}},
{"type":"Feature","geometry":{"type":"Polygon","coordinates":[[[101.53988,3.07609],[101.53988,3.07539],[101.54096,3.07418],[101.54193,3.07492],[101.54193,3.07613],[101.53988,3.07609]]]},"properties":{"name":"D Kayangan Park","kind":"Park"}},
{"type":"Feature","geometry":{"type":"Polygon","coordinates":[[[101.40757,3.23029],[101.40625,3.23136],[101.40572,3.23214],[101.40606,3.23319],[101.40699,3.23392],[101.4072,3.2347],[101.40779,3.23474],[101.40871,3.23405],[101.4095,3.2348],[101.40818,3.23594],[101.40993,3.23833],[101.4097,3.23853],[101.40781,3.23597],[101.40674,3.23681],[101.4061,3.23607],[101.40706,3.23572],[101.40689,3.23462],[101.40595,3.23335],[101.40528,3.23278],[101.40457,3.23323],[101.40728,3.23],[101.40757,3.23029]]]},"properties":{"name":"Central Park","kind":"Park"}},
{"type":"Feature","geometry":{"type":"Polygon","coordinates":[[[101.46416,3.10892],[101.46206,3.10956],[101.46124,3.1082],[101.46305,3.10758],[101.46326,3.10817],[101.46416,3.10828],[101.46416,3.10892]]]},"properties":{"name":"Setia City Park","kind":"Park"}},
{"type":"Feature","geometry":{"type":"Polygon","coordinates":[[[101.86659,3.06251],[101.86529,3.0603],[101.87205,3.05742],[101.87265,3.05837],[101.87329,3.05996],[101.86659,3.06251]]]},"properties":{"name":"Taman Eko Rimba Sungai Tekala","kind":"Protected area"}},
{"type":"Feature","geometry":{"type":"Polygon","coordinates":[[[101.51519,3.02218],[101.51639,3.02316],[101.51671,3.02364],[101.51683,3.02507],[101.51559,3.02548],[101.51542,3.0248],[101.5142,3.02442],[101.51404,3.02389],[101.51237,3.02287],[101.51324,3.02163],[101.51413,3.02123],[101.51519,3.02218]]]},"properties":{"name":"LakePoint Park @ Setia AlamImpian","kind":"Park"}},
{"type":"Feature","geometry":{"type":"Polygon","coordinates":[[[101.46648,3.12762],[101.46494,3.12794],[101.46215,3.12826],[101.45828,3.12856],[101.45662,3.12819],[101.45585,3.12748],[101.45557,3.12653],[101.45561,3.1219],[101.45597,3.12184],[101.45596,3.12561],[101.45762,3.12583],[101.45803,3.12614],[101.45813,3.12809],[101.45828,3.1282],[101.46069,3.12806],[101.46611,3.1273],[101.46648,3.12762]]]},"properties":{"name":"Island of Life Wetland","kind":"Park"}},
{"type":"Feature","geometry":{"type":"Polygon","coordinates":[[[101.48095,3.09491],[101.48024,3.09493],[101.48026,3.09684],[101.47879,3.09681],[101.47797,3.09659],[101.47797,3.09585],[101.47884,3.09579],[101.47932,3.09494],[101.47957,3.0939],[101.48092,3.09386],[101.48095,3.09491]]]},"properties":{"name":"Maya Park","kind":"Park"}},
{"type":"Feature","geometry":{"type":"Polygon","coordinates":[[[101.47471,3.09852],[101.47558,3.09774],[101.47667,3.09643],[101.4769,3.09699],[101.47661,3.09839],[101.47662,3.09927],[101.47547,3.09946],[101.47471,3.09852]]]},"properties":{"name":"Milla Park","kind":"Park"}},
{"type":"Feature","geometry":{"type":"Polygon","coordinates":[[[101.56982,3.05658],[101.57009,3.056],[101.57009,3.05422],[101.5707,3.05385],[101.57124,3.05494],[101.57132,3.05657],[101.56982,3.05658]]]},"properties":{"name":"Taman Rekreasi Hutan Bandar","kind":"Park"}},
{"type":"Feature","geometry":{"type":"Polygon","coordinates":[[[101.62213,3.09135],[101.62324,3.09134],[101.62314,3.09171],[101.62214,3.0917],[101.62213,3.09135]]]},"properties":{"name":"Section 51 Park","kind":"Park"}},
{"type":"Feature","geometry":{"type":"Polygon","coordinates":[[[101.62172,3.08948],[101.62135,3.08929],[101.62177,3.08893],[101.62202,3.0892],[101.62172,3.08948]]]},"properties":{"name":"Seri Setia Park","kind":"Park"}},
{"type":"Feature","geometry":{"type":"Polygon","coordinates":[[[101.62559,3.10431],[101.62412,3.1044],[101.6238,3.10377],[101.62443,3.10298],[101.62429,3.10265],[101.62583,3.102],[101.62671,3.10183],[101.62759,3.10319],[101.62751,3.10377],[101.62651,3.10368],[101.62559,3.10431]]]},"properties":{"name":"Taman Aman","kind":"Park"}},
{"type":"Feature","geometry":{"type":"Polygon","coordinates":[[[101.65347,3.10644],[101.65126,3.10518],[101.64916,3.1074],[101.64753,3.10602],[101.64813,3.10484],[101.64837,3.10384],[101.64935,3.1037],[101.64995,3.10383],[101.65355,3.10593],[101.65347,3.10644]]]},"properties":{"name":"Taman Jaya","kind":"Park"}},
{"type":"Feature","geometry":{"type":"Polygon","coordinates":[[[101.63192,3.11914],[101.63182,3.11871],[101.63387,3.11897],[101.63796,3.11883],[101.63797,3.11909],[101.63192,3.11914]]]},"properties":{"name":"Section 17 Flats Park","kind":"Park"}},
{"type":"Feature","geometry":{"type":"Polygon","coordinates":[[[101.6234,3.13565],[101.6232,3.13519],[101.62349,3.13508],[101.6234,3.13565]]]},"properties":{"name":"Starling Green","kind":"Park"}},
{"type":"Feature","geometry":{"type":"Polygon","coordinates":[[[101.59783,3.09642],[101.59747,3.09669],[101.59571,3.09441],[101.59576,3.09355],[101.59912,3.09242],[101.60016,3.09375],[101.59922,3.09462],[101.59861,3.09374],[101.59792,3.09441],[101.59831,3.09559],[101.59783,3.09642]]]},"properties":{"name":"Taman Komuniti","kind":"Park"}},
{"type":"Feature","geometry":{"type":"Polygon","coordinates":[[[101.64654,3.09093],[101.64686,3.09128],[101.64713,3.09181],[101.647,3.09187],[101.64654,3.09093]]]},"properties":{"name":"Padang Cergas","kind":"Park"}},
{"type":"Feature","geometry":{"type":"MultiPolygon","coordinates":[[[[101.51402,3.09545],[101.50717,3.09548],[101.50714,3.09419],[101.51024,3.09406],[101.5121,3.09406],[101.51378,3.09419],[101.52023,3.09441],[101.5182,3.0955],[101.51402,3.09545]]],[[[101.50616,3.12889],[101.50591,3.12838],[101.50587,3.1269],[101.50704,3.12406],[101.508,3.12154],[101.50352,3.11999],[101.5039,3.11904],[101.50138,3.11798],[101.50092,3.11923],[101.49758,3.114],[101.49707,3.11388],[101.49719,3.11287],[101.49674,3.11274],[101.49662,3.11041],[101.49612,3.10989],[101.4943,3.10978],[101.49416,3.10902],[101.49335,3.10816],[101.49266,3.10675],[101.49166,3.10435],[101.49166,3.10159],[101.49393,3.1016],[101.49509,3.0985],[101.4957,3.09861],[101.49668,3.10027],[101.4981,3.09962],[101.50041,3.09896],[101.50194,3.09929],[101.50264,3.09912],[101.50271,3.09855],[101.50225,3.09806],[101.50153,3.09668],[101.50054,3.09578],[101.51402,3.09565],[101.5168,3.09567],[101.51852,3.0958],[101.51981,3.09502],[101.5205,3.09501],[101.52023,3.11714],[101.5177,3.11711],[101.51641,3.12103],[101.51911,3.12232],[101.51923,3.12477],[101.51968,3.12492],[101.51967,3.12606],[101.51679,3.12602],[101.51419,3.12621],[101.50891,3.1285],[101.5072,3.12894],[101.50616,3.12889]]]]},"properties":{"name":"Taman Botani Negara Shah Alam","kind":"Protected area"}},
{"type":"Feature","geometry":{"type":"Polygon","coordinates":[[[101.7609,3.20978],[101.76107,3.21135],[101.75945,3.21049],[101.75931,3.21062],[101.76008,3.2132],[101.75938,3.2143],[101.75514,3.20944],[101.75647,3.20879],[101.75692,3.20835],[101.75639,3.20769],[101.75696,3.20701],[101.75809,3.20856],[101.75881,3.20874],[101.76134,3.20841],[101.7618,3.20871],[101.76225,3.20999],[101.76178,3.2104],[101.7609,3.20978]]]},"properties":{"name":"Zoo Negara","kind":"Park"}},
{"type":"Feature","geometry":{"type":"Polygon","coordinates":[[[101.76541,3.47824],[101.7647,3.47886],[101.76187,3.47878],[101.76116,3.47764],[101.75901,3.47849],[101.75859,3.47885],[101.75781,3.48018],[101.75605,3.48153],[101.75551,3.4809],[101.75495,3.48131],[101.75282,3.48167],[101.75155,3.48211],[101.75032,3.482],[101.74916,3.48108],[101.74765,3.48019],[101.74664,3.47979],[101.74547,3.47955],[101.74349,3.47962],[101.74287,3.47939],[101.73959,3.47946],[101.73796,3.47855],[101.73579,3.47878],[101.7347,3.47906],[101.73278,3.47912],[101.73193,3.47903],[101.73008,3.47954],[101.72914,3.47943],[101.72859,3.47962],[101.72678,3.47965],[101.72558,3.4798],[101.72239,3.47959],[101.72042,3.47894],[101.71909,3.47893],[101.71685,3.47985],[101.71504,3.4811],[101.71282,3.48184],[101.7113,3.48193],[101.70866,3.48243],[101.71475,3.47213],[101.71374,3.46136],[101.72153,3.44991],[101.71378,3.44256],[101.71378,3.43942],[101.72314,3.43615],[101.72346,3.42895],[101.72218,3.42896],[101.71391,3.43179],[101.71402,3.42403],[101.71269,3.42399],[101.71272,3.42137],[101.69808,3.42142],[101.68998,3.42176],[101.68482,3.41169],[101.68466,3.40652],[101.6833,3.40544],[101.6833,3.40478],[101.68362,3.40381],[101.68337,3.40348],[101.68406,3.40285],[101.68405,3.40232],[101.68467,3.40123],[101.6843,3.40109],[101.68415,3.4002],[101.6836,3.39921],[101.68317,3.39687],[101.68323,3.3949],[101.68387,3.39333],[101.68478,3.39271],[101.68681,3.39019],[101.68877,3.38732],[101.68869,3.38482],[101.69048,3.38349],[101.69233,3.38056],[101.6935,3.37605],[101.69307,3.37236],[101.69306,3.37094],[101.69402,3.36957],[101.69465,3.36818],[101.69522,3.36762],[101.69692,3.36725],[101.69829,3.36746],[101.70028,3.36652],[101.70149,3.36643],[101.70224,3.36713],[101.7027,3.36719],[101.7032,3.36626],[101.70444,3.36529],[101.70321,3.36277],[101.70459,3.36341],[101.70564,3.3635],[101.70654,3.36389],[101.70692,3.36491],[101.70691,3.3661],[101.70719,3.36667],[101.70831,3.36805],[101.70921,3.36943],[101.70954,3.37068],[101.70955,3.37281],[101.70986,3.37396],[101.71092,3.37491],[101.712,3.37531],[101.71216,3.37575],[101.71213,3.37796],[101.7125,3.37959],[101.71316,3.38112],[101.71353,3.38331],[101.7137,3.38367],[101.71565,3.3846],[101.71607,3.38522],[101.7161,3.38596],[101.71653,3.38769],[101.71758,3.38853],[101.71902,3.38867],[101.72104,3.38836],[101.72208,3.38841],[101.7228,3.38703],[101.72391,3.38587],[101.72553,3.38499],[101.72636,3.38474],[101.72733,3.38402],[101.7287,3.38276],[101.72946,3.38009],[101.72975,3.37973],[101.73076,3.37923],[101.73202,3.37933],[101.73341,3.37924],[101.73423,3.3788],[101.73613,3.37826],[101.73671,3.37792],[101.73741,3.37704],[101.73789,3.37611],[101.7411,3.37588],[101.74314,3.37508],[101.74365,3.37561],[101.7454,3.37594],[101.74622,3.37634],[101.74675,3.37352],[101.74951,3.37345],[101.75012,3.37293],[101.75167,3.37275],[101.75103,3.37187],[101.75215,3.37147],[101.75303,3.37183],[101.75398,3.37275],[101.75577,3.37338],[101.756,3.37295],[101.75845,3.37322],[101.75858,3.37496],[101.75988,3.37612],[101.75927,3.37809],[101.76043,3.37862],[101.76088,3.37834],[101.76182,3.37886],[101.76307,3.3815],[101.76399,3.38258],[101.76401,3.38319],[101.76451,3.38369],[101.76513,3.387],[101.76495,3.38861],[101.76355,3.38905],[101.76333,3.3925],[101.76312,3.39337],[101.76086,3.39414],[101.76187,3.39686],[101.76096,3.40047],[101.76078,3.40171],[101.76018,3.40307],[101.75925,3.40787],[101.75928,3.4094],[101.75486,3.41435],[101.7529,3.41289],[101.74886,3.41964],[101.74439,3.4288],[101.74458,3.43013],[101.74543,3.43028],[101.74599,3.42901],[101.74965,3.42658],[101.74994,3.42594],[101.74944,3.42491],[101.75114,3.42475],[101.75163,3.42505],[101.75443,3.42596],[101.75552,3.42671],[101.75663,3.42639],[101.75758,3.42702],[101.75872,3.42644],[101.75718,3.42581],[101.75648,3.42458],[101.75651,3.42387],[101.75756,3.42226],[101.75792,3.42252],[101.76391,3.41558],[101.76563,3.41561],[101.76659,3.41582],[101.76849,3.41492],[101.76876,3.41346],[101.76954,3.41368],[101.77106,3.41462],[101.77309,3.41683],[101.77439,3.41712],[101.77516,3.4175],[101.77623,3.41762],[101.77681,3.41789],[101.77814,3.41907],[101.77998,3.41964],[101.7814,3.41921],[101.7819,3.41969],[101.78271,3.42108],[101.78382,3.42162],[101.78431,3.42302],[101.78607,3.42474],[101.78658,3.42535],[101.78782,3.4256],[101.78951,3.42554],[101.78641,3.42738],[101.78477,3.42532],[101.78068,3.42523],[101.77993,3.42657],[101.77975,3.42867],[101.78201,3.42872],[101.78234,3.43135],[101.7831,3.43437],[101.78349,3.43443],[101.78352,3.43571],[101.78226,3.43852],[101.78122,3.43993],[101.78139,3.4424],[101.78068,3.44379],[101.77783,3.44604],[101.77698,3.44753],[101.77517,3.4493],[101.77483,3.45103],[101.77491,3.4525],[101.77667,3.45521],[101.77665,3.45645],[101.77512,3.45916],[101.77364,3.46128],[101.77365,3.46661],[101.77163,3.46935],[101.7698,3.47219],[101.76541,3.47824]]]},"properties":{"name":"Hutan Simpanan Kekal Batang Kali","kind":"Forest reserve"}},
{"type":"Feature","geometry":{"type":"Polygon","coordinates":[[[101.66791,3.27771],[101.67257,3.27699],[101.67215,3.28483],[101.67197,3.28538],[101.67101,3.28663],[101.67103,3.29041],[101.67291,3.29086],[101.67683,3.29043],[101.67805,3.29173],[101.67862,3.29793],[101.67967,3.30042],[101.6818,3.30285],[101.6834,3.301],[101.68464,3.30009],[101.69157,3.29992],[101.69365,3.29978],[101.69285,3.3008],[101.69261,3.30397],[101.69329,3.30641],[101.69339,3.31025],[101.69624,3.31263],[101.70436,3.31089],[101.70408,3.30884],[101.70099,3.30815],[101.70084,3.30445],[101.70155,3.30209],[101.70254,3.30035],[101.7021,3.29847],[101.70025,3.29798],[101.70778,3.29648],[101.70848,3.29615],[101.70922,3.29639],[101.71022,3.29613],[101.71699,3.29168],[101.71697,3.2913],[101.72909,3.28346],[101.73033,3.28287],[101.73086,3.28288],[101.73083,3.28405],[101.73045,3.28649],[101.73071,3.2872],[101.72958,3.28766],[101.72938,3.28814],[101.72903,3.29086],[101.72909,3.2935],[101.72965,3.29713],[101.73006,3.29867],[101.73061,3.29986],[101.73211,3.30248],[101.73446,3.30599],[101.7354,3.30612],[101.73722,3.30214],[101.73536,3.2998],[101.73495,3.29893],[101.73428,3.29829],[101.73347,3.29712],[101.73244,3.29638],[101.73126,3.29459],[101.73123,3.29354],[101.7317,3.29157],[101.73433,3.29124],[101.73425,3.29059],[101.73279,3.28584],[101.73347,3.2842],[101.74583,3.28416],[101.74661,3.27263],[101.755,3.26722],[101.7609,3.26356],[101.77173,3.25683],[101.77277,3.25737],[101.77278,3.25887],[101.7739,3.25967],[101.77494,3.25902],[101.77474,3.25651],[101.77448,3.25426],[101.77447,3.25324],[101.77596,3.2506],[101.77706,3.24993],[101.77753,3.24837],[101.77693,3.24787],[101.77612,3.24352],[101.77583,3.24085],[101.77971,3.23772],[101.78152,3.23767],[101.78005,3.23348],[101.78123,3.23194],[101.78118,3.22951],[101.78047,3.23074],[101.7797,3.23031],[101.78152,3.22779],[101.78151,3.2238],[101.78021,3.22184],[101.77958,3.2201],[101.78154,3.22101],[101.78363,3.22132],[101.78459,3.21884],[101.78905,3.21815],[101.79047,3.21538],[101.78946,3.21148],[101.78964,3.21017],[101.79091,3.20985],[101.79349,3.21258],[101.79456,3.21411],[101.79518,3.21527],[101.79783,3.21603],[101.79946,3.21671],[101.79985,3.21748],[101.80252,3.22014],[101.80357,3.22169],[101.8063,3.22243],[101.80797,3.22449],[101.8093,3.22553],[101.80986,3.22696],[101.81094,3.22854],[101.81267,3.22949],[101.81307,3.2299],[101.81386,3.2298],[101.81491,3.22919],[101.81649,3.22876],[101.81796,3.23075],[101.81865,3.23273],[101.81991,3.23346],[101.82158,3.23494],[101.82244,3.23651],[101.824,3.24011],[101.82447,3.24136],[101.82535,3.24248],[101.82663,3.24355],[101.82721,3.24478],[101.8287,3.24685],[101.82927,3.24813],[101.82992,3.24873],[101.83069,3.25009],[101.83064,3.25069],[101.83004,3.25173],[101.8305,3.2522],[101.83153,3.25248],[101.8312,3.25577],[101.83075,3.25685],[101.83079,3.2579],[101.83201,3.25925],[101.83311,3.25949],[101.83425,3.26069],[101.83505,3.26187],[101.836,3.26187],[101.83708,3.26283],[101.83827,3.26326],[101.83898,3.26431],[101.83962,3.26448],[101.84055,3.26437],[101.8418,3.26676],[101.84278,3.26772],[101.84307,3.26823],[101.84375,3.27017],[101.8441,3.27075],[101.84418,3.27206],[101.84519,3.27251],[101.84695,3.27227],[101.84893,3.27168],[101.85022,3.27188],[101.8519,3.27317],[101.85244,3.27374],[101.85369,3.2758],[101.85115,3.28333],[101.84999,3.28467],[101.84843,3.28621],[101.84702,3.28672],[101.84522,3.28705],[101.84363,3.28715],[101.84215,3.2862],[101.84176,3.28615],[101.83981,3.28681],[101.83838,3.28695],[101.8373,3.28799],[101.83591,3.2885],[101.83485,3.28929],[101.83409,3.28957],[101.83266,3.28976],[101.83111,3.29066],[101.8275,3.29378],[101.82561,3.2938],[101.82455,3.29457],[101.82313,3.29729],[101.82223,3.29869],[101.82151,3.29941],[101.81974,3.30089],[101.81804,3.30168],[101.81629,3.30335],[101.81554,3.30443],[101.81482,3.30493],[101.81332,3.3071],[101.81214,3.30817],[101.80942,3.31285],[101.80872,3.31425],[101.80825,3.31468],[101.80735,3.31491],[101.80663,3.31594],[101.8065,3.31752],[101.80684,3.31903],[101.80673,3.32038],[101.80615,3.32083],[101.80391,3.32159],[101.80311,3.32236],[101.80151,3.32332],[101.80103,3.3241],[101.80071,3.32565],[101.80021,3.32631],[101.79988,3.32788],[101.79944,3.32886],[101.79973,3.33049],[101.79936,3.33146],[101.79866,3.33399],[101.79798,3.33385],[101.79596,3.33382],[101.79504,3.33427],[101.79365,3.3356],[101.79238,3.33558],[101.79131,3.3352],[101.79016,3.33557],[101.78826,3.33584],[101.78773,3.33613],[101.78686,3.33735],[101.78514,3.33777],[101.78367,3.3385],[101.78229,3.33985],[101.78156,3.34155],[101.78146,3.34317],[101.7809,3.34513],[101.78052,3.34556],[101.77973,3.34711],[101.77845,3.34905],[101.77628,3.35158],[101.77543,3.35328],[101.77538,3.35477],[101.7741,3.35891],[101.77186,3.3591],[101.77029,3.35884],[101.7669,3.36282],[101.76642,3.36364],[101.76494,3.36549],[101.76317,3.3675],[101.75957,3.36943],[101.75682,3.36704],[101.7582,3.36064],[101.75734,3.36029],[101.7554,3.36258],[101.75343,3.36555],[101.75286,3.36616],[101.7504,3.36795],[101.74903,3.36749],[101.74914,3.36394],[101.75048,3.36158],[101.7469,3.35791],[101.74437,3.3595],[101.74376,3.3601],[101.74166,3.36401],[101.74028,3.364],[101.7368,3.37114],[101.73573,3.37523],[101.73789,3.37611],[101.73741,3.37704],[101.73671,3.37792],[101.73613,3.37826],[101.73423,3.3788],[101.73341,3.37924],[101.73202,3.37933],[101.73076,3.37923],[101.72975,3.37973],[101.72946,3.38009],[101.7287,3.38276],[101.72733,3.38402],[101.72636,3.38474],[101.72553,3.38499],[101.72391,3.38587],[101.7228,3.38703],[101.72208,3.38841],[101.72104,3.38836],[101.71902,3.38867],[101.71758,3.38853],[101.71653,3.38769],[101.7161,3.38596],[101.71607,3.38522],[101.71565,3.3846],[101.7137,3.38367],[101.71353,3.38331],[101.71316,3.38112],[101.7125,3.37959],[101.71213,3.37796],[101.71216,3.37575],[101.712,3.37531],[101.71092,3.37491],[101.70986,3.37396],[101.70955,3.37281],[101.70954,3.37068],[101.70921,3.36943],[101.70831,3.36805],[101.70719,3.36667],[101.70691,3.3661],[101.70692,3.36491],[101.70654,3.36389],[101.70564,3.3635],[101.70459,3.36341],[101.70321,3.36277],[101.70216,3.36158],[101.7016,3.35957],[101.70127,3.35891],[101.70068,3.35669],[101.70045,3.35393],[101.70049,3.3522],[101.69987,3.35116],[101.69866,3.35119],[101.69803,3.35101],[101.6967,3.34994],[101.69536,3.34861],[101.69406,3.34621],[101.69274,3.3428],[101.69057,3.3424],[101.68971,3.34208],[101.68891,3.34069],[101.68831,3.34005],[101.68769,3.34023],[101.68693,3.34003],[101.68624,3.33941],[101.68587,3.33809],[101.68624,3.33737],[101.6862,3.33674],[101.68387,3.3343],[101.68172,3.3324],[101.68032,3.33235],[101.67996,3.33516],[101.67932,3.33792],[101.67914,3.33832],[101.67795,3.33866],[101.67682,3.33936],[101.67645,3.33824],[101.6757,3.33721],[101.67416,3.33629],[101.67298,3.33442],[101.6718,3.33349],[101.67132,3.3314],[101.67094,3.3305],[101.66943,3.32881],[101.66931,3.32845],[101.66935,3.32612],[101.66853,3.3249],[101.66881,3.32279],[101.6683,3.3206],[101.66667,3.31899],[101.66722,3.31701],[101.66665,3.31601],[101.6668,3.31486],[101.66632,3.31317],[101.66617,3.31134],[101.66584,3.31046],[101.66589,3.30817],[101.66611,3.30757],[101.66721,3.30664],[101.66831,3.30472],[101.66839,3.30319],[101.66796,3.3021],[101.66807,3.30067],[101.66734,3.29963],[101.66691,3.29823],[101.66693,3.29777],[101.66627,3.29682],[101.6664,3.29508],[101.66695,3.29414],[101.66796,3.29325],[101.6692,3.29254],[101.66989,3.29081],[101.66986,3.29056],[101.67074,3.28858],[101.67083,3.28702],[101.67006,3.28552],[101.66913,3.28466],[101.66893,3.28356],[101.66938,3.2825],[101.66952,3.28097],[101.66865,3.28024],[101.66735,3.2778],[101.66791,3.27771]],[[101.77585,3.34629],[101.77629,3.34648],[101.77662,3.34566],[101.77756,3.34538],[101.77767,3.34603],[101.77881,3.34601],[101.77908,3.34636],[101.77988,3.34281],[101.77675,3.34217],[101.77585,3.34629]]]},"properties":{"name":"Hutan Simpanan Kekal Hulu Gombak","kind":"Forest reserve"}},
{"type":"Feature","geometry":{"type":"Polygon","coordinates":[[[101.69307,3.37236],[101.68934,3.37236],[101.68652,3.37252],[101.68384,3.37256],[101.68354,3.3718],[101.68034,3.36859],[101.67997,3.36886],[101.6788,3.36819],[101.67968,3.36732],[101.67808,3.36702],[101.67791,3.3655],[101.67911,3.36385],[101.67779,3.36218],[101.67636,3.36347],[101.67526,3.36358],[101.67373,3.36337],[101.66701,3.36281],[101.66796,3.35988],[101.66764,3.35893],[101.66442,3.35552],[101.66443,3.35337],[101.66569,3.35257],[101.66478,3.35097],[101.66216,3.34826],[101.66069,3.34778],[101.65964,3.34713],[101.65885,3.34595],[101.65937,3.34556],[101.65859,3.34463],[101.65679,3.34388],[101.65399,3.34401],[101.6525,3.34161],[101.65201,3.34063],[101.65122,3.34217],[101.65002,3.34209],[101.65002,3.34287],[101.6474,3.34424],[101.64775,3.34525],[101.64664,3.34557],[101.64595,3.3441],[101.6441,3.34448],[101.64224,3.3451],[101.64023,3.34527],[101.63942,3.34583],[101.64059,3.34712],[101.64066,3.34981],[101.63907,3.34987],[101.63908,3.35154],[101.63977,3.35192],[101.63702,3.3528],[101.63652,3.34967],[101.63328,3.3504],[101.63161,3.35105],[101.62554,3.35161],[101.62256,3.35259],[101.62128,3.35264],[101.61954,3.35293],[101.61522,3.34183],[101.60641,3.33425],[101.6065,3.32578],[101.60487,3.32609],[101.60483,3.32517],[101.60247,3.32293],[101.6035,3.32251],[101.60641,3.32108],[101.60476,3.31745],[101.60751,3.31553],[101.61104,3.31333],[101.61287,3.31191],[101.61549,3.30942],[101.61689,3.30866],[101.61736,3.30902],[101.61925,3.30818],[101.62186,3.30884],[101.6223,3.30662],[101.62159,3.30607],[101.62131,3.30211],[101.62183,3.30257],[101.62502,3.30212],[101.6266,3.30172],[101.62702,3.30266],[101.6299,3.30046],[101.63047,3.30026],[101.63131,3.30359],[101.63227,3.30321],[101.63268,3.30178],[101.63358,3.3013],[101.63439,3.30167],[101.6356,3.30378],[101.63736,3.30357],[101.63942,3.3021],[101.64023,3.30378],[101.64199,3.30468],[101.64376,3.30476],[101.64452,3.30434],[101.64493,3.30619],[101.64551,3.30816],[101.64696,3.30747],[101.64754,3.30855],[101.6474,3.30909],[101.64852,3.30883],[101.64868,3.30802],[101.65005,3.30766],[101.65346,3.3075],[101.65423,3.30747],[101.65566,3.31198],[101.65697,3.31128],[101.65958,3.31155],[101.66019,3.31229],[101.6621,3.31194],[101.66354,3.31056],[101.66617,3.31134],[101.66632,3.31317],[101.6668,3.31486],[101.66665,3.31601],[101.66722,3.31701],[101.66667,3.31899],[101.6683,3.3206],[101.66881,3.32279],[101.66853,3.3249],[101.66935,3.32612],[101.66931,3.32845],[101.66943,3.32881],[101.67094,3.3305],[101.67132,3.3314],[101.6718,3.33349],[101.67298,3.33442],[101.67416,3.33629],[101.6757,3.33721],[101.67645,3.33824],[101.67682,3.33936],[101.67795,3.33866],[101.67914,3.33832],[101.67932,3.33792],[101.67996,3.33516],[101.68032,3.33235],[101.68172,3.3324],[101.68387,3.3343],[101.6862,3.33674],[101.68624,3.33737],[101.68587,3.33809],[101.68624,3.33941],[101.68693,3.34003],[101.68769,3.34023],[101.68831,3.34005],[101.68891,3.34069],[101.68971,3.34208],[101.69057,3.3424],[101.69274,3.3428],[101.69406,3.34621],[101.69536,3.34861],[101.6967,3.34994],[101.69803,3.35101],[101.69866,3.35119],[101.69987,3.35116],[101.70049,3.3522],[101.70045,3.35393],[101.70068,3.35669],[101.70127,3.35891],[101.7016,3.35957],[101.70216,3.36158],[101.70321,3.36277],[101.70444,3.36529],[101.7032,3.36626],[101.7027,3.36719],[101.70224,3.36713],[101.70149,3.36643],[101.70028,3.36652],[101.69829,3.36746],[101.69692,3.36725],[101.69522,3.36762],[101.69465,3.36818],[101.69402,3.36957],[101.69306,3.37094],[101.69307,3.37236]]]},"properties":{"name":"Hutan Simpanan Kekal Serendah","kind":"Forest reserve"}},
{"type":"Feature","geometry":{"type":"MultiPolygon","coordinates":[[[[101.6208,3.29602],[101.61968,3.29322],[101.61858,3.29246],[101.62084,3.29133],[101.62071,3.29319],[101.62145,3.29579],[101.6208,3.29602]]],[[[101.65346,3.3075],[101.65328,3.30054],[101.65221,3.29616],[101.65096,3.29553],[101.64453,3.29531],[101.64351,3.29325],[101.64377,3.2906],[101.64347,3.29013],[101.64357,3.289],[101.64205,3.28894],[101.64184,3.28805],[101.64236,3.28792],[101.64309,3.28719],[101.64325,3.28647],[101.64387,3.28604],[101.6439,3.28588],[101.64387,3.28578],[101.64405,3.28532],[101.64416,3.28472],[101.64415,3.28386],[101.64442,3.28342],[101.6452,3.28346],[101.64677,3.28475],[101.64845,3.28316],[101.6492,3.28198],[101.65183,3.2783],[101.65093,3.27773],[101.65162,3.27606],[101.65229,3.27522],[101.65208,3.27449],[101.65287,3.27419],[101.65382,3.27317],[101.65398,3.2718],[101.65563,3.2718],[101.65694,3.27225],[101.65787,3.27181],[101.65855,3.27215],[101.65925,3.27462],[101.65959,3.27519],[101.65954,3.27624],[101.66135,3.27658],[101.664,3.27564],[101.66457,3.27517],[101.66579,3.27504],[101.66645,3.27528],[101.66734,3.27729],[101.66791,3.27771],[101.66735,3.2778],[101.66865,3.28024],[101.66952,3.28097],[101.66938,3.2825],[101.66893,3.28356],[101.66913,3.28466],[101.67006,3.28552],[101.67083,3.28702],[101.67074,3.28858],[101.66986,3.29056],[101.66989,3.29081],[101.6692,3.29254],[101.66796,3.29325],[101.66695,3.29414],[101.6664,3.29508],[101.66627,3.29682],[101.66693,3.29777],[101.66691,3.29823],[101.66734,3.29963],[101.66807,3.30067],[101.66796,3.3021],[101.66839,3.30319],[101.66831,3.30472],[101.66721,3.30664],[101.66611,3.30757],[101.66589,3.30817],[101.66584,3.31046],[101.66617,3.31134],[101.66354,3.31056],[101.6621,3.31194],[101.66019,3.31229],[101.65958,3.31155],[101.65697,3.31128],[101.65566,3.31198],[101.65423,3.30747],[101.65346,3.3075]]]]},"properties":{"name":"Hutan Simpanan Kekal Templer","kind":"Forest reserve"}},
{"type":"Feature","geometry":{"type":"Polygon","coordinates":[[[101.61359,3.28913],[101.61504,3.29032],[101.61674,3.29152],[101.61858,3.29246],[101.61968,3.29322],[101.6208,3.29602],[101.62131,3.30211],[101.62159,3.30607],[101.6223,3.30662],[101.62186,3.30884],[101.61925,3.30818],[101.61736,3.30902],[101.61689,3.30866],[101.61549,3.30942],[101.61287,3.31191],[101.61104,3.31333],[101.60751,3.31553],[101.60476,3.31745],[101.60136,3.31696],[101.5994,3.31439],[101.59769,3.31187],[101.59812,3.30958],[101.59962,3.30834],[101.60258,3.30693],[101.6037,3.30688],[101.60421,3.30719],[101.60444,3.30629],[101.60265,3.30628],[101.60135,3.30671],[101.60049,3.30731],[101.59993,3.3042],[101.60099,3.30303],[101.60081,3.30191],[101.60224,3.30128],[101.60419,3.30131],[101.60528,3.30122],[101.60584,3.30192],[101.60631,3.30192],[101.60725,3.30084],[101.60717,3.3003],[101.60614,3.2985],[101.60504,3.29799],[101.60641,3.29642],[101.60827,3.29445],[101.61025,3.29261],[101.61036,3.29114],[101.61218,3.29015],[101.61359,3.28913]]]},"properties":{"name":"Hutan Simpanan Kekal Kanching","kind":"Forest reserve"}},
{"type":"Feature","geometry":{"type":"Polygon","coordinates":[[[101.61504,3.29032],[101.61359,3.28913],[101.61228,3.28578],[101.61207,3.28368],[101.6089,3.28389],[101.60915,3.28293],[101.60379,3.28288],[101.60379,3.28178],[101.60195,3.28188],[101.60201,3.2852],[101.59827,3.28529],[101.59814,3.28359],[101.58892,3.27833],[101.58778,3.27816],[101.58396,3.27716],[101.58422,3.26924],[101.58864,3.26512],[101.59092,3.26491],[101.59241,3.26466],[101.59374,3.26464],[101.59461,3.26338],[101.59228,3.26292],[101.58994,3.26041],[101.58696,3.25864],[101.58114,3.2558],[101.5754,3.25178],[101.57417,3.25126],[101.57335,3.24898],[101.57196,3.24756],[101.57104,3.24569],[101.56868,3.24361],[101.56783,3.2414],[101.56789,3.24044],[101.5689,3.2383],[101.56882,3.23588],[101.56928,3.23608],[101.57036,3.23424],[101.57572,3.23664],[101.57709,3.23409],[101.57986,3.23381],[101.58059,3.23201],[101.58231,3.22902],[101.58572,3.22891],[101.58652,3.2288],[101.58653,3.22752],[101.5873,3.22756],[101.593,3.22536],[101.59332,3.22675],[101.59407,3.22643],[101.59654,3.22632],[101.59657,3.22484],[101.59924,3.22458],[101.59924,3.22366],[101.60225,3.22361],[101.6028,3.22513],[101.60443,3.22521],[101.6049,3.22673],[101.61621,3.23322],[101.61673,3.23295],[101.61759,3.23153],[101.62137,3.22994],[101.62208,3.23041],[101.6223,3.23211],[101.62091,3.23313],[101.62032,3.23433],[101.62153,3.24096],[101.62213,3.24126],[101.62338,3.24133],[101.62406,3.24168],[101.62514,3.24082],[101.62563,3.24079],[101.62628,3.23979],[101.62697,3.23997],[101.63004,3.23841],[101.63262,3.24248],[101.63433,3.24762],[101.63748,3.24676],[101.6376,3.24893],[101.63725,3.24895],[101.63777,3.25773],[101.63891,3.25766],[101.63503,3.25973],[101.63486,3.2614],[101.63427,3.26189],[101.63332,3.2606],[101.63131,3.26058],[101.63193,3.26143],[101.63109,3.2622],[101.63023,3.26223],[101.62825,3.26074],[101.62609,3.26177],[101.62505,3.26111],[101.62385,3.26168],[101.62536,3.26312],[101.62498,3.26373],[101.62636,3.26409],[101.6288,3.26398],[101.63101,3.26457],[101.6321,3.26459],[101.63366,3.2649],[101.63303,3.26585],[101.63437,3.26676],[101.63472,3.26601],[101.63596,3.2662],[101.63704,3.26358],[101.63638,3.26272],[101.63702,3.26064],[101.63942,3.25994],[101.63972,3.26266],[101.63933,3.26438],[101.64041,3.26437],[101.64107,3.27523],[101.64638,3.27514],[101.64637,3.27496],[101.65116,3.27499],[101.65014,3.27624],[101.64982,3.2772],[101.64823,3.27709],[101.64648,3.27723],[101.64002,3.27614],[101.64076,3.27386],[101.64003,3.27318],[101.63916,3.2731],[101.63874,3.27237],[101.636,3.27222],[101.6349,3.2734],[101.63339,3.2744],[101.63306,3.27533],[101.63316,3.27601],[101.63378,3.27746],[101.63269,3.2779],[101.63108,3.2783],[101.6272,3.27951],[101.62722,3.28033],[101.63033,3.2831],[101.63075,3.28328],[101.62984,3.28522],[101.62846,3.28697],[101.62986,3.28851],[101.62732,3.29003],[101.62559,3.2899],[101.62487,3.28714],[101.61504,3.29032]]]},"properties":{"name":"Hutan Simpanan Kekal Bukit Lagong","kind":"Forest reserve"}},
{"type":"Feature","geometry":{"type":"Polygon","coordinates":[[[101.61504,3.29032],[101.61416,3.28893],[101.61335,3.28725],[101.61467,3.28638],[101.61535,3.28554],[101.61604,3.28502],[101.61687,3.28337],[101.6166,3.28234],[101.61666,3.28115],[101.61755,3.2802],[101.61802,3.27859],[101.61707,3.2774],[101.61405,3.27591],[101.61323,3.27514],[101.61232,3.27366],[101.61339,3.27309],[101.61445,3.27316],[101.61528,3.27414],[101.61669,3.27495],[101.61799,3.27474],[101.61985,3.27233],[101.62083,3.27222],[101.6227,3.2737],[101.62447,3.27679],[101.6258,3.27779],[101.62709,3.27815],[101.62789,3.27815],[101.63177,3.27514],[101.63282,3.27361],[101.63306,3.27533],[101.63316,3.27601],[101.63378,3.27746],[101.63269,3.2779],[101.63108,3.2783],[101.6272,3.27951],[101.62722,3.28033],[101.63033,3.2831],[101.63075,3.28328],[101.62984,3.28522],[101.62846,3.28697],[101.62986,3.28851],[101.62732,3.29003],[101.62559,3.2899],[101.62487,3.28714],[101.61504,3.29032]]]},"properties":{"name":"Taman Eko-Rimba Komanwel","kind":"Protected area"}},
{"type":"Feature","geometry":{"type":"Polygon","coordinates":[[[101.77771,3.22592],[101.76531,3.23081],[101.75292,3.23578],[101.75036,3.23555],[101.74849,3.23663],[101.73745,3.23838],[101.73646,3.23849],[101.73676,3.23639],[101.74123,3.23586],[101.75038,3.23368],[101.75192,3.23356],[101.75365,3.23287],[101.75761,3.23169],[101.7579,3.23145],[101.76295,3.22946],[101.7627,3.22917],[101.7649,3.22882],[101.7655,3.22824],[101.76585,3.22833],[101.76756,3.2279],[101.76829,3.22737],[101.76892,3.22731],[101.771,3.22649],[101.77213,3.22625],[101.77404,3.22525],[101.77835,3.22352],[101.77974,3.22385],[101.77853,3.2245],[101.77771,3.22592]]]},"properties":{"name":"Hutan Simpanan Kekal Hulu Gombak Tambahan 1","kind":"Forest reserve"}},
{"type":"Feature","geometry":{"type":"Polygon","coordinates":[[[101.73745,3.23838],[101.74849,3.23663],[101.75036,3.23555],[101.75292,3.23578],[101.76531,3.23081],[101.77771,3.22592],[101.77577,3.22924],[101.77726,3.23217],[101.77736,3.23297],[101.77637,3.23486],[101.7777,3.23562],[101.77872,3.23374],[101.77986,3.23572],[101.7796,3.23683],[101.77971,3.23772],[101.77583,3.24085],[101.77612,3.24352],[101.77693,3.24787],[101.77753,3.24837],[101.77706,3.24993],[101.77596,3.2506],[101.77447,3.25324],[101.77448,3.25426],[101.77474,3.25651],[101.77494,3.25902],[101.7739,3.25967],[101.77278,3.25887],[101.77277,3.25737],[101.77173,3.25683],[101.7609,3.26356],[101.76047,3.26291],[101.76047,3.25736],[101.75863,3.25738],[101.75538,3.25493],[101.75411,3.25347],[101.75446,3.25302],[101.7545,3.25201],[101.75378,3.24962],[101.75323,3.24844],[101.75163,3.24844],[101.75051,3.24768],[101.74918,3.24627],[101.75061,3.24415],[101.74964,3.24328],[101.74825,3.24529],[101.74544,3.2424],[101.74449,3.24132],[101.73745,3.23838]]]},"properties":{"name":"Hutan Simpanan Kekal Hulu Gombak Tambahan","kind":"Forest reserve"}},
{"type":"Feature","geometry":{"type":"Polygon","coordinates":[[[101.80696,3.15277],[101.80809,3.15306],[101.80991,3.15222],[101.81162,3.15641],[101.81182,3.15763],[101.8117,3.15911],[101.81129,3.16056],[101.81015,3.16184],[101.80955,3.16307],[101.80987,3.16368],[101.80995,3.16664],[101.8102,3.16798],[101.81069,3.16882],[101.8108,3.17006],[101.81012,3.17216],[101.81008,3.174],[101.80842,3.17459],[101.80668,3.17588],[101.80644,3.17693],[101.80662,3.17797],[101.806,3.17886],[101.80476,3.17993],[101.80393,3.18198],[101.80251,3.18454],[101.80278,3.18605],[101.80364,3.18803],[101.80601,3.19145],[101.80688,3.19308],[101.80776,3.19406],[101.80844,3.19679],[101.80891,3.19816],[101.80975,3.19933],[101.81006,3.20069],[101.81014,3.20191],[101.81036,3.20247],[101.81114,3.20313],[101.81204,3.2036],[101.81259,3.20452],[101.81275,3.20604],[101.81306,3.21068],[101.81199,3.21365],[101.81143,3.21463],[101.8114,3.21651],[101.81243,3.21732],[101.81309,3.21871],[101.81392,3.2196],[101.81525,3.22078],[101.81554,3.22134],[101.81561,3.22264],[101.81627,3.22354],[101.81715,3.22534],[101.81707,3.22758],[101.81649,3.22876],[101.81491,3.22919],[101.81386,3.2298],[101.81307,3.2299],[101.81267,3.22949],[101.81094,3.22854],[101.80986,3.22696],[101.8093,3.22553],[101.80797,3.22449],[101.8063,3.22243],[101.80357,3.22169],[101.80252,3.22014],[101.79985,3.21748],[101.79946,3.21671],[101.79783,3.21603],[101.79518,3.21527],[101.79456,3.21411],[101.79349,3.21258],[101.79091,3.20985],[101.78739,3.20579],[101.78628,3.20607],[101.78614,3.20548],[101.78696,3.20384],[101.78675,3.20287],[101.78697,3.20164],[101.78604,3.20054],[101.78677,3.19813],[101.78607,3.19723],[101.78607,3.19646],[101.78564,3.1957],[101.78564,3.19307],[101.78464,3.19177],[101.78362,3.19086],[101.78295,3.18996],[101.78215,3.18946],[101.7802,3.18945],[101.77779,3.16918],[101.7766,3.16712],[101.77508,3.16224],[101.77513,3.16104],[101.77209,3.16011],[101.77669,3.15827],[101.7775,3.15861],[101.77858,3.15744],[101.779,3.15725],[101.77987,3.15904],[101.77986,3.15916],[101.7811,3.16166],[101.78158,3.16273],[101.7836,3.1626],[101.78307,3.16151],[101.78307,3.16135],[101.78075,3.15681],[101.78102,3.15677],[101.78255,3.15542],[101.7808,3.15265],[101.78145,3.1511],[101.78585,3.15718],[101.78968,3.1557],[101.78987,3.15461],[101.79041,3.15432],[101.79022,3.15314],[101.78886,3.15301],[101.78807,3.15216],[101.78801,3.15114],[101.78863,3.15119],[101.78775,3.14869],[101.7892,3.14878],[101.78972,3.14919],[101.79117,3.14965],[101.79451,3.15262],[101.79464,3.1528],[101.79769,3.15022],[101.79887,3.15047],[101.8016,3.14888],[101.80268,3.1504],[101.80284,3.15094],[101.80348,3.15188],[101.80696,3.15277]]]},"properties":{"name":"Hutan Simpanan Kekal Ampang","kind":"Forest reserve"}},
{"type":"Feature","geometry":{"type":"Polygon","coordinates":[[[101.81649,3.22876],[101.81707,3.22758],[101.81715,3.22534],[101.81627,3.22354],[101.81561,3.22264],[101.81554,3.22134],[101.81525,3.22078],[101.81392,3.2196],[101.81309,3.21871],[101.81243,3.21732],[101.8114,3.21651],[101.81143,3.21463],[101.81199,3.21365],[101.81306,3.21068],[101.81275,3.20604],[101.81259,3.20452],[101.81204,3.2036],[101.81114,3.20313],[101.81036,3.20247],[101.81014,3.20191],[101.81006,3.20069],[101.80975,3.19933],[101.80891,3.19816],[101.80844,3.19679],[101.80776,3.19406],[101.80688,3.19308],[101.80601,3.19145],[101.80364,3.18803],[101.80278,3.18605],[101.80251,3.18454],[101.80393,3.18198],[101.80476,3.17993],[101.806,3.17886],[101.80662,3.17797],[101.80644,3.17693],[101.80668,3.17588],[101.80842,3.17459],[101.81008,3.174],[101.81012,3.17216],[101.8108,3.17006],[101.81069,3.16882],[101.8102,3.16798],[101.80995,3.16664],[101.80987,3.16368],[101.80955,3.16307],[101.81015,3.16184],[101.81129,3.16056],[101.8117,3.15911],[101.81182,3.15763],[101.81162,3.15641],[101.80991,3.15222],[101.80809,3.15306],[101.80696,3.15277],[101.80947,3.15126],[101.80763,3.14726],[101.80617,3.1471],[101.8064,3.15088],[101.80284,3.15094],[101.80268,3.1504],[101.8016,3.14888],[101.79887,3.15047],[101.79769,3.15022],[101.79464,3.1528],[101.79517,3.15179],[101.79519,3.15126],[101.79463,3.15068],[101.79379,3.15055],[101.79223,3.14902],[101.79232,3.14857],[101.79145,3.14804],[101.79145,3.14613],[101.79112,3.14567],[101.79111,3.14481],[101.79191,3.1442],[101.79153,3.14369],[101.79065,3.14339],[101.79022,3.14245],[101.78809,3.14229],[101.78811,3.1416],[101.78747,3.14091],[101.78799,3.14026],[101.7891,3.14],[101.78968,3.13928],[101.79055,3.13898],[101.79134,3.13812],[101.79149,3.13711],[101.79229,3.1366],[101.79241,3.13585],[101.79214,3.13534],[101.79115,3.13547],[101.79106,3.13407],[101.7932,3.13333],[101.79135,3.12944],[101.79073,3.12861],[101.78721,3.12938],[101.78536,3.12755],[101.78533,3.12421],[101.78541,3.12099],[101.7843,3.12093],[101.78199,3.11744],[101.78194,3.11544],[101.78302,3.11492],[101.78027,3.1133],[101.77952,3.11236],[101.77715,3.10983],[101.77585,3.10885],[101.76973,3.10343],[101.76893,3.10273],[101.76658,3.10072],[101.76636,3.1008],[101.76491,3.09946],[101.7683,3.09553],[101.76993,3.09376],[101.76842,3.09238],[101.7702,3.08633],[101.77211,3.08637],[101.77211,3.08594],[101.77381,3.08522],[101.77434,3.08557],[101.77356,3.08719],[101.77454,3.08747],[101.77522,3.08586],[101.77822,3.08616],[101.78118,3.08638],[101.78407,3.09179],[101.78278,3.09254],[101.7834,3.09356],[101.78478,3.09285],[101.78621,3.09485],[101.78765,3.09656],[101.7889,3.09828],[101.78867,3.10011],[101.79059,3.10025],[101.79244,3.09914],[101.7945,3.1035],[101.79465,3.10361],[101.79465,3.10819],[101.79692,3.1206],[101.79635,3.12141],[101.79702,3.1224],[101.79884,3.12322],[101.80009,3.12404],[101.80364,3.12526],[101.80382,3.12692],[101.80351,3.12993],[101.8046,3.13031],[101.8122,3.13449],[101.81236,3.13854],[101.8112,3.13862],[101.8109,3.14],[101.80982,3.14151],[101.81071,3.14189],[101.81148,3.14018],[101.81226,3.13911],[101.81334,3.14004],[101.81342,3.14095],[101.81388,3.14211],[101.81269,3.1423],[101.81312,3.144],[101.81341,3.14674],[101.81239,3.14879],[101.81326,3.14999],[101.81355,3.15161],[101.81454,3.1519],[101.81523,3.15425],[101.81493,3.15589],[101.81547,3.15747],[101.81604,3.15823],[101.81634,3.16007],[101.8172,3.16174],[101.81686,3.16336],[101.81682,3.16477],[101.81716,3.16569],[101.81708,3.16643],[101.81806,3.16677],[101.81902,3.16882],[101.81993,3.17132],[101.82042,3.17213],[101.82004,3.17261],[101.82055,3.17392],[101.82117,3.1746],[101.82308,3.17542],[101.82232,3.17607],[101.8222,3.17706],[101.82262,3.17803],[101.82339,3.17868],[101.82408,3.17851],[101.82434,3.17885],[101.82498,3.178],[101.826,3.17801],[101.82593,3.17742],[101.8267,3.17671],[101.82807,3.17681],[101.82893,3.1759],[101.82924,3.17491],[101.82908,3.17385],[101.82982,3.17354],[101.83057,3.17448],[101.83114,3.17427],[101.83073,3.17153],[101.83029,3.17128],[101.8301,3.17047],[101.83064,3.1699],[101.83419,3.16884],[101.83402,3.16772],[101.83488,3.1669],[101.83595,3.16781],[101.83686,3.16716],[101.83635,3.16619],[101.83746,3.16614],[101.83749,3.16399],[101.83891,3.16386],[101.83913,3.16501],[101.83943,3.16561],[101.83814,3.16743],[101.83891,3.1686],[101.83908,3.17004],[101.83895,3.17101],[101.83968,3.17173],[101.83876,3.17422],[101.84034,3.17491],[101.84086,3.17598],[101.8421,3.17501],[101.84226,3.17379],[101.84291,3.17255],[101.8441,3.17332],[101.84416,3.17496],[101.84504,3.17618],[101.8463,3.17667],[101.8463,3.17811],[101.84686,3.17879],[101.84704,3.18038],[101.84649,3.18172],[101.84545,3.18143],[101.84544,3.18214],[101.84593,3.18501],[101.84232,3.18729],[101.84214,3.18797],[101.8424,3.18962],[101.84141,3.19034],[101.84184,3.19153],[101.84257,3.19149],[101.84257,3.19336],[101.84271,3.19406],[101.84194,3.1944],[101.84143,3.19501],[101.84245,3.19574],[101.84074,3.19709],[101.83974,3.19706],[101.83888,3.1977],[101.83978,3.19929],[101.83855,3.19954],[101.83837,3.19997],[101.8392,3.2005],[101.83873,3.20142],[101.83901,3.20257],[101.83843,3.20362],[101.83916,3.20455],[101.84006,3.20396],[101.8399,3.2082],[101.84278,3.20928],[101.84372,3.21049],[101.84382,3.21222],[101.84554,3.21218],[101.84702,3.21358],[101.84719,3.21427],[101.84776,3.21392],[101.84842,3.21483],[101.84919,3.21513],[101.84964,3.21431],[101.84961,3.21278],[101.85023,3.21264],[101.85084,3.21094],[101.85135,3.21132],[101.85177,3.21111],[101.8532,3.21214],[101.85392,3.21231],[101.85401,3.21174],[101.85474,3.21184],[101.85504,3.21077],[101.85293,3.20784],[101.8531,3.20575],[101.85548,3.20541],[101.85498,3.20747],[101.85586,3.20771],[101.85553,3.20929],[101.85666,3.21035],[101.85699,3.21147],[101.85744,3.21177],[101.85761,3.21395],[101.85838,3.21665],[101.8569,3.2161],[101.85663,3.21654],[101.85718,3.21737],[101.85732,3.21808],[101.85705,3.21884],[101.85831,3.22149],[101.85753,3.22327],[101.86021,3.22331],[101.86125,3.22343],[101.86298,3.22524],[101.864,3.22465],[101.8655,3.22337],[101.8662,3.22307],[101.86653,3.22166],[101.86649,3.22062],[101.86765,3.2184],[101.86825,3.21881],[101.86935,3.22143],[101.8698,3.22211],[101.87177,3.22203],[101.87223,3.2214],[101.87262,3.22263],[101.87417,3.22356],[101.87472,3.22281],[101.87593,3.22174],[101.87519,3.21847],[101.87665,3.21625],[101.87752,3.2165],[101.87834,3.2153],[101.88156,3.21333],[101.88153,3.21135],[101.88077,3.20967],[101.88056,3.20853],[101.88143,3.20725],[101.88052,3.20653],[101.88027,3.20591],[101.87941,3.20588],[101.87907,3.20539],[101.87782,3.20491],[101.87792,3.20439],[101.87747,3.20359],[101.87787,3.20282],[101.8775,3.20246],[101.87799,3.20159],[101.87822,3.20053],[101.87789,3.19977],[101.88007,3.19891],[101.88098,3.19669],[101.88068,3.19561],[101.88171,3.19429],[101.88196,3.19304],[101.8815,3.1927],[101.88151,3.19141],[101.88006,3.19021],[101.87861,3.1895],[101.87777,3.18859],[101.87687,3.18931],[101.87602,3.18896],[101.87521,3.18892],[101.87433,3.19024],[101.87368,3.19011],[101.87395,3.18798],[101.87438,3.18789],[101.87513,3.18654],[101.87515,3.18587],[101.87409,3.18583],[101.87412,3.18537],[101.86958,3.18015],[101.86957,3.17881],[101.86894,3.17784],[101.87026,3.17783],[101.87462,3.18256],[101.87439,3.18179],[101.8744,3.17972],[101.87789,3.17846],[101.879,3.17827],[101.87973,3.17787],[101.88283,3.17692],[101.88613,3.1765],[101.89008,3.17577],[101.89046,3.17479],[101.8918,3.17327],[101.89309,3.17449],[101.89408,3.17244],[101.89374,3.17099],[101.89417,3.16996],[101.89473,3.1697],[101.89503,3.16907],[101.8952,3.16748],[101.89443,3.16606],[101.89384,3.16551],[101.89469,3.16503],[101.89546,3.16551],[101.89635,3.16645],[101.89721,3.16627],[101.89696,3.16541],[101.89682,3.16405],[101.89879,3.16284],[101.89861,3.16173],[101.91157,3.15674],[101.91217,3.15566],[101.9126,3.15436],[101.9138,3.15331],[101.91504,3.15301],[101.91685,3.15289],[101.91722,3.1537],[101.91828,3.15686],[101.91807,3.15851],[101.91742,3.15986],[101.91732,3.16081],[101.91747,3.16168],[101.91789,3.16229],[101.92043,3.16406],[101.92131,3.16486],[101.92197,3.16573],[101.92204,3.16663],[101.92235,3.16747],[101.92291,3.16808],[101.9237,3.16841],[101.92651,3.16854],[101.92733,3.16867],[101.92903,3.16944],[101.93118,3.17161],[101.93317,3.1744],[101.9339,3.17604],[101.93504,3.17752],[101.93637,3.17889],[101.93761,3.18058],[101.93926,3.18325],[101.94042,3.1844],[101.94116,3.18538],[101.94321,3.1871],[101.94401,3.18796],[101.94447,3.18882],[101.94589,3.19038],[101.94726,3.1913],[101.94783,3.1921],[101.94778,3.19388],[101.94726,3.19767],[101.94554,3.20484],[101.94919,3.20651],[101.95033,3.20686],[101.9481,3.21024],[101.94867,3.21231],[101.94912,3.21461],[101.94781,3.21748],[101.94729,3.21834],[101.94735,3.2196],[101.94717,3.2223],[101.94626,3.22373],[101.94471,3.22649],[101.94391,3.22855],[101.94317,3.22941],[101.9426,3.23045],[101.94076,3.23498],[101.94013,3.23613],[101.93916,3.23716],[101.93762,3.23819],[101.93516,3.23934],[101.93321,3.24089],[101.93281,3.24146],[101.9323,3.24284],[101.93087,3.24496],[101.93218,3.246],[101.93247,3.24703],[101.93343,3.24898],[101.9348,3.25048],[101.9336,3.25111],[101.93177,3.25366],[101.93107,3.25428],[101.93009,3.25447],[101.92923,3.25408],[101.92859,3.25445],[101.92809,3.25513],[101.92796,3.25618],[101.92833,3.25767],[101.92589,3.25962],[101.92539,3.26027],[101.92301,3.26016],[101.92151,3.25981],[101.92012,3.2598],[101.91924,3.26015],[101.9184,3.2601],[101.91746,3.2594],[101.91667,3.25932],[101.91438,3.25974],[101.91385,3.26014],[101.91324,3.25994],[101.91112,3.25855],[101.9097,3.25868],[101.90935,3.25909],[101.90913,3.26043],[101.90909,3.26182],[101.90883,3.26235],[101.90792,3.26327],[101.90612,3.26378],[101.90407,3.26394],[101.90354,3.26413],[101.90101,3.26618],[101.90029,3.26654],[101.89759,3.26651],[101.89413,3.26581],[101.89318,3.26501],[101.89227,3.26259],[101.89109,3.26069],[101.89049,3.26027],[101.89004,3.2604],[101.88919,3.26112],[101.88827,3.26128],[101.88553,3.26084],[101.88518,3.261],[101.88369,3.26301],[101.88275,3.26387],[101.88133,3.26455],[101.88016,3.26579],[101.87892,3.26672],[101.8778,3.26778],[101.87631,3.2712],[101.87531,3.27203],[101.87448,3.27215],[101.87233,3.27102],[101.87019,3.27017],[101.86962,3.27006],[101.86883,3.27035],[101.86415,3.27026],[101.86293,3.27038],[101.86148,3.27095],[101.86074,3.27197],[101.85862,3.27317],[101.85788,3.27435],[101.85753,3.27454],[101.85571,3.27484],[101.85432,3.27523],[101.85369,3.2758],[101.85244,3.27374],[101.8519,3.27317],[101.85022,3.27188],[101.84893,3.27168],[101.84695,3.27227],[101.84519,3.27251],[101.84418,3.27206],[101.8441,3.27075],[101.84375,3.27017],[101.84307,3.26823],[101.84278,3.26772],[101.8418,3.26676],[101.84055,3.26437],[101.83962,3.26448],[101.83898,3.26431],[101.83827,3.26326],[101.83708,3.26283],[101.836,3.26187],[101.83505,3.26187],[101.83425,3.26069],[101.83311,3.25949],[101.83201,3.25925],[101.83079,3.2579],[101.83075,3.25685],[101.8312,3.25577],[101.83153,3.25248],[101.8305,3.2522],[101.83004,3.25173],[101.83064,3.25069],[101.83069,3.25009],[101.82992,3.24873],[101.82927,3.24813],[101.8287,3.24685],[101.82721,3.24478],[101.82663,3.24355],[101.82535,3.24248],[101.82447,3.24136],[101.824,3.24011],[101.82244,3.23651],[101.82158,3.23494],[101.81991,3.23346],[101.81865,3.23273],[101.81796,3.23075],[101.81649,3.22876]],[[101.88017,3.22811],[101.88044,3.22816],[101.88152,3.22717],[101.88067,3.2266],[101.88017,3.22811]]]},"properties":{"name":"Hutan Simpanan Kekal Ulu Langat","kind":"Forest reserve"}},
{"type":"Feature","geometry":{"type":"MultiPolygon","coordinates":[[[[101.74346,3.0843],[101.74398,3.08277],[101.74575,3.08282],[101.74499,3.08398],[101.74497,3.08521],[101.74426,3.08523],[101.74346,3.0843]]],[[[101.74576,3.08195],[101.74575,3.08282],[101.7436,3.08276],[101.74365,3.08176],[101.74414,3.08149],[101.74576,3.08195]]],[[[101.74956,3.07631],[101.74775,3.0763],[101.7478,3.07844],[101.7472,3.07828],[101.74599,3.07843],[101.74859,3.07374],[101.74953,3.07545],[101.74956,3.07631]]],[[[101.75208,3.08769],[101.75696,3.09194],[101.75636,3.09336],[101.75156,3.08873],[101.74788,3.08783],[101.74564,3.08442],[101.74959,3.08059],[101.74824,3.08048],[101.74664,3.08019],[101.74781,3.07869],[101.74889,3.07845],[101.75059,3.07873],[101.74991,3.07998],[101.75035,3.08123],[101.74824,3.08339],[101.74732,3.08417],[101.74787,3.08558],[101.74817,3.08551],[101.74933,3.08721],[101.75208,3.08769]]]]},"properties":{"name":"Hutan Simpanan Kekal Bukit Sungai Putih (Selatan)","kind":"Forest reserve"}},
{"type":"Feature","geometry":{"type":"Polygon","coordinates":[[[101.76973,3.10343],[101.7647,3.10712],[101.76237,3.10639],[101.75948,3.10295],[101.75524,3.09963],[101.75263,3.0973],[101.75643,3.0972],[101.76296,3.10421],[101.76893,3.10273],[101.76973,3.10343]]]},"properties":{"name":"Hutan Simpanan Kekal Bukit Sungai Putih (Utara)","kind":"Forest reserve"}},
{"type":"Feature","geometry":{"type":"Polygon","coordinates":[[[101.64314,2.99407],[101.64238,2.99172],[101.64097,2.99174],[101.64096,2.98981],[101.64636,2.98979],[101.64649,2.99107],[101.64592,2.99281],[101.6457,2.99411],[101.64314,2.99407]]]},"properties":{"name":"Hutan Simpanan Kekal Ayer Hitam Tambahan","kind":"Forest reserve"}},
{"type":"Feature","geometry":{"type":"MultiPolygon","coordinates":[[[[101.64649,2.99107],[101.65004,2.99104],[101.64932,2.99398],[101.64745,2.993],[101.64649,2.99107]]],[[[101.6457,2.99411],[101.64563,2.99473],[101.64631,2.99616],[101.64586,3.00301],[101.64772,3.0054],[101.64884,3.00388],[101.6504,3.00375],[101.65171,3.00431],[101.65281,3.00386],[101.65401,3.0039],[101.65569,3.00294],[101.65758,3.00624],[101.65539,3.00818],[101.65384,3.00966],[101.65482,3.01091],[101.65471,3.01199],[101.65511,3.01316],[101.65402,3.0157],[101.65429,3.01773],[101.6649,3.01931],[101.6676,3.01846],[101.66776,3.0192],[101.66903,3.02044],[101.66758,3.02403],[101.66654,3.02887],[101.66526,3.03106],[101.6644,3.03223],[101.66231,3.03306],[101.66229,3.03395],[101.66271,3.03479],[101.65986,3.03473],[101.64941,3.03486],[101.64262,3.03482],[101.63864,3.03483],[101.63469,3.03503],[101.63446,3.03443],[101.63372,3.0341],[101.63107,3.03555],[101.63107,3.03335],[101.63074,3.03098],[101.63084,3.02935],[101.63065,3.02826],[101.63107,3.02787],[101.63232,3.02607],[101.63311,3.0252],[101.6334,3.02424],[101.63297,3.02216],[101.63115,3.02143],[101.63123,3.01888],[101.63182,3.01038],[101.63191,3.00844],[101.63219,3.00468],[101.63986,3.00449],[101.64134,3.00479],[101.64297,3.00324],[101.6441,3.00104],[101.6439,2.99912],[101.64251,2.99872],[101.64346,2.99512],[101.64314,2.99407],[101.6457,2.99411]]]]},"properties":{"name":"Hutan Simpanan Kekal Ayer Hitam","kind":"Forest reserve"}},
{"type":"Feature","geometry":{"type":"Polygon","coordinates":[[[101.58126,3.19165],[101.58122,3.18942],[101.58285,3.18945],[101.58341,3.18705],[101.58488,3.1854],[101.58555,3.1837],[101.5846,3.18193],[101.58645,3.18041],[101.58761,3.17991],[101.58868,3.18009],[101.58954,3.18077],[101.59057,3.17993],[101.59163,3.17719],[101.59161,3.17619],[101.59075,3.17538],[101.58987,3.17521],[101.58883,3.17573],[101.58781,3.17555],[101.587,3.17386],[101.58603,3.1732],[101.58508,3.17276],[101.58319,3.17349],[101.58273,3.174],[101.5818,3.17238],[101.58096,3.17285],[101.58005,3.17183],[101.58074,3.17142],[101.58057,3.17057],[101.58079,3.16976],[101.58059,3.16773],[101.58109,3.16573],[101.58207,3.16476],[101.58379,3.1652],[101.58452,3.16617],[101.58581,3.16699],[101.5866,3.16682],[101.58781,3.1672],[101.58939,3.16725],[101.59062,3.1677],[101.59327,3.1693],[101.59476,3.16879],[101.59421,3.16684],[101.59292,3.16553],[101.59251,3.1639],[101.59408,3.16266],[101.59542,3.16362],[101.59653,3.16343],[101.59674,3.16464],[101.5967,3.16748],[101.59735,3.16959],[101.59826,3.17112],[101.59904,3.17331],[101.60021,3.17545],[101.60034,3.17658],[101.60011,3.17763],[101.59981,3.17808],[101.59791,3.18021],[101.59728,3.1811],[101.59683,3.1825],[101.59564,3.1834],[101.59536,3.18395],[101.59137,3.18572],[101.59096,3.18604],[101.58842,3.18707],[101.58743,3.18652],[101.58519,3.18747],[101.58451,3.18921],[101.58394,3.18957],[101.58273,3.1913],[101.58196,3.19129],[101.58126,3.19165]]]},"properties":{"name":"Hutan Simpanan Kekal Kota Damansara","kind":"Forest reserve"}},
{"type":"Feature","geometry":{"type":"Polygon","coordinates":[[[101.58273,3.1913],[101.58236,3.19226],[101.58202,3.19519],[101.58221,3.19714],[101.58056,3.19778],[101.57822,3.19777],[101.57787,3.19554],[101.5779,3.19435],[101.57864,3.1944],[101.57905,3.19395],[101.57967,3.19159],[101.58016,3.19145],[101.58126,3.19165],[101.58196,3.19129],[101.58273,3.1913]]]},"properties":{"name":"Hutan Simpanan Kekal Sungai Buluh","kind":"Forest reserve"}},
{"type":"Feature","geometry":{"type":"Polygon","coordinates":[[[101.58867,3.15004],[101.59032,3.15016],[101.59049,3.15042],[101.59067,3.15351],[101.59003,3.15359],[101.58971,3.15441],[101.58888,3.15462],[101.5891,3.1531],[101.58947,3.15233],[101.5887,3.15148],[101.58867,3.15004]]]},"properties":{"name":"Taman Kota @ PJ","kind":"Park"}},
{"type":"Feature","geometry":{"type":"Polygon","coordinates":[[[101.46874,3.19409],[101.4677,3.19277],[101.46682,3.19245],[101.46502,3.19243],[101.46221,3.18864],[101.46204,3.18805],[101.46258,3.18641],[101.46273,3.18425],[101.46397,3.18176],[101.46557,3.17899],[101.46745,3.17805],[101.46803,3.1755],[101.46797,3.17519],[101.46894,3.17368],[101.47,3.17301],[101.47087,3.17285],[101.47379,3.17291],[101.47603,3.17343],[101.47677,3.17101],[101.47757,3.16943],[101.47856,3.1684],[101.47912,3.16749],[101.48005,3.16666],[101.48093,3.1642],[101.48115,3.16335],[101.48105,3.16238],[101.47972,3.15942],[101.47962,3.15831],[101.47986,3.15541],[101.48094,3.15309],[101.48242,3.15088],[101.48336,3.15062],[101.48409,3.15019],[101.48628,3.1486],[101.48829,3.14704],[101.48956,3.14577],[101.4919,3.14435],[101.49244,3.14434],[101.49444,3.14381],[101.49608,3.14367],[101.49608,3.1466],[101.49616,3.15018],[101.49522,3.15181],[101.49267,3.15272],[101.49117,3.15213],[101.49017,3.15241],[101.48948,3.15283],[101.48956,3.15377],[101.48851,3.15605],[101.48768,3.15702],[101.48762,3.15752],[101.49198,3.15719],[101.49196,3.16976],[101.49917,3.16962],[101.49922,3.1825],[101.4956,3.18244],[101.49559,3.1827],[101.49402,3.1838],[101.49253,3.1841],[101.49191,3.18445],[101.49052,3.18562],[101.48972,3.18694],[101.49,3.18855],[101.48991,3.18889],[101.48884,3.18967],[101.48844,3.19047],[101.48884,3.19151],[101.4881,3.1922],[101.48696,3.19208],[101.4849,3.19243],[101.48427,3.193],[101.48347,3.193],[101.48261,3.19231],[101.4813,3.19225],[101.4801,3.19191],[101.47861,3.19231],[101.47798,3.19289],[101.47741,3.19306],[101.47592,3.19299],[101.47523,3.1927],[101.47313,3.1929],[101.46874,3.19409]]]},"properties":{"name":"Hutan Simpanan Kekal Bukit Cherakah","kind":"Forest reserve"}},
{"type":"Feature","geometry":{"type":"MultiPolygon","coordinates":[[[[101.51402,3.09545],[101.50717,3.09548],[101.50714,3.09419],[101.51024,3.09406],[101.5121,3.09406],[101.51378,3.09419],[101.52023,3.09441],[101.5182,3.0955],[101.51402,3.09545]]],[[[101.50616,3.12889],[101.50591,3.12838],[101.50587,3.1269],[101.50704,3.12406],[101.508,3.12154],[101.50352,3.11999],[101.5039,3.11904],[101.50138,3.11798],[101.50092,3.11923],[101.49758,3.114],[101.49707,3.11388],[101.49719,3.11287],[101.49674,3.11274],[101.49434,3.11278],[101.49005,3.11456],[101.48923,3.11669],[101.48777,3.11712],[101.4864,3.11732],[101.48474,3.1169],[101.48419,3.10462],[101.49166,3.10435],[101.49166,3.10159],[101.49393,3.1016],[101.49509,3.0985],[101.49555,3.09686],[101.49541,3.09643],[101.49786,3.09576],[101.50054,3.09578],[101.51402,3.09565],[101.5168,3.09567],[101.51852,3.0958],[101.51981,3.09502],[101.5205,3.09501],[101.52023,3.11714],[101.5177,3.11711],[101.51641,3.12103],[101.51911,3.12232],[101.51923,3.12477],[101.51929,3.12551],[101.51858,3.12628],[101.51422,3.12635],[101.51163,3.12755],[101.51082,3.12775],[101.50886,3.12859],[101.50647,3.12912],[101.50616,3.12889]]]]},"properties":{"name":"Hutan Simpanan Kekal Bukit Cherakah Tambahan","kind":"Forest reserve"}},
{"type":"Feature","geometry":{"type":"MultiPolygon","coordinates":[[[[101.42191,2.83655],[101.42118,2.83602],[101.42261,2.83573],[101.42413,2.83574],[101.42191,2.83655]]],[[[101.41767,2.8382],[101.4177,2.83685],[101.41879,2.83633],[101.42112,2.83642],[101.4216,2.83673],[101.41804,2.838],[101.41767,2.8382]]],[[[101.43035,2.84369],[101.431,2.84455],[101.43194,2.84458],[101.43166,2.8458],[101.4307,2.84655],[101.42895,2.84696],[101.42673,2.84703],[101.42494,2.84696],[101.42314,2.84716],[101.42193,2.84627],[101.4221,2.84529],[101.42082,2.84519],[101.41977,2.84475],[101.4194,2.84565],[101.4185,2.84563],[101.41585,2.84626],[101.41534,2.84627],[101.4149,2.8455],[101.41496,2.84185],[101.41421,2.83974],[101.41492,2.83942],[101.41928,2.84375],[101.41955,2.84345],[101.41881,2.84274],[101.42039,2.8425],[101.42135,2.84455],[101.43035,2.84369]]]]},"properties":{"name":"Hutan Simpanan Kekal Bukit Jugra Tambahan","kind":"Forest reserve"}},
{"type":"Feature","geometry":{"type":"Polygon","coordinates":[[[101.42191,2.83655],[101.42413,2.83574],[101.42427,2.83563],[101.42659,2.83891],[101.42617,2.84025],[101.42811,2.84084],[101.4282,2.84197],[101.42977,2.84217],[101.43056,2.84349],[101.43035,2.84369],[101.42135,2.84455],[101.42039,2.8425],[101.42096,2.83961],[101.4189,2.83899],[101.41854,2.83943],[101.41767,2.8382],[101.41804,2.838],[101.4216,2.83673],[101.42204,2.83789],[101.42261,2.83821],[101.4234,2.83949],[101.42379,2.84064],[101.42357,2.84142],[101.42393,2.84219],[101.42496,2.84255],[101.4247,2.84128],[101.42422,2.84064],[101.42319,2.83831],[101.42219,2.83751],[101.42191,2.83655]]]},"properties":{"name":"Hutan Simpanan Kekal Bukit Jugra","kind":"Forest reserve"}},
{"type":"Feature","geometry":{"type":"Polygon","coordinates":[[[101.74089,3.55499],[101.761,3.51393],[101.76094,3.50788],[101.76109,3.5029],[101.76257,3.49956],[101.7623,3.50109],[101.76213,3.50286],[101.76222,3.50474],[101.76216,3.50654],[101.76197,3.50796],[101.76307,3.50903],[101.76409,3.51044],[101.76527,3.51272],[101.76599,3.51324],[101.76913,3.51385],[101.76946,3.51416],[101.77093,3.51733],[101.7721,3.52087],[101.7738,3.52397],[101.77444,3.52542],[101.77525,3.52591],[101.7762,3.52702],[101.7766,3.52926],[101.7763,3.53134],[101.77684,3.53383],[101.77829,3.53588],[101.77898,3.53665],[101.77953,3.53768],[101.78054,3.54038],[101.78054,3.54101],[101.78103,3.54178],[101.78284,3.54238],[101.78424,3.5434],[101.78481,3.54434],[101.78544,3.54604],[101.78655,3.54669],[101.78813,3.54568],[101.78955,3.54558],[101.79078,3.54609],[101.79177,3.54733],[101.79316,3.54757],[101.79532,3.5468],[101.79689,3.54665],[101.79864,3.54722],[101.80003,3.54859],[101.80095,3.54997],[101.80197,3.55028],[101.80463,3.54954],[101.80509,3.54982],[101.80525,3.55097],[101.80492,3.5523],[101.8044,3.55275],[101.80437,3.55339],[101.80486,3.55505],[101.80501,3.55644],[101.80564,3.55784],[101.80674,3.56117],[101.80752,3.56481],[101.80813,3.56674],[101.80791,3.56758],[101.80802,3.56873],[101.80891,3.57108],[101.8088,3.57204],[101.80777,3.57335],[101.80663,3.5744],[101.80678,3.57628],[101.80779,3.57864],[101.80799,3.57969],[101.808,3.58126],[101.80777,3.58163],[101.80804,3.58289],[101.80759,3.58393],[101.80807,3.58529],[101.80889,3.58596],[101.81014,3.58674],[101.81059,3.58763],[101.81068,3.58862],[101.8112,3.59138],[101.81253,3.59267],[101.81402,3.59365],[101.81469,3.59531],[101.81434,3.59722],[101.81434,3.59948],[101.81507,3.60331],[101.81428,3.60456],[101.81256,3.605],[101.81022,3.60502],[101.80934,3.60544],[101.80871,3.60656],[101.80847,3.60811],[101.80866,3.60883],[101.80923,3.60939],[101.80943,3.61034],[101.80931,3.61086],[101.80833,3.6117],[101.80619,3.61261],[101.80528,3.61335],[101.8042,3.61397],[101.80306,3.61406],[101.80095,3.61385],[101.79999,3.61427],[101.79906,3.61518],[101.79829,3.61623],[101.79827,3.61712],[101.7979,3.61805],[101.79838,3.61974],[101.79759,3.62259],[101.79644,3.62477],[101.79642,3.62659],[101.79598,3.62732],[101.79328,3.62768],[101.79128,3.62868],[101.7884,3.62849],[101.78757,3.62962],[101.78691,3.63023],[101.78609,3.63192],[101.78533,3.63261],[101.78414,3.63324],[101.78386,3.63372],[101.78367,3.63564],[101.78375,3.63761],[101.78403,3.63886],[101.78415,3.64027],[101.78441,3.64132],[101.78452,3.6429],[101.78401,3.64454],[101.78341,3.64505],[101.78274,3.6462],[101.78324,3.64728],[101.78444,3.64895],[101.78412,3.65035],[101.78219,3.65234],[101.78067,3.6526],[101.77886,3.65271],[101.77813,3.65317],[101.77753,3.65386],[101.7773,3.65474],[101.77665,3.65597],[101.77449,3.65869],[101.77385,3.65983],[101.77312,3.66051],[101.77259,3.66193],[101.77224,3.66237],[101.77127,3.66263],[101.77033,3.66309],[101.76904,3.66404],[101.76845,3.66482],[101.7653,3.66445],[101.7631,3.66377],[101.7624,3.66301],[101.76167,3.66115],[101.75958,3.65914],[101.75972,3.65805],[101.75959,3.65697],[101.75696,3.65516],[101.75649,3.65441],[101.75621,3.65271],[101.75537,3.65128],[101.75471,3.65102],[101.75245,3.64905],[101.75168,3.64749],[101.75002,3.64542],[101.74946,3.64423],[101.74857,3.64349],[101.74717,3.64141],[101.74624,3.64127],[101.74417,3.63954],[101.74314,3.63778],[101.74306,3.63589],[101.74219,3.63506],[101.74259,3.63377],[101.74232,3.63282],[101.7404,3.63111],[101.73979,3.63001],[101.74006,3.62811],[101.73949,3.62625],[101.73891,3.62573],[101.73864,3.62496],[101.73891,3.62433],[101.74024,3.62287],[101.73952,3.62176],[101.73875,3.62093],[101.73842,3.61761],[101.738,3.61684],[101.73362,3.61482],[101.73372,3.61578],[101.73332,3.61672],[101.73324,3.61847],[101.73372,3.619],[101.7333,3.62051],[101.73285,3.62107],[101.73303,3.62176],[101.73289,3.62291],[101.73336,3.62335],[101.73431,3.62369],[101.73444,3.62424],[101.73351,3.62543],[101.73402,3.62745],[101.73354,3.62853],[101.7338,3.62897],[101.7351,3.62921],[101.73519,3.62953],[101.73349,3.63006],[101.73245,3.63075],[101.73173,3.63207],[101.7318,3.6336],[101.73267,3.63345],[101.73319,3.63376],[101.73354,3.63518],[101.73437,3.63578],[101.73475,3.63679],[101.73358,3.63719],[101.73365,3.63795],[101.73432,3.63857],[101.73457,3.63927],[101.73529,3.63965],[101.73621,3.64042],[101.73606,3.64098],[101.73538,3.64145],[101.73432,3.64181],[101.73386,3.64251],[101.73413,3.64329],[101.73497,3.64365],[101.73624,3.64362],[101.73673,3.64386],[101.73708,3.64453],[101.73713,3.64575],[101.73688,3.64631],[101.73661,3.64808],[101.73598,3.64943],[101.73734,3.65112],[101.73761,3.65176],[101.7385,3.65288],[101.73651,3.65443],[101.73736,3.65541],[101.73759,3.65706],[101.73802,3.65765],[101.73874,3.65787],[101.73871,3.65881],[101.73817,3.65972],[101.7379,3.66071],[101.73872,3.66192],[101.73853,3.6634],[101.7396,3.66393],[101.73908,3.66545],[101.72397,3.66262],[101.7104,3.68007],[101.71063,3.68109],[101.71027,3.68207],[101.71038,3.68303],[101.71078,3.68404],[101.7107,3.68547],[101.70999,3.68663],[101.70749,3.68748],[101.70712,3.68784],[101.70552,3.68791],[101.70015,3.68504],[101.70072,3.68327],[101.699,3.68281],[101.69941,3.67698],[101.70969,3.67844],[101.70838,3.67607],[101.70898,3.67424],[101.70871,3.67118],[101.7073,3.67039],[101.70602,3.66826],[101.70516,3.66726],[101.7047,3.66612],[101.70495,3.66448],[101.70486,3.66393],[101.70382,3.66273],[101.7029,3.66077],[101.70255,3.66066],[101.70125,3.66168],[101.69921,3.66459],[101.6986,3.66519],[101.69815,3.66506],[101.69789,3.66433],[101.6971,3.66366],[101.69468,3.66219],[101.693,3.66222],[101.69254,3.66179],[101.69095,3.65914],[101.68973,3.65805],[101.68826,3.65735],[101.68685,3.65799],[101.68393,3.65804],[101.68326,3.65791],[101.68229,3.65603],[101.68151,3.65414],[101.6807,3.65279],[101.6788,3.65236],[101.67806,3.65135],[101.67718,3.65069],[101.67656,3.64976],[101.67674,3.64894],[101.67754,3.64831],[101.67777,3.64752],[101.67705,3.64645],[101.67704,3.64532],[101.67673,3.6442],[101.67471,3.64248],[101.67359,3.64077],[101.67592,3.63963],[101.67818,3.63739],[101.67909,3.63627],[101.68123,3.63459],[101.68163,3.63351],[101.68118,3.6319],[101.6809,3.63044],[101.68109,3.62925],[101.68018,3.62865],[101.67949,3.6278],[101.67795,3.62476],[101.67807,3.62317],[101.67777,3.62142],[101.67761,3.61821],[101.6768,3.61649],[101.67681,3.6153],[101.67742,3.61221],[101.67696,3.61127],[101.6739,3.60922],[101.6731,3.60659],[101.67441,3.60495],[101.6748,3.60346],[101.67385,3.60116],[101.67334,3.59866],[101.67242,3.59695],[101.67327,3.59613],[101.67351,3.59547],[101.67466,3.595],[101.67616,3.59409],[101.67726,3.59453],[101.6791,3.59489],[101.68035,3.5953],[101.6828,3.5953],[101.68502,3.59479],[101.68694,3.59385],[101.68584,3.59239],[101.68519,3.59129],[101.6847,3.59005],[101.68465,3.58905],[101.68502,3.58818],[101.68644,3.58722],[101.6868,3.58616],[101.68672,3.58518],[101.68603,3.58459],[101.68517,3.58449],[101.68398,3.58474],[101.68286,3.58379],[101.68164,3.58168],[101.68131,3.58041],[101.68165,3.57884],[101.6823,3.57763],[101.68706,3.57671],[101.69335,3.57494],[101.69521,3.57167],[101.69575,3.57254],[101.69803,3.57326],[101.69923,3.57283],[101.70041,3.57317],[101.70071,3.57431],[101.7011,3.5748],[101.70299,3.5762],[101.70413,3.57653],[101.70495,3.57743],[101.70592,3.57732],[101.70645,3.57594],[101.70769,3.57583],[101.70866,3.57613],[101.70951,3.57691],[101.70997,3.57693],[101.71077,3.5763],[101.71196,3.5769],[101.71388,3.57718],[101.7144,3.57838],[101.7142,3.57912],[101.71366,3.57998],[101.71366,3.58123],[101.71419,3.5819],[101.71512,3.58177],[101.71799,3.58265],[101.71855,3.58271],[101.71965,3.58368],[101.72073,3.58355],[101.72169,3.58421],[101.72279,3.58453],[101.72353,3.58541],[101.72462,3.58604],[101.72558,3.58628],[101.72664,3.58679],[101.72788,3.58656],[101.72877,3.58586],[101.72988,3.58598],[101.73075,3.58752],[101.73146,3.58801],[101.73353,3.58871],[101.73387,3.5916],[101.73462,3.59157],[101.73436,3.58934],[101.73581,3.58967],[101.73902,3.58958],[101.74015,3.58983],[101.74161,3.58983],[101.74114,3.58378],[101.74588,3.58342],[101.74602,3.58208],[101.74595,3.57872],[101.74744,3.57695],[101.74644,3.57664],[101.74594,3.57685],[101.74401,3.57625],[101.74251,3.57536],[101.74188,3.57472],[101.74028,3.57558],[101.73913,3.57439],[101.73928,3.57289],[101.7383,3.57272],[101.7387,3.57219],[101.74777,3.57116],[101.7463,3.5589],[101.74089,3.55499]]]},"properties":{"name":"Hutan Simpanan Kekal Hulu Selangor","kind":"Forest reserve"}},
{"type":"Feature","geometry":{"type":"Polygon","coordinates":[[[101.68398,3.58474],[101.68517,3.58449],[101.68603,3.58459],[101.68672,3.58518],[101.6868,3.58616],[101.68644,3.58722],[101.68502,3.58818],[101.68465,3.58905],[101.6847,3.59005],[101.68519,3.59129],[101.68584,3.59239],[101.68694,3.59385],[101.68502,3.59479],[101.6828,3.5953],[101.68035,3.5953],[101.6791,3.59489],[101.67726,3.59453],[101.67616,3.59409],[101.67695,3.59307],[101.67794,3.59225],[101.67878,3.59115],[101.6791,3.59007],[101.67902,3.58883],[101.67719,3.5858],[101.67896,3.58463],[101.68092,3.58532],[101.68224,3.58605],[101.68302,3.58528],[101.68398,3.58474]]]},"properties":{"name":"Hutan Simpanan Kekal Ampang Pechah","kind":"Forest reserve"}},
{"type":"Feature","geometry":{"type":"Polygon","coordinates":[[[101.74089,3.55499],[101.73723,3.56247],[101.71768,3.5732],[101.7158,3.57203],[101.71514,3.57373],[101.70551,3.56],[101.70427,3.56031],[101.70395,3.56083],[101.70295,3.56121],[101.70257,3.56097],[101.70143,3.56083],[101.70097,3.56156],[101.70088,3.56226],[101.7004,3.56237],[101.7003,3.56318],[101.69917,3.563],[101.69795,3.56133],[101.69729,3.56156],[101.69617,3.56101],[101.69516,3.55942],[101.69538,3.55856],[101.69523,3.55766],[101.69311,3.55598],[101.69104,3.55556],[101.69122,3.55411],[101.69069,3.55225],[101.68966,3.55113],[101.68954,3.55055],[101.69026,3.55028],[101.69091,3.54957],[101.691,3.54837],[101.69242,3.54682],[101.69409,3.54711],[101.69453,3.54776],[101.69553,3.54836],[101.69636,3.54835],[101.69706,3.54805],[101.6873,3.53383],[101.6891,3.5307],[101.68786,3.53004],[101.68454,3.52747],[101.68265,3.51507],[101.68343,3.5134],[101.68735,3.51073],[101.68814,3.50986],[101.69428,3.50532],[101.69977,3.49869],[101.70866,3.48243],[101.7113,3.48193],[101.71282,3.48184],[101.71504,3.4811],[101.71685,3.47985],[101.71909,3.47893],[101.72042,3.47894],[101.72239,3.47959],[101.72558,3.4798],[101.72678,3.47965],[101.72859,3.47962],[101.72914,3.47943],[101.73008,3.47954],[101.73193,3.47903],[101.73278,3.47912],[101.7347,3.47906],[101.73579,3.47878],[101.73796,3.47855],[101.73959,3.47946],[101.74287,3.47939],[101.74349,3.47962],[101.74547,3.47955],[101.74664,3.47979],[101.74765,3.48019],[101.74916,3.48108],[101.75032,3.482],[101.75155,3.48211],[101.75282,3.48167],[101.75495,3.48131],[101.75551,3.4809],[101.75605,3.48153],[101.75781,3.48018],[101.75859,3.47885],[101.75901,3.47849],[101.76116,3.47764],[101.76187,3.47878],[101.7647,3.47886],[101.76541,3.47824],[101.76713,3.47834],[101.76756,3.47984],[101.76714,3.48212],[101.76636,3.48349],[101.76655,3.48494],[101.76652,3.48603],[101.76555,3.48698],[101.7654,3.48835],[101.76458,3.49172],[101.76387,3.49257],[101.76247,3.49273],[101.76208,3.49326],[101.76235,3.49472],[101.76237,3.49608],[101.76222,3.49664],[101.76267,3.49781],[101.76257,3.49956],[101.76109,3.5029],[101.76094,3.50788],[101.761,3.51393],[101.74089,3.55499]]]},"properties":{"name":"Hutan Simpanan Kekal Bukit Kutu","kind":"Forest reserve"}},
{"type":"Feature","geometry":{"type":"Polygon","coordinates":[[[101.73908,3.66545],[101.7396,3.66393],[101.73853,3.6634],[101.73872,3.66192],[101.7379,3.66071],[101.73817,3.65972],[101.73871,3.65881],[101.73874,3.65787],[101.73802,3.65765],[101.73759,3.65706],[101.73736,3.65541],[101.73651,3.65443],[101.7385,3.65288],[101.73761,3.65176],[101.73734,3.65112],[101.73598,3.64943],[101.73661,3.64808],[101.73688,3.64631],[101.73713,3.64575],[101.73708,3.64453],[101.73673,3.64386],[101.73624,3.64362],[101.73497,3.64365],[101.73413,3.64329],[101.73386,3.64251],[101.73432,3.64181],[101.73538,3.64145],[101.73606,3.64098],[101.73621,3.64042],[101.73529,3.63965],[101.73457,3.63927],[101.73432,3.63857],[101.73365,3.63795],[101.73358,3.63719],[101.73475,3.63679],[101.73437,3.63578],[101.73354,3.63518],[101.73319,3.63376],[101.73267,3.63345],[101.7318,3.6336],[101.73173,3.63207],[101.73245,3.63075],[101.73349,3.63006],[101.73519,3.62953],[101.7351,3.62921],[101.7338,3.62897],[101.73354,3.62853],[101.73402,3.62745],[101.73351,3.62543],[101.73444,3.62424],[101.73431,3.62369],[101.73336,3.62335],[101.73289,3.62291],[101.73303,3.62176],[101.73285,3.62107],[101.7333,3.62051],[101.73372,3.619],[101.73324,3.61847],[101.73332,3.61672],[101.73372,3.61578],[101.73362,3.61482],[101.738,3.61684],[101.73842,3.61761],[101.73875,3.62093],[101.73952,3.62176],[101.74024,3.62287],[101.73891,3.62433],[101.73864,3.62496],[101.73891,3.62573],[101.73949,3.62625],[101.74006,3.62811],[101.73979,3.63001],[101.7404,3.63111],[101.74232,3.63282],[101.74259,3.63377],[101.74219,3.63506],[101.74306,3.63589],[101.74314,3.63778],[101.74417,3.63954],[101.74624,3.64127],[101.74717,3.64141],[101.74857,3.64349],[101.74946,3.64423],[101.75002,3.64542],[101.75168,3.64749],[101.75245,3.64905],[101.75471,3.65102],[101.75537,3.65128],[101.75621,3.65271],[101.75649,3.65441],[101.75696,3.65516],[101.75959,3.65697],[101.75972,3.65805],[101.75958,3.65914],[101.76167,3.66115],[101.7624,3.66301],[101.7631,3.66377],[101.7653,3.66445],[101.76845,3.66482],[101.76819,3.66554],[101.76829,3.66657],[101.76923,3.66815],[101.76948,3.66913],[101.76996,3.67008],[101.77101,3.6713],[101.77098,3.67193],[101.76851,3.67446],[101.76814,3.67507],[101.76739,3.67773],[101.76732,3.67873],[101.76747,3.67981],[101.76806,3.68139],[101.76789,3.68169],[101.76638,3.68231],[101.76555,3.68209],[101.76475,3.68155],[101.76361,3.6813],[101.76215,3.68284],[101.76155,3.68284],[101.76034,3.6822],[101.75954,3.68311],[101.75877,3.6835],[101.75832,3.68461],[101.75679,3.68453],[101.75498,3.68493],[101.75414,3.68572],[101.75384,3.68648],[101.75368,3.68805],[101.75239,3.68967],[101.75069,3.69082],[101.74914,3.69093],[101.74869,3.69205],[101.74838,3.69348],[101.74714,3.69483],[101.74612,3.69514],[101.74541,3.69577],[101.7441,3.69655],[101.74329,3.69609],[101.74186,3.6961],[101.74046,3.69718],[101.74014,3.69874],[101.73896,3.70031],[101.73839,3.70288],[101.73257,3.70388],[101.73141,3.70284],[101.73114,3.7022],[101.73139,3.70161],[101.73073,3.70097],[101.73037,3.69992],[101.73075,3.69878],[101.73046,3.69828],[101.73033,3.69626],[101.73099,3.69662],[101.73154,3.69731],[101.7314,3.69778],[101.73263,3.69863],[101.73303,3.69921],[101.73328,3.7006],[101.73439,3.70065],[101.73442,3.70148],[101.73508,3.70111],[101.73526,3.6993],[101.73559,3.69844],[101.73627,3.69811],[101.73695,3.6973],[101.73644,3.69687],[101.73645,3.69557],[101.73688,3.69537],[101.73805,3.69611],[101.73834,3.69528],[101.73763,3.6944],[101.73749,3.69376],[101.7379,3.69342],[101.73861,3.69363],[101.73944,3.69312],[101.73942,3.69189],[101.74103,3.69263],[101.742,3.69246],[101.74219,3.69129],[101.74264,3.69111],[101.74274,3.68934],[101.74343,3.68951],[101.74386,3.69075],[101.74436,3.69068],[101.74507,3.69228],[101.74602,3.69203],[101.74586,3.6927],[101.74652,3.69318],[101.74696,3.69144],[101.74644,3.69033],[101.74667,3.68893],[101.74578,3.68772],[101.74552,3.68668],[101.74574,3.68432],[101.74526,3.68286],[101.74469,3.68164],[101.74418,3.67968],[101.74422,3.67881],[101.74344,3.67783],[101.74353,3.67618],[101.74302,3.67482],[101.7431,3.67407],[101.74233,3.67299],[101.74251,3.67191],[101.74214,3.67135],[101.74094,3.67127],[101.73993,3.67064],[101.73969,3.67024],[101.74016,3.66913],[101.73989,3.66716],[101.73932,3.66629],[101.73908,3.66545]]]},"properties":{"name":"Hutan Simpanan Kekal Semangko","kind":"Forest reserve"}},
{"type":"Feature","geometry":{"type":"Polygon","coordinates":[[[101.73839,3.70288],[101.73765,3.70458],[101.73816,3.70546],[101.73774,3.70614],[101.73784,3.70675],[101.73886,3.70719],[101.73998,3.70795],[101.7402,3.7084],[101.74023,3.70974],[101.73877,3.71011],[101.73731,3.71089],[101.73642,3.71117],[101.73435,3.71237],[101.73356,3.7124],[101.73247,3.71168],[101.73158,3.71145],[101.73007,3.71244],[101.72919,3.71329],[101.72681,3.71171],[101.72613,3.71101],[101.72521,3.71065],[101.72447,3.70981],[101.7231,3.70886],[101.72226,3.70806],[101.72063,3.70795],[101.71928,3.70767],[101.71801,3.70838],[101.71676,3.70882],[101.71607,3.70937],[101.71551,3.70797],[101.71403,3.70604],[101.71276,3.70347],[101.71253,3.70212],[101.71283,3.70104],[101.71223,3.69981],[101.71187,3.69864],[101.71205,3.69769],[101.71113,3.6961],[101.69919,3.69542],[101.69913,3.69251],[101.69656,3.69118],[101.69806,3.68828],[101.70146,3.68979],[101.70541,3.68841],[101.70552,3.68791],[101.70712,3.68784],[101.70749,3.68748],[101.70999,3.68663],[101.7107,3.68547],[101.71078,3.68404],[101.71038,3.68303],[101.71027,3.68207],[101.71063,3.68109],[101.7104,3.68007],[101.72397,3.66262],[101.73908,3.66545],[101.73932,3.66629],[101.73989,3.66716],[101.74016,3.66913],[101.73969,3.67024],[101.73993,3.67064],[101.74094,3.67127],[101.74214,3.67135],[101.74251,3.67191],[101.74233,3.67299],[101.7431,3.67407],[101.74302,3.67482],[101.74353,3.67618],[101.74344,3.67783],[101.74422,3.67881],[101.74418,3.67968],[101.74469,3.68164],[101.74526,3.68286],[101.74574,3.68432],[101.74552,3.68668],[101.74578,3.68772],[101.74667,3.68893],[101.74644,3.69033],[101.74696,3.69144],[101.74652,3.69318],[101.74586,3.6927],[101.74602,3.69203],[101.74507,3.69228],[101.74436,3.69068],[101.74386,3.69075],[101.74343,3.68951],[101.74274,3.68934],[101.74264,3.69111],[101.74219,3.69129],[101.742,3.69246],[101.74103,3.69263],[101.73942,3.69189],[101.73944,3.69312],[101.73861,3.69363],[101.7379,3.69342],[101.73749,3.69376],[101.73763,3.6944],[101.73834,3.69528],[101.73805,3.69611],[101.73688,3.69537],[101.73645,3.69557],[101.73644,3.69687],[101.73695,3.6973],[101.73627,3.69811],[101.73559,3.69844],[101.73526,3.6993],[101.73508,3.70111],[101.73442,3.70148],[101.73439,3.70065],[101.73328,3.7006],[101.73303,3.69921],[101.73263,3.69863],[101.7314,3.69778],[101.73154,3.69731],[101.73099,3.69662],[101.73033,3.69626],[101.73046,3.69828],[101.73075,3.69878],[101.73037,3.69992],[101.73073,3.70097],[101.73139,3.70161],[101.73114,3.7022],[101.73141,3.70284],[101.73257,3.70388],[101.73839,3.70288]]]},"properties":{"name":"Hutan Simpanan Kekal Semangko Tambahan","kind":"Forest reserve"}},
{"type":"Feature","geometry":{"type":"Polygon","coordinates":[[[101.73731,3.59215],[101.73774,3.59192],[101.73822,3.59276],[101.7375,3.59318],[101.73731,3.59215]]]},"properties":{"name":"Santuari Ikan Sungai Chiling","kind":"Protected area"}},
{"type":"Feature","geometry":{"type":"Polygon","coordinates":[[[101.61774,2.88727],[101.61715,2.8888],[101.61591,2.88847],[101.61636,2.88737],[101.61678,2.88703],[101.61774,2.88727]]]},"properties":{"name":"Townsquare Park","kind":"Park"}},
{"type":"Feature","geometry":{"type":"Polygon","coordinates":[[[101.91028,3.02649],[101.91166,3.02831],[101.91105,3.03486],[101.89863,3.03289],[101.89666,3.03455],[101.89439,3.03582],[101.89449,3.0354],[101.89566,3.03463],[101.89553,3.03299],[101.89459,3.03191],[101.89665,3.02965],[101.89768,3.03198],[101.89982,3.03217],[101.8997,3.03264],[101.90235,3.03268],[101.9032,3.03091],[101.90341,3.02915],[101.90851,3.02993],[101.91028,3.02649]]]},"properties":{"name":"Hutan Simpanan Kekal Sungai Lalang Tambahan","kind":"Forest reserve"}},
{"type":"Feature","geometry":{"type":"MultiPolygon","coordinates":[[[[101.885,3.15618],[101.8863,3.1562],[101.88604,3.15729],[101.8854,3.15774],[101.88475,3.15864],[101.88471,3.1571],[101.885,3.15618]]],[[[101.89439,3.03582],[101.89666,3.03455],[101.89863,3.03289],[101.91105,3.03486],[101.91166,3.02831],[101.91028,3.02649],[101.91575,3.01373],[101.91596,3.01351],[101.9173,3.01431],[101.9183,3.01414],[101.91856,3.01303],[101.91837,3.01237],[101.91744,3.01284],[101.91493,3.01168],[101.91365,3.01057],[101.90641,3.0108],[101.90724,3.00932],[101.91484,2.99149],[101.91433,2.99098],[101.91469,2.98977],[101.91534,2.98977],[101.91519,2.98691],[101.8962,2.97662],[101.90125,2.96734],[101.90253,2.96545],[101.90437,2.96082],[101.90457,2.9599],[101.90377,2.9594],[101.9041,2.9543],[101.90359,2.95362],[101.90412,2.9528],[101.90667,2.95071],[101.90744,2.95035],[101.90835,2.95043],[101.90977,2.94991],[101.91101,2.9502],[101.91492,2.95189],[101.9165,2.95104],[101.91702,2.9527],[101.9175,2.95474],[101.91875,2.9574],[101.91948,2.95828],[101.92009,2.95988],[101.92369,2.96871],[101.9241,2.97181],[101.92416,2.97361],[101.92518,2.9753],[101.92621,2.97621],[101.92772,2.97678],[101.92983,2.97867],[101.92998,2.97915],[101.93037,2.98234],[101.92976,2.98486],[101.92959,2.98686],[101.92979,2.98922],[101.93003,2.98999],[101.9315,2.99205],[101.93155,2.99332],[101.93127,2.99478],[101.93145,2.99726],[101.93217,2.99829],[101.93273,2.99862],[101.93471,2.99871],[101.93894,2.99805],[101.93955,2.99805],[101.94029,2.99871],[101.94056,2.99943],[101.94095,3.00132],[101.94283,3.00404],[101.94301,3.00566],[101.94342,3.00742],[101.9428,3.00814],[101.94178,3.00843],[101.94118,3.00933],[101.93994,3.01203],[101.93965,3.01373],[101.93987,3.01477],[101.9405,3.01558],[101.94172,3.01626],[101.94455,3.01632],[101.9454,3.01567],[101.94662,3.0162],[101.9474,3.01682],[101.9481,3.0181],[101.94934,3.01974],[101.95094,3.02155],[101.95194,3.02303],[101.95378,3.02351],[101.95417,3.02387],[101.95471,3.02507],[101.95528,3.0256],[101.95723,3.02568],[101.96026,3.02516],[101.9609,3.02494],[101.96153,3.02421],[101.96194,3.02419],[101.96285,3.02474],[101.96374,3.02575],[101.96437,3.02613],[101.96702,3.02585],[101.96813,3.02526],[101.96856,3.02655],[101.96981,3.02916],[101.96967,3.02992],[101.96869,3.03105],[101.96861,3.03253],[101.96881,3.03319],[101.96882,3.03545],[101.9685,3.03623],[101.96782,3.03687],[101.96772,3.03754],[101.96811,3.03939],[101.96771,3.04111],[101.9672,3.04193],[101.96716,3.04255],[101.96741,3.04414],[101.96773,3.04516],[101.96734,3.04606],[101.96666,3.04689],[101.96533,3.04811],[101.96504,3.04888],[101.96503,3.04982],[101.96423,3.05217],[101.96509,3.05389],[101.96654,3.05534],[101.96737,3.05708],[101.96557,3.05757],[101.96461,3.05817],[101.96288,3.05971],[101.96235,3.06086],[101.96098,3.06091],[101.95954,3.06178],[101.95933,3.0621],[101.95965,3.06408],[101.95972,3.06521],[101.96133,3.067],[101.96176,3.06822],[101.96157,3.07],[101.9622,3.07145],[101.96203,3.07231],[101.96262,3.07436],[101.96271,3.07602],[101.96236,3.0774],[101.96196,3.07817],[101.96128,3.07884],[101.95953,3.07998],[101.95843,3.08162],[101.95844,3.08422],[101.95753,3.08566],[101.95725,3.08633],[101.95702,3.08793],[101.95652,3.08987],[101.95643,3.0909],[101.95574,3.09231],[101.95642,3.09381],[101.95555,3.09578],[101.9541,3.09678],[101.95373,3.0972],[101.95377,3.09778],[101.95436,3.09881],[101.95339,3.09917],[101.95213,3.10006],[101.95039,3.102],[101.94919,3.10397],[101.94897,3.10527],[101.94924,3.10844],[101.94883,3.10964],[101.94887,3.11153],[101.94978,3.11287],[101.95023,3.1131],[101.95185,3.11249],[101.95355,3.11379],[101.95608,3.11504],[101.95734,3.11587],[101.95945,3.1183],[101.95968,3.11893],[101.96048,3.12013],[101.96076,3.12105],[101.9619,3.12231],[101.96253,3.12335],[101.96264,3.12409],[101.9619,3.12702],[101.96178,3.12834],[101.96206,3.13006],[101.96189,3.13258],[101.9628,3.13419],[101.96388,3.13769],[101.96445,3.1385],[101.96616,3.13942],[101.96594,3.14028],[101.96411,3.14062],[101.96302,3.14222],[101.96182,3.14343],[101.96079,3.14412],[101.95891,3.14475],[101.95834,3.14509],[101.95742,3.14641],[101.95725,3.14761],[101.95753,3.14876],[101.9589,3.15175],[101.95661,3.15479],[101.95587,3.15657],[101.95587,3.15755],[101.95552,3.158],[101.95352,3.15886],[101.95215,3.15915],[101.95158,3.15944],[101.95078,3.16099],[101.95026,3.16328],[101.94992,3.16397],[101.94809,3.16604],[101.94763,3.16678],[101.94712,3.16885],[101.94694,3.17091],[101.94654,3.17241],[101.94591,3.17401],[101.94534,3.17597],[101.94499,3.17752],[101.9451,3.17998],[101.94465,3.18125],[101.94236,3.18262],[101.94093,3.18365],[101.94042,3.1844],[101.93926,3.18325],[101.93761,3.18058],[101.93637,3.17889],[101.93504,3.17752],[101.9339,3.17604],[101.93317,3.1744],[101.93118,3.17161],[101.92903,3.16944],[101.92733,3.16867],[101.92651,3.16854],[101.9237,3.16841],[101.92291,3.16808],[101.92235,3.16747],[101.92204,3.16663],[101.92197,3.16573],[101.92131,3.16486],[101.92043,3.16406],[101.91789,3.16229],[101.91747,3.16168],[101.91732,3.16081],[101.91742,3.15986],[101.91807,3.15851],[101.91828,3.15686],[101.91722,3.1537],[101.92052,3.15337],[101.9212,3.15346],[101.92145,3.15271],[101.92213,3.15236],[101.92377,3.15186],[101.92361,3.15119],[101.9245,3.15099],[101.92531,3.15126],[101.92575,3.15025],[101.9245,3.14977],[101.92414,3.14876],[101.92498,3.14816],[101.92593,3.14789],[101.92686,3.14649],[101.92737,3.14542],[101.9285,3.14499],[101.92969,3.14507],[101.92908,3.14432],[101.92935,3.14371],[101.93039,3.14364],[101.93125,3.14279],[101.93136,3.14224],[101.93229,3.14248],[101.93323,3.14319],[101.93391,3.14245],[101.93227,3.14193],[101.93181,3.14138],[101.93102,3.13939],[101.92889,3.13799],[101.92757,3.13782],[101.92578,3.13903],[101.92404,3.13945],[101.92321,3.1402],[101.92161,3.14032],[101.92173,3.13886],[101.92115,3.13631],[101.91958,3.13433],[101.91943,3.13337],[101.91975,3.13207],[101.91969,3.13052],[101.91916,3.13007],[101.91779,3.13212],[101.91677,3.13316],[101.91522,3.13409],[101.91463,3.13627],[101.91332,3.13594],[101.91226,3.13483],[101.91203,3.13394],[101.91048,3.13352],[101.91005,3.13264],[101.90833,3.1326],[101.90782,3.13287],[101.9071,3.12969],[101.90559,3.12906],[101.90544,3.12993],[101.90482,3.13042],[101.90493,3.13205],[101.90442,3.13299],[101.90451,3.13359],[101.90313,3.13405],[101.90105,3.13388],[101.89925,3.13448],[101.89885,3.1359],[101.9,3.137],[101.90104,3.13752],[101.90159,3.13826],[101.90183,3.13903],[101.90187,3.14059],[101.90295,3.14132],[101.90362,3.1412],[101.90424,3.14159],[101.90426,3.14232],[101.90364,3.14361],[101.90373,3.14406],[101.90295,3.14537],[101.90106,3.14479],[101.90036,3.14383],[101.89816,3.1433],[101.89649,3.14399],[101.89602,3.14436],[101.89438,3.14382],[101.89388,3.14525],[101.89334,3.14798],[101.89281,3.14844],[101.89289,3.14902],[101.89243,3.15044],[101.89153,3.15007],[101.89085,3.15058],[101.89143,3.15099],[101.89172,3.15162],[101.89094,3.15232],[101.89009,3.1518],[101.88895,3.15257],[101.88544,3.14932],[101.88469,3.15032],[101.8836,3.14963],[101.88192,3.14947],[101.87996,3.15186],[101.88039,3.15312],[101.88447,3.15427],[101.88251,3.15497],[101.88192,3.15993],[101.88113,3.15917],[101.88071,3.15925],[101.88019,3.15867],[101.87925,3.15993],[101.87963,3.16069],[101.87884,3.16091],[101.87786,3.15959],[101.87709,3.15984],[101.87707,3.1612],[101.87633,3.16164],[101.87573,3.16101],[101.87534,3.1601],[101.87472,3.1602],[101.87385,3.15924],[101.87218,3.15956],[101.87273,3.16032],[101.87222,3.16095],[101.87224,3.16216],[101.87119,3.16402],[101.87136,3.16447],[101.86993,3.16481],[101.86831,3.16593],[101.86774,3.16561],[101.86706,3.16579],[101.8661,3.16561],[101.86627,3.16499],[101.866,3.16378],[101.86449,3.16424],[101.86389,3.16276],[101.86319,3.16286],[101.86265,3.16227],[101.86274,3.16111],[101.86319,3.15966],[101.86363,3.15942],[101.86377,3.15848],[101.86423,3.15766],[101.86412,3.15515],[101.86367,3.15438],[101.86371,3.15364],[101.86411,3.15255],[101.86308,3.15213],[101.86337,3.15108],[101.86466,3.15048],[101.86565,3.14926],[101.86618,3.14805],[101.86674,3.14825],[101.86725,3.14774],[101.86831,3.14827],[101.8687,3.14815],[101.86939,3.14917],[101.86992,3.1485],[101.87092,3.14915],[101.8716,3.1506],[101.87264,3.15028],[101.87315,3.14918],[101.87278,3.14825],[101.8735,3.14752],[101.87386,3.14796],[101.87707,3.14626],[101.87915,3.14233],[101.8783,3.14115],[101.88103,3.14],[101.8802,3.13905],[101.88128,3.13795],[101.88106,3.13697],[101.88068,3.13688],[101.87986,3.13488],[101.87883,3.13474],[101.87807,3.13356],[101.87704,3.1331],[101.87591,3.13386],[101.87414,3.13341],[101.87355,3.13025],[101.87364,3.12882],[101.87181,3.12771],[101.87166,3.12672],[101.87247,3.12672],[101.87375,3.12707],[101.87426,3.12636],[101.87497,3.12696],[101.87529,3.12672],[101.8757,3.12522],[101.87493,3.12427],[101.87483,3.12341],[101.87333,3.12419],[101.87295,3.12365],[101.87364,3.12324],[101.87307,3.12264],[101.87373,3.12219],[101.87277,3.12098],[101.87192,3.12102],[101.87259,3.1199],[101.87055,3.11992],[101.87049,3.11938],[101.86911,3.11973],[101.86905,3.11906],[101.86808,3.11878],[101.86791,3.11808],[101.86628,3.11787],[101.86598,3.11706],[101.86722,3.1166],[101.86843,3.11696],[101.86981,3.11636],[101.86988,3.11486],[101.86881,3.1138],[101.86938,3.11347],[101.86945,3.1115],[101.86799,3.1123],[101.86879,3.11108],[101.86879,3.11012],[101.86783,3.11038],[101.86688,3.10978],[101.86592,3.10792],[101.86722,3.106],[101.86722,3.10491],[101.86509,3.10293],[101.86307,3.10292],[101.85909,3.10492],[101.85723,3.10432],[101.85462,3.10192],[101.85349,3.10148],[101.85094,3.10088],[101.84919,3.09898],[101.8452,3.09782],[101.84252,3.09725],[101.84374,3.09818],[101.84364,3.09943],[101.84311,3.09926],[101.84274,3.10003],[101.84123,3.09968],[101.84016,3.10034],[101.83988,3.09785],[101.83889,3.09804],[101.83776,3.09623],[101.83494,3.09445],[101.835,3.07676],[101.83898,3.07675],[101.83839,3.07493],[101.83788,3.07435],[101.83762,3.07351],[101.83752,3.07054],[101.83649,3.06647],[101.83589,3.06556],[101.83511,3.06388],[101.83338,3.05866],[101.83355,3.057],[101.8381,3.05556],[101.84467,3.05379],[101.8446,3.05358],[101.84794,3.05295],[101.85414,3.05169],[101.8573,3.05161],[101.86516,3.05244],[101.86532,3.05264],[101.87406,3.05346],[101.88297,3.05365],[101.88671,3.05331],[101.89027,3.05281],[101.89503,3.0514],[101.89751,3.05025],[101.89966,3.04868],[101.90137,3.04715],[101.90273,3.04553],[101.8978,3.04353],[101.89423,3.03591],[101.89439,3.03582]],[[101.87934,3.11895],[101.88053,3.11875],[101.88088,3.11839],[101.88424,3.11823],[101.88654,3.11904],[101.88805,3.11498],[101.88838,3.11307],[101.89002,3.10932],[101.89038,3.10797],[101.88941,3.10789],[101.89006,3.10703],[101.88976,3.10635],[101.89031,3.10609],[101.89002,3.10499],[101.89117,3.1001],[101.88879,3.0996],[101.88948,3.10086],[101.88885,3.10215],[101.88536,3.1014],[101.88414,3.10602],[101.8825,3.10669],[101.88337,3.10848],[101.88268,3.11058],[101.88279,3.1132],[101.88054,3.1144],[101.88141,3.11569],[101.87881,3.11718],[101.87899,3.11737],[101.87934,3.11895]]]]},"properties":{"name":"Hutan Simpanan Kekal Sungai Lalang","kind":"Forest reserve"}},
{"type":"Feature","geometry":{"type":"Polygon","coordinates":[[[101.71607,3.70937],[101.71529,3.70957],[101.71363,3.70939],[101.71258,3.71003],[101.71182,3.7102],[101.71075,3.71199],[101.71021,3.71183],[101.70953,3.71057],[101.7087,3.70986],[101.70741,3.7085],[101.70701,3.70847],[101.70562,3.70958],[101.70309,3.71014],[101.70245,3.71065],[101.70131,3.71089],[101.70022,3.71076],[101.69929,3.71018],[101.69726,3.71066],[101.69629,3.71036],[101.69489,3.70881],[101.69314,3.70755],[101.69192,3.70705],[101.69054,3.70754],[101.68896,3.70827],[101.68727,3.70953],[101.68643,3.71085],[101.68505,3.71107],[101.68444,3.71151],[101.68405,3.71227],[101.68405,3.71423],[101.68322,3.71561],[101.68313,3.71675],[101.68147,3.71688],[101.6809,3.71711],[101.68002,3.71799],[101.6798,3.71946],[101.67844,3.71964],[101.67789,3.72001],[101.67754,3.72098],[101.67693,3.72106],[101.67516,3.72026],[101.67426,3.7203],[101.67303,3.72069],[101.67191,3.72076],[101.66943,3.72178],[101.66885,3.72228],[101.66748,3.723],[101.66626,3.72409],[101.66491,3.72453],[101.66414,3.72511],[101.66106,3.72635],[101.65943,3.72642],[101.65795,3.72692],[101.6571,3.72695],[101.6553,3.72666],[101.65485,3.72843],[101.65448,3.73062],[101.65371,3.73207],[101.65361,3.7339],[101.65323,3.73451],[101.65232,3.73496],[101.65081,3.73729],[101.65023,3.73901],[101.64853,3.7413],[101.64616,3.74285],[101.64562,3.74427],[101.64487,3.74512],[101.64425,3.74645],[101.64376,3.74786],[101.64182,3.75131],[101.64114,3.75225],[101.63976,3.75277],[101.63885,3.75334],[101.63783,3.75343],[101.63776,3.75598],[101.63745,3.75677],[101.63625,3.7573],[101.63468,3.75872],[101.63362,3.75936],[101.6333,3.76026],[101.63137,3.76097],[101.62787,3.76255],[101.62595,3.76351],[101.62511,3.76372],[101.62472,3.76436],[101.62508,3.76574],[101.62577,3.7675],[101.62628,3.76917],[101.62667,3.77138],[101.62594,3.77267],[101.62499,3.77209],[101.62447,3.7731],[101.62404,3.77327],[101.62272,3.77319],[101.62116,3.77371],[101.62037,3.77343],[101.61819,3.77319],[101.61793,3.77337],[101.61589,3.77347],[101.61469,3.77403],[101.61194,3.77426],[101.61134,3.77467],[101.61032,3.77481],[101.60843,3.77406],[101.60709,3.77414],[101.60532,3.77325],[101.6043,3.77201],[101.60429,3.77161],[101.60366,3.77039],[101.60337,3.77021],[101.60268,3.76813],[101.6015,3.76706],[101.60103,3.76597],[101.60092,3.76508],[101.59981,3.7626],[101.5995,3.76034],[101.59882,3.75858],[101.59858,3.75668],[101.5976,3.75514],[101.59738,3.7541],[101.59569,3.75246],[101.59556,3.752],[101.59461,3.75099],[101.59405,3.75066],[101.59337,3.74962],[101.59326,3.74912],[101.59228,3.74825],[101.59122,3.74696],[101.59113,3.74647],[101.58824,3.74443],[101.58675,3.74384],[101.58556,3.74319],[101.58454,3.7423],[101.58382,3.742],[101.58257,3.74088],[101.58225,3.74004],[101.58169,3.73924],[101.58099,3.73726],[101.58065,3.73587],[101.58056,3.73386],[101.58073,3.73169],[101.58157,3.72764],[101.58136,3.72624],[101.58037,3.72535],[101.58001,3.72527],[101.5791,3.72399],[101.57922,3.72239],[101.57849,3.72089],[101.5784,3.72042],[101.5776,3.72038],[101.57697,3.72096],[101.57569,3.7206],[101.57546,3.72022],[101.57381,3.72014],[101.57441,3.71896],[101.5777,3.71437],[101.5755,3.70707],[101.57403,3.70632],[101.56247,3.6879],[101.56064,3.68267],[101.56309,3.67816],[101.56295,3.67692],[101.55925,3.67664],[101.55783,3.67709],[101.55813,3.67387],[101.5575,3.67387],[101.5605,3.67003],[101.56142,3.66574],[101.56426,3.66281],[101.56847,3.65566],[101.56996,3.65568],[101.57537,3.65406],[101.57739,3.65048],[101.57982,3.64931],[101.58048,3.65032],[101.58137,3.64996],[101.58223,3.65151],[101.59142,3.64707],[101.59209,3.64785],[101.59272,3.64696],[101.5933,3.64822],[101.59403,3.64877],[101.59494,3.64898],[101.59555,3.65033],[101.59861,3.6476],[101.59616,3.64502],[101.59377,3.6428],[101.59244,3.63974],[101.5957,3.63852],[101.59565,3.63681],[101.60382,3.62952],[101.60456,3.63031],[101.60589,3.63033],[101.60514,3.62916],[101.60591,3.62757],[101.60945,3.62442],[101.61195,3.62236],[101.6194,3.61607],[101.62203,3.6142],[101.6255,3.61137],[101.62605,3.60411],[101.62771,3.60061],[101.62901,3.59893],[101.63761,3.59979],[101.63964,3.60127],[101.64052,3.60204],[101.64229,3.60149],[101.64522,3.60107],[101.6469,3.60141],[101.64897,3.60286],[101.64974,3.60425],[101.65027,3.60445],[101.6539,3.60416],[101.65325,3.60183],[101.65306,3.60018],[101.65328,3.59915],[101.65411,3.59769],[101.65448,3.59675],[101.6554,3.59581],[101.65566,3.59485],[101.65541,3.5939],[101.65555,3.59268],[101.65611,3.592],[101.65829,3.59333],[101.65925,3.59369],[101.66111,3.59417],[101.66403,3.59386],[101.6648,3.59411],[101.66581,3.59479],[101.66792,3.59554],[101.66988,3.59556],[101.6703,3.5957],[101.67111,3.59658],[101.67242,3.59695],[101.67334,3.59866],[101.67385,3.60116],[101.6748,3.60346],[101.67441,3.60495],[101.6731,3.60659],[101.6739,3.60922],[101.67696,3.61127],[101.67742,3.61221],[101.67681,3.6153],[101.6768,3.61649],[101.67761,3.61821],[101.67777,3.62142],[101.67807,3.62317],[101.67795,3.62476],[101.67949,3.6278],[101.68018,3.62865],[101.68109,3.62925],[101.6809,3.63044],[101.68118,3.6319],[101.68163,3.63351],[101.68123,3.63459],[101.67909,3.63627],[101.67818,3.63739],[101.67592,3.63963],[101.67359,3.64077],[101.67471,3.64248],[101.67673,3.6442],[101.67704,3.64532],[101.67705,3.64645],[101.67777,3.64752],[101.67754,3.64831],[101.67674,3.64894],[101.67656,3.64976],[101.67718,3.65069],[101.67806,3.65135],[101.6788,3.65236],[101.6807,3.65279],[101.68151,3.65414],[101.68229,3.65603],[101.68326,3.65791],[101.68393,3.65804],[101.68685,3.65799],[101.68826,3.65735],[101.68973,3.65805],[101.69095,3.65914],[101.69254,3.66179],[101.693,3.66222],[101.69468,3.66219],[101.6971,3.66366],[101.69789,3.66433],[101.69815,3.66506],[101.6986,3.66519],[101.69921,3.66459],[101.70125,3.66168],[101.70255,3.66066],[101.7029,3.66077],[101.70382,3.66273],[101.70486,3.66393],[101.70495,3.66448],[101.7047,3.66612],[101.70516,3.66726],[101.70602,3.66826],[101.7073,3.67039],[101.70871,3.67118],[101.70898,3.67424],[101.70838,3.67607],[101.70969,3.67844],[101.69941,3.67698],[101.699,3.68281],[101.70072,3.68327],[101.70015,3.68504],[101.70552,3.68791],[101.70541,3.68841],[101.70146,3.68979],[101.69806,3.68828],[101.69656,3.69118],[101.69913,3.69251],[101.69919,3.69542],[101.71113,3.6961],[101.71205,3.69769],[101.71187,3.69864],[101.71223,3.69981],[101.71283,3.70104],[101.71253,3.70212],[101.71276,3.70347],[101.71403,3.70604],[101.71551,3.70797],[101.71607,3.70937]]]},"properties":{"name":"Hutan Simpanan Kekal Gading","kind":"Forest reserve"}},
{"type":"Feature","geometry":{"type":"Polygon","coordinates":[[[101.52183,3.57937],[101.52475,3.58175],[101.52383,3.58428],[101.52477,3.58483],[101.52276,3.58819],[101.52217,3.58858],[101.52025,3.59395],[101.52133,3.59499],[101.52151,3.59481],[101.52304,3.59622],[101.51687,3.60252],[101.51442,3.59978],[101.52183,3.57937]]]},"properties":{"name":"Hutan Simpanan Kekal Bukit Tarek Tambahan 2","kind":"Forest reserve"}},
{"type":"Feature","geometry":{"type":"Polygon","coordinates":[[[101.53124,3.54947],[101.53443,3.53795],[101.53644,3.52861],[101.54004,3.5046],[101.56516,3.50114],[101.56625,3.49975],[101.58344,3.49028],[101.58497,3.49118],[101.58646,3.4914],[101.58818,3.49313],[101.58952,3.49547],[101.59001,3.49513],[101.5903,3.49572],[101.59316,3.4944],[101.59469,3.4981],[101.59646,3.49745],[101.59811,3.50144],[101.59972,3.50139],[101.5998,3.50265],[101.59848,3.50302],[101.59935,3.50499],[101.59914,3.50598],[101.59949,3.5076],[101.60213,3.50754],[101.60482,3.51167],[101.60568,3.51126],[101.60652,3.51287],[101.60655,3.5142],[101.60629,3.51435],[101.60854,3.51648],[101.6096,3.51765],[101.61672,3.51464],[101.61987,3.51455],[101.61998,3.5158],[101.62418,3.51496],[101.62421,3.51315],[101.62657,3.51321],[101.6254,3.51506],[101.62433,3.51539],[101.62344,3.51675],[101.62415,3.51699],[101.62329,3.51784],[101.62582,3.51877],[101.62501,3.5194],[101.61749,3.52237],[101.61259,3.52342],[101.61498,3.53522],[101.61718,3.53634],[101.6221,3.54638],[101.61833,3.54837],[101.61729,3.54903],[101.6157,3.5497],[101.61472,3.54896],[101.61211,3.55057],[101.60656,3.55176],[101.60029,3.55816],[101.60118,3.56048],[101.60325,3.56511],[101.60584,3.5676],[101.60304,3.57095],[101.59691,3.56908],[101.59366,3.57026],[101.58984,3.57055],[101.58979,3.56646],[101.59238,3.56641],[101.59274,3.55745],[101.59169,3.55586],[101.59085,3.55366],[101.59854,3.5491],[101.59508,3.54272],[101.5944,3.54015],[101.59227,3.53644],[101.58817,3.53886],[101.58279,3.52985],[101.5732,3.5354],[101.5737,3.53658],[101.571,3.53504],[101.56938,3.53447],[101.56769,3.53465],[101.56975,3.5299],[101.56546,3.52772],[101.56326,3.53195],[101.56256,3.53408],[101.56098,3.53544],[101.55775,3.53369],[101.55762,3.53116],[101.55599,3.53123],[101.55687,3.52817],[101.55835,3.52638],[101.55908,3.52465],[101.56116,3.52306],[101.56434,3.52324],[101.5664,3.52071],[101.57112,3.52226],[101.57294,3.52453],[101.57391,3.52556],[101.57744,3.52629],[101.58111,3.52622],[101.58675,3.52711],[101.59323,3.53284],[101.59547,3.53178],[101.59953,3.52706],[101.60371,3.527],[101.60223,3.52495],[101.59896,3.52162],[101.59758,3.51991],[101.59566,3.51846],[101.5943,3.51955],[101.59247,3.5199],[101.59128,3.52114],[101.58794,3.51895],[101.58694,3.52081],[101.58739,3.52306],[101.58516,3.5242],[101.58181,3.52345],[101.57892,3.52425],[101.57611,3.52368],[101.57699,3.52139],[101.57685,3.51719],[101.57478,3.51526],[101.57477,3.51269],[101.57508,3.51127],[101.5744,3.51005],[101.57166,3.51014],[101.56697,3.50574],[101.56609,3.5062],[101.56496,3.50783],[101.56451,3.50795],[101.5635,3.50982],[101.56277,3.5094],[101.56375,3.50755],[101.56294,3.50723],[101.56192,3.50763],[101.56134,3.50751],[101.56095,3.50788],[101.56177,3.50959],[101.56127,3.51072],[101.54609,3.509],[101.54483,3.51187],[101.54506,3.51404],[101.54679,3.51561],[101.54908,3.5169],[101.54933,3.51853],[101.55041,3.51988],[101.54947,3.52245],[101.54682,3.5244],[101.54665,3.52591],[101.54505,3.52656],[101.54254,3.52588],[101.53813,3.52661],[101.53616,3.53468],[101.53781,3.53315],[101.54082,3.53347],[101.54149,3.53227],[101.54398,3.53136],[101.54681,3.53194],[101.54864,3.53179],[101.54917,3.5331],[101.55054,3.53289],[101.55079,3.53304],[101.55458,3.53262],[101.55414,3.53633],[101.55084,3.54057],[101.55846,3.54037],[101.5644,3.54236],[101.56684,3.53686],[101.56919,3.53827],[101.57049,3.53951],[101.57085,3.53962],[101.57241,3.53863],[101.57309,3.53869],[101.57383,3.53928],[101.5744,3.54018],[101.576,3.53996],[101.57636,3.5405],[101.57468,3.54164],[101.5762,3.54248],[101.5765,3.54311],[101.56474,3.54344],[101.56482,3.54613],[101.56302,3.54616],[101.56306,3.5496],[101.54613,3.55016],[101.54613,3.55036],[101.53361,3.54939],[101.53124,3.54947]]]},"properties":{"name":"Hutan Simpanan Kekal Bukit Tarek Tambahan","kind":"Forest reserve"}},
{"type":"Feature","geometry":{"type":"Polygon","coordinates":[[[101.53124,3.54947],[101.52183,3.57937],[101.51442,3.59978],[101.50318,3.60966],[101.48321,3.58858],[101.48378,3.58763],[101.484,3.58669],[101.48482,3.58658],[101.48514,3.58699],[101.48586,3.58716],[101.4866,3.58634],[101.48613,3.5846],[101.4873,3.58353],[101.48825,3.58175],[101.48839,3.58077],[101.48815,3.58023],[101.48806,3.57859],[101.48863,3.57792],[101.49076,3.57727],[101.49124,3.57684],[101.49119,3.57621],[101.49028,3.5759],[101.49031,3.57549],[101.49179,3.57332],[101.49265,3.57292],[101.49499,3.57345],[101.49575,3.57335],[101.49615,3.57165],[101.49592,3.5708],[101.49617,3.57022],[101.49738,3.56916],[101.4977,3.56751],[101.49891,3.56651],[101.49998,3.56635],[101.50025,3.56503],[101.4996,3.56373],[101.49973,3.56279],[101.50069,3.56167],[101.50183,3.56094],[101.50201,3.56019],[101.50299,3.55954],[101.50373,3.55952],[101.50405,3.55902],[101.50376,3.55707],[101.50321,3.55649],[101.50221,3.55595],[101.50183,3.55536],[101.50185,3.55442],[101.50156,3.55274],[101.50118,3.55198],[101.50127,3.55153],[101.50207,3.55024],[101.50228,3.54946],[101.50205,3.54878],[101.50095,3.54808],[101.5009,3.54776],[101.50158,3.54679],[101.50152,3.54583],[101.50077,3.54504],[101.49998,3.5445],[101.49981,3.54378],[101.50023,3.54279],[101.50159,3.54229],[101.50191,3.54181],[101.50309,3.54132],[101.50402,3.54134],[101.50634,3.54057],[101.5069,3.5395],[101.50877,3.53858],[101.50898,3.5382],[101.50982,3.53768],[101.5098,3.53703],[101.50922,3.53605],[101.50681,3.53303],[101.50673,3.53259],[101.50558,3.53088],[101.50512,3.52987],[101.5051,3.52917],[101.50545,3.5283],[101.50552,3.52683],[101.50578,3.52544],[101.50549,3.52446],[101.50482,3.52401],[101.50532,3.52293],[101.50602,3.52208],[101.50599,3.521],[101.5051,3.52021],[101.50487,3.51976],[101.5054,3.51866],[101.506,3.51796],[101.50696,3.51778],[101.50795,3.51631],[101.50852,3.51451],[101.50788,3.5125],[101.50821,3.5117],[101.50808,3.51085],[101.50657,3.50938],[101.50685,3.50891],[101.50666,3.50802],[101.50705,3.50736],[101.50839,3.50609],[101.51068,3.50621],[101.5118,3.50637],[101.51246,3.50602],[101.51301,3.50539],[101.51296,3.50474],[101.51247,3.50416],[101.51381,3.50326],[101.51433,3.50196],[101.51477,3.50135],[101.51521,3.49985],[101.51457,3.4988],[101.51505,3.49843],[101.51729,3.49825],[101.51761,3.49753],[101.51739,3.49643],[101.51696,3.49564],[101.51734,3.49489],[101.51745,3.49315],[101.51671,3.49212],[101.51686,3.49028],[101.51663,3.48952],[101.51685,3.48892],[101.51901,3.48841],[101.51966,3.4862],[101.52605,3.48665],[101.52638,3.48721],[101.53437,3.48982],[101.53542,3.49062],[101.53531,3.4931],[101.53757,3.49311],[101.54025,3.49347],[101.54183,3.49263],[101.54098,3.49868],[101.54004,3.5046],[101.53644,3.52861],[101.53443,3.53795],[101.53124,3.54947]]]},"properties":{"name":"Hutan Simpanan Kekal Bukit Tarek","kind":"Forest reserve"}},
{"type":"Feature","geometry":{"type":"MultiPolygon","coordinates":[[[[101.36522,3.58504],[101.36794,3.58271],[101.36839,3.58224],[101.38616,3.56675],[101.40063,3.55405],[101.40883,3.54674],[101.41889,3.53616],[101.42594,3.5288],[101.43113,3.52373],[101.43437,3.52024],[101.43607,3.51853],[101.44114,3.51314],[101.44291,3.51731],[101.44675,3.54428],[101.44531,3.55257],[101.44228,3.55478],[101.43693,3.55419],[101.43251,3.55729],[101.41711,3.5498],[101.40817,3.57147],[101.40714,3.58791],[101.39649,3.59292],[101.39637,3.60537],[101.39732,3.60567],[101.39596,3.60628],[101.39545,3.60718],[101.39483,3.60687],[101.39434,3.60507],[101.39426,3.60341],[101.39479,3.60253],[101.3954,3.60192],[101.39513,3.60039],[101.39458,3.60045],[101.39405,3.60105],[101.39398,3.60188],[101.39311,3.60288],[101.39259,3.60212],[101.39218,3.60109],[101.39259,3.60016],[101.39241,3.59914],[101.39115,3.59729],[101.39033,3.59653],[101.38974,3.59541],[101.38811,3.59567],[101.38801,3.59629],[101.3873,3.59684],[101.38671,3.59776],[101.38743,3.59995],[101.38843,3.60076],[101.38917,3.60074],[101.38949,3.60026],[101.39035,3.60062],[101.39013,3.60118],[101.38933,3.60137],[101.3884,3.60122],[101.38776,3.60178],[101.38596,3.602],[101.3853,3.60258],[101.38571,3.60309],[101.38554,3.60411],[101.38619,3.60443],[101.3867,3.60423],[101.38739,3.6046],[101.38747,3.60376],[101.38824,3.60328],[101.38928,3.6032],[101.38931,3.6037],[101.3884,3.60463],[101.38864,3.60534],[101.39043,3.60533],[101.3923,3.60486],[101.39076,3.60602],[101.39039,3.60602],[101.39033,3.60727],[101.39003,3.60794],[101.39011,3.60874],[101.39048,3.60909],[101.39109,3.60894],[101.39181,3.61019],[101.39168,3.61138],[101.39274,3.61262],[101.39306,3.61327],[101.39353,3.6125],[101.39446,3.61248],[101.39534,3.61282],[101.39628,3.61471],[101.39626,3.6154],[101.39695,3.61571],[101.39738,3.61648],[101.39557,3.61638],[101.39413,3.61593],[101.39345,3.61505],[101.39298,3.61523],[101.39217,3.6146],[101.39103,3.61336],[101.39103,3.61251],[101.39047,3.61224],[101.39022,3.6113],[101.38961,3.61134],[101.38881,3.61011],[101.38783,3.60994],[101.3867,3.61009],[101.38638,3.60935],[101.38587,3.60901],[101.38385,3.60889],[101.38292,3.60798],[101.38141,3.60783],[101.37977,3.60722],[101.37936,3.60682],[101.37852,3.60541],[101.37738,3.60474],[101.37679,3.60391],[101.37553,3.60363],[101.37423,3.6041],[101.3733,3.6042],[101.3727,3.6045],[101.37112,3.60466],[101.37001,3.60402],[101.36981,3.60277],[101.36928,3.60212],[101.36882,3.60056],[101.3682,3.59986],[101.36827,3.59944],[101.36762,3.59774],[101.36778,3.59665],[101.36822,3.59607],[101.36797,3.59565],[101.36821,3.59417],[101.3686,3.5933],[101.36887,3.59198],[101.36846,3.59076],[101.3685,3.59011],[101.36682,3.58925],[101.36612,3.58757],[101.3661,3.58673],[101.36522,3.58504]]],[[[101.44588,3.61191],[101.43558,3.61393],[101.43264,3.61089],[101.43237,3.61076],[101.42984,3.60831],[101.4332,3.60471],[101.42007,3.59784],[101.42197,3.59033],[101.42227,3.58976],[101.42971,3.57931],[101.43955,3.56576],[101.44923,3.56028],[101.44935,3.56012],[101.45921,3.55539],[101.4714,3.55544],[101.47136,3.55172],[101.49984,3.5513],[101.50127,3.55153],[101.50118,3.55198],[101.50156,3.55274],[101.50185,3.55442],[101.50183,3.55536],[101.50221,3.55595],[101.50321,3.55649],[101.50376,3.55707],[101.50405,3.55902],[101.50373,3.55952],[101.50299,3.55954],[101.50201,3.56019],[101.50183,3.56094],[101.50069,3.56167],[101.49973,3.56279],[101.4996,3.56373],[101.50025,3.56503],[101.49998,3.56635],[101.49891,3.56651],[101.4977,3.56751],[101.49738,3.56916],[101.49617,3.57022],[101.49592,3.5708],[101.49615,3.57165],[101.49575,3.57335],[101.49499,3.57345],[101.49265,3.57292],[101.49179,3.57332],[101.49031,3.57549],[101.49028,3.5759],[101.49119,3.57621],[101.49124,3.57684],[101.49076,3.57727],[101.48863,3.57792],[101.48806,3.57859],[101.48815,3.58023],[101.48839,3.58077],[101.48825,3.58175],[101.4873,3.58353],[101.48613,3.5846],[101.4866,3.58634],[101.48586,3.58716],[101.48514,3.58699],[101.48482,3.58658],[101.484,3.58669],[101.48378,3.58763],[101.48321,3.58858],[101.48208,3.59005],[101.4814,3.5924],[101.48112,3.59296],[101.48043,3.59318],[101.47971,3.59287],[101.47973,3.59224],[101.47924,3.592],[101.47864,3.59272],[101.47916,3.59452],[101.48053,3.59539],[101.48077,3.59613],[101.48037,3.59839],[101.4814,3.60081],[101.48281,3.60204],[101.48308,3.60263],[101.4839,3.60359],[101.48359,3.60479],[101.44588,3.61191]]]]},"properties":{"name":"Hutan Simpanan Kekal Bukit Belata Tambahan","kind":"Forest reserve"}},
{"type":"Feature","geometry":{"type":"Polygon","coordinates":[[[101.45267,3.67642],[101.45265,3.68741],[101.4428,3.68741],[101.4409,3.68895],[101.43973,3.68796],[101.43902,3.6886],[101.43773,3.68744],[101.4373,3.68842],[101.43549,3.6904],[101.43404,3.68933],[101.436,3.68693],[101.43564,3.68617],[101.4366,3.68519],[101.44074,3.68222],[101.44621,3.68027],[101.44857,3.67907],[101.45267,3.67642]]]},"properties":{"name":"Hutan Simpanan Kekal Bukit Belata Tambahan 2","kind":"Forest reserve"}},
{"type":"Feature","geometry":{"type":"Polygon","coordinates":[[[101.51687,3.60252],[101.52388,3.61038],[101.52318,3.61067],[101.5127,3.62034],[101.52056,3.62906],[101.51901,3.63096],[101.51095,3.63936],[101.50586,3.63425],[101.50162,3.63844],[101.49597,3.63285],[101.48907,3.63875],[101.49361,3.64753],[101.49534,3.65106],[101.49653,3.65107],[101.49769,3.65168],[101.49875,3.65163],[101.49893,3.65191],[101.491,3.65981],[101.48985,3.66114],[101.48196,3.66911],[101.48072,3.66784],[101.47541,3.67259],[101.47177,3.67627],[101.47014,3.67813],[101.46965,3.6681],[101.466,3.6665],[101.45664,3.67619],[101.45267,3.67642],[101.44857,3.67907],[101.44621,3.68027],[101.44074,3.68222],[101.4366,3.68519],[101.43564,3.68617],[101.436,3.68693],[101.43404,3.68933],[101.43329,3.68967],[101.4305,3.69301],[101.42911,3.69513],[101.42443,3.70083],[101.41577,3.71117],[101.41529,3.71162],[101.41323,3.71408],[101.41109,3.71736],[101.41132,3.72205],[101.41149,3.72328],[101.41258,3.72668],[101.41314,3.72876],[101.40871,3.72882],[101.4065,3.73401],[101.40297,3.73393],[101.4026,3.73221],[101.40247,3.7251],[101.40209,3.72501],[101.40167,3.71983],[101.40175,3.71875],[101.40106,3.7184],[101.40102,3.69802],[101.38264,3.69802],[101.38383,3.6967],[101.38734,3.69443],[101.38994,3.69323],[101.39064,3.69301],[101.39186,3.69117],[101.41684,3.68707],[101.41929,3.68692],[101.41946,3.68648],[101.42218,3.68368],[101.42258,3.68344],[101.42758,3.67829],[101.42744,3.66978],[101.43379,3.66435],[101.43447,3.65995],[101.44119,3.65813],[101.44272,3.65794],[101.44465,3.65872],[101.4454,3.65867],[101.45123,3.65673],[101.45248,3.65645],[101.45248,3.65446],[101.45194,3.64983],[101.452,3.64882],[101.45175,3.6461],[101.45585,3.63586],[101.45327,3.63173],[101.45829,3.62679],[101.44588,3.61191],[101.48359,3.60479],[101.4839,3.60359],[101.48308,3.60263],[101.48281,3.60204],[101.4814,3.60081],[101.48037,3.59839],[101.48077,3.59613],[101.48053,3.59539],[101.47916,3.59452],[101.47864,3.59272],[101.47924,3.592],[101.47973,3.59224],[101.47971,3.59287],[101.48043,3.59318],[101.48112,3.59296],[101.4814,3.5924],[101.48208,3.59005],[101.48321,3.58858],[101.50318,3.60966],[101.51442,3.59978],[101.51687,3.60252]]]},"properties":{"name":"Hutan Simpanan Kekal Bukit Belata","kind":"Forest reserve"}},
{"type":"Feature","geometry":{"type":"Polygon","coordinates":[[[101.34945,3.59889],[101.34792,3.61877],[101.34652,3.63271],[101.34507,3.6338],[101.3333,3.64641],[101.33105,3.64635],[101.319,3.65932],[101.29182,3.65351],[101.28233,3.65385],[101.27555,3.6527],[101.24442,3.65885],[101.2376,3.66438],[101.23333,3.66922],[101.20662,3.69146],[101.17929,3.69991],[101.17834,3.70576],[101.17852,3.7073],[101.1758,3.70724],[101.17262,3.70926],[101.14604,3.71085],[101.14339,3.71015],[101.1434,3.70803],[101.13576,3.70795],[101.12783,3.69159],[101.11141,3.70061],[101.11488,3.70479],[101.09235,3.69857],[101.09214,3.69857],[101.08342,3.70076],[101.08317,3.7003],[101.07761,3.69326],[101.07624,3.69439],[101.04962,3.66281],[101.06754,3.65219],[101.08238,3.6431],[101.08662,3.64054],[101.10283,3.60434],[101.11585,3.57506],[101.12624,3.56444],[101.13105,3.55939],[101.13637,3.55387],[101.14177,3.54842],[101.15827,3.53142],[101.16309,3.52656],[101.16603,3.52852],[101.18206,3.53953],[101.22785,3.55547],[101.27196,3.57116],[101.29778,3.58051],[101.30088,3.58162],[101.30964,3.58486],[101.31814,3.58787],[101.32557,3.59063],[101.32913,3.5918],[101.33782,3.59505],[101.34945,3.59889]]]},"properties":{"name":"Hutan Simpanan Kekal Sungai Karang","kind":"Forest reserve"}},
{"type":"Feature","geometry":{"type":"Polygon","coordinates":[[[101.16309,3.52656],[101.1661,3.52344],[101.16916,3.52119],[101.19388,3.50271],[101.20612,3.49346],[101.20734,3.49268],[101.2189,3.48365],[101.2211,3.48204],[101.2243,3.47931],[101.22595,3.478],[101.23529,3.47126],[101.24753,3.46239],[101.25403,3.45792],[101.26022,3.45426],[101.28114,3.44062],[101.27621,3.43772],[101.27621,3.43685],[101.28475,3.4365],[101.28444,3.42729],[101.31437,3.42664],[101.33091,3.42598],[101.33782,3.42544],[101.33749,3.43118],[101.37782,3.43204],[101.37761,3.43351],[101.37778,3.44026],[101.38046,3.44025],[101.38048,3.44421],[101.38494,3.44427],[101.38612,3.44541],[101.38607,3.45768],[101.40291,3.45769],[101.42347,3.45763],[101.42345,3.45548],[101.4257,3.45573],[101.43147,3.44631],[101.43418,3.44632],[101.43391,3.44752],[101.4344,3.45159],[101.43484,3.45225],[101.44387,3.45279],[101.44457,3.50949],[101.44114,3.51314],[101.43607,3.51853],[101.43437,3.52024],[101.43113,3.52373],[101.42594,3.5288],[101.41889,3.53616],[101.40883,3.54674],[101.40063,3.55405],[101.38616,3.56675],[101.36839,3.58224],[101.36794,3.58271],[101.36522,3.58504],[101.364,3.58356],[101.36205,3.58245],[101.36035,3.58104],[101.35927,3.58075],[101.3584,3.57932],[101.35685,3.57826],[101.35564,3.57801],[101.35436,3.57803],[101.35312,3.57692],[101.35267,3.57537],[101.35172,3.57449],[101.35083,3.58237],[101.34945,3.59889],[101.33782,3.59505],[101.32913,3.5918],[101.32557,3.59063],[101.31814,3.58787],[101.30964,3.58486],[101.30088,3.58162],[101.29778,3.58051],[101.27196,3.57116],[101.22785,3.55547],[101.18206,3.53953],[101.16603,3.52852],[101.16309,3.52656]]]},"properties":{"name":"Hutan Simpanan Kekal Raja Musa","kind":"Forest reserve"}},
{"type":"Feature","geometry":{"type":"Polygon","coordinates":[[[101.39738,3.61648],[101.39749,3.63814],[101.41048,3.64296],[101.4188,3.63571],[101.42273,3.63701],[101.42255,3.64097],[101.42779,3.6435],[101.42862,3.64365],[101.42857,3.64451],[101.42905,3.6464],[101.42918,3.64822],[101.4288,3.64904],[101.42788,3.64961],[101.40917,3.65055],[101.40915,3.65259],[101.39439,3.65855],[101.39406,3.66178],[101.37494,3.67161],[101.37381,3.67201],[101.3733,3.67145],[101.37243,3.67133],[101.37075,3.67013],[101.36994,3.67005],[101.36716,3.67081],[101.3668,3.67107],[101.36534,3.67152],[101.36372,3.67182],[101.36238,3.67154],[101.36046,3.67159],[101.35955,3.67254],[101.35886,3.67227],[101.35747,3.67313],[101.35554,3.67349],[101.35282,3.67473],[101.35111,3.67501],[101.34967,3.67506],[101.34878,3.67492],[101.34785,3.67454],[101.34669,3.67436],[101.34597,3.67473],[101.34584,3.67417],[101.34619,3.67084],[101.34594,3.66922],[101.34544,3.66765],[101.34546,3.66673],[101.3459,3.66476],[101.34599,3.66226],[101.34571,3.66098],[101.34526,3.66025],[101.34414,3.65914],[101.34306,3.65865],[101.34201,3.65797],[101.34174,3.65728],[101.34181,3.65653],[101.34285,3.65113],[101.34573,3.63825],[101.34621,3.63584],[101.34652,3.63271],[101.34792,3.61877],[101.34945,3.59889],[101.35083,3.58237],[101.35172,3.57449],[101.35267,3.57537],[101.35312,3.57692],[101.35436,3.57803],[101.35564,3.57801],[101.35685,3.57826],[101.3584,3.57932],[101.35927,3.58075],[101.36035,3.58104],[101.36205,3.58245],[101.364,3.58356],[101.36522,3.58504],[101.3661,3.58673],[101.36612,3.58757],[101.36682,3.58925],[101.3685,3.59011],[101.36846,3.59076],[101.36887,3.59198],[101.3686,3.5933],[101.36821,3.59417],[101.36797,3.59565],[101.36822,3.59607],[101.36778,3.59665],[101.36762,3.59774],[101.36827,3.59944],[101.3682,3.59986],[101.36882,3.60056],[101.36928,3.60212],[101.36981,3.60277],[101.37001,3.60402],[101.37112,3.60466],[101.3727,3.6045],[101.3733,3.6042],[101.37423,3.6041],[101.37553,3.60363],[101.37679,3.60391],[101.37738,3.60474],[101.37852,3.60541],[101.37936,3.60682],[101.37977,3.60722],[101.38141,3.60783],[101.38292,3.60798],[101.38385,3.60889],[101.38587,3.60901],[101.38638,3.60935],[101.3867,3.61009],[101.38783,3.60994],[101.38881,3.61011],[101.38961,3.61134],[101.39022,3.6113],[101.39047,3.61224],[101.39103,3.61251],[101.39103,3.61336],[101.39217,3.6146],[101.39298,3.61523],[101.39345,3.61505],[101.39413,3.61593],[101.39557,3.61638],[101.39738,3.61648]]]},"properties":{"name":"Hutan Simpanan Kekal Sungai Dusun","kind":"Forest reserve"}},
{"type":"Feature","geometry":{"type":"MultiPolygon","coordinates":[[[[101.47698,3.38675],[101.47753,3.38485],[101.47923,3.37946],[101.47956,3.3798],[101.47972,3.38126],[101.48,3.38182],[101.48439,3.37508],[101.4831,3.37417],[101.48438,3.37219],[101.51913,3.4086],[101.52456,3.40726],[101.5259,3.40604],[101.52949,3.41028],[101.53078,3.412],[101.54504,3.42818],[101.54626,3.42966],[101.54442,3.43065],[101.54338,3.43146],[101.54276,3.43217],[101.54217,3.43318],[101.5417,3.43485],[101.54167,3.4359],[101.542,3.43767],[101.54255,3.43981],[101.54275,3.44116],[101.54276,3.44289],[101.54184,3.45135],[101.52358,3.45804],[101.52234,3.46177],[101.5129,3.46523],[101.51246,3.46231],[101.50709,3.46235],[101.50709,3.46133],[101.50442,3.46134],[101.50442,3.46187],[101.50255,3.46111],[101.50255,3.45644],[101.5043,3.45644],[101.50433,3.44785],[101.50383,3.44752],[101.50332,3.44768],[101.50298,3.44679],[101.50238,3.44756],[101.50196,3.44709],[101.5022,3.44619],[101.5031,3.44646],[101.50353,3.44746],[101.50456,3.44433],[101.50435,3.44369],[101.50507,3.44122],[101.50408,3.43969],[101.504,3.43765],[101.50499,3.43593],[101.5039,3.43261],[101.50258,3.433],[101.50257,3.43231],[101.50199,3.43213],[101.50191,3.43132],[101.50086,3.43011],[101.50006,3.42953],[101.50247,3.42874],[101.50257,3.42514],[101.49979,3.42369],[101.49949,3.42675],[101.49859,3.42675],[101.49865,3.42513],[101.49757,3.42127],[101.49699,3.41977],[101.49241,3.41594],[101.48931,3.4159],[101.48865,3.41557],[101.48735,3.41363],[101.48831,3.41334],[101.48739,3.41139],[101.48852,3.41063],[101.48911,3.41102],[101.49186,3.40951],[101.48892,3.40394],[101.48862,3.40474],[101.48557,3.3993],[101.48202,3.40136],[101.47505,3.39502],[101.4752,3.39351],[101.47944,3.39142],[101.47698,3.38675]]],[[[101.44421,3.39633],[101.44411,3.37725],[101.44407,3.36641],[101.44415,3.35611],[101.44669,3.35588],[101.4461,3.34113],[101.44597,3.3333],[101.44636,3.33297],[101.44799,3.33255],[101.45346,3.33228],[101.45973,3.33178],[101.46049,3.33193],[101.46082,3.33344],[101.46156,3.33447],[101.46288,3.33492],[101.4631,3.33444],[101.46658,3.33857],[101.47842,3.32941],[101.47893,3.32991],[101.48043,3.32876],[101.47989,3.32828],[101.48587,3.32299],[101.49194,3.31874],[101.49431,3.31679],[101.51146,3.32705],[101.50963,3.32987],[101.50766,3.33012],[101.50774,3.33177],[101.50598,3.33442],[101.5067,3.33527],[101.50471,3.33941],[101.49901,3.34385],[101.49717,3.34315],[101.49654,3.34876],[101.48977,3.35706],[101.48962,3.35945],[101.48614,3.35963],[101.4855,3.35956],[101.48032,3.36375],[101.47892,3.36425],[101.47726,3.36597],[101.47722,3.36738],[101.47877,3.36853],[101.47751,3.36841],[101.47452,3.37232],[101.47627,3.3738],[101.47417,3.37879],[101.47472,3.38183],[101.47562,3.38231],[101.47523,3.38312],[101.47322,3.38414],[101.47279,3.3838],[101.47151,3.38422],[101.47047,3.38492],[101.46976,3.38508],[101.46872,3.38468],[101.46786,3.38561],[101.46837,3.38702],[101.4682,3.38775],[101.4685,3.38856],[101.46743,3.3897],[101.46712,3.39028],[101.46648,3.39078],[101.46574,3.39203],[101.46592,3.39255],[101.46545,3.39314],[101.46507,3.39297],[101.46357,3.39392],[101.46206,3.39344],[101.46024,3.394],[101.45901,3.3934],[101.45668,3.39392],[101.45755,3.39507],[101.45561,3.39684],[101.45452,3.40018],[101.45148,3.40073],[101.44965,3.39935],[101.44943,3.39958],[101.44798,3.39863],[101.44759,3.3964],[101.44677,3.39687],[101.44462,3.39679],[101.44421,3.39633]]]]},"properties":{"name":"Hutan Simpanan Kekal Rantau Panjang","kind":"Forest reserve"}},
{"type":"Feature","geometry":{"type":"Polygon","coordinates":[[[101.41458,2.8343],[101.41447,2.83497],[101.41398,2.83501],[101.41393,2.8343],[101.41458,2.8343]]]},"properties":{"name":"Taman Rekreasi Bukit Jugra","kind":"Park"}},
{"type":"Feature","geometry":{"type":"Polygon","coordinates":[[[101.51792,3.07425],[101.51786,3.07364],[101.51847,3.0737],[101.51824,3.07434],[101.51792,3.07425]]]},"properties":{"name":"Dataran Shah Alam","kind":"Park"}},
{"type":"Feature","geometry":{"type":"Polygon","coordinates":[[[101.76546,3.17995],[101.76538,3.18066],[101.7657,3.18106],[101.76603,3.18305],[101.7664,3.1833],[101.76703,3.18455],[101.76726,3.18573],[101.76783,3.18671],[101.76731,3.18703],[101.76772,3.18786],[101.76821,3.18803],[101.76808,3.18872],[101.76737,3.18837],[101.7657,3.18586],[101.76451,3.18548],[101.76216,3.18608],[101.76168,3.18486],[101.76316,3.1845],[101.7632,3.18349],[101.76272,3.18307],[101.76297,3.18265],[101.76254,3.18044],[101.76192,3.18019],[101.76243,3.17907],[101.76324,3.17897],[101.76333,3.17824],[101.76252,3.17738],[101.76135,3.17742],[101.76111,3.17649],[101.76082,3.17405],[101.75993,3.17402],[101.76074,3.17248],[101.75998,3.17143],[101.75902,3.17126],[101.75872,3.17175],[101.75772,3.17144],[101.75635,3.17189],[101.75597,3.17182],[101.7551,3.17022],[101.75618,3.16976],[101.75524,3.16819],[101.75594,3.16821],[101.75621,3.16917],[101.75726,3.16975],[101.75817,3.16938],[101.75975,3.16906],[101.7599,3.16871],[101.76149,3.16783],[101.76355,3.16718],[101.76436,3.16775],[101.76431,3.16805],[101.76548,3.16894],[101.76651,3.16867],[101.76775,3.16916],[101.76818,3.17033],[101.76905,3.17026],[101.76975,3.17066],[101.77012,3.17051],[101.77083,3.17096],[101.77159,3.17094],[101.77289,3.16938],[101.77334,3.16808],[101.77428,3.16823],[101.77524,3.16724],[101.77541,3.16631],[101.77498,3.16576],[101.77435,3.16544],[101.77377,3.16369],[101.77441,3.16353],[101.77436,3.16247],[101.7745,3.16099],[101.77093,3.15996],[101.76954,3.16281],[101.76971,3.16333],[101.77064,3.16379],[101.77183,3.163],[101.77207,3.16324],[101.77026,3.16428],[101.76921,3.16354],[101.76889,3.16207],[101.76842,3.16212],[101.76925,3.1581],[101.77027,3.15761],[101.77128,3.1577],[101.77214,3.15995],[101.77346,3.15956],[101.77434,3.15904],[101.77489,3.15776],[101.7768,3.15803],[101.77869,3.15709],[101.77923,3.15746],[101.77947,3.15763],[101.77983,3.15855],[101.77966,3.15898],[101.7798,3.15926],[101.78031,3.15925],[101.7808,3.15939],[101.78141,3.1605],[101.78104,3.16076],[101.78188,3.16206],[101.78255,3.1624],[101.78361,3.16241],[101.78336,3.15994],[101.78225,3.15913],[101.78125,3.1571],[101.78098,3.15675],[101.78205,3.15579],[101.78108,3.15511],[101.78142,3.15436],[101.78024,3.15295],[101.78115,3.15107],[101.78094,3.15051],[101.78135,3.14924],[101.78112,3.14802],[101.78217,3.1481],[101.78321,3.14851],[101.78438,3.1475],[101.7832,3.14479],[101.78363,3.14498],[101.78448,3.14616],[101.78497,3.14747],[101.78472,3.14897],[101.78394,3.14825],[101.78357,3.14855],[101.78378,3.15017],[101.78357,3.15106],[101.78308,3.15078],[101.78225,3.15147],[101.78328,3.15327],[101.78207,3.15358],[101.7823,3.15426],[101.78364,3.15514],[101.78457,3.1566],[101.78562,3.1563],[101.78545,3.15507],[101.78494,3.15394],[101.78486,3.15271],[101.78532,3.152],[101.78549,3.1512],[101.7855,3.14973],[101.78638,3.15009],[101.78688,3.15194],[101.78729,3.15299],[101.78824,3.15446],[101.78831,3.15523],[101.78799,3.15555],[101.78796,3.15609],[101.78809,3.15643],[101.78787,3.15687],[101.78811,3.15724],[101.78894,3.15758],[101.78946,3.15599],[101.78921,3.15595],[101.78903,3.15579],[101.78894,3.15487],[101.7895,3.1541],[101.78902,3.15368],[101.7883,3.15381],[101.78806,3.15259],[101.78678,3.15085],[101.78718,3.15033],[101.78786,3.15089],[101.78807,3.15143],[101.7889,3.15191],[101.78987,3.15143],[101.79211,3.1515],[101.79315,3.15122],[101.79359,3.15148],[101.79558,3.15416],[101.79605,3.15446],[101.79667,3.15553],[101.79819,3.15678],[101.79861,3.15768],[101.7982,3.1597],[101.79816,3.16117],[101.79596,3.16503],[101.79506,3.16621],[101.79454,3.16755],[101.79437,3.17057],[101.79301,3.17364],[101.79131,3.17636],[101.79039,3.17656],[101.79018,3.1772],[101.79055,3.17773],[101.78979,3.1791],[101.78961,3.1811],[101.78915,3.18146],[101.7891,3.18249],[101.78961,3.18267],[101.78931,3.18438],[101.78814,3.18582],[101.78809,3.189],[101.7875,3.19005],[101.78703,3.19315],[101.78944,3.2004],[101.78888,3.20082],[101.78806,3.20288],[101.78705,3.2035],[101.78646,3.20472],[101.7869,3.2056],[101.78752,3.20613],[101.78739,3.20677],[101.78668,3.20754],[101.7861,3.20759],[101.78579,3.20824],[101.78456,3.20774],[101.78358,3.20693],[101.78327,3.20591],[101.78244,3.20534],[101.78205,3.20451],[101.78247,3.20435],[101.78201,3.20202],[101.78053,3.1995],[101.7817,3.19906],[101.78191,3.19867],[101.78175,3.19688],[101.78304,3.19632],[101.78229,3.19556],[101.77838,3.196],[101.77862,3.19477],[101.77693,3.19498],[101.77688,3.19317],[101.77598,3.19316],[101.77623,3.19138],[101.77509,3.19117],[101.77444,3.19138],[101.77397,3.19244],[101.7732,3.19267],[101.77337,3.19375],[101.77269,3.19398],[101.77257,3.19278],[101.77212,3.19064],[101.77304,3.1905],[101.77345,3.19076],[101.77347,3.1919],[101.77423,3.19165],[101.77403,3.1898],[101.77343,3.18994],[101.77265,3.18673],[101.77247,3.18555],[101.77153,3.18563],[101.7712,3.18368],[101.77266,3.18411],[101.7733,3.18346],[101.77361,3.18226],[101.7733,3.18219],[101.77387,3.18007],[101.77218,3.17953],[101.76986,3.17768],[101.7693,3.17683],[101.76891,3.17554],[101.76835,3.17489],[101.7678,3.17476],[101.76688,3.17416],[101.76628,3.17327],[101.76567,3.17362],[101.76593,3.1758],[101.76687,3.17616],[101.7666,3.1775],[101.7651,3.17814],[101.76417,3.17853],[101.76374,3.17932],[101.76546,3.17995]],[[101.77635,3.16458],[101.7766,3.16529],[101.77775,3.1664],[101.77845,3.16732],[101.77927,3.16759],[101.77912,3.16659],[101.77828,3.16621],[101.7782,3.16568],[101.7776,3.16512],[101.77719,3.16519],[101.77635,3.16458]]]},"properties":{"name":"Hutan Simpan Hulu Gombak","kind":"Forest reserve"}},
{"type":"Feature","geometry":{"type":"Polygon","coordinates":[[[101.62876,3.22691],[101.62901,3.22743],[101.62842,3.22879],[101.6284,3.2294],[101.62936,3.23067],[101.62877,3.2315],[101.62738,3.23161],[101.62693,3.2322],[101.62541,3.23135],[101.62533,3.23087],[101.62586,3.23005],[101.6257,3.22913],[101.62507,3.229],[101.62488,3.22855],[101.62402,3.2277],[101.62318,3.22726],[101.62217,3.22708],[101.62135,3.22729],[101.62009,3.22812],[101.61926,3.22848],[101.6177,3.22867],[101.61664,3.22775],[101.61512,3.22783],[101.61491,3.22758],[101.61492,3.22651],[101.61527,3.22546],[101.61465,3.22472],[101.6156,3.22323],[101.61619,3.22264],[101.61679,3.22345],[101.62212,3.22539],[101.62338,3.22462],[101.62367,3.22547],[101.62481,3.22557],[101.62551,3.22482],[101.625,3.22362],[101.62581,3.22312],[101.62628,3.22248],[101.62969,3.22483],[101.62966,3.22517],[101.6289,3.22615],[101.62876,3.22691]]]},"properties":{"name":"Kepong Botanical Garden","kind":"Park"}},
{"type":"Feature","geometry":{"type":"Polygon","coordinates":[[[101.51611,3.06899],[101.51671,3.07012],[101.51657,3.07069],[101.51562,3.07294],[101.51406,3.0752],[101.51172,3.07407],[101.51142,3.07344],[101.51185,3.07228],[101.51411,3.06961],[101.51486,3.06906],[101.51611,3.06899]]]},"properties":{"name":"Taman Rekreasi Permai","kind":"Park"}},
{"type":"Feature","geometry":{"type":"Polygon","coordinates":[[[101.50345,3.0859],[101.50312,3.08647],[101.50227,3.08583],[101.50397,3.0847],[101.50451,3.08372],[101.50508,3.08372],[101.50496,3.0852],[101.50345,3.0859]]]},"properties":{"name":"Taman Tasik @ 7/1F Shah Alam","kind":"Park"}},
{"type":"Feature","geometry":{"type":"Polygon","coordinates":[[[101.51812,3.07521],[101.51774,3.07677],[101.51734,3.07753],[101.51672,3.07754],[101.51428,3.07561],[101.51421,3.07536],[101.51513,3.07414],[101.5154,3.07411],[101.51667,3.07483],[101.51812,3.07521]]]},"properties":{"name":"Taman Rekreasi Indah","kind":"Park"}},
{"type":"Feature","geometry":{"type":"Polygon","coordinates":[[[101.52138,3.07616],[101.52216,3.07682],[101.5223,3.07673],[101.52249,3.07643],[101.5232,3.0772],[101.52239,3.07754],[101.52107,3.07679],[101.52043,3.07731],[101.51919,3.07712],[101.51894,3.07654],[101.51801,3.07657],[101.51832,3.07532],[101.51885,3.07555],[101.51961,3.075],[101.52053,3.07518],[101.52138,3.07616]]]},"properties":{"name":"Taman Rekreasi Raja Lumu","kind":"Park"}},
{"type":"Feature","geometry":{"type":"Polygon","coordinates":[[[101.52278,3.07599],[101.5218,3.0745],[101.52176,3.07392],[101.52262,3.07408],[101.52265,3.0745],[101.52332,3.0757],[101.52278,3.07599]]]},"properties":{"name":"Padang A","kind":"Park"}},
{"type":"Feature","geometry":{"type":"Polygon","coordinates":[[[101.52138,3.07616],[101.52217,3.07609],[101.52249,3.07643],[101.5223,3.07673],[101.52216,3.07682],[101.52138,3.07616]]]},"properties":{"name":"Dataran Bunga Raya","kind":"Park"}},
{"type":"Feature","geometry":{"type":"Polygon","coordinates":[[[101.58804,3.19394],[101.58881,3.19264],[101.58857,3.19231],[101.59021,3.19171],[101.59048,3.19251],[101.59039,3.1942],[101.58804,3.19394]]]},"properties":{"name":"Urban Park","kind":"Park"}},
{"type":"Feature","geometry":{"type":"Polygon","coordinates":[[[101.61414,3.14862],[101.61529,3.14927],[101.61413,3.1512],[101.61388,3.15133],[101.61286,3.15081],[101.61394,3.1492],[101.61414,3.14862]]]},"properties":{"name":"Central Park Bandar Utama","kind":"Park"}},
{"type":"Feature","geometry":{"type":"Polygon","coordinates":[[[101.60964,3.18531],[101.60932,3.18471],[101.61069,3.18469],[101.60964,3.18531]]]},"properties":{"name":"Taman SD9/9","kind":"Park"}},
{"type":"Feature","geometry":{"type":"Polygon","coordinates":[[[101.61321,3.15621],[101.61307,3.15528],[101.61488,3.15532],[101.61511,3.15551],[101.61522,3.15869],[101.61428,3.15724],[101.61321,3.15621]]]},"properties":{"name":"Mutiara Damansara Recreational Park","kind":"Park"}},
{"type":"Feature","geometry":{"type":"Polygon","coordinates":[[[101.47394,3.28856],[101.47474,3.2878],[101.47504,3.28711],[101.47575,3.28741],[101.47648,3.28577],[101.47691,3.2858],[101.47768,3.28733],[101.47723,3.28764],[101.47771,3.28849],[101.4762,3.28977],[101.47507,3.28951],[101.47394,3.28856]]]},"properties":{"name":"Puteri Central Park","kind":"Park"}},
{"type":"Feature","geometry":{"type":"Polygon","coordinates":[[[101.64003,2.94211],[101.63944,2.94038],[101.639,2.93964],[101.63993,2.93872],[101.64038,2.9373],[101.6399,2.93619],[101.63913,2.93556],[101.6391,2.93395],[101.64157,2.93392],[101.64325,2.93328],[101.64426,2.93457],[101.64428,2.93533],[101.64459,2.93608],[101.64518,2.93622],[101.64525,2.93725],[101.64586,2.93752],[101.64558,2.93828],[101.64628,2.93863],[101.64614,2.94013],[101.64541,2.94041],[101.64555,2.94087],[101.64628,2.94122],[101.64591,2.94194],[101.64515,2.94234],[101.64217,2.9426],[101.64138,2.94253],[101.64003,2.94211]]]},"properties":{"name":"Taman Tasik Cyberjaya","kind":"Park"}},
{"type":"Feature","geometry":{"type":"Polygon","coordinates":[[[101.58179,3.04272],[101.58178,3.0419],[101.58261,3.04189],[101.58261,3.04271],[101.58179,3.04272]]]},"properties":{"name":"Green Park","kind":"Park"}},
{"type":"Feature","geometry":{"type":"Polygon","coordinates":[[[101.65562,3.03556],[101.65577,3.03611],[101.65672,3.0358],[101.65787,3.03579],[101.65788,3.03616],[101.65681,3.03621],[101.65551,3.03662],[101.65562,3.03556]]]},"properties":{"name":"BK5 Hening Park","kind":"Park"}},
{"type":"Feature","geometry":{"type":"Polygon","coordinates":[[[101.64794,3.05232],[101.64793,3.05174],[101.64903,3.05179],[101.64903,3.05229],[101.64794,3.05232]]]},"properties":{"name":"BK1 Park","kind":"Park"}},
{"type":"Feature","geometry":{"type":"Polygon","coordinates":[[[101.59721,3.10182],[101.59565,3.1012],[101.59527,3.1017],[101.59415,3.10098],[101.59412,3.10036],[101.59479,3.10002],[101.59451,3.09949],[101.59482,3.09845],[101.59599,3.09739],[101.59641,3.09656],[101.59684,3.09632],[101.59811,3.09802],[101.59756,3.09912],[101.59721,3.10182]]]},"properties":{"name":"Taman Bandaran Kelana Jaya","kind":"Park"}},
{"type":"Feature","geometry":{"type":"Polygon","coordinates":[[[101.78893,3.0518],[101.7888,3.05291],[101.78745,3.0528],[101.78808,3.0517],[101.78893,3.0518]]]},"properties":{"name":"Bandar Mahkota Cheras Lake Park","kind":"Park"}},
{"type":"Feature","geometry":{"type":"Polygon","coordinates":[[[101.30152,3.36055],[101.30186,3.36067],[101.3017,3.36178],[101.30178,3.36282],[101.30117,3.36261],[101.30152,3.36055]]]},"properties":{"name":"Santuari Kelip-Kelip Kampung Kuantan","kind":"Park"}},
{"type":"Feature","geometry":{"type":"Polygon","coordinates":[[[101.52939,3.04465],[101.53037,3.0445],[101.52997,3.04525],[101.52939,3.04465]]]},"properties":{"name":"Taman Persatuan Komuniti Seksyen 23","kind":"Park"}},
{"type":"Feature","geometry":{"type":"Polygon","coordinates":[[[101.61465,3.01889],[101.61848,3.01821],[101.61867,3.01932],[101.61487,3.02007],[101.61465,3.01889]]]},"properties":{"name":"Bandar Puteri Town Park","kind":"Park"}},
{"type":"Feature","geometry":{"type":"Polygon","coordinates":[[[101.62457,3.02839],[101.62535,3.02913],[101.62506,3.0297],[101.62355,3.02915],[101.62398,3.02826],[101.62457,3.02839]]]},"properties":{"name":"Taman Wawasan 2","kind":"Park"}},
{"type":"Feature","geometry":{"type":"Polygon","coordinates":[[[101.57969,3.03544],[101.579,3.03417],[101.57969,3.03376],[101.57969,3.03544]]]},"properties":{"name":"USJ17 Park","kind":"Park"}},
{"type":"Feature","geometry":{"type":"Polygon","coordinates":[[[101.57648,3.03578],[101.57635,3.0342],[101.57738,3.03418],[101.5774,3.03577],[101.57648,3.03578]]]},"properties":{"name":"USJ16 Park","kind":"Park"}},
{"type":"Feature","geometry":{"type":"Polygon","coordinates":[[[101.58597,3.03572],[101.58602,3.03491],[101.58761,3.03493],[101.58756,3.03569],[101.58597,3.03572]]]},"properties":{"name":"USJ18 Park","kind":"Park"}},
{"type":"Feature","geometry":{"type":"Polygon","coordinates":[[[101.58431,3.03764],[101.58447,3.03711],[101.58547,3.03694],[101.58552,3.03762],[101.58431,3.03764]]]},"properties":{"name":"USJ13 Park","kind":"Park"}},
{"type":"Feature","geometry":{"type":"Polygon","coordinates":[[[101.58706,3.04561],[101.5861,3.04561],[101.58612,3.04418],[101.58707,3.04412],[101.58706,3.04561]]]},"properties":{"name":"USJ9 Park","kind":"Park"}},
{"type":"Feature","geometry":{"type":"Polygon","coordinates":[[[101.58418,3.04393],[101.58381,3.04302],[101.58494,3.04302],[101.58494,3.04394],[101.58418,3.04393]]]},"properties":{"name":"USJ9 Park","kind":"Park"}},
{"type":"Feature","geometry":{"type":"Polygon","coordinates":[[[101.59165,3.04114],[101.59165,3.03969],[101.59257,3.03969],[101.59256,3.04115],[101.59165,3.04114]]]},"properties":{"name":"Goodyear Court Park","kind":"Park"}},
{"type":"Feature","geometry":{"type":"Polygon","coordinates":[[[101.57633,3.04796],[101.57633,3.04888],[101.57416,3.04886],[101.57403,3.04797],[101.57633,3.04796]]]},"properties":{"name":"USJ4 Park","kind":"Park"}},
{"type":"Feature","geometry":{"type":"Polygon","coordinates":[[[101.5917,3.05075],[101.59087,3.05042],[101.59149,3.04992],[101.5917,3.05075]]]},"properties":{"name":"USJ 6 Park","kind":"Park"}},
{"type":"Feature","geometry":{"type":"Polygon","coordinates":[[[101.60433,3.05146],[101.60427,3.05125],[101.60558,3.05073],[101.60569,3.05093],[101.60433,3.05146]]]},"properties":{"name":"Grandville USJ1 Park","kind":"Park"}},
{"type":"Feature","geometry":{"type":"Polygon","coordinates":[[[101.60047,3.05418],[101.59891,3.0543],[101.5989,3.05308],[101.60047,3.05307],[101.60047,3.05418]]]},"properties":{"name":"Laman Sukan MBSJ USJ1","kind":"Park"}},
{"type":"Feature","geometry":{"type":"Polygon","coordinates":[[[101.80112,3.0401],[101.80144,3.0385],[101.80249,3.03899],[101.80164,3.0404],[101.80112,3.0401]]]},"properties":{"name":"Jalan SL 4 Garden","kind":"Park"}},
{"type":"Feature","geometry":{"type":"Polygon","coordinates":[[[101.80447,3.04995],[101.80405,3.04959],[101.80494,3.04853],[101.80516,3.04912],[101.80447,3.04995]]]},"properties":{"name":"Bandar Sungai Long SL6 Park","kind":"Park"}},
{"type":"Feature","geometry":{"type":"Polygon","coordinates":[[[101.78716,3.05878],[101.78821,3.0589],[101.78839,3.0574],[101.78875,3.05744],[101.78854,3.05935],[101.78833,3.05951],[101.78716,3.05878]]]},"properties":{"name":"BMC Section 9 Park 1","kind":"Park"}},
{"type":"Feature","geometry":{"type":"Polygon","coordinates":[[[101.60695,3.02402],[101.60658,3.02183],[101.60736,3.02178],[101.60771,3.02389],[101.60695,3.02402]]]},"properties":{"name":"Taman Sri Puchong","kind":"Park"}},
{"type":"Feature","geometry":{"type":"Polygon","coordinates":[[[101.63782,3.05411],[101.63846,3.05367],[101.63846,3.05299],[101.64,3.05298],[101.64007,3.05398],[101.63782,3.05411]]]},"properties":{"name":"Bandar Kinrara 3 Park","kind":"Park"}},
{"type":"Feature","geometry":{"type":"Polygon","coordinates":[[[101.63876,3.03769],[101.63868,3.037],[101.63951,3.03672],[101.63955,3.0377],[101.63876,3.03769]]]},"properties":{"name":"Bandar Kinrara 5 Park","kind":"Park"}},
{"type":"Feature","geometry":{"type":"Polygon","coordinates":[[[101.64266,3.03546],[101.64184,3.03546],[101.64182,3.0353],[101.64248,3.03531],[101.64266,3.03546]]]},"properties":{"name":"BK5 Damai Playground","kind":"Park"}},
{"type":"Feature","geometry":{"type":"Polygon","coordinates":[[[101.64346,3.03772],[101.64346,3.03722],[101.64447,3.03721],[101.64378,3.0375],[101.64346,3.03772]]]},"properties":{"name":"Bandar Kinrara 5B Park","kind":"Park"}},
{"type":"Feature","geometry":{"type":"Polygon","coordinates":[[[101.87396,2.94402],[101.87362,2.94368],[101.87362,2.94282],[101.87417,2.94226],[101.87452,2.94311],[101.87396,2.94402]]]},"properties":{"name":"UNM Arboretum","kind":"Park"}},
{"type":"Feature","geometry":{"type":"Polygon","coordinates":[[[101.75394,3.13381],[101.75401,3.13188],[101.75555,3.13188],[101.7556,3.13374],[101.75508,3.13389],[101.75394,3.13381]]]},"properties":{"name":"Taman Bandar Pandan Indah","kind":"Park"}},
{"type":"Feature","geometry":{"type":"Polygon","coordinates":[[[101.59327,3.08336],[101.59326,3.08075],[101.59361,3.08053],[101.59585,3.08055],[101.59584,3.08109],[101.59785,3.08126],[101.59772,3.08039],[101.59835,3.07991],[101.59897,3.08244],[101.59737,3.08302],[101.59505,3.08344],[101.59462,3.08328],[101.59327,3.08336]]]},"properties":{"name":"Taman Subang Ria","kind":"Park"}},
{"type":"Feature","geometry":{"type":"Polygon","coordinates":[[[101.56859,3.12438],[101.56794,3.12284],[101.56802,3.12],[101.56853,3.11628],[101.57007,3.11631],[101.57001,3.1245],[101.56859,3.12438]]]},"properties":{"name":"Taman Eko Ara Damansara","kind":"Park"}},
{"type":"Feature","geometry":{"type":"Polygon","coordinates":[[[101.6555,2.90975],[101.65519,2.90945],[101.65538,2.90894],[101.65579,2.90891],[101.6555,2.90975]]]},"properties":{"name":"Obama Oval","kind":"Park"}},
{"type":"Feature","geometry":{"type":"Polygon","coordinates":[[[101.64889,2.92246],[101.6489,2.9213],[101.64995,2.92131],[101.64985,2.92388],[101.64947,2.92429],[101.64881,2.9237],[101.64889,2.92246]]]},"properties":{"name":"Cyberjaya Mini Park","kind":"Park"}},
{"type":"Feature","geometry":{"type":"Polygon","coordinates":[[[101.71352,2.7478],[101.7138,2.74794],[101.71366,2.74818],[101.71341,2.74802],[101.71352,2.7478]]]},"properties":{"name":"Rimba","kind":"Park"}},
{"type":"Feature","geometry":{"type":"Polygon","coordinates":[[[101.42939,2.98745],[101.4302,2.9874],[101.43135,2.98749],[101.43166,2.98719],[101.43197,2.98762],[101.43014,2.9877],[101.42939,2.98745]]]},"properties":{"name":"Botanic Park","kind":"Park"}},
{"type":"Feature","geometry":{"type":"Polygon","coordinates":[[[101.44396,3.03663],[101.44401,3.03607],[101.4455,3.03534],[101.44772,3.03595],[101.4478,3.03744],[101.4472,3.03677],[101.44588,3.03699],[101.44559,3.03751],[101.44396,3.03663]]]},"properties":{"name":"Taman Bandar Diraja Klang","kind":"Park"}},
{"type":"Feature","geometry":{"type":"Polygon","coordinates":[[[101.7094,2.9867],[101.71,2.98491],[101.71085,2.98513],[101.71284,2.9879],[101.71302,2.98862],[101.71262,2.99001],[101.71151,2.98931],[101.71064,2.98944],[101.71055,2.98776],[101.71035,2.98688],[101.7094,2.9867]]]},"properties":{"name":"Bukit Ekspo UPM","kind":"Park"}},
{"type":"Feature","geometry":{"type":"Polygon","coordinates":[[[100.98679,3.67669],[100.98738,3.67617],[100.98802,3.67687],[100.98755,3.67725],[100.98679,3.67669]]]},"properties":{"name":"Tonggak 10","kind":"Park"}},
{"type":"Feature","geometry":{"type":"Polygon","coordinates":[[[101.53545,3],[101.53614,2.99951],[101.53725,2.99833],[101.53816,2.99903],[101.53875,3.00029],[101.53815,3.0009],[101.53868,3.00127],[101.53944,3.00129],[101.54081,3.00107],[101.54089,3.00192],[101.54059,3.00238],[101.53896,3.00256],[101.53879,3.00204],[101.53735,3.00162],[101.53718,3.0028],[101.53622,3.00362],[101.53526,3.00328],[101.53488,3.00227],[101.53513,3.00174],[101.536,3.00116],[101.53607,3.00079],[101.53545,3]]]},"properties":{"name":"Taman Tasik Kota Kemuning","kind":"Park"}},
{"type":"Feature","geometry":{"type":"Polygon","coordinates":[[[101.46492,2.99509],[101.46492,2.99429],[101.46752,2.9943],[101.46764,2.99491],[101.4655,2.99517],[101.46492,2.99509]]]},"properties":{"name":"Bandar Puteri Klang Lake Garden","kind":"Park"}},
{"type":"Feature","geometry":{"type":"Polygon","coordinates":[[[101.54581,2.94238],[101.54602,2.94143],[101.54457,2.9409],[101.54508,2.94],[101.54633,2.94028],[101.54677,2.9388],[101.54656,2.93838],[101.54564,2.93814],[101.54484,2.937],[101.54385,2.93663],[101.54447,2.9358],[101.54503,2.9364],[101.54532,2.93732],[101.54583,2.938],[101.54673,2.93822],[101.54697,2.93854],[101.54656,2.94009],[101.54734,2.94072],[101.54823,2.94112],[101.54776,2.94232],[101.54734,2.94265],[101.54581,2.94238]]]},"properties":{"name":"The Club @ Rimbayu","kind":"Park"}},
{"type":"Feature","geometry":{"type":"Polygon","coordinates":[[[101.60773,3.00911],[101.60707,3.00868],[101.60601,3.00897],[101.60601,3.01038],[101.6066,3.01047],[101.60691,3.01073],[101.60773,3.00912],[101.60883,3.01003],[101.60859,3.01066],[101.60797,3.01135],[101.60742,3.01136],[101.60742,3.01048],[101.60684,3.01083],[101.60663,3.01054],[101.60588,3.01049],[101.60589,3.00824],[101.607,3.00832],[101.60773,3.00911]]]},"properties":{"name":"Taman Tasik Puchong Perdana","kind":"Park"}},
{"type":"Feature","geometry":{"type":"Polygon","coordinates":[[[101.49073,3.20469],[101.49073,3.20341],[101.49163,3.20341],[101.49163,3.20469],[101.49073,3.20469]]]},"properties":{"name":"Padang Bola","kind":"Park"}},
{"type":"Feature","geometry":{"type":"Polygon","coordinates":[[[101.53248,3.05581],[101.53232,3.05632],[101.53208,3.05604],[101.53218,3.05572],[101.53248,3.05581]]]},"properties":{"name":"Playground Jalan Belat Seksyen 19","kind":"Park"}},
{"type":"Feature","geometry":{"type":"Polygon","coordinates":[[[101.52669,3.10211],[101.52673,3.10127],[101.52766,3.10178],[101.52731,3.10241],[101.52669,3.10211]]]},"properties":{"name":"Dahlia Park","kind":"Park"}},
{"type":"Feature","geometry":{"type":"Polygon","coordinates":[[[101.60675,3.07968],[101.60676,3.07824],[101.60819,3.07823],[101.60819,3.0797],[101.60675,3.07968]]]},"properties":{"name":"PJS 10 Park","kind":"Park"}},
{"type":"Feature","geometry":{"type":"Polygon","coordinates":[[[101.527,2.99488],[101.52687,2.99385],[101.52712,2.99355],[101.52797,2.99371],[101.52843,2.99457],[101.527,2.99488]]]},"properties":{"name":"Taman Bukit Rimau","kind":"Park"}},
{"type":"Feature","geometry":{"type":"Polygon","coordinates":[[[101.75731,2.96146],[101.75649,2.95984],[101.75617,2.95948],[101.75656,2.95861],[101.75695,2.95878],[101.7574,2.95805],[101.75715,2.9571],[101.7574,2.95642],[101.75806,2.9566],[101.75937,2.95732],[101.76019,2.95826],[101.76084,2.95979],[101.76094,2.96138],[101.76064,2.9626],[101.75834,2.96222],[101.75811,2.96107],[101.75731,2.96146]]]},"properties":{"name":"Taman Tasik Cempaka","kind":"Park"}},
{"type":"Feature","geometry":{"type":"Polygon","coordinates":[[[101.49768,3.08193],[101.49683,3.07992],[101.49812,3.07936],[101.49906,3.08132],[101.49768,3.08193]]]},"properties":{"name":"Taman Permainan Seksyen 7","kind":"Park"}},
{"type":"Feature","geometry":{"type":"Polygon","coordinates":[[[101.48995,3.07552],[101.49221,3.07439],[101.49242,3.07441],[101.49361,3.07651],[101.49438,3.07821],[101.49427,3.0787],[101.49226,3.07953],[101.49093,3.07954],[101.49077,3.07817],[101.48985,3.0758],[101.48995,3.07552]]]},"properties":{"name":"Tasik Seksyen 7","kind":"Park"}},
{"type":"Feature","geometry":{"type":"Polygon","coordinates":[[[101.58294,3.17972],[101.58455,3.1799],[101.58386,3.18104],[101.58294,3.17972]]]},"properties":{"name":"Taman Rimba Riang Kota Damansara","kind":"Park"}},
{"type":"Feature","geometry":{"type":"Polygon","coordinates":[[[101.78424,2.88359],[101.78487,2.88282],[101.78558,2.88341],[101.78494,2.88415],[101.78424,2.88359]]]},"properties":{"name":"Playground BSP 2","kind":"Park"}},
{"type":"Feature","geometry":{"type":"Polygon","coordinates":[[[101.77425,2.8864],[101.77447,2.88587],[101.7751,2.88613],[101.77488,2.88666],[101.77425,2.8864]]]},"properties":{"name":"Playground BSP 8","kind":"Park"}},
{"type":"Feature","geometry":{"type":"Polygon","coordinates":[[[101.77858,2.88707],[101.77886,2.88635],[101.7798,2.88675],[101.77929,2.88737],[101.77858,2.88707]]]},"properties":{"name":"Playground BSP 3","kind":"Park"}},
{"type":"Feature","geometry":{"type":"Polygon","coordinates":[[[101.78992,2.88411],[101.79005,2.88396],[101.79128,2.88496],[101.79118,2.88512],[101.78992,2.88411]]]},"properties":{"name":"Seri Putra Walk","kind":"Park"}},
{"type":"Feature","geometry":{"type":"Polygon","coordinates":[[[101.81964,2.96934],[101.81982,2.96919],[101.82005,2.96946],[101.81987,2.96961],[101.81964,2.96934]]]},"properties":{"name":"Taman Permainan TAE","kind":"Park"}},
{"type":"Feature","geometry":{"type":"Polygon","coordinates":[[[101.77751,2.94875],[101.77753,2.94842],[101.77786,2.94862],[101.77751,2.94875]]]},"properties":{"name":"3/5 Park","kind":"Park"}},
{"type":"Feature","geometry":{"type":"Polygon","coordinates":[[[101.52289,3.07617],[101.52345,3.07585],[101.52406,3.07619],[101.5244,3.07703],[101.52414,3.07752],[101.52353,3.07724],[101.52289,3.07617]]]},"properties":{"name":"Padang B","kind":"Park"}},
{"type":"Feature","geometry":{"type":"Polygon","coordinates":[[[101.55779,3.24723],[101.55799,3.24736],[101.55593,3.25045],[101.556,3.24979],[101.557,3.24824],[101.55779,3.24723]]]},"properties":{"name":"Taman Sri Putra Mas Playground","kind":"Park"}},
{"type":"Feature","geometry":{"type":"Polygon","coordinates":[[[101.61711,3.11201],[101.61694,3.1118],[101.61713,3.11167],[101.61729,3.11188],[101.61711,3.11201]]]},"properties":{"name":"Backfield SS2","kind":"Park"}},
{"type":"Feature","geometry":{"type":"Polygon","coordinates":[[[101.59947,3.11228],[101.60002,3.11193],[101.60003,3.11253],[101.59947,3.11228]]]},"properties":{"name":"SS 4D/5 Park","kind":"Park"}},
{"type":"Feature","geometry":{"type":"Polygon","coordinates":[[[101.6094,3.11783],[101.60885,3.11701],[101.60875,3.11629],[101.61022,3.11686],[101.6094,3.11783]]]},"properties":{"name":"SS 24 Gated Park","kind":"Park"}},
{"type":"Feature","geometry":{"type":"Polygon","coordinates":[[[101.70226,3.22779],[101.70207,3.22739],[101.70297,3.22696],[101.70315,3.22737],[101.70226,3.22779]]]},"properties":{"name":"Taman Gombak Ria Park","kind":"Park"}},
{"type":"Feature","geometry":{"type":"Polygon","coordinates":[[[101.63333,3.052],[101.63384,3.05196],[101.63389,3.0525],[101.63347,3.05252],[101.63333,3.052]]]},"properties":{"name":"Sri Teratai Park","kind":"Park"}},
{"type":"Feature","geometry":{"type":"Polygon","coordinates":[[[101.86484,2.94987],[101.85768,2.94871],[101.85762,2.94823],[101.85799,2.94644],[101.85842,2.9462],[101.86076,2.94671],[101.86102,2.9463],[101.86286,2.94638],[101.86314,2.94684],[101.86449,2.94723],[101.86451,2.94897],[101.86484,2.94987]]]},"properties":{"name":"Semenyih Lake Country Club","kind":"Park"}},
{"type":"Feature","geometry":{"type":"Polygon","coordinates":[[[101.80926,2.98835],[101.80987,2.98855],[101.81043,2.98931],[101.80999,2.98977],[101.80954,2.98939],[101.80926,2.98835]]]},"properties":{"name":"Seri Damai Park","kind":"Park"}},
{"type":"Feature","geometry":{"type":"Polygon","coordinates":[[[101.45024,3.0189],[101.45051,3.02253],[101.44966,3.02284],[101.44946,3.02236],[101.44811,3.02234],[101.44778,3.02321],[101.44603,3.02289],[101.44543,3.02065],[101.44612,3.02033],[101.44699,3.02048],[101.44762,3.01966],[101.44885,3.01945],[101.45024,3.0189]]]},"properties":{"name":"Taman Rakyat","kind":"Park"}},
{"type":"Feature","geometry":{"type":"Polygon","coordinates":[[[101.56478,3.05928],[101.56476,3.0588],[101.56491,3.05878],[101.56496,3.05927],[101.56478,3.05928]]]},"properties":{"name":"Kayangan Puteri Park","kind":"Park"}},
{"type":"Feature","geometry":{"type":"Polygon","coordinates":[[[101.63459,3.06934],[101.63357,3.06948],[101.63382,3.06885],[101.63459,3.06934]]]},"properties":{"name":"Mawar Flat Playground","kind":"Park"}},
{"type":"Feature","geometry":{"type":"Polygon","coordinates":[[[101.7485,2.96087],[101.74862,2.96018],[101.74899,2.95977],[101.749,2.96087],[101.7485,2.96087]]]},"properties":{"name":"Taman Permainan Apartment Merpati","kind":"Park"}},
{"type":"Feature","geometry":{"type":"Polygon","coordinates":[[[101.59431,3.13496],[101.59387,3.13386],[101.59479,3.13203],[101.59583,3.13197],[101.59582,3.13233],[101.59513,3.13285],[101.5945,3.1337],[101.59474,3.1347],[101.59431,3.13496]]]},"properties":{"name":"Tropicana Park","kind":"Park"}},
{"type":"Feature","geometry":{"type":"Polygon","coordinates":[[[101.64165,3.03556],[101.64142,3.03533],[101.64162,3.03528],[101.64165,3.03556]]]},"properties":{"name":"BK5 Damai Playground","kind":"Park"}},
{"type":"Feature","geometry":{"type":"Polygon","coordinates":[[[101.64258,3.04405],[101.64256,3.04284],[101.64322,3.04283],[101.6432,3.04404],[101.64258,3.04405]]]},"properties":{"name":"Bandar Kinrara 5 Park","kind":"Park"}},
{"type":"Feature","geometry":{"type":"Polygon","coordinates":[[[101.58157,3.05886],[101.58249,3.05887],[101.58248,3.05999],[101.58157,3.05999],[101.58157,3.05886]]]},"properties":{"name":"USJ 2/6 Park","kind":"Park"}},
{"type":"Feature","geometry":{"type":"Polygon","coordinates":[[[101.4832,3.06572],[101.48265,3.06571],[101.48187,3.06531],[101.48219,3.06445],[101.48308,3.06445],[101.4832,3.06572]]]},"properties":{"name":"City of Digital Lights","kind":"Park"}},
{"type":"Feature","geometry":{"type":"Polygon","coordinates":[[[101.51854,3.07434],[101.51871,3.07366],[101.51889,3.07397],[101.51854,3.07434]]]},"properties":{"name":"Dataran Shah Alam Grand Stand","kind":"Park"}},
{"type":"Feature","geometry":{"type":"Polygon","coordinates":[[[101.52401,3.08008],[101.52376,3.08046],[101.52309,3.07996],[101.52361,3.07906],[101.52408,3.07931],[101.52401,3.08008]]]},"properties":{"name":"Taman Awam","kind":"Park"}},
{"type":"Feature","geometry":{"type":"Polygon","coordinates":[[[101.67736,3.54595],[101.67395,3.54542],[101.67467,3.54171],[101.6746,3.54118],[101.67766,3.54038],[101.67927,3.54214],[101.68005,3.54431],[101.68008,3.54469],[101.67926,3.54617],[101.67836,3.54632],[101.67736,3.54595]]]},"properties":{"name":"Taman Millennium","kind":"Park"}},
{"type":"Feature","geometry":{"type":"Polygon","coordinates":[[[101.74972,3.13025],[101.74835,3.13014],[101.74846,3.12885],[101.74983,3.12896],[101.74972,3.13025]]]},"properties":{"name":"Padang Perbandaran Ampang Jaya","kind":"Park"}},
{"type":"Feature","geometry":{"type":"Polygon","coordinates":[[[101.77335,3.14575],[101.77298,3.14526],[101.77346,3.14504],[101.7739,3.14542],[101.77335,3.14575]]]},"properties":{"name":"Mini Playground","kind":"Park"}},
{"type":"Feature","geometry":{"type":"Polygon","coordinates":[[[101.7018,3.22514],[101.70166,3.22483],[101.70216,3.2246],[101.70226,3.22489],[101.7018,3.22514]]]},"properties":{"name":"Taman Gombak Ria Playground","kind":"Park"}},
{"type":"Feature","geometry":{"type":"Polygon","coordinates":[[[101.69832,3.22432],[101.6983,3.22531],[101.69789,3.22531],[101.69789,3.22431],[101.69832,3.22432]]]},"properties":{"name":"Taman Selaseh Park","kind":"Park"}},
{"type":"Feature","geometry":{"type":"Polygon","coordinates":[[[101.59652,3.12532],[101.59616,3.12396],[101.59684,3.12391],[101.59686,3.12531],[101.59652,3.12532]]]},"properties":{"name":"Mayang Park","kind":"Park"}},
{"type":"Feature","geometry":{"type":"Polygon","coordinates":[[[101.70579,3.24849],[101.70499,3.24836],[101.70366,3.24969],[101.7031,3.24998],[101.70223,3.24886],[101.70108,3.24885],[101.70123,3.24812],[101.70226,3.24866],[101.70273,3.2477],[101.70329,3.24748],[101.70549,3.24803],[101.70579,3.24849]]]},"properties":{"name":"Taman Tasik Seri Gombak","kind":"Park"}},
{"type":"Feature","geometry":{"type":"Polygon","coordinates":[[[101.5255,3.3346],[101.52353,3.33348],[101.5243,3.33316],[101.52444,3.33366],[101.52683,3.33379],[101.5255,3.3346]]]},"properties":{"name":"Taman Rekreasi Fasa 4 BCH","kind":"Park"}},
{"type":"Feature","geometry":{"type":"Polygon","coordinates":[[[101.74909,3.21313],[101.74905,3.21262],[101.7494,3.2126],[101.74943,3.21311],[101.74909,3.21313]]]},"properties":{"name":"Taman Permainan Jalan B","kind":"Park"}},
{"type":"Feature","geometry":{"type":"Polygon","coordinates":[[[101.75263,3.20526],[101.75348,3.20525],[101.75345,3.20578],[101.75281,3.2061],[101.75263,3.20526]]]},"properties":{"name":"Padang Permata A","kind":"Park"}},
{"type":"Feature","geometry":{"type":"Polygon","coordinates":[[[101.84337,2.92446],[101.84169,2.92415],[101.84145,2.92344],[101.84247,2.923],[101.84231,2.92244],[101.84282,2.92221],[101.84381,2.92262],[101.84337,2.92446]]]},"properties":{"name":"Setia Ecohill Park","kind":"Park"}},
{"type":"Feature","geometry":{"type":"Polygon","coordinates":[[[101.70062,3.24621],[101.70061,3.24363],[101.70108,3.24363],[101.70106,3.24621],[101.70062,3.24621]]]},"properties":{"name":"Taman Seri Gombak Park","kind":"Park"}},
{"type":"Feature","geometry":{"type":"Polygon","coordinates":[[[101.67142,3.01622],[101.67169,3.0153],[101.67227,3.01528],[101.67232,3.01616],[101.67142,3.01622]]]},"properties":{"name":"Taman Rekreasi Puncak Jalil","kind":"Park"}},
{"type":"Feature","geometry":{"type":"Polygon","coordinates":[[[101.76391,3.13806],[101.76322,3.13782],[101.76346,3.13727],[101.76409,3.13757],[101.76391,3.13806]]]},"properties":{"name":"NAYC Basketball Court","kind":"Park"}},
{"type":"Feature","geometry":{"type":"Polygon","coordinates":[[[101.5698,2.9997],[101.5698,2.99866],[101.57051,2.99873],[101.57049,2.99971],[101.5698,2.9997]]]},"properties":{"name":"Putra Bahagia 8 Park","kind":"Park"}},
{"type":"Feature","geometry":{"type":"Polygon","coordinates":[[[101.75659,3.19831],[101.75649,3.19915],[101.75559,3.19898],[101.75571,3.1982],[101.75659,3.19831]]]},"properties":{"name":"AU 4 Park","kind":"Park"}},
{"type":"Feature","geometry":{"type":"Polygon","coordinates":[[[101.6472,3.03589],[101.64716,3.03508],[101.64749,3.03542],[101.64754,3.03589],[101.6472,3.03589]]]},"properties":{"name":"BK5D Harmony Park","kind":"Park"}},
{"type":"Feature","geometry":{"type":"Polygon","coordinates":[[[101.6619,2.98597],[101.66202,2.98473],[101.66232,2.98486],[101.66224,2.98601],[101.6619,2.98597]]]},"properties":{"name":"Kota Perdana 4/5 Park","kind":"Park"}},
{"type":"Feature","geometry":{"type":"Polygon","coordinates":[[[101.44553,3.1023],[101.44556,3.10148],[101.44737,3.10144],[101.44754,3.10157],[101.44755,3.10319],[101.44594,3.10322],[101.44553,3.1023]]]},"properties":{"name":"Setia Alam Western Park","kind":"Park"}},
{"type":"Feature","geometry":{"type":"Polygon","coordinates":[[[101.46768,3.11358],[101.46774,3.1131],[101.46703,3.11264],[101.46714,3.11224],[101.46794,3.11242],[101.46854,3.11363],[101.46768,3.11358]]]},"properties":{"name":"Alam Nusantara Park","kind":"Park"}},
{"type":"Feature","geometry":{"type":"Polygon","coordinates":[[[101.66371,2.98853],[101.66406,2.98749],[101.66417,2.98831],[101.66371,2.98853]]]},"properties":{"name":"Kota Perdana 1/2 Park","kind":"Park"}},
{"type":"Feature","geometry":{"type":"Polygon","coordinates":[[[101.66123,2.98458],[101.66127,2.98426],[101.66193,2.98467],[101.66123,2.98458]]]},"properties":{"name":"Kota Perdana 4/3 Park","kind":"Park"}},
{"type":"Feature","geometry":{"type":"Polygon","coordinates":[[[101.77169,3.19885],[101.77215,3.19847],[101.77346,3.19783],[101.77402,3.19813],[101.77267,3.19877],[101.77169,3.19885]]]},"properties":{"name":"Sering Ukay Park","kind":"Park"}},
{"type":"Feature","geometry":{"type":"Polygon","coordinates":[[[101.43294,3.08595],[101.43202,3.08594],[101.43203,3.08511],[101.43295,3.08511],[101.43294,3.08595]]]},"properties":{"name":"BBR Sales Gallery Park","kind":"Park"}},
{"type":"Feature","geometry":{"type":"Polygon","coordinates":[[[101.45276,3.10396],[101.45343,3.10694],[101.45318,3.10695],[101.45281,3.10488],[101.45099,3.10512],[101.45101,3.10373],[101.45276,3.10396]]]},"properties":{"name":"Impian 7 Playground","kind":"Park"}},
{"type":"Feature","geometry":{"type":"Polygon","coordinates":[[[101.25186,3.33668],[101.25181,3.33629],[101.25248,3.3355],[101.2527,3.33574],[101.25186,3.33668]]]},"properties":{"name":"Dataran Keris","kind":"Park"}},
{"type":"Feature","geometry":{"type":"Polygon","coordinates":[[[101.80926,2.97559],[101.80885,2.97542],[101.80843,2.97465],[101.80925,2.97464],[101.809,2.97504],[101.80926,2.97559]]]},"properties":{"name":"Bukit Mewah Phase 9 & 10 Mini Park","kind":"Park"}},
{"type":"Feature","geometry":{"type":"Polygon","coordinates":[[[101.71342,3.00548],[101.71336,3.00358],[101.71498,3.0035],[101.71504,3.00542],[101.71342,3.00548]]]},"properties":{"name":"Taman Tasik Sri Serdang","kind":"Park"}},
{"type":"Feature","geometry":{"type":"Polygon","coordinates":[[[101.81168,2.97257],[101.81117,2.97302],[101.81089,2.97252],[101.81148,2.97214],[101.81168,2.97257]]]},"properties":{"name":"Mini Park Fasa 9","kind":"Park"}},
{"type":"Feature","geometry":{"type":"Polygon","coordinates":[[[101.80035,2.96553],[101.79846,2.96549],[101.79827,2.96484],[101.79925,2.96465],[101.80004,2.96478],[101.80035,2.96553]]]},"properties":{"name":"Kajang 2 Recreation Park","kind":"Park"}},
{"type":"Feature","geometry":{"type":"Polygon","coordinates":[[[101.75966,3.11167],[101.75977,3.11092],[101.76006,3.1114],[101.75966,3.11167]]]},"properties":{"name":"Bukit Permai Playground","kind":"Park"}},
{"type":"Feature","geometry":{"type":"Polygon","coordinates":[[[101.59198,2.97373],[101.59198,2.97407],[101.59132,2.97406],[101.59133,2.97373],[101.59198,2.97373]]]},"properties":{"name":"Putra Prima Playground","kind":"Park"}},
{"type":"Feature","geometry":{"type":"Polygon","coordinates":[[[101.69944,3.23555],[101.69968,3.23514],[101.69986,3.23555],[101.69944,3.23555]]]},"properties":{"name":"BC Park","kind":"Park"}},
{"type":"Feature","geometry":{"type":"Polygon","coordinates":[[[101.58449,2.97526],[101.58412,2.97513],[101.58465,2.97426],[101.5847,2.97372],[101.58506,2.97388],[101.58462,2.97473],[101.58449,2.97526]]]},"properties":{"name":"PP3 Playground","kind":"Park"}},
{"type":"Feature","geometry":{"type":"Polygon","coordinates":[[[101.61067,2.98125],[101.61176,2.98133],[101.6107,2.98192],[101.61067,2.98125]]]},"properties":{"name":"Puchong Utama Basketball Court","kind":"Park"}},
{"type":"Feature","geometry":{"type":"Polygon","coordinates":[[[101.58874,2.97681],[101.58871,2.97658],[101.59009,2.97617],[101.5903,2.97638],[101.58874,2.97681]]]},"properties":{"name":"Greens","kind":"Park"}},
{"type":"Feature","geometry":{"type":"Polygon","coordinates":[[[101.49412,2.80279],[101.49516,2.80225],[101.49564,2.80362],[101.49456,2.80389],[101.49412,2.80279]]]},"properties":{"name":"Dataran Banting","kind":"Park"}},
{"type":"Feature","geometry":{"type":"Polygon","coordinates":[[[101.7553,3.20205],[101.75526,3.20115],[101.75582,3.20115],[101.75583,3.20205],[101.7553,3.20205]]]},"properties":{"name":"AU5 Public Park","kind":"Park"}},
{"type":"Feature","geometry":{"type":"Polygon","coordinates":[[[101.74669,3.23041],[101.74767,3.22952],[101.7482,3.23011],[101.74717,3.23075],[101.74669,3.23041]]]},"properties":{"name":"Jalan H Park","kind":"Park"}},
{"type":"Feature","geometry":{"type":"Polygon","coordinates":[[[101.79433,2.93867],[101.79467,2.93865],[101.79467,2.93872],[101.79433,2.93867]]]},"properties":{"name":"ELC Herbs Garden","kind":"Park"}},
{"type":"Feature","geometry":{"type":"Polygon","coordinates":[[[101.59947,3.07491],[101.59965,3.07437],[101.60029,3.07438],[101.60031,3.07499],[101.59947,3.07491]]]},"properties":{"name":"Taman Subang Indah Kid's Playground & Family Park","kind":"Park"}},
{"type":"Feature","geometry":{"type":"Polygon","coordinates":[[[101.6015,3.07587],[101.6015,3.07544],[101.60169,3.07543],[101.60169,3.07586],[101.6015,3.07587]]]},"properties":{"name":"Kid's Playground & Family Park","kind":"Park"}},
{"type":"Feature","geometry":{"type":"Polygon","coordinates":[[[101.48112,3.20289],[101.48139,3.20247],[101.48248,3.20159],[101.4828,3.20166],[101.48282,3.20288],[101.48112,3.20289]]]},"properties":{"name":"Saujana Utama Park","kind":"Park"}},
{"type":"Feature","geometry":{"type":"Polygon","coordinates":[[[101.80001,2.97366],[101.79943,2.97365],[101.7994,2.97305],[101.80005,2.97302],[101.80001,2.97366]]]},"properties":{"name":"Kajang Utama Mini Park","kind":"Park"}},
{"type":"Feature","geometry":{"type":"Polygon","coordinates":[[[101.60581,3.02987],[101.60559,3.02893],[101.60691,3.02862],[101.60715,3.02956],[101.60581,3.02987]]]},"properties":{"name":"TPP5 Park, Soccer Field & Badminton Court","kind":"Park"}},
{"type":"Feature","geometry":{"type":"Polygon","coordinates":[[[101.56525,3.07389],[101.56526,3.07385],[101.56541,3.07393],[101.56525,3.07389]]]},"properties":{"name":"Reflexology Zone at The Central Park","kind":"Park"}},
{"type":"Feature","geometry":{"type":"Polygon","coordinates":[[[101.80813,2.99653],[101.80857,2.99616],[101.80977,2.99763],[101.8094,2.99807],[101.80813,2.99653]]]},"properties":{"name":"TTDI Grove Lake Park","kind":"Park"}},
{"type":"Feature","geometry":{"type":"Polygon","coordinates":[[[101.74746,3.04385],[101.74748,3.04347],[101.74816,3.04351],[101.74817,3.04389],[101.74746,3.04385]]]},"properties":{"name":"Green Suria Apartment Recreational Park","kind":"Park"}},
{"type":"Feature","geometry":{"type":"Polygon","coordinates":[[[101.77769,3.15323],[101.77814,3.15305],[101.77812,3.15449],[101.77703,3.15375],[101.77769,3.15323]]]},"properties":{"name":"Taman Bukit Indah","kind":"Park"}},
{"type":"Feature","geometry":{"type":"Polygon","coordinates":[[[101.6587,3.00481],[101.65874,3.00144],[101.65903,2.99747],[101.65974,2.99724],[101.66031,2.99773],[101.66081,2.99735],[101.66163,2.99738],[101.66209,2.99587],[101.66361,2.99605],[101.66371,3.00255],[101.6632,3.00263],[101.66314,3.0047],[101.6587,3.00481]]]},"properties":{"name":"Worldwide Landfills Park","kind":"Park"}},
{"type":"Feature","geometry":{"type":"Polygon","coordinates":[[[101.45304,3.04999],[101.45327,3.04949],[101.45382,3.04962],[101.45346,3.05018],[101.45304,3.04999]]]},"properties":{"name":"Taman Seratus","kind":"Park"}},
{"type":"Feature","geometry":{"type":"Polygon","coordinates":[[[101.52839,3.09664],[101.52914,3.09604],[101.52954,3.09646],[101.52893,3.09686],[101.52839,3.09664]]]},"properties":{"name":"Menara Park Playground","kind":"Park"}},
{"type":"Feature","geometry":{"type":"Polygon","coordinates":[[[100.98321,3.7629],[100.9813,3.7621],[100.9814,3.76188],[100.98331,3.76268],[100.98321,3.7629]]]},"properties":{"name":"Taman Jalan Undan","kind":"Park"}},
{"type":"Feature","geometry":{"type":"Polygon","coordinates":[[[101.54147,2.94758],[101.54053,2.94633],[101.53685,2.94526],[101.53596,2.94531],[101.5358,2.94605],[101.53437,2.94587],[101.53274,2.94544],[101.53301,2.9441],[101.53115,2.94073],[101.53041,2.94001],[101.53114,2.93984],[101.53312,2.94354],[101.53504,2.94441],[101.53619,2.94457],[101.54019,2.94575],[101.54083,2.946],[101.54142,2.94666],[101.54213,2.94695],[101.54147,2.94758]]]},"properties":{"name":"EcoWorld Eco Sanctuary Recreational Park","kind":"Park"}},
{"type":"Feature","geometry":{"type":"Polygon","coordinates":[[[101.54049,2.9456],[101.54101,2.94498],[101.54155,2.94525],[101.54193,2.94588],[101.54135,2.94632],[101.54049,2.9456]]]},"properties":{"name":"EcoWorld Gallery @ Eco Sanctuary","kind":"Park"}},
{"type":"Feature","geometry":{"type":"Polygon","coordinates":[[[101.69439,2.97845],[101.694,2.97824],[101.69432,2.97804],[101.69439,2.97845]]]},"properties":{"name":"MAEPS Playground","kind":"Park"}},
{"type":"Feature","geometry":{"type":"Polygon","coordinates":[[[101.70782,2.99284],[101.70777,2.99272],[101.70808,2.9927],[101.70809,2.99287],[101.70782,2.99284]]]},"properties":{"name":"Kolej 5 Recreation Park","kind":"Park"}},
{"type":"Feature","geometry":{"type":"Polygon","coordinates":[[[101.71012,2.97626],[101.71028,2.97587],[101.71148,2.97634],[101.71106,2.97656],[101.71012,2.97626]]]},"properties":{"name":"Vet Fruits Park","kind":"Park"}},
{"type":"Feature","geometry":{"type":"Polygon","coordinates":[[[101.70977,2.97564],[101.70988,2.97536],[101.71011,2.97543],[101.70999,2.9757],[101.70977,2.97564]]]},"properties":{"name":"Vet Fruit Park","kind":"Park"}},
{"type":"Feature","geometry":{"type":"Polygon","coordinates":[[[101.25432,3.33011],[101.25379,3.3296],[101.25461,3.32877],[101.25514,3.32929],[101.25432,3.33011]]]},"properties":{"name":"Taman Bandar Baharu Malawati","kind":"Park"}},
{"type":"Feature","geometry":{"type":"Polygon","coordinates":[[[101.2485,3.34111],[101.24873,3.343],[101.24755,3.34343],[101.2463,3.34324],[101.24615,3.34363],[101.24535,3.34375],[101.24451,3.34309],[101.24398,3.34119],[101.24312,3.34026],[101.24375,3.33963],[101.24486,3.33949],[101.2457,3.33996],[101.24841,3.34063],[101.2485,3.34111]]]},"properties":{"name":"Bukit Malawati","kind":"Park"}},
{"type":"Feature","geometry":{"type":"Polygon","coordinates":[[[101.24073,3.35037],[101.24067,3.3502],[101.24092,3.35011],[101.24097,3.35028],[101.24073,3.35037]]]},"properties":{"name":"De Palma Recreation Park","kind":"Park"}},
{"type":"Feature","geometry":{"type":"Polygon","coordinates":[[[101.5438,2.94822],[101.54506,2.94847],[101.54628,2.94736],[101.54632,2.94803],[101.54563,2.94856],[101.54468,2.94898],[101.5433,2.94831],[101.54249,2.94738],[101.54262,2.94715],[101.5438,2.94822]]]},"properties":{"name":"EcoWorld Eco Sanctuary Recreational Park","kind":"Park"}},
{"type":"Feature","geometry":{"type":"Polygon","coordinates":[[[101.54716,2.93708],[101.5464,2.93706],[101.54667,2.93668],[101.54716,2.93708]]]},"properties":{"name":"Central Park","kind":"Park"}},
{"type":"Feature","geometry":{"type":"Polygon","coordinates":[[[101.71469,3.00155],[101.71269,3.00164],[101.71175,3.00082],[101.71233,3.00012],[101.71312,2.99991],[101.71517,3.00029],[101.71468,3.0008],[101.71469,3.00155]]]},"properties":{"name":"Dusun Humpery","kind":"Park"}},
{"type":"Feature","geometry":{"type":"Polygon","coordinates":[[[101.17264,3.42677],[101.17261,3.42538],[101.17321,3.42536],[101.17324,3.42676],[101.17264,3.42677]]]},"properties":{"name":"Padang Astaka","kind":"Park"}},
{"type":"Feature","geometry":{"type":"Polygon","coordinates":[[[101.51591,3.08206],[101.51495,3.08237],[101.51384,3.08335],[101.51295,3.08356],[101.51296,3.08252],[101.51163,3.08213],[101.51321,3.08057],[101.51406,3.07995],[101.51676,3.07873],[101.51728,3.07882],[101.51689,3.08026],[101.51593,3.0818],[101.51591,3.08206]]]},"properties":{"name":"Taman Lembah Bukit SUK Shah Alam","kind":"Park"}},
{"type":"Feature","geometry":{"type":"Polygon","coordinates":[[[101.7923,2.9966],[101.79232,2.99561],[101.79321,2.99568],[101.79264,2.99651],[101.7923,2.9966]]]},"properties":{"name":"Taman Awam Jalan Timur","kind":"Park"}},
{"type":"Feature","geometry":{"type":"Polygon","coordinates":[[[101.53158,3.00496],[101.53139,3.00326],[101.53175,3.00233],[101.53158,3.00496]]]},"properties":{"name":"Canal Garden Park","kind":"Park"}},
{"type":"Feature","geometry":{"type":"Polygon","coordinates":[[[101.53171,3.00078],[101.53226,3.00031],[101.5324,3.00077],[101.53171,3.00078]]]},"properties":{"name":"Canal Garden Basketball Park","kind":"Park"}},
{"type":"Feature","geometry":{"type":"Polygon","coordinates":[[[101.73173,3.25567],[101.73176,3.2553],[101.73207,3.25558],[101.73173,3.25567]]]},"properties":{"name":"Blok F Mahallah Ameenah","kind":"Park"}},
{"type":"Feature","geometry":{"type":"Polygon","coordinates":[[[101.73216,3.25553],[101.73204,3.25523],[101.73231,3.2553],[101.73216,3.25553]]]},"properties":{"name":"Mahallah Aminah Field","kind":"Park"}},
{"type":"Feature","geometry":{"type":"Polygon","coordinates":[[[101.7063,3.0049],[101.7063,3.00474],[101.70644,3.00473],[101.70644,3.00489],[101.7063,3.0049]]]},"properties":{"name":"BioTech Green","kind":"Park"}},
{"type":"Feature","geometry":{"type":"Polygon","coordinates":[[[101.87344,2.94572],[101.87306,2.94506],[101.87403,2.94433],[101.87461,2.94307],[101.87503,2.94302],[101.87551,2.9436],[101.87537,2.94422],[101.87344,2.94572]]]},"properties":{"name":"UNM Lake Park","kind":"Park"}},
{"type":"Feature","geometry":{"type":"Polygon","coordinates":[[[101.58403,3.03363],[101.58404,3.03208],[101.58531,3.03207],[101.58531,3.03363],[101.58403,3.03363]]]},"properties":{"name":"USJ18 Playground and Park","kind":"Park"}},
{"type":"Feature","geometry":{"type":"Polygon","coordinates":[[[101.51774,2.97254],[101.51775,2.97219],[101.51869,2.97222],[101.51868,2.97248],[101.51774,2.97254]]]},"properties":{"name":"Padang Rakyat","kind":"Park"}},
{"type":"Feature","geometry":{"type":"Polygon","coordinates":[[[101.64737,3.0443],[101.64738,3.04379],[101.6481,3.04369],[101.64772,3.04431],[101.64737,3.0443]]]},"properties":{"name":"Open Badminton Court & Playground","kind":"Park"}},
{"type":"Feature","geometry":{"type":"Polygon","coordinates":[[[101.64814,3.04121],[101.64815,3.04059],[101.64889,3.04122],[101.64814,3.04121]]]},"properties":{"name":"Resident BK5/6D Park","kind":"Park"}},
{"type":"Feature","geometry":{"type":"Polygon","coordinates":[[[101.64797,3.04426],[101.64823,3.04369],[101.64831,3.04374],[101.64797,3.04426]]]},"properties":{"name":"Common Area Park","kind":"Park"}},
{"type":"Feature","geometry":{"type":"Polygon","coordinates":[[[101.71162,3.005],[101.71159,3.00431],[101.71222,3.00431],[101.71221,3.00488],[101.71162,3.005]]]},"properties":{"name":"Taman Terbuka Sri Serdang","kind":"Park"}},
{"type":"Feature","geometry":{"type":"Polygon","coordinates":[[[101.7077,3.00828],[101.70727,3.00819],[101.70716,3.00634],[101.7081,3.00642],[101.70793,3.0051],[101.70861,3.00505],[101.70893,3.00558],[101.70943,3.00556],[101.70944,3.00437],[101.70982,3.00433],[101.70971,3.00849],[101.7077,3.00828]]]},"properties":{"name":"Enviroment Conservation Park","kind":"Park"}},
{"type":"Feature","geometry":{"type":"Polygon","coordinates":[[[101.71583,3.00587],[101.71579,3.00475],[101.71656,3.00472],[101.7166,3.00584],[101.71583,3.00587]]]},"properties":{"name":"Sri Serdang Phase 1 Park","kind":"Park"}},
{"type":"Feature","geometry":{"type":"Polygon","coordinates":[[[101.62244,3.13655],[101.62244,3.13629],[101.62272,3.13629],[101.62271,3.13656],[101.62244,3.13655]]]},"properties":{"name":"Starling Rooftop Garden","kind":"Park"}},
{"type":"Feature","geometry":{"type":"Polygon","coordinates":[[[101.48052,3.24377],[101.48014,3.2431],[101.48067,3.24294],[101.48074,3.2421],[101.48058,3.24061],[101.47993,3.2394],[101.48135,3.24006],[101.48224,3.24016],[101.48201,3.24154],[101.48417,3.24147],[101.48416,3.24273],[101.48114,3.24372],[101.48052,3.24377]]]},"properties":{"name":"BSC Central Park","kind":"Park"}},
{"type":"Feature","geometry":{"type":"Polygon","coordinates":[[[101.5913,3.10159],[101.59137,3.10154],[101.59146,3.10166],[101.59137,3.10171],[101.5913,3.10159]]]},"properties":{"name":"Sterling Park","kind":"Park"}},
{"type":"Feature","geometry":{"type":"Polygon","coordinates":[[[101.62298,3.13576],[101.62277,3.13575],[101.62283,3.13493],[101.62318,3.13464],[101.62327,3.13481],[101.62296,3.13518],[101.62298,3.13576]]]},"properties":{"name":"Starling Sky Park","kind":"Park"}},
{"type":"Feature","geometry":{"type":"Polygon","coordinates":[[[101.61108,3.18129],[101.61109,3.18093],[101.61202,3.18131],[101.61108,3.18129]]]},"properties":{"name":"Damansara Foresta Condominium Open Park","kind":"Park"}},
{"type":"Feature","geometry":{"type":"Polygon","coordinates":[[[101.44992,3.06408],[101.45,3.06375],[101.45049,3.06388],[101.45044,3.06423],[101.44992,3.06408]]]},"properties":{"name":"Jalan Patani Park","kind":"Park"}},
{"type":"Feature","geometry":{"type":"Polygon","coordinates":[[[101.44312,2.99028],[101.44297,2.98916],[101.44263,2.98908],[101.44237,2.98795],[101.441,2.98794],[101.441,2.98762],[101.43971,2.98758],[101.43962,2.9873],[101.43799,2.98725],[101.43775,2.98847],[101.43363,2.98851],[101.43319,2.98808],[101.4318,2.98807],[101.43085,2.98789],[101.43075,2.98845],[101.42972,2.98842],[101.42959,2.98758],[101.42914,2.98757],[101.42924,2.98733],[101.43025,2.98731],[101.43106,2.98747],[101.4313,2.98709],[101.43214,2.98708],[101.43217,2.98752],[101.43397,2.98755],[101.43404,2.98786],[101.43584,2.98785],[101.43622,2.98686],[101.4379,2.98662],[101.44004,2.98668],[101.44079,2.98724],[101.44219,2.98726],[101.44344,2.98879],[101.44423,2.98933],[101.44329,2.99057],[101.44312,2.99028]]]},"properties":{"name":"Botanik Walk Park","kind":"Park"}},
{"type":"Feature","geometry":{"type":"Polygon","coordinates":[[[101.74619,2.80948],[101.74648,2.80948],[101.74673,2.8108],[101.7465,2.81237],[101.74561,2.81183],[101.74615,2.81038],[101.74619,2.80948]]]},"properties":{"name":"Taman Tasik Teratai","kind":"Park"}},
{"type":"Feature","geometry":{"type":"Polygon","coordinates":[[[101.73896,2.81195],[101.73944,2.81118],[101.74015,2.81118],[101.74019,2.81178],[101.73984,2.8127],[101.73896,2.81195]]]},"properties":{"name":"Skate Park Bandar Baru Salak Tinggi","kind":"Park"}},
{"type":"Feature","geometry":{"type":"Polygon","coordinates":[[[101.75342,2.80166],[101.75345,2.80126],[101.75391,2.80129],[101.75389,2.80168],[101.75342,2.80166]]]},"properties":{"name":"Taman Permainan Desa Bestari Jalan 11","kind":"Park"}},
{"type":"Feature","geometry":{"type":"Polygon","coordinates":[[[101.75278,2.80129],[101.75285,2.80028],[101.75341,2.80013],[101.75332,2.80133],[101.75278,2.80129]]]},"properties":{"name":"Taman Permainan Desa Bestari Jalan 3","kind":"Park"}},
{"type":"Feature","geometry":{"type":"Polygon","coordinates":[[[101.81772,2.98537],[101.81746,2.98602],[101.8163,2.98484],[101.81772,2.98537]]]},"properties":{"name":"Asa Jaya Park","kind":"Park"}},
{"type":"Feature","geometry":{"type":"Polygon","coordinates":[[[101.82381,2.95062],[101.8238,2.95016],[101.82399,2.95015],[101.82399,2.95062],[101.82381,2.95062]]]},"properties":{"name":"The Garden @ Taman Semenyih Mewah Fasa 4","kind":"Park"}},
{"type":"Feature","geometry":{"type":"Polygon","coordinates":[[[101.57453,3.02112],[101.57498,3.01945],[101.57583,3.01969],[101.57555,3.02087],[101.57593,3.02194],[101.57453,3.02112]]]},"properties":{"name":"Taman Rekreasi Putra Bistari 2","kind":"Park"}},
{"type":"Feature","geometry":{"type":"Polygon","coordinates":[[[101.61596,2.89904],[101.61253,2.90514],[101.61047,2.90598],[101.60783,2.91097],[101.60848,2.91216],[101.60815,2.91406],[101.60393,2.92216],[101.60281,2.92214],[101.60206,2.92282],[101.60208,2.9236],[101.60262,2.92471],[101.59458,2.94006],[101.58143,2.93347],[101.58607,2.9297],[101.58389,2.92717],[101.58202,2.92777],[101.58131,2.92757],[101.584,2.92664],[101.58544,2.92565],[101.58627,2.91774],[101.58834,2.91499],[101.59346,2.9075],[101.59319,2.90693],[101.59838,2.89677],[101.60112,2.89148],[101.61106,2.89639],[101.61596,2.89904]]]},"properties":{"name":"Hutan Rizab Kuala Langat Utara","kind":"Protected area"}},
{"type":"Feature","geometry":{"type":"Polygon","coordinates":[[[101.72312,3.0018],[101.72177,3.00138],[101.72188,2.99968],[101.72229,2.99974],[101.72303,2.9993],[101.72426,2.99814],[101.72471,2.99862],[101.72419,2.99939],[101.72254,3.00065],[101.72326,3.00154],[101.72312,3.0018]]]},"properties":{"name":"IBS Conservation Park","kind":"Park"}},
{"type":"Feature","geometry":{"type":"Polygon","coordinates":[[[101.71437,2.99979],[101.71522,2.99926],[101.71619,2.99936],[101.71559,3.00001],[101.71437,2.99979]]]},"properties":{"name":"Muzium Warisan Melayu","kind":"Park"}},
{"type":"Feature","geometry":{"type":"Polygon","coordinates":[[[101.49928,2.80731],[101.49941,2.80674],[101.49973,2.80682],[101.49963,2.80736],[101.49928,2.80731]]]},"properties":{"name":"Taman Aman Park","kind":"Park"}},
{"type":"Feature","geometry":{"type":"Polygon","coordinates":[[[101.50464,2.81798],[101.50427,2.81766],[101.50461,2.81698],[101.50515,2.81698],[101.50464,2.81798]]]},"properties":{"name":"Taman Sari Park","kind":"Park"}},
{"type":"Feature","geometry":{"type":"Polygon","coordinates":[[[101.50416,2.81576],[101.5043,2.81517],[101.50475,2.81528],[101.50463,2.81587],[101.50416,2.81576]]]},"properties":{"name":"Taman Sari Park","kind":"Park"}},
{"type":"Feature","geometry":{"type":"Polygon","coordinates":[[[101.75101,2.80315],[101.75097,2.80261],[101.75136,2.80267],[101.75101,2.80315]]]},"properties":{"name":"taman desa bestari","kind":"Park"}},
{"type":"Feature","geometry":{"type":"Polygon","coordinates":[[[101.69742,3.04314],[101.69747,3.04269],[101.69853,3.04281],[101.69876,3.0433],[101.69742,3.04314]]]},"properties":{"name":"Taman Rekreasi Kawasan Perindustrian Bukit Serdang","kind":"Park"}},
{"type":"Feature","geometry":{"type":"Polygon","coordinates":[[[101.78119,3.05713],[101.78117,3.05671],[101.78169,3.05669],[101.78171,3.0571],[101.78119,3.05713]]]},"properties":{"name":"Angsana Park","kind":"Park"}},
{"type":"Feature","geometry":{"type":"Polygon","coordinates":[[[101.7812,2.9825],[101.78146,2.98145],[101.78232,2.98165],[101.78205,2.9827],[101.7812,2.9825]]]},"properties":{"name":"Taman Berjaya Park","kind":"Park"}},
{"type":"Feature","geometry":{"type":"Polygon","coordinates":[[[101.80293,2.99121],[101.8023,2.99145],[101.80253,2.99041],[101.80293,2.99121]]]},"properties":{"name":"Taman Bukit Cantik","kind":"Park"}},
{"type":"Feature","geometry":{"type":"Polygon","coordinates":[[[101.73813,3.24744],[101.73799,3.2475],[101.73799,3.24741],[101.73813,3.24744]]]},"properties":{"name":"Mahallah Ali Park","kind":"Park"}},
{"type":"Feature","geometry":{"type":"Polygon","coordinates":[[[101.73156,3.2518],[101.73135,3.25179],[101.73135,3.25151],[101.73156,3.25151],[101.73156,3.2518]]]},"properties":{"name":"KAED Courtyard Park","kind":"Park"}},
{"type":"Feature","geometry":{"type":"Polygon","coordinates":[[[101.73073,3.25195],[101.73066,3.25177],[101.73083,3.2517],[101.73091,3.25187],[101.73073,3.25195]]]},"properties":{"name":"KAED Courtyard Park","kind":"Park"}},
{"type":"Feature","geometry":{"type":"Polygon","coordinates":[[[101.73242,3.25094],[101.73199,3.2511],[101.73178,3.25057],[101.73222,3.2504],[101.73242,3.25094]]]},"properties":{"name":"ICC Courtyard","kind":"Park"}},
{"type":"Feature","geometry":{"type":"Polygon","coordinates":[[[101.66744,3.03467],[101.66744,3.03395],[101.66792,3.03395],[101.66792,3.03467],[101.66744,3.03467]]]},"properties":{"name":"DU 2 Playground","kind":"Park"}},
{"type":"Feature","geometry":{"type":"Polygon","coordinates":[[[101.58989,2.97012],[101.59051,2.96975],[101.59045,2.97049],[101.58989,2.97012]]]},"properties":{"name":"Prince Prima 4 Park","kind":"Park"}},
{"type":"Feature","geometry":{"type":"Polygon","coordinates":[[[101.76724,3.0578],[101.76722,3.05714],[101.76797,3.05712],[101.76799,3.05778],[101.76724,3.0578]]]},"properties":{"name":"Taman Megah Park","kind":"Park"}},
{"type":"Feature","geometry":{"type":"Polygon","coordinates":[[[101.77057,3.12274],[101.7707,3.12191],[101.77168,3.12208],[101.77131,3.12288],[101.77057,3.12274]]]},"properties":{"name":"Laman Rekreasi Tasek Tambahan","kind":"Park"}},
{"type":"Feature","geometry":{"type":"Polygon","coordinates":[[[101.5236,3.15361],[101.52356,3.1531],[101.52482,3.15303],[101.52485,3.15352],[101.5236,3.15361]]]},"properties":{"name":"Taman Permainan","kind":"Park"}},
{"type":"Feature","geometry":{"type":"Polygon","coordinates":[[[101.60843,3.18668],[101.60762,3.18537],[101.60811,3.18506],[101.6089,3.18639],[101.60843,3.18668]]]},"properties":{"name":"Taman Kejiranan Central Spine SD","kind":"Park"}},
{"type":"Feature","geometry":{"type":"Polygon","coordinates":[[[101.65082,2.96982],[101.65102,2.96901],[101.65325,2.96897],[101.65323,2.96994],[101.65082,2.96982]]]},"properties":{"name":"Central Park, 16 Sierra","kind":"Park"}},
{"type":"Feature","geometry":{"type":"Polygon","coordinates":[[[101.703,2.85557],[101.703,2.85425],[101.70523,2.85364],[101.70406,2.85561],[101.703,2.85557]]]},"properties":{"name":"Aman North Park","kind":"Park"}},
{"type":"Feature","geometry":{"type":"Polygon","coordinates":[[[101.70966,2.82775],[101.7098,2.82899],[101.70877,2.829],[101.70853,2.82732],[101.70918,2.82751],[101.70966,2.82775]]]},"properties":{"name":"Sunsuria City Celebration Centre","kind":"Park"}},
{"type":"Feature","geometry":{"type":"Polygon","coordinates":[[[101.50299,3.30705],[101.50311,3.3063],[101.50413,3.30629],[101.50414,3.30705],[101.50299,3.30705]]]},"properties":{"name":"M-Residence 2 Clubhouse","kind":"Park"}},
{"type":"Feature","geometry":{"type":"Polygon","coordinates":[[[101.60846,3.11021],[101.60831,3.10944],[101.60881,3.10945],[101.60895,3.11012],[101.60846,3.11021]]]},"properties":{"name":"SS 4/A6 Park","kind":"Park"}},
{"type":"Feature","geometry":{"type":"Polygon","coordinates":[[[101.70572,3.01707],[101.7057,3.01626],[101.70617,3.01625],[101.7062,3.01705],[101.70572,3.01707]]]},"properties":{"name":"Taman Permainan Serdang Jaya","kind":"Park"}},
{"type":"Feature","geometry":{"type":"Polygon","coordinates":[[[101.70274,3.03206],[101.70386,3.03151],[101.70439,3.03096],[101.70469,3.03021],[101.705,3.02806],[101.70523,3.02771],[101.70739,3.0259],[101.70734,3.02627],[101.70579,3.02749],[101.70523,3.02835],[101.70488,3.03021],[101.70421,3.03144],[101.70294,3.03231],[101.70274,3.03206]]]},"properties":{"name":"Taman Rekreasi Kawasan Seri Kembangan","kind":"Park"}},
{"type":"Feature","geometry":{"type":"Polygon","coordinates":[[[101.60766,3.15132],[101.60804,3.15131],[101.60793,3.15343],[101.60761,3.15341],[101.60766,3.15132]]]},"properties":{"name":"BU4 Park","kind":"Park"}},
{"type":"Feature","geometry":{"type":"Polygon","coordinates":[[[101.57813,3.12294],[101.57884,3.12249],[101.58006,3.12279],[101.58159,3.12267],[101.58208,3.12334],[101.58181,3.12404],[101.58222,3.12462],[101.58134,3.12516],[101.58147,3.12383],[101.58027,3.12317],[101.57855,3.12309],[101.57813,3.12294]]]},"properties":{"name":"Taman Ara Impian","kind":"Park"}},
{"type":"Feature","geometry":{"type":"Polygon","coordinates":[[[101.56643,3.21373],[101.56794,3.2141],[101.56744,3.21469],[101.56643,3.21373]]]},"properties":{"name":"Taman Rekreasi Bandar Baru Sungai Buluh","kind":"Park"}},
{"type":"Feature","geometry":{"type":"Polygon","coordinates":[[[101.74044,2.80818],[101.74044,2.8075],[101.74175,2.80751],[101.74175,2.80821],[101.74044,2.80818]]]},"properties":{"name":"Kawasan Rekreasi Kuaters Pejabat Daerah","kind":"Park"}},
{"type":"Feature","geometry":{"type":"Polygon","coordinates":[[[101.57597,3.17501],[101.57625,3.17551],[101.57588,3.17572],[101.5756,3.17522],[101.57597,3.17501]]]},"properties":{"name":"Taman Pekaka PKNS Kota Damansara","kind":"Park"}},
{"type":"Feature","geometry":{"type":"Polygon","coordinates":[[[101.74044,2.80818],[101.74044,2.8075],[101.74175,2.80751],[101.74175,2.80821],[101.74044,2.80818]]]},"properties":{"name":"Taman Rekreasi Kuarters Pejabat Daerah","kind":"Park"}},
{"type":"Feature","geometry":{"type":"Polygon","coordinates":[[[101.6408,2.85829],[101.64103,2.85785],[101.64135,2.85801],[101.64112,2.85846],[101.6408,2.85829]]]},"properties":{"name":"Apartment Taman Topaz Playground","kind":"Park"}},
{"type":"Feature","geometry":{"type":"Polygon","coordinates":[[[101.75866,2.99328],[101.75721,2.99205],[101.75854,2.9917],[101.75866,2.99328]]]},"properties":{"name":"Origami Park","kind":"Park"}},
{"type":"Feature","geometry":{"type":"Polygon","coordinates":[[[101.84177,2.95864],[101.84215,2.95912],[101.84101,2.95991],[101.84074,2.95931],[101.84177,2.95864]]]},"properties":{"name":"Aik Ann Park","kind":"Park"}},
{"type":"Feature","geometry":{"type":"Polygon","coordinates":[[[101.84319,2.9585],[101.84344,2.95882],[101.84302,2.95919],[101.84275,2.95879],[101.84319,2.9585]]]},"properties":{"name":"Hiew Piow Park","kind":"Park"}},
{"type":"Feature","geometry":{"type":"Polygon","coordinates":[[[101.84457,2.95971],[101.84483,2.9601],[101.84448,2.96033],[101.84424,2.95989],[101.84457,2.95971]]]},"properties":{"name":"Taman Sahabat","kind":"Park"}},
{"type":"Feature","geometry":{"type":"Polygon","coordinates":[[[101.5102,3.17678],[101.5105,3.17755],[101.51121,3.17772],[101.51462,3.17804],[101.51462,3.17857],[101.51647,3.17853],[101.51647,3.17809],[101.51837,3.17811],[101.51751,3.18051],[101.51586,3.18125],[101.51125,3.17836],[101.51042,3.17777],[101.5102,3.17678]]]},"properties":{"name":"Elmina Valley Central Park","kind":"Park"}},
{"type":"Feature","geometry":{"type":"Polygon","coordinates":[[[101.5053,3.16496],[101.5053,3.1645],[101.50588,3.16448],[101.50566,3.16493],[101.5053,3.16496]]]},"properties":{"name":"Taman Ferrea Denai Alam","kind":"Park"}},
{"type":"Feature","geometry":{"type":"Polygon","coordinates":[[[101.57232,2.99466],[101.57225,2.99277],[101.57296,2.99279],[101.57365,2.99354],[101.57352,2.99424],[101.57284,2.99468],[101.57232,2.99466]]]},"properties":{"name":"Taman Komuniti Putra Heights","kind":"Park"}},
{"type":"Feature","geometry":{"type":"Polygon","coordinates":[[[101.76546,3.17995],[101.76374,3.17932],[101.76417,3.17853],[101.7651,3.17814],[101.76662,3.17805],[101.76696,3.17869],[101.7668,3.18],[101.76546,3.17995]]]},"properties":{"name":"Stelvio Bukit Antarabangsa","kind":"Park"}},
{"type":"Feature","geometry":{"type":"Polygon","coordinates":[[[101.5801,3.0932],[101.57946,3.09351],[101.5791,3.09272],[101.57996,3.0929],[101.5801,3.0932]]]},"properties":{"name":"DRB Hicom","kind":"Park"}},
{"type":"Feature","geometry":{"type":"Polygon","coordinates":[[[101.57813,3.00083],[101.57762,2.99967],[101.57732,2.99837],[101.57768,2.99817],[101.57798,2.99916],[101.57849,2.99976],[101.57857,3.00061],[101.57813,3.00083]]]},"properties":{"name":"Taman Rekreasi Putra Heights","kind":"Park"}},
{"type":"Feature","geometry":{"type":"Polygon","coordinates":[[[101.64282,3.2373],[101.64303,3.23578],[101.64375,3.23562],[101.64393,3.23643],[101.64282,3.2373]]]},"properties":{"name":"Laman Beringin Selayang Utama","kind":"Park"}},
{"type":"Feature","geometry":{"type":"Polygon","coordinates":[[[101.53521,3.0996],[101.53408,3.09948],[101.53423,3.09841],[101.53513,3.09718],[101.53559,3.09746],[101.53588,3.09827],[101.53521,3.0996]]]},"properties":{"name":"Small Park","kind":"Park"}},
{"type":"Feature","geometry":{"type":"Polygon","coordinates":[[[101.46607,2.96116],[101.46629,2.96066],[101.46649,2.96094],[101.46607,2.96116]]]},"properties":{"name":"Canary Garden","kind":"Park"}},
{"type":"Feature","geometry":{"type":"Polygon","coordinates":[[[101.61892,3.29854],[101.62088,3.29901],[101.62031,3.3058],[101.6183,3.30564],[101.61892,3.29854]]]},"properties":{"name":"Taman Eko Rimba Kanching","kind":"Protected area"}},
{"type":"Feature","geometry":{"type":"Polygon","coordinates":[[[101.44511,3.04374],[101.44463,3.04296],[101.44602,3.0425],[101.44602,3.04289],[101.44511,3.04374]]]},"properties":{"name":"Dataran Klang","kind":"Park"}},
{"type":"Feature","geometry":{"type":"Polygon","coordinates":[[[101.5024,3.31727],[101.5023,3.31626],[101.50399,3.31614],[101.50423,3.31702],[101.50253,3.31744],[101.5024,3.31727]]]},"properties":{"name":"Love Trail Park","kind":"Park"}},
{"type":"Feature","geometry":{"type":"Polygon","coordinates":[[[101.50691,3.31948],[101.50735,3.31936],[101.5075,3.31996],[101.50706,3.32008],[101.50691,3.31948]]]},"properties":{"name":"park m residence","kind":"Park"}},
{"type":"Feature","geometry":{"type":"Polygon","coordinates":[[[101.7318,3.25112],[101.73172,3.25084],[101.73126,3.25083],[101.73117,3.25098],[101.73085,3.25096],[101.73169,3.25061],[101.7318,3.25112]]]},"properties":{"name":"KAED Roadside Park","kind":"Park"}},
{"type":"Feature","geometry":{"type":"Polygon","coordinates":[[[101.73073,3.25142],[101.7308,3.25153],[101.73031,3.25171],[101.73062,3.25117],[101.73073,3.25142]]]},"properties":{"name":"KAED Front Park","kind":"Park"}},
{"type":"Feature","geometry":{"type":"Polygon","coordinates":[[[101.72962,3.25422],[101.72934,3.25416],[101.72929,3.25388],[101.72976,3.2539],[101.72962,3.25422]]]},"properties":{"name":"KICT Park","kind":"Park"}},
{"type":"Feature","geometry":{"type":"Polygon","coordinates":[[[101.73598,3.25127],[101.73538,3.2515],[101.73514,3.25091],[101.73574,3.25066],[101.73598,3.25127]]]},"properties":{"name":"Sultan Haji Ahmad Shah Upper Courtyard","kind":"Park"}},
{"type":"Feature","geometry":{"type":"Polygon","coordinates":[[[101.73276,3.25191],[101.73253,3.25186],[101.73277,3.25177],[101.73276,3.25191]]]},"properties":{"name":"ICC Park","kind":"Park"}},
{"type":"Feature","geometry":{"type":"Polygon","coordinates":[[[101.73344,3.25214],[101.73311,3.25137],[101.73329,3.25141],[101.73366,3.25205],[101.73344,3.25214]]]},"properties":{"name":"IIUM RIverside","kind":"Park"}},
{"type":"Feature","geometry":{"type":"Polygon","coordinates":[[[101.61538,2.88875],[101.61322,2.88829],[101.61348,2.88691],[101.61386,2.88675],[101.61599,2.88687],[101.61603,2.88712],[101.61538,2.88875]]]},"properties":{"name":"Central Park","kind":"Park"}},
{"type":"Feature","geometry":{"type":"Polygon","coordinates":[[[101.61487,2.88647],[101.61487,2.88523],[101.6166,2.88521],[101.61686,2.88408],[101.61743,2.88349],[101.61837,2.88375],[101.6185,2.88461],[101.61817,2.88564],[101.61875,2.88582],[101.61846,2.887],[101.61685,2.88664],[101.61487,2.88647]]]},"properties":{"name":"Discovery Park","kind":"Park"}},
{"type":"Feature","geometry":{"type":"Polygon","coordinates":[[[101.61302,2.88826],[101.61194,2.88801],[101.61167,2.8882],[101.61037,2.88783],[101.61026,2.88699],[101.61062,2.88671],[101.61175,2.88689],[101.61321,2.88683],[101.61302,2.88826]]]},"properties":{"name":"Central Park","kind":"Park"}},
{"type":"Feature","geometry":{"type":"Polygon","coordinates":[[[101.63585,3.05282],[101.63565,3.05279],[101.6355,3.05252],[101.63597,3.05255],[101.63585,3.05282]]]},"properties":{"name":"Taman Permainan belakang SKS2BK","kind":"Park"}},
{"type":"Feature","geometry":{"type":"Polygon","coordinates":[[[101.75289,2.95517],[101.75318,2.954],[101.75384,2.95416],[101.75356,2.95534],[101.75289,2.95517]]]},"properties":{"name":"Parking Lori","kind":"Park"}},
{"type":"Feature","geometry":{"type":"Polygon","coordinates":[[[101.56047,3.17861],[101.5607,3.17681],[101.56142,3.17585],[101.56245,3.17545],[101.56406,3.17556],[101.56407,3.17638],[101.56485,3.1767],[101.56499,3.17734],[101.56393,3.17743],[101.56354,3.17781],[101.56242,3.1777],[101.56203,3.1779],[101.56197,3.17886],[101.56047,3.17861]]]},"properties":{"name":"Taman Bandar Kwasa Damansara","kind":"Park"}},
{"type":"Feature","geometry":{"type":"Polygon","coordinates":[[[101.4426,3.04705],[101.44456,3.04636],[101.44447,3.04679],[101.44333,3.04715],[101.4426,3.04705]]]},"properties":{"name":"Taman Pengkalan Batu","kind":"Park"}},
{"type":"Feature","geometry":{"type":"Polygon","coordinates":[[[101.72907,2.6503],[101.72967,2.65019],[101.72944,2.65213],[101.72909,2.65171],[101.72907,2.6503]]]},"properties":{"name":"Attalea Garden","kind":"Park"}},
{"type":"Feature","geometry":{"type":"Polygon","coordinates":[[[101.46001,3.20802],[101.4607,3.20708],[101.46135,3.20774],[101.46211,3.20705],[101.4613,3.20605],[101.46182,3.20565],[101.46227,3.20678],[101.46284,3.20723],[101.46329,3.20657],[101.4642,3.20717],[101.46443,3.20816],[101.46408,3.2091],[101.46318,3.20957],[101.46196,3.20942],[101.46001,3.20802]]]},"properties":{"name":"Forest Park","kind":"Park"}},
{"type":"Feature","geometry":{"type":"Polygon","coordinates":[[[101.77507,2.99546],[101.77475,2.99557],[101.77485,2.99365],[101.77466,2.99299],[101.77567,2.993],[101.77731,2.99271],[101.77761,2.99279],[101.77753,2.99447],[101.77507,2.99546]]]},"properties":{"name":"Taman Rekreasi Sungai Chua","kind":"Park"}},
{"type":"Feature","geometry":{"type":"Polygon","coordinates":[[[101.61567,3.15051],[101.61609,3.14983],[101.61641,3.15026],[101.61612,3.15077],[101.61567,3.15051]]]},"properties":{"name":"Secret Garden","kind":"Park"}},
{"type":"Feature","geometry":{"type":"Polygon","coordinates":[[[101.70966,2.82775],[101.70918,2.82751],[101.71072,2.82641],[101.71101,2.8267],[101.70966,2.82775]]]},"properties":{"name":"Le Park Sunsuria City","kind":"Park"}},
{"type":"Feature","geometry":{"type":"Polygon","coordinates":[[[101.69943,2.84531],[101.69812,2.84607],[101.69719,2.84624],[101.69665,2.84594],[101.69627,2.84515],[101.69631,2.84435],[101.69663,2.84319],[101.69772,2.84317],[101.6977,2.8447],[101.6984,2.84458],[101.69917,2.84485],[101.69943,2.84531]]]},"properties":{"name":"Serenia City Central Park","kind":"Park"}},
{"type":"Feature","geometry":{"type":"Polygon","coordinates":[[[101.70474,2.84539],[101.70572,2.8454],[101.70638,2.84628],[101.70504,2.84871],[101.70506,2.84713],[101.70467,2.84693],[101.70474,2.84539]]]},"properties":{"name":"Serenia City Serenity Park","kind":"Park"}},
{"type":"Feature","geometry":{"type":"Polygon","coordinates":[[[101.7026,2.85364],[101.70262,2.85251],[101.70506,2.85244],[101.70514,2.85282],[101.7026,2.85364]]]},"properties":{"name":"Aman South Park","kind":"Park"}},
{"type":"Feature","geometry":{"type":"Polygon","coordinates":[[[101.78995,2.99091],[101.79127,2.99081],[101.79127,2.99094],[101.78995,2.99091]]]},"properties":{"name":"Taman Sahabat Rotary","kind":"Park"}},
{"type":"Feature","geometry":{"type":"Polygon","coordinates":[[[101.85197,2.89119],[101.85213,2.88774],[101.85292,2.88683],[101.85505,2.88685],[101.85481,2.8913],[101.85197,2.89119]]]},"properties":{"name":"Setia EcoHill 2 Adventure Park","kind":"Park"}},
{"type":"Feature","geometry":{"type":"Polygon","coordinates":[[[101.47409,3.05786],[101.47426,3.05715],[101.4746,3.05738],[101.47409,3.05786]]]},"properties":{"name":"International Maritime Square","kind":"Park"}},
{"type":"Feature","geometry":{"type":"Polygon","coordinates":[[[101.52412,3.07757],[101.52346,3.07733],[101.52176,3.07453],[101.52175,3.07388],[101.5253,3.07457],[101.52504,3.07585],[101.52412,3.07757]]]},"properties":{"name":"Dataran Kemerdakaan Shah Alam","kind":"Park"}},
{"type":"Feature","geometry":{"type":"Polygon","coordinates":[[[101.64188,3.28634],[101.64217,3.28615],[101.64412,3.28581],[101.64424,3.28662],[101.64332,3.28701],[101.643,3.28685],[101.64104,3.28705],[101.64018,3.28701],[101.63925,3.28726],[101.63884,3.2866],[101.64078,3.28663],[101.64188,3.28634]]]},"properties":{"name":"Taman Rimba Templer","kind":"Park"}},
{"type":"Feature","geometry":{"type":"Polygon","coordinates":[[[101.83829,3.21727],[101.8405,3.21283],[101.84103,3.21254],[101.84308,3.20979],[101.84332,3.20997],[101.84379,3.21093],[101.84042,3.21834],[101.84052,3.22386],[101.83837,3.22375],[101.83829,3.21727]]]},"properties":{"name":"Congkak Park and Resort","kind":"Protected area"}},
{"type":"Feature","geometry":{"type":"Polygon","coordinates":[[[101.64975,3.08235],[101.64975,3.08202],[101.65186,3.08213],[101.65307,3.0824],[101.6545,3.08311],[101.65122,3.08232],[101.64975,3.08235]]]},"properties":{"name":"Dusun Bandar Railway Park","kind":"Park"}},
{"type":"Feature","geometry":{"type":"Polygon","coordinates":[[[101.64648,3.08265],[101.64644,3.08238],[101.64884,3.08205],[101.64885,3.08237],[101.64648,3.08265]]]},"properties":{"name":"Dusun Bandar Railway Park","kind":"Park"}},
{"type":"Feature","geometry":{"type":"Polygon","coordinates":[[[101.4477,3.41294],[101.44855,3.41276],[101.4486,3.41312],[101.44811,3.41318],[101.4477,3.41294]]]},"properties":{"name":"Rotary Peace Park","kind":"Park"}},
{"type":"Feature","geometry":{"type":"Polygon","coordinates":[[[101.30672,3.25967],[101.30637,3.25935],[101.30659,3.25911],[101.30693,3.25944],[101.30672,3.25967]]]},"properties":{"name":"Taman Kesenian Sasaran Art","kind":"Park"}},
{"type":"Feature","geometry":{"type":"Polygon","coordinates":[[[101.69318,3.23252],[101.69318,3.23227],[101.69373,3.23227],[101.69372,3.23252],[101.69318,3.23252]]]},"properties":{"name":"Casmaria Park","kind":"Park"}},
{"type":"Feature","geometry":{"type":"Polygon","coordinates":[[[101.6364,3.11831],[101.63622,3.11813],[101.63643,3.11798],[101.63652,3.11821],[101.6364,3.11831]]]},"properties":{"name":"The Park","kind":"Park"}},
{"type":"Feature","geometry":{"type":"Polygon","coordinates":[[[101.46449,2.95847],[101.46254,2.9579],[101.46032,2.95679],[101.46051,2.95649],[101.46245,2.95744],[101.46467,2.95811],[101.46449,2.95847]]]},"properties":{"name":"Canary Garden Central Park","kind":"Park"}},
{"type":"Feature","geometry":{"type":"Polygon","coordinates":[[[101.76475,3.40568],[101.76538,3.40444],[101.7669,3.40538],[101.76527,3.40795],[101.76447,3.40752],[101.76537,3.40602],[101.76475,3.40568]]]},"properties":{"name":"Eufloria Gardens & Sculpture Park","kind":"Park"}},
{"type":"Feature","geometry":{"type":"Polygon","coordinates":[[[101.50916,2.81346],[101.51042,2.81464],[101.51033,2.8147],[101.50916,2.81346]]]},"properties":{"name":"Banting Waterfront","kind":"Park"}},
{"type":"Feature","geometry":{"type":"Polygon","coordinates":[[[101.55091,3.32945],[101.5511,3.32895],[101.55208,3.3279],[101.55336,3.32879],[101.5515,3.32895],[101.55091,3.32945]]]},"properties":{"name":"Meadow Park","kind":"Park"}},
{"type":"Feature","geometry":{"type":"Polygon","coordinates":[[[101.75154,3.15457],[101.75167,3.15392],[101.75219,3.15441],[101.75154,3.15457]]]},"properties":{"name":"Avenue Park","kind":"Park"}},
{"type":"Feature","geometry":{"type":"Polygon","coordinates":[[[101.44197,2.98254],[101.44196,2.98145],[101.44445,2.98143],[101.44446,2.98252],[101.44197,2.98254]]]},"properties":{"name":"Lake Park @ Gravit8","kind":"Park"}},
{"type":"Feature","geometry":{"type":"Polygon","coordinates":[[[101.66424,3.00003],[101.66424,3.0001],[101.66414,3.0001],[101.66414,3.00003],[101.66424,3.00003]]]},"properties":{"name":"Badminton Court","kind":"Park"}},
{"type":"Feature","geometry":{"type":"Polygon","coordinates":[[[101.51199,3.09801],[101.51194,3.09693],[101.51212,3.09692],[101.51221,3.09761],[101.51199,3.09801]]]},"properties":{"name":"Taman 1 Malaysia","kind":"Park"}},
{"type":"Feature","geometry":{"type":"Polygon","coordinates":[[[101.61147,3.36368],[101.61185,3.36312],[101.61232,3.36309],[101.61485,3.36391],[101.61503,3.36482],[101.61147,3.36368]]]},"properties":{"name":"Taman Rekreasi Perigi Tujuh","kind":"Park"}},
{"type":"Feature","geometry":{"type":"Polygon","coordinates":[[[101.88346,3.2157],[101.88408,3.21637],[101.88351,3.21804],[101.88233,3.2177],[101.88257,3.2169],[101.88309,3.2167],[101.88346,3.2157]]]},"properties":{"name":"Taman Eko Rimba Gunung Nuang","kind":"Protected area"}},
{"type":"Feature","geometry":{"type":"Polygon","coordinates":[[[101.43757,3.04485],[101.43771,3.04476],[101.43778,3.04486],[101.43764,3.04495],[101.43757,3.04485]]]},"properties":{"name":"Takraw Court","kind":"Park"}},
{"type":"Feature","geometry":{"type":"Polygon","coordinates":[[[101.43636,3.04404],[101.43604,3.04371],[101.43645,3.04358],[101.43636,3.04404]]]},"properties":{"name":"Kids P,layground","kind":"Park"}},
{"type":"Feature","geometry":{"type":"Polygon","coordinates":[[[101.6254,2.91496],[101.62812,2.91681],[101.62839,2.91754],[101.62742,2.91876],[101.62626,2.91939],[101.62517,2.91958],[101.62487,2.92088],[101.62427,2.92052],[101.6254,2.91496]]]},"properties":{"name":"Taman Tasik Selangor Cyber Valley","kind":"Park"}},
{"type":"Feature","geometry":{"type":"Polygon","coordinates":[[[101.80437,2.95699],[101.80333,2.95575],[101.80427,2.95572],[101.80525,2.95623],[101.8053,2.95662],[101.80437,2.95699]]]},"properties":{"name":"Suria Villa Park","kind":"Park"}},
{"type":"Feature","geometry":{"type":"Polygon","coordinates":[[[101.5105,3.18107],[101.50982,3.18041],[101.50838,3.17962],[101.50899,3.1789],[101.51068,3.17945],[101.51073,3.18085],[101.5105,3.18107]]]},"properties":{"name":"Elmina Urban Park","kind":"Park"}},
{"type":"Feature","geometry":{"type":"Polygon","coordinates":[[[101.73427,3.25178],[101.73414,3.25146],[101.73447,3.25132],[101.73462,3.25158],[101.73427,3.25178]]]},"properties":{"name":"Sultan Haji Ahmad Shah Lower Courtyard","kind":"Park"}},
{"type":"Feature","geometry":{"type":"Polygon","coordinates":[[[101.63182,3.26361],[101.6317,3.26301],[101.63193,3.26206],[101.63322,3.26196],[101.63355,3.26341],[101.63182,3.26361]]]},"properties":{"name":"Taman Rimba Bukit Lagong MPS","kind":"Park"}},
{"type":"Feature","geometry":{"type":"Polygon","coordinates":[[[101.82624,3.01759],[101.82706,3.01636],[101.82896,3.01689],[101.83143,3.01662],[101.83229,3.01741],[101.8328,3.02068],[101.8336,3.02135],[101.83361,3.02205],[101.83394,3.02314],[101.83358,3.02381],[101.8336,3.02484],[101.83636,3.02547],[101.83719,3.02753],[101.83677,3.02844],[101.83572,3.02856],[101.83498,3.029],[101.83435,3.03079],[101.83367,3.03139],[101.83384,3.03335],[101.83607,3.03516],[101.83539,3.03575],[101.83574,3.03765],[101.8347,3.03874],[101.83289,3.03755],[101.83197,3.03756],[101.83093,3.03602],[101.83038,3.03619],[101.82972,3.03686],[101.82885,3.03539],[101.8277,3.03472],[101.82645,3.03438],[101.82483,3.03498],[101.82438,3.03402],[101.82399,3.03376],[101.82449,3.03308],[101.8244,3.0323],[101.82575,3.031],[101.8263,3.03085],[101.82664,3.02944],[101.82749,3.02818],[101.82732,3.02637],[101.82663,3.0259],[101.82664,3.02518],[101.82522,3.02399],[101.82507,3.02265],[101.82621,3.02185],[101.82671,3.02007],[101.82723,3.01922],[101.82661,3.01878],[101.82624,3.01759]]]},"properties":{"name":"Hutan Simpanan Kekal Sungai Jeloh","kind":"Forest reserve"}},
{"type":"Feature","geometry":{"type":"Polygon","coordinates":[[[101.5435,3.17798],[101.54349,3.17811],[101.54343,3.17811],[101.54343,3.17798],[101.5435,3.17798]]]},"properties":{"name":"Taman Firdausi","kind":"Park"}},
{"type":"Feature","geometry":{"type":"Polygon","coordinates":[[[101.83143,2.89847],[101.83093,2.89851],[101.82816,2.89725],[101.8279,2.89627],[101.82812,2.89597],[101.82898,2.89583],[101.82998,2.8961],[101.8305,2.89578],[101.83155,2.8968],[101.83143,2.89847]]]},"properties":{"name":"Eco Majestic City Park","kind":"Park"}},
{"type":"Feature","geometry":{"type":"Polygon","coordinates":[[[101.51911,3.03597],[101.51874,3.03578],[101.51886,3.03542],[101.51931,3.03567],[101.51911,3.03597]]]},"properties":{"name":"Car Parking","kind":"Park"}},
{"type":"Feature","geometry":{"type":"Polygon","coordinates":[[[101.52169,3.04313],[101.52133,3.04302],[101.52149,3.04275],[101.52185,3.04286],[101.52169,3.04313]]]},"properties":{"name":"Parking Kereta","kind":"Park"}},
{"type":"Feature","geometry":{"type":"Polygon","coordinates":[[[101.52169,3.04313],[101.52133,3.04302],[101.52149,3.04275],[101.52185,3.04286],[101.52169,3.04313]]]},"properties":{"name":"Parking Kereta","kind":"Park"}},
{"type":"Feature","geometry":{"type":"Polygon","coordinates":[[[101.51403,3.0429],[101.51404,3.0427],[101.51419,3.0427],[101.51418,3.04298],[101.51403,3.0429]]]},"properties":{"name":"Parking Kereta","kind":"Park"}},
{"type":"Feature","geometry":{"type":"Polygon","coordinates":[[[101.51892,3.03727],[101.51887,3.0375],[101.5187,3.03737],[101.51892,3.03727]]]},"properties":{"name":"Parking Kereta","kind":"Park"}},
{"type":"Feature","geometry":{"type":"Polygon","coordinates":[[[101.51529,3.03994],[101.5156,3.03946],[101.51587,3.03964],[101.51555,3.04011],[101.51529,3.03994]]]},"properties":{"name":"Padang Cergas","kind":"Park"}},
{"type":"Feature","geometry":{"type":"Polygon","coordinates":[[[101.51882,3.03635],[101.51863,3.03623],[101.51869,3.03613],[101.51888,3.03625],[101.51882,3.03635]]]},"properties":{"name":"Parking Kereta","kind":"Park"}},
{"type":"Feature","geometry":{"type":"Polygon","coordinates":[[[101.51777,2.97272],[101.51776,2.97257],[101.51806,2.97257],[101.51806,2.97272],[101.51777,2.97272]]]},"properties":{"name":"Padang Rakyat","kind":"Park"}},
{"type":"Feature","geometry":{"type":"Polygon","coordinates":[[[101.51836,2.97273],[101.51835,2.97259],[101.51867,2.97258],[101.51867,2.97273],[101.51836,2.97273]]]},"properties":{"name":"Padang Rakyat","kind":"Park"}},
{"type":"Feature","geometry":{"type":"Polygon","coordinates":[[[101.51671,3.07012],[101.51611,3.06899],[101.51675,3.06917],[101.51671,3.07012]]]},"properties":{"name":"Taman Warisan Melayu","kind":"Park"}},
{"type":"Feature","geometry":{"type":"Polygon","coordinates":[[[101.46353,3.1182],[101.46344,3.11745],[101.46365,3.11578],[101.46415,3.11798],[101.46353,3.1182]]]},"properties":{"name":"Taman Warisan","kind":"Park"}},
{"type":"Feature","geometry":{"type":"Polygon","coordinates":[[[101.67791,3.03436],[101.67572,3.03436],[101.67618,3.0332],[101.67791,3.03436]]]},"properties":{"name":"Kolam Takungan Mesra Alam Taman Puncak Jalil (KT19)","kind":"Park"}},
{"type":"Feature","geometry":{"type":"Polygon","coordinates":[[[101.54526,3.3266],[101.54438,3.32627],[101.54344,3.32672],[101.54314,3.32628],[101.54383,3.32507],[101.54474,3.32534],[101.54552,3.32601],[101.54526,3.3266]]]},"properties":{"name":"Celebration Park","kind":"Park"}},
{"type":"Feature","geometry":{"type":"Polygon","coordinates":[[[101.53853,3.03149],[101.53857,3.03122],[101.53987,3.0313],[101.53974,3.03148],[101.53853,3.03149]]]},"properties":{"name":"Pangsapuri Alora Playground and Field","kind":"Park"}},
{"type":"Feature","geometry":{"type":"Polygon","coordinates":[[[101.57806,2.93583],[101.57939,2.93586],[101.57901,2.93656],[101.57806,2.93583]]]},"properties":{"name":"Taman BSP Avenue","kind":"Park"}},
{"type":"Feature","geometry":{"type":"Polygon","coordinates":[[[101.57854,2.95412],[101.57888,2.95345],[101.57949,2.9534],[101.57951,2.95424],[101.57854,2.95412]]]},"properties":{"name":"Taman SP 1","kind":"Park"}},
{"type":"Feature","geometry":{"type":"Polygon","coordinates":[[[101.57979,2.93528],[101.57992,2.93409],[101.58095,2.93397],[101.58164,2.93433],[101.5813,2.93494],[101.58021,2.93436],[101.57979,2.93528]]]},"properties":{"name":"Taman Komuniti SP9","kind":"Park"}},
{"type":"Feature","geometry":{"type":"Polygon","coordinates":[[[101.60967,2.89201],[101.61037,2.89058],[101.61062,2.89071],[101.60988,2.89211],[101.60967,2.89201]]]},"properties":{"name":"Enso Woods Play Park","kind":"Park"}},
{"type":"Feature","geometry":{"type":"Polygon","coordinates":[[[101.76426,3.01258],[101.76359,3.01284],[101.76353,3.01176],[101.76423,3.01171],[101.76426,3.01258]]]},"properties":{"name":"Taman Cheras Prima","kind":"Park"}},
{"type":"Feature","geometry":{"type":"Polygon","coordinates":[[[101.77092,3.00766],[101.77094,3.00763],[101.77111,3.00771],[101.7711,3.00774],[101.77092,3.00766]]]},"properties":{"name":"parking","kind":"Park"}},
{"type":"Feature","geometry":{"type":"Polygon","coordinates":[[[101.77095,3.00756],[101.77098,3.00753],[101.77115,3.00761],[101.77113,3.00764],[101.77095,3.00756]]]},"properties":{"name":"parking","kind":"Park"}},
{"type":"Feature","geometry":{"type":"Polygon","coordinates":[[[101.64674,3.0528],[101.64641,3.05174],[101.64768,3.05188],[101.64771,3.05276],[101.64674,3.0528]]]},"properties":{"name":"BK2 Park","kind":"Park"}}
]}