{"type":"FeatureCollection","features":[{"type":"Feature","geometry":{"type":"Polygon","coordinates":[[[101.1712,3.4048],[101.1702,3.3988],[101.1648,3.395],[101.1758,3.3848],[101.1846,3.3566],[101.2074,3.344],[101.2314,3.3418],[101.233,3.3512],[101.2388,3.3556],[101.2388,3.361],[101.2416,3.3634],[101.2372,3.3716],[101.2582,3.3752],[101.257,3.3912],[101.2582,3.4276],[101.2534,3.4276],[101.2532,3.4224],[101.2408,3.423],[101.241,3.4276],[101.1966,3.4276],[101.1914,3.4194],[101.2102,3.4046],[101.2078,3.3992],[101.1872,3.4134],[101.179,3.4134],[101.1712,3.4048]]]},"properties":{"name":"Mukim Ujong Permatang","type":"Mukim","daerah":"Kuala Selangor","state":"Selangor","area_km2":67.97,"area_ha":6797}},{"type":"Feature","geometry":{"type":"Polygon","coordinates":[[[101.75,3.0264],[101.7504,3.0324],[101.745,3.0316],[101.7452,3.027],[101.75,3.0264]]]},"properties":{"name":"Bandar Balakong","type":"Bandar","daerah":"Hulu Langat","state":"Selangor","area_km2":0.33,"area_ha":33}},{"type":"Feature","geometry":{"type":"MultiPolygon","coordinates":[[[[102.349,5.817],[102.3436,5.801],[102.337,5.7948],[102.3224,5.7956],[102.3016,5.7924],[102.3006,5.7834],[102.3094,5.7738],[102.31,5.7738],[102.3168,5.7826],[102.3426,5.7852],[102.3442,5.7908],[102.3602,5.7954],[102.3658,5.7886],[102.3752,5.795],[102.3882,5.7946],[102.382,5.7976],[102.3792,5.8206],[102.3798,5.8234],[102.371,5.8292],[102.3584,5.8038],[102.349,5.817]]],[[[101.3524,3.287],[101.3268,3.2756],[101.3224,3.2672],[101.3116,3.2642],[101.316,3.249],[101.306,3.2474],[101.303,3.2564],[101.295,3.2518],[101.2994,3.2448],[101.3024,3.212],[101.3084,3.1666],[101.3156,3.169],[101.3144,3.1768],[101.3182,3.1774],[101.3204,3.1634],[101.3432,3.1622],[101.3432,3.175],[101.3694,3.175],[101.3698,3.1862],[101.4006,3.1862],[101.4006,3.192],[101.4272,3.1924],[101.4798,3.1916],[101.3524,3.287]],[[101.3676,3.2254],[101.3718,3.226],[101.3724,3.2238],[101.368,3.223],[101.3676,3.2254]],[[101.3168,3.1934],[101.313,3.1914],[101.3132,3.199],[101.317,3.1988],[101.3168,3.1934]],[[101.3028,3.2258],[101.3198,3.2294],[101.3226,3.2204],[101.3028,3.2258]]],[[[100.386,6.2678],[100.3708,6.2748],[100.3628,6.2934],[100.3412,6.293],[100.3204,6.2698],[100.3062,6.2656],[100.299,6.2524],[100.3008,6.2352],[100.353,6.2418],[100.3782,6.255],[100.3934,6.2578],[100.386,6.2678]]]]},"properties":{"name":"Mukim Jeram","type":"Mukim","daerah":"Kuala Selangor","state":"Selangor","area_km2":198.29,"area_ha":19829}},{"type":"Feature","geometry":{"type":"Polygon","coordinates":[[[101.803,2.9574],[101.804,2.9614],[101.7934,2.9572],[101.7872,2.9406],[101.7944,2.9308],[101.8106,2.9276],[101.7998,2.949],[101.803,2.9574]]]},"properties":{"name":"Pekan Kampong Sungai Tangkas","type":"Pekan","daerah":"Hulu Langat","state":"Selangor","area_km2":5.32,"area_ha":532}},{"type":"Feature","geometry":{"type":"Polygon","coordinates":[[[101.7156,3.709],[101.7102,3.6924],[101.706,3.6604],[101.6996,3.6642],[101.6788,3.6514],[101.6828,3.6336],[101.6788,3.6216],[101.6752,3.6026],[101.6868,3.5932],[101.684,3.5792],[101.6942,3.574],[101.7056,3.5598],[101.7066,3.5466],[101.7162,3.5432],[101.7584,3.5212],[101.7648,3.5116],[101.777,3.5276],[101.7862,3.5464],[101.7992,3.5468],[101.8098,3.5692],[101.8078,3.5854],[101.8154,3.6026],[101.8096,3.611],[101.7998,3.6142],[101.7962,3.6272],[101.7834,3.6336],[101.785,3.6488],[101.7682,3.6646],[101.768,3.6814],[101.7546,3.6852],[101.7292,3.713],[101.7156,3.709]],[[101.7278,3.5848],[101.726,3.5822],[101.7184,3.5806],[101.7176,3.582],[101.727,3.5866],[101.7278,3.5848]]]},"properties":{"name":"Mukim Peretak","type":"Mukim","daerah":"Hulu Selangor","state":"Selangor","area_km2":204.41,"area_ha":20441}},{"type":"Feature","geometry":{"type":"Polygon","coordinates":[[[101.7254,2.6442],[101.7078,2.6414],[101.7116,2.6348],[101.7254,2.6442]]]},"properties":{"name":"Pekan Sungai Pelek","type":"Pekan","daerah":"Sepang","state":"Selangor","area_km2":2.38,"area_ha":238}},{"type":"Feature","geometry":{"type":"Polygon","coordinates":[[[101.4462,3.3412],[101.446,3.333],[101.4608,3.3318],[101.4666,3.3386],[101.4812,3.3274],[101.4746,3.3044],[101.4614,3.2994],[101.4624,3.2746],[101.4924,3.2748],[101.4928,3.2392],[101.4938,3.2294],[101.5022,3.22],[101.514,3.2184],[101.5156,3.2188],[101.5464,3.2182],[101.5596,3.2294],[101.56,3.2296],[101.5684,3.2334],[101.5756,3.2366],[101.6098,3.2514],[101.6056,3.2694],[101.6294,3.2758],[101.6402,3.2694],[101.6536,3.2706],[101.6678,3.2776],[101.6656,3.31],[101.669,3.3284],[101.65,3.3358],[101.6394,3.3214],[101.6332,3.3252],[101.6172,3.3224],[101.6048,3.3262],[101.6006,3.3078],[101.588,3.2894],[101.5762,3.2902],[101.5686,3.3],[101.5586,3.3002],[101.553,3.3212],[101.5586,3.328],[101.5574,3.344],[101.5408,3.3482],[101.5048,3.3504],[101.494,3.367],[101.486,3.368],[101.4812,3.3696],[101.477,3.3868],[101.465,3.3976],[101.4604,3.3988],[101.4442,3.3964],[101.444,3.3562],[101.4462,3.3412]],[[101.5044,3.2808],[101.5008,3.2882],[101.5022,3.3216],[101.54,3.3426],[101.5408,3.3144],[101.5458,3.302],[101.5304,3.2948],[101.5186,3.2804],[101.5294,3.2718],[101.5326,3.253],[101.5224,3.2454],[101.5044,3.2808]],[[101.5544,3.2536],[101.5518,3.2536],[101.5514,3.2576],[101.5522,3.2588],[101.548,3.2692],[101.552,3.2826],[101.5626,3.2966],[101.5716,3.2896],[101.5588,3.2666],[101.5678,3.2614],[101.5696,3.2514],[101.5626,3.2444],[101.5544,3.2536]],[[101.6196,3.2888],[101.6218,3.3026],[101.6304,3.3002],[101.6454,3.3038],[101.643,3.2864],[101.6196,3.2888]]]},"properties":{"name":"Mukim Rawang","type":"Mukim","daerah":"Gombak","state":"Selangor","area_km2":186.91,"area_ha":18691}},{"type":"Feature","geometry":{"type":"Polygon","coordinates":[[[101.6078,3.2154],[101.6044,3.2252],[101.5936,3.2178],[101.5778,3.2172],[101.573,3.2258],[101.5648,3.222],[101.5644,3.2218],[101.5766,3.2076],[101.5818,3.2058],[101.6018,3.201],[101.602,3.2012],[101.6078,3.2154]]]},"properties":{"name":"Bandar Sungai Buloh","type":"Bandar","daerah":"Gombak","state":"Selangor","area_km2":7.06,"area_ha":706}},{"type":"Feature","geometry":{"type":"MultiPolygon","coordinates":[[[[101.0256,3.7334],[101.0254,3.781],[101.0266,3.7832],[101.0308,3.7948],[101.0216,3.8056],[101.0052,3.7988],[100.9918,3.7998],[100.9858,3.7924],[100.9844,3.7742],[100.9726,3.7698],[100.959,3.7822],[100.9626,3.7978],[100.9766,3.806],[100.9778,3.8164],[100.9658,3.827],[100.945,3.831],[100.9398,3.8452],[100.9442,3.8652],[100.931,3.8686],[100.888,3.8552],[100.8666,3.856],[100.8406,3.8514],[100.8172,3.8502],[100.8208,3.842],[100.8428,3.8248],[100.8466,3.8248],[100.8892,3.8248],[100.8892,3.8024],[100.8858,3.795],[100.9134,3.776],[100.9074,3.7614],[100.9142,3.7552],[100.9472,3.7382],[100.9616,3.7308],[100.983,3.7354],[101,3.733],[101.0256,3.7334]],[[100.9678,3.7498],[100.962,3.7578],[100.9654,3.7726],[100.9738,3.7688],[100.9848,3.7728],[100.9924,3.7812],[101.0008,3.7702],[100.9868,3.7536],[100.9678,3.7498]],[[100.897,3.8466],[100.8956,3.851],[100.912,3.857],[100.912,3.8534],[100.897,3.8466]]],[[[102.3242,6.1686],[102.3398,6.1684],[102.326,6.1796],[102.3242,6.1686]]]]},"properties":{"name":"Mukim Sabak","type":"Mukim","daerah":"Sabak Bernam","state":"Selangor","area_km2":152.49,"area_ha":15249}},{"type":"Feature","geometry":{"type":"Polygon","coordinates":[[[101.8392,2.9436],[101.85,2.9436],[101.85,2.9552],[101.839,2.9552],[101.8392,2.9436]]]},"properties":{"name":"Bandar Semenyih","type":"Bandar","daerah":"Hulu Langat","state":"Selangor","area_km2":1.56,"area_ha":156}},{"type":"Feature","geometry":{"type":"Polygon","coordinates":[[[101.633,2.7316],[101.633,2.7276],[101.633,2.7248],[101.6916,2.6912],[101.7016,2.6912],[101.7064,2.6802],[101.7316,2.7244],[101.7422,2.7228],[101.7388,2.739],[101.7492,2.7576],[101.7276,2.7756],[101.7038,2.7862],[101.674,2.8036],[101.633,2.7316]]]},"properties":{"name":"Bandar Lapangan Terbang Antarabangsa Sepang","type":"Bandar","daerah":"Sepang","state":"Selangor","area_km2":98.78,"area_ha":9878}},{"type":"Feature","geometry":{"type":"Polygon","coordinates":[[[101.6348,3.4948],[101.6194,3.5],[101.6094,3.4958],[101.6276,3.4798],[101.6376,3.4776],[101.639,3.4676],[101.6404,3.4672],[101.6414,3.4736],[101.6348,3.4948]]]},"properties":{"name":"Bandar Batang Kali","type":"Bandar","daerah":"Hulu Selangor","state":"Selangor","area_km2":5.87,"area_ha":587}},{"type":"Feature","geometry":{"type":"MultiPolygon","coordinates":[[[[101.36,3.3624],[101.3602,3.3416],[101.3822,3.343],[101.3822,3.371],[101.36,3.3624]]],[[[101.4442,3.3964],[101.4338,3.3772],[101.4098,3.3706],[101.4124,3.3496],[101.3992,3.3448],[101.4184,3.3464],[101.4236,3.3374],[101.4462,3.3412],[101.444,3.3562],[101.4442,3.3964]]],[[[101.359,3.427],[101.3586,3.375],[101.3602,3.365],[101.3816,3.3932],[101.4214,3.3932],[101.4222,3.4036],[101.4604,3.42],[101.4604,3.4348],[101.359,3.427]]]]},"properties":{"name":"Mukim Bestari Jaya","type":"Mukim","daerah":"Kuala Selangor","state":"Selangor","area_km2":65.34,"area_ha":6534}},{"type":"Feature","geometry":{"type":"Polygon","coordinates":[[[100.8466,3.8248],[100.8466,3.8024],[100.8428,3.8024],[100.8428,3.8248],[100.8208,3.842],[100.8158,3.8358],[100.8096,3.8038],[100.8096,3.7862],[100.835,3.7832],[100.8536,3.7738],[100.89,3.7426],[100.9078,3.7186],[100.9146,3.7032],[100.9318,3.7186],[100.9472,3.7382],[100.9142,3.7552],[100.9074,3.7614],[100.9134,3.776],[100.8858,3.795],[100.8892,3.8024],[100.8892,3.8248],[100.8466,3.8248]]]},"properties":{"name":"Mukim Bagan Nakhoda Omar","type":"Mukim","daerah":"Sabak Bernam","state":"Selangor","area_km2":81.62,"area_ha":8162}},{"type":"Feature","geometry":{"type":"Polygon","coordinates":[[[101.7156,3.709],[101.6916,3.7078],[101.6792,3.7186],[101.6578,3.7254],[101.6624,3.693],[101.6608,3.6836],[101.6368,3.6646],[101.6332,3.657],[101.6194,3.6506],[101.624,3.6346],[101.614,3.6288],[101.6102,3.6196],[101.5998,3.6184],[101.5914,3.602],[101.582,3.5972],[101.5678,3.5822],[101.5468,3.567],[101.546,3.5504],[101.5312,3.5494],[101.5364,3.5288],[101.5422,3.4888],[101.5384,3.4858],[101.5532,3.4756],[101.5586,3.4826],[101.5866,3.4912],[101.598,3.5026],[101.6096,3.5174],[101.613,3.5388],[101.6066,3.5518],[101.6142,3.554],[101.6188,3.5684],[101.634,3.5876],[101.6424,3.5892],[101.6564,3.6078],[101.6788,3.6216],[101.6828,3.6336],[101.6788,3.6514],[101.6996,3.6642],[101.706,3.6604],[101.7102,3.6924],[101.7156,3.709]],[[101.6034,3.5906],[101.605,3.5932],[101.608,3.5894],[101.6034,3.5906]]]},"properties":{"name":"Mukim Kerling","type":"Mukim","daerah":"Hulu Selangor","state":"Selangor","area_km2":177.38,"area_ha":17738}},{"type":"Feature","geometry":{"type":"Polygon","coordinates":[[[101.0256,3.7334],[101.0292,3.7302],[101.0314,3.7296],[101.0294,3.7272],[101.0732,3.6888],[101.126,3.6474],[101.1646,3.6414],[101.3124,3.6338],[101.3542,3.5952],[101.345,3.6464],[101.3512,3.6708],[101.3474,3.6876],[101.34,3.6976],[101.3222,3.69],[101.3082,3.6796],[101.2818,3.6736],[101.2786,3.6684],[101.2532,3.6732],[101.2474,3.6818],[101.2492,3.7172],[101.2438,3.7198],[101.2222,3.7126],[101.199,3.7232],[101.1646,3.7268],[101.1344,3.7346],[101.145,3.746],[101.1358,3.7526],[101.123,3.747],[101.111,3.7468],[101.0832,3.7402],[101.0746,3.7588],[101.0904,3.756],[101.0864,3.7808],[101.0796,3.7702],[101.057,3.7576],[101.058,3.7708],[101.0524,3.7934],[101.0434,3.7856],[101.0266,3.7832],[101.0254,3.781],[101.0256,3.7334]],[[101.0478,3.753],[101.0616,3.7524],[101.0616,3.741],[101.0508,3.7456],[101.0478,3.753]],[[101.0262,3.7798],[101.0264,3.782],[101.032,3.7822],[101.032,3.7798],[101.0262,3.7798]]]},"properties":{"name":"Mukim Sungai Panjang","type":"Mukim","daerah":"Sabak Bernam","state":"Selangor","area_km2":283.21,"area_ha":28321}},{"type":"Feature","geometry":{"type":"Polygon","coordinates":[[[101.9672,3.0572],[101.9594,3.0626],[101.961,3.0766],[101.9492,3.0964],[101.9456,3.109],[101.9528,3.1176],[101.9052,3.1174],[101.8792,3.119],[101.8668,3.1098],[101.8426,3.0972],[101.8438,3.0922],[101.8336,3.057],[101.8448,3.0538],[101.8176,3.0124],[101.821,3.0094],[101.8328,3.0092],[101.8402,2.9998],[101.8642,2.9854],[101.8752,2.9898],[101.8878,2.9846],[101.9,2.9884],[101.9292,2.9868],[101.9338,2.999],[101.9442,2.9992],[101.9424,3.0142],[101.9476,3.024],[101.9632,3.0282],[101.9692,3.0346],[101.9672,3.0572]],[[101.8722,2.9972],[101.8708,3.0038],[101.8662,3.0108],[101.8652,3.0166],[101.8712,3.0168],[101.8692,3.0114],[101.8734,3.0074],[101.8728,2.9966],[101.8728,2.995],[101.8714,2.995],[101.8722,2.9972]]]},"properties":{"name":"Mukim Ulu Semenyih","type":"Mukim","daerah":"Hulu Langat","state":"Selangor","area_km2":181.49,"area_ha":18149}},{"type":"Feature","geometry":{"type":"MultiPolygon","coordinates":[[[[101.7944,2.9308],[101.8008,2.9148],[101.8008,2.8968],[101.8102,2.905],[101.8204,2.9066],[101.836,2.9184],[101.8672,2.9192],[101.8724,2.9268],[101.8844,2.9312],[101.8918,2.9394],[101.9086,2.9368],[101.9106,2.9368],[101.9118,2.9398],[101.9238,2.969],[101.9292,2.9868],[101.9,2.9884],[101.8878,2.9846],[101.8782,2.979],[101.8642,2.9854],[101.8402,2.9998],[101.8328,3.0092],[101.821,3.0094],[101.8136,2.9978],[101.8184,2.9916],[101.8276,2.9874],[101.832,2.9722],[101.8278,2.9608],[101.803,2.9574],[101.7998,2.949],[101.8106,2.9276],[101.7944,2.9308]],[[101.8442,2.9356],[101.8318,2.9388],[101.8268,2.959],[101.8448,2.9626],[101.8534,2.9608],[101.854,2.937],[101.8442,2.9356]]],[[[101.8144,2.9846],[101.8078,2.9702],[101.8186,2.9672],[101.825,2.9784],[101.8144,2.9846]]]]},"properties":{"name":"Mukim Semenyih","type":"Mukim","daerah":"Hulu Langat","state":"Selangor","area_km2":85.28,"area_ha":8528}},{"type":"Feature","geometry":{"type":"Polygon","coordinates":[[[101.9528,3.1176],[101.9616,3.1262],[101.962,3.1408],[101.9554,3.1582],[101.9478,3.166],[101.9408,3.1822],[101.9468,3.1888],[101.9488,3.205],[101.9462,3.2186],[101.9266,3.2546],[101.9184,3.2556],[101.9074,3.2564],[101.8972,3.2648],[101.886,3.2592],[101.8746,3.2688],[101.8616,3.2702],[101.8474,3.2826],[101.8314,3.2658],[101.8294,3.2466],[101.8164,3.2288],[101.8114,3.2162],[101.8138,3.2066],[101.8026,3.1844],[101.8108,3.1552],[101.8092,3.151],[101.782,3.1152],[101.7796,3.1126],[101.7616,3.0964],[101.7654,3.0916],[101.768,3.0824],[101.78,3.0702],[101.8026,3.0582],[101.8184,3.0554],[101.8336,3.057],[101.8438,3.0922],[101.8426,3.0972],[101.8668,3.1098],[101.8792,3.119],[101.9052,3.1174],[101.9528,3.1176]],[[101.8866,3.167],[101.8856,3.1642],[101.8846,3.1648],[101.8856,3.1674],[101.8866,3.167]],[[101.8302,3.142],[101.8362,3.1404],[101.835,3.1374],[101.8304,3.1382],[101.8302,3.142]],[[101.8906,3.1602],[101.8884,3.16],[101.8892,3.161],[101.8906,3.1602]],[[101.8464,3.1662],[101.8492,3.166],[101.848,3.1628],[101.8454,3.1638],[101.8464,3.1662]],[[101.8242,3.115],[101.8276,3.1178],[101.8342,3.1182],[101.8314,3.1134],[101.8242,3.115]],[[101.7862,3.0842],[101.787,3.0856],[101.7884,3.0846],[101.7878,3.083],[101.7862,3.0842]],[[101.819,3.1106],[101.8144,3.1084],[101.8132,3.1126],[101.8166,3.1144],[101.819,3.1106]],[[101.8098,3.106],[101.8082,3.0988],[101.802,3.0992],[101.8098,3.106]],[[101.8044,3.102],[101.8012,3.1],[101.803,3.1026],[101.8044,3.102]]]},"properties":{"name":"Mukim Ulu Langat","type":"Mukim","daerah":"Hulu Langat","state":"Selangor","area_km2":300.11,"area_ha":30011}},{"type":"Feature","geometry":{"type":"MultiPolygon","coordinates":[[[[101.7474,3.2028],[101.7536,3.1918],[101.746,3.1774],[101.7458,3.1758],[101.7588,3.1882],[101.7564,3.1972],[101.7474,3.2028]]],[[[101.8474,3.2826],[101.8164,3.2986],[101.8008,3.3248],[101.795,3.3056],[101.8034,3.2892],[101.7972,3.2838],[101.7806,3.2832],[101.7708,3.2552],[101.758,3.2386],[101.7492,3.2324],[101.749,3.2188],[101.76,3.2132],[101.7744,3.217],[101.782,3.2044],[101.7776,3.1692],[101.7718,3.1602],[101.7814,3.151],[101.7948,3.1526],[101.8092,3.151],[101.8108,3.1552],[101.8026,3.1844],[101.8138,3.2066],[101.8114,3.2162],[101.8164,3.2288],[101.8294,3.2466],[101.8314,3.2658],[101.8474,3.2826]]]]},"properties":{"name":"Mukim Ulu Kelang","type":"Mukim","daerah":"Gombak","state":"Selangor","area_km2":86.6,"area_ha":8660}},{"type":"Feature","geometry":{"type":"MultiPolygon","coordinates":[[[[101.7528,2.94],[101.7588,2.9262],[101.7674,2.9262],[101.7832,2.9388],[101.7826,2.9622],[101.7864,2.9848],[101.7718,2.9864],[101.7678,2.9836],[101.767,2.9682],[101.7502,2.966],[101.7426,2.9788],[101.7474,2.9592],[101.7528,2.94]]],[[[101.7344,2.979],[101.7328,2.9612],[101.7458,2.961],[101.7422,2.9778],[101.7344,2.979]]]]},"properties":{"name":"Bandar Baru Bangi","type":"Bandar","daerah":"Hulu Langat","state":"Selangor","area_km2":22.6,"area_ha":2260}},{"type":"Feature","geometry":{"type":"Polygon","coordinates":[[[101.4512,2.8154],[101.4484,2.8198],[101.4488,2.821],[101.4422,2.8282],[101.4354,2.8376],[101.43,2.831],[101.4276,2.8382],[101.4344,2.8392],[101.4218,2.8476],[101.4238,2.863],[101.4414,2.8676],[101.4518,2.8862],[101.4502,2.8982],[101.4306,2.8952],[101.4264,2.8768],[101.412,2.8934],[101.4216,2.9106],[101.4304,2.9186],[101.4198,2.9306],[101.4106,2.9312],[101.4086,2.9408],[101.4236,2.9498],[101.4376,2.9604],[101.4332,2.9696],[101.4168,2.9774],[101.4104,2.9728],[101.4006,2.9504],[101.3878,2.936],[101.3862,2.9192],[101.3782,2.9058],[101.369,2.906],[101.3524,2.924],[101.3382,2.9188],[101.3484,2.906],[101.3418,2.8946],[101.3294,2.9072],[101.3148,2.9084],[101.2958,2.8874],[101.2782,2.8754],[101.2848,2.8688],[101.2842,2.8516],[101.2872,2.8356],[101.3098,2.8352],[101.339,2.8236],[101.3586,2.8122],[101.3954,2.807],[101.4,2.802],[101.4118,2.811],[101.4314,2.8158],[101.4456,2.8052],[101.4492,2.803],[101.4518,2.809],[101.4512,2.8154]]]},"properties":{"name":"Mukim Jugra","type":"Mukim","daerah":"Kuala Langat","state":"Selangor","area_km2":186.7,"area_ha":18670}},{"type":"Feature","geometry":{"type":"Polygon","coordinates":[[[101.6274,2.8226],[101.6148,2.8368],[101.594,2.8274],[101.607,2.8204],[101.611,2.8112],[101.6216,2.8112],[101.6274,2.8226]]]},"properties":{"name":"Pekan Bukit Changgang","type":"Pekan","daerah":"Kuala Langat","state":"Selangor","area_km2":6.26,"area_ha":626}},{"type":"Feature","geometry":{"type":"Polygon","coordinates":[[[101.5878,3.102],[101.5844,3.1082],[101.5638,3.1158],[101.5612,3.1018],[101.5878,3.102]]]},"properties":{"name":"Bandar Saujana","type":"Bandar","daerah":"Petaling","state":"Selangor","area_km2":2.8,"area_ha":280}},{"type":"Feature","geometry":{"type":"Polygon","coordinates":[[[101.5548,3.6662],[101.54,3.6686],[101.5374,3.662],[101.5468,3.6584],[101.5548,3.6662]]]},"properties":{"name":"Bandar Ulu Bernam II","type":"Bandar","daerah":"Hulu Selangor","state":"Selangor","area_km2":2.3,"area_ha":230}},{"type":"Feature","geometry":{"type":"MultiPolygon","coordinates":[[[[101.5738,2.978],[101.5756,2.9798],[101.5818,2.9938],[101.5862,3.0214],[101.572,3.03],[101.572,3.0016],[101.5496,3.0046],[101.5506,2.9938],[101.5582,2.9798],[101.5738,2.978]]],[[[101.5516,3.0288],[101.5546,3.0354],[101.5436,3.037],[101.5506,3.0292],[101.5516,3.0288]]],[[[101.5632,3.0694],[101.5526,3.0714],[101.5544,3.0606],[101.555,3.051],[101.5488,3.0424],[101.572,3.0382],[101.5728,3.0628],[101.5942,3.0652],[101.5726,3.0634],[101.5632,3.0694]]],[[[101.574,3.0818],[101.5618,3.0774],[101.5628,3.077],[101.574,3.0818]]],[[[101.573,3.0802],[101.5742,3.081],[101.574,3.0814],[101.573,3.0802]]],[[[101.622,3.0848],[101.5896,3.0856],[101.5896,3.0842],[101.6024,3.0826],[101.622,3.0842],[101.622,3.0848]]],[[[101.5878,3.102],[101.5896,3.0974],[101.5934,3.1162],[101.5898,3.127],[101.5684,3.1268],[101.5294,3.1268],[101.5212,3.127],[101.5214,3.0934],[101.5374,3.0944],[101.5546,3.0916],[101.5562,3.079],[101.557,3.079],[101.5612,3.1018],[101.5638,3.1158],[101.5844,3.1082],[101.5878,3.102]]]]},"properties":{"name":"Mukim Damansara","type":"Mukim","daerah":"Petaling","state":"Selangor","area_km2":42.54,"area_ha":4254}},{"type":"Feature","geometry":{"type":"Polygon","coordinates":[[[101.6276,3.2086],[101.6018,3.201],[101.6018,3.1806],[101.6192,3.1832],[101.6188,3.1968],[101.629,3.2084],[101.6276,3.2086]]]},"properties":{"name":"Bandar Sri Damansara","type":"Bandar","daerah":"Petaling","state":"Selangor","area_km2":5.58,"area_ha":558}},{"type":"Feature","geometry":{"type":"MultiPolygon","coordinates":[[[[101.7942,2.892],[101.7734,2.888],[101.7672,2.891],[101.7704,2.885],[101.7944,2.869],[101.7852,2.879],[101.7942,2.892]]],[[[101.7872,2.9406],[101.7842,2.962],[101.788,2.9684],[101.7864,2.9848],[101.7826,2.9622],[101.7832,2.9388],[101.7674,2.9262],[101.7588,2.9262],[101.758,2.9138],[101.7666,2.8998],[101.7702,2.9054],[101.7842,2.906],[101.7908,2.8942],[101.8008,2.8968],[101.8008,2.9148],[101.7944,2.9308],[101.7872,2.9406]]],[[[101.7678,2.9836],[101.7608,2.9806],[101.7412,2.984],[101.7426,2.9788],[101.7502,2.966],[101.767,2.9682],[101.7678,2.9836]]],[[[101.7758,3.0204],[101.7716,3.0142],[101.7826,2.9942],[101.7798,3.0108],[101.7758,3.0204]]],[[[101.8176,3.0124],[101.8134,3.022],[101.8056,3.0146],[101.8068,3.004],[101.8136,2.9978],[101.821,3.0094],[101.8176,3.0124]]]]},"properties":{"name":"Mukim Kajang","type":"Mukim","daerah":"Hulu Langat","state":"Selangor","area_km2":26.63,"area_ha":2663}},{"type":"Feature","geometry":{"type":"Polygon","coordinates":[[[101.4688,2.706],[101.459,2.7252],[101.4636,2.7416],[101.4558,2.7454],[101.449,2.7356],[101.4654,2.7048],[101.4688,2.706]]]},"properties":{"name":"Pekan Kanchong","type":"Pekan","daerah":"Kuala Langat","state":"Selangor","area_km2":3.23,"area_ha":323}},{"type":"Feature","geometry":{"type":"Polygon","coordinates":[[[101.5898,3.127],[101.6016,3.127],[101.6018,3.1384],[101.6012,3.1384],[101.5888,3.1384],[101.5886,3.1326],[101.5684,3.1328],[101.5684,3.1268],[101.5898,3.127]]]},"properties":{"name":"Bandar Damansara","type":"Bandar","daerah":"Petaling","state":"Selangor","area_km2":3.29,"area_ha":329}},{"type":"Feature","geometry":{"type":"Polygon","coordinates":[[[101.665,2.9574],[101.6532,2.9582],[101.6522,2.9498],[101.6296,2.948],[101.6286,2.9344],[101.6318,2.9032],[101.6298,2.895],[101.661,2.894],[101.66,2.9016],[101.6694,2.9104],[101.6724,2.9228],[101.6674,2.931],[101.6748,2.9498],[101.665,2.9574]]]},"properties":{"name":"Bandar Cyberjaya","type":"Bandar","daerah":"Sepang","state":"Selangor","area_km2":28.37,"area_ha":2837}},{"type":"Feature","geometry":{"type":"Polygon","coordinates":[[[101.6336,3.214],[101.6334,3.2134],[101.6404,3.2142],[101.637,3.2152],[101.6336,3.214]]]},"properties":{"name":"Pekan Kepong","type":"Pekan","daerah":"Kuala Lumpur","state":"Kuala Lumpur","area_km2":0.07,"area_ha":7}},{"type":"Feature","geometry":{"type":"Polygon","coordinates":[[[101.8044,3.102],[101.803,3.1026],[101.8012,3.1],[101.8044,3.102]]]},"properties":{"name":"Pekan Desa Raya","type":"Pekan","daerah":"Hulu Langat","state":"Selangor","area_km2":0.03,"area_ha":3}},{"type":"Feature","geometry":{"type":"Polygon","coordinates":[[[101.3658,3.1402],[101.3642,3.131],[101.3942,3.1302],[101.3854,3.1452],[101.3712,3.1504],[101.3658,3.1402]]]},"properties":{"name":"Pekan Kapar","type":"Pekan","daerah":"Klang","state":"Selangor","area_km2":4.73,"area_ha":473}},{"type":"Feature","geometry":{"type":"Polygon","coordinates":[[[101.6034,3.5906],[101.608,3.5894],[101.605,3.5932],[101.6034,3.5906]]]},"properties":{"name":"Pekan Kerling","type":"Pekan","daerah":"Hulu Selangor","state":"Selangor","area_km2":0.15,"area_ha":15}},{"type":"Feature","geometry":{"type":"Polygon","coordinates":[[[101.3028,3.2258],[101.3226,3.2204],[101.3198,3.2294],[101.3028,3.2258]]]},"properties":{"name":"Pekan Jeram","type":"Pekan","daerah":"Kuala Selangor","state":"Selangor","area_km2":1.45,"area_ha":145}},{"type":"Feature","geometry":{"type":"Polygon","coordinates":[[[101.0478,3.753],[101.0508,3.7456],[101.0616,3.741],[101.0616,3.7524],[101.0478,3.753]]]},"properties":{"name":"Pekan Bagan Terap Tambahan","type":"Pekan","daerah":"Sabak Bernam","state":"Selangor","area_km2":1.23,"area_ha":123}},{"type":"Feature","geometry":{"type":"Polygon","coordinates":[[[101.4928,3.2392],[101.4934,3.2298],[101.4938,3.2294],[101.4928,3.2392]]]},"properties":{"name":"Pekan Batu 20","type":"Pekan","daerah":"Gombak","state":"Selangor","area_km2":0.9,"area_ha":90}},{"type":"Feature","geometry":{"type":"Polygon","coordinates":[[[101.5942,3.0652],[101.5976,3.0652],[101.597,3.0796],[101.6024,3.0826],[101.5896,3.0842],[101.5742,3.081],[101.573,3.0802],[101.5726,3.0634],[101.5942,3.0652]]]},"properties":{"name":"Bandar Subang Jaya","type":"Bandar","daerah":"Petaling","state":"Selangor","area_km2":6.13,"area_ha":613}},{"type":"Feature","geometry":{"type":"Polygon","coordinates":[[[101.4692,2.782],[101.469,2.7764],[101.4758,2.7716],[101.479,2.777],[101.4692,2.782]]]},"properties":{"name":"Pekan Kanchong Darat","type":"Pekan","daerah":"Kuala Langat","state":"Selangor","area_km2":0.73,"area_ha":73}},{"type":"Feature","geometry":{"type":"Polygon","coordinates":[[[101.4488,2.821],[101.4466,2.8282],[101.4422,2.8282],[101.4488,2.821]]]},"properties":{"name":"Pekan Sungai Raba","type":"Pekan","daerah":"Kuala Langat","state":"Selangor","area_km2":0.59,"area_ha":59}},{"type":"Feature","geometry":{"type":"Polygon","coordinates":[[[101.8098,3.106],[101.802,3.0992],[101.8082,3.0988],[101.8098,3.106]]]},"properties":{"name":"Pekan Sri Nanding","type":"Pekan","daerah":"Hulu Langat","state":"Selangor","area_km2":0.28,"area_ha":28}},{"type":"Feature","geometry":{"type":"Polygon","coordinates":[[[100.8428,3.8248],[100.8428,3.8024],[100.8466,3.8024],[100.8466,3.8248],[100.8428,3.8248]]]},"properties":{"name":"Pekan Parit Baru","type":"Pekan","daerah":"Sabak Bernam","state":"Selangor","area_km2":1.05,"area_ha":105}},{"type":"Feature","geometry":{"type":"Polygon","coordinates":[[[101.5084,2.8614],[101.507,2.8602],[101.5162,2.8498],[101.5202,2.8496],[101.5128,2.8648],[101.5114,2.8638],[101.5084,2.8614]]]},"properties":{"name":"Pekan Tanjong Duabelas","type":"Pekan","daerah":"Kuala Langat","state":"Selangor","area_km2":1.08,"area_ha":108}},{"type":"Feature","geometry":{"type":"Polygon","coordinates":[[[101.4414,2.8676],[101.4552,2.8818],[101.4694,2.8888],[101.483,2.888],[101.488,2.8826],[101.49,2.8828],[101.4934,2.8954],[101.507,2.8828],[101.5086,2.905],[101.5262,2.946],[101.5242,2.9496],[101.478,2.95],[101.4792,2.93],[101.4732,2.9284],[101.4706,2.95],[101.4524,2.9518],[101.4236,2.9498],[101.4086,2.9408],[101.4106,2.9312],[101.4198,2.9306],[101.4304,2.9186],[101.4216,2.9106],[101.412,2.8934],[101.4264,2.8768],[101.4306,2.8952],[101.4502,2.8982],[101.4518,2.8862],[101.4414,2.8676]],[[101.4652,2.9044],[101.4648,2.9076],[101.4626,2.9156],[101.4738,2.9196],[101.4782,2.9134],[101.473,2.907],[101.4754,2.8928],[101.4654,2.8946],[101.4654,2.9016],[101.4652,2.9044]],[[101.4546,2.9416],[101.4584,2.9418],[101.4586,2.9378],[101.4548,2.9378],[101.4546,2.9416]]]},"properties":{"name":"Mukim Telok Panglima Garang","type":"Mukim","daerah":"Kuala Langat","state":"Selangor","area_km2":67.04,"area_ha":6704}},{"type":"Feature","geometry":{"type":"Polygon","coordinates":[[[101.6714,3.2364],[101.6692,3.2356],[101.673,3.2278],[101.6714,3.2364]]]},"properties":{"name":"Pekan Batu Caves","type":"Pekan","daerah":"Gombak","state":"Selangor","area_km2":0.28,"area_ha":28}},{"type":"Feature","geometry":{"type":"Polygon","coordinates":[[[101.6318,3.1314],[101.6296,3.1358],[101.6274,3.1358],[101.628,3.1292],[101.6318,3.1314]]]},"properties":{"name":"Pekan Sungai Penchala","type":"Pekan","daerah":"Kuala Lumpur","state":"Kuala Lumpur","area_km2":0.36,"area_ha":36}},{"type":"Feature","geometry":{"type":"Polygon","coordinates":[[[101.4782,2.9134],[101.4654,2.9016],[101.4654,2.8946],[101.4754,2.8928],[101.473,2.907],[101.4782,2.9134]]]},"properties":{"name":"Pekan Telok","type":"Pekan","daerah":"Kuala Langat","state":"Selangor","area_km2":3.42,"area_ha":342}},{"type":"Feature","geometry":{"type":"Polygon","coordinates":[[[101.8242,3.115],[101.8314,3.1134],[101.8342,3.1182],[101.8276,3.1178],[101.8242,3.115]]]},"properties":{"name":"Pekan Sungai Makau","type":"Pekan","daerah":"Hulu Langat","state":"Selangor","area_km2":0.49,"area_ha":49}},{"type":"Feature","geometry":{"type":"Polygon","coordinates":[[[101.071,3.5676],[101.0718,3.559],[101.0792,3.5616],[101.0762,3.5698],[101.071,3.5676]]]},"properties":{"name":"Pekan Pasir Panjang","type":"Pekan","daerah":"Sabak Bernam","state":"Selangor","area_km2":0.94,"area_ha":94}},{"type":"Feature","geometry":{"type":"Polygon","coordinates":[[[101.3976,3.3098],[101.4178,3.295],[101.4338,3.2994],[101.4236,3.309],[101.42,3.3212],[101.3978,3.3196],[101.3976,3.3098]]]},"properties":{"name":"Pekan Simpang Tiga Ijok","type":"Pekan","daerah":"Kuala Selangor","state":"Selangor","area_km2":6.69,"area_ha":669}},{"type":"Feature","geometry":{"type":"MultiPolygon","coordinates":[[[[101.8772,2.4592],[101.8762,2.4552],[101.8694,2.4484],[101.8704,2.4332],[101.8758,2.4302],[101.8962,2.4316],[101.908,2.4362],[101.9128,2.4246],[101.928,2.4254],[101.9444,2.4098],[101.9694,2.4004],[101.9744,2.3918],[101.9826,2.397],[101.9808,2.4032],[101.994,2.4126],[101.99,2.425],[101.9614,2.433],[101.9564,2.4546],[101.9554,2.4792],[101.9386,2.4788],[101.9388,2.5064],[101.9232,2.501],[101.905,2.5018],[101.8892,2.4984],[101.8894,2.4874],[101.878,2.4784],[101.873,2.4668],[101.8772,2.4592]]],[[[101.1646,3.6414],[101.0638,3.6056],[101.0644,3.604],[101.0574,3.6014],[101.0568,3.6032],[101.047,3.6],[101.0542,3.5898],[101.0848,3.52],[101.0916,3.4978],[101.1004,3.485],[101.1092,3.4898],[101.0982,3.4952],[101.0898,3.507],[101.099,3.5196],[101.1156,3.4942],[101.1812,3.5378],[101.3542,3.5952],[101.3124,3.6338],[101.1646,3.6414]],[[101.071,3.5676],[101.0762,3.5698],[101.0792,3.5616],[101.0718,3.559],[101.071,3.5676]],[[101.139,3.5278],[101.1412,3.5292],[101.1442,3.5246],[101.1418,3.523],[101.139,3.5278]]]]},"properties":{"name":"Mukim Pasir Panjang","type":"Mukim","daerah":"Sabak Bernam","state":"Selangor","area_km2":382.66,"area_ha":38266}},{"type":"Feature","geometry":{"type":"Polygon","coordinates":[[[101.6536,3.2706],[101.638,3.2578],[101.6398,3.2352],[101.6538,3.2352],[101.6608,3.2436],[101.6714,3.2364],[101.673,3.2278],[101.697,3.2284],[101.7018,3.2236],[101.7082,3.2386],[101.7036,3.2522],[101.704,3.2736],[101.6764,3.272],[101.6678,3.2776],[101.6536,3.2706]]]},"properties":{"name":"Bandar Selayang","type":"Bandar","daerah":"Gombak","state":"Selangor","area_km2":32.16,"area_ha":3216}},{"type":"Feature","geometry":{"type":"MultiPolygon","coordinates":[[[[101.6522,3.5412],[101.65,3.5298],[101.6592,3.5264],[101.6608,3.5376],[101.6522,3.5412]]],[[[101.6788,3.6216],[101.6564,3.6078],[101.6424,3.5892],[101.634,3.5876],[101.6188,3.5684],[101.6142,3.554],[101.6066,3.5518],[101.613,3.5388],[101.6528,3.5434],[101.6508,3.5524],[101.6392,3.554],[101.6392,3.5704],[101.6516,3.5786],[101.6668,3.576],[101.6712,3.5636],[101.684,3.5792],[101.6868,3.5932],[101.6752,3.6026],[101.6788,3.6216]]]]},"properties":{"name":"Mukim Ampang Pechah","type":"Mukim","daerah":"Hulu Selangor","state":"Selangor","area_km2":31.81,"area_ha":3181}},{"type":"Feature","geometry":{"type":"Polygon","coordinates":[[[101.6548,3.3808],[101.668,3.3722],[101.6698,3.363],[101.6924,3.3804],[101.6852,3.3922],[101.6594,3.3902],[101.6548,3.3808]]]},"properties":{"name":"Bandar Ulu Yam","type":"Bandar","daerah":"Hulu Selangor","state":"Selangor","area_km2":9.99,"area_ha":999}},{"type":"Feature","geometry":{"type":"Polygon","coordinates":[[[101.7034,2.967],[101.7088,2.9636],[101.7154,2.9642],[101.7154,2.9724],[101.7032,2.9754],[101.7034,2.967]]]},"properties":{"name":"Pekan Bukit Bisa","type":"Pekan","daerah":"Sepang","state":"Selangor","area_km2":1.4,"area_ha":140}},{"type":"Feature","geometry":{"type":"Polygon","coordinates":[[[101.7424,3.1624],[101.7396,3.163],[101.7366,3.1648],[101.735,3.1702],[101.731,3.1714],[101.7006,3.1872],[101.6896,3.189],[101.6794,3.1868],[101.6816,3.1728],[101.6784,3.1646],[101.6784,3.1502],[101.6728,3.1408],[101.6784,3.1342],[101.6692,3.1226],[101.6702,3.1128],[101.6808,3.1064],[101.6852,3.1194],[101.6946,3.1198],[101.7074,3.1048],[101.7192,3.1206],[101.7338,3.1186],[101.7332,3.1274],[101.7262,3.134],[101.7338,3.1474],[101.7342,3.1582],[101.7424,3.1624]]]},"properties":{"name":"Bandar Kuala Lumpur","type":"Bandar","daerah":"Kuala Lumpur","state":"Kuala Lumpur","area_km2":47.66,"area_ha":4766}},{"type":"Feature","geometry":{"type":"Polygon","coordinates":[[[101.139,3.5278],[101.1418,3.523],[101.1442,3.5246],[101.1412,3.5292],[101.139,3.5278]]]},"properties":{"name":"Pekan Sekinchan Site A","type":"Pekan","daerah":"Sabak Bernam","state":"Selangor","area_km2":0.18,"area_ha":18}},{"type":"Feature","geometry":{"type":"Polygon","coordinates":[[[101.8428,2.8832],[101.8352,2.8896],[101.8298,2.8864],[101.8372,2.8834],[101.8428,2.8832]]]},"properties":{"name":"Pekan Sungai Kembong Beranang","type":"Pekan","daerah":"Hulu Langat","state":"Selangor","area_km2":1.56,"area_ha":156}},{"type":"Feature","geometry":{"type":"Polygon","coordinates":[[[101.6568,3.7262],[101.6244,3.6968],[101.6034,3.686],[101.5834,3.672],[101.5856,3.6638],[101.5772,3.6562],[101.571,3.6414],[101.5688,3.6388],[101.5694,3.6264],[101.5832,3.628],[101.595,3.6472],[101.6194,3.6506],[101.6332,3.657],[101.6368,3.6646],[101.6608,3.6836],[101.6624,3.693],[101.6578,3.7254],[101.6568,3.7262]]]},"properties":{"name":"Mukim Kalumpang","type":"Mukim","daerah":"Hulu Selangor","state":"Selangor","area_km2":43.58,"area_ha":4358}},{"type":"Feature","geometry":{"type":"Polygon","coordinates":[[[101.6038,3.0598],[101.596,3.0302],[101.6102,3.055],[101.6174,3.0654],[101.6038,3.0598]]]},"properties":{"name":"Pekan Penaga","type":"Pekan","daerah":"Petaling","state":"Selangor","area_km2":2.79,"area_ha":279}},{"type":"Feature","geometry":{"type":"Polygon","coordinates":[[[101.4054,3.0846],[101.406,3.0788],[101.4232,3.0784],[101.4176,3.0878],[101.4054,3.0846]]]},"properties":{"name":"Pekan Batu Empat","type":"Pekan","daerah":"Klang","state":"Selangor","area_km2":2.36,"area_ha":236}},{"type":"Feature","geometry":{"type":"Polygon","coordinates":[[[101.7116,3.0624],[101.7128,3.067],[101.707,3.067],[101.7082,3.063],[101.7116,3.0624]]]},"properties":{"name":"Bandar Bandar Baharu Sungai Besi","type":"Bandar","daerah":"Kuala Lumpur","state":"Kuala Lumpur","area_km2":0.28,"area_ha":28}},{"type":"Feature","geometry":{"type":"Polygon","coordinates":[[[101.7862,3.0842],[101.7878,3.083],[101.7884,3.0846],[101.787,3.0856],[101.7862,3.0842]]]},"properties":{"name":"Pekan Bukit Sungai Raya","type":"Pekan","daerah":"Hulu Langat","state":"Selangor","area_km2":0.04,"area_ha":4}},{"type":"Feature","geometry":{"type":"MultiPolygon","coordinates":[[[[101.2348,2.9446],[101.2356,2.9044],[101.2446,2.9038],[101.2576,2.911],[101.261,2.9204],[101.2594,2.954],[101.2564,2.9692],[101.2414,2.96],[101.2348,2.9446]]],[[[101.4236,2.9498],[101.4524,2.9518],[101.4706,2.95],[101.478,2.95],[101.5242,2.9496],[101.5738,2.978],[101.5582,2.9798],[101.5506,2.9938],[101.5496,3.0046],[101.5464,3.0164],[101.5516,3.0288],[101.5506,3.0292],[101.5334,3.019],[101.5334,3.0292],[101.5156,3.0324],[101.5112,3.0426],[101.497,3.0402],[101.4906,3.0454],[101.4684,3.048],[101.4602,3.0384],[101.4556,3.033],[101.452,3.0006],[101.4426,3.001],[101.4262,3.0014],[101.4278,2.9918],[101.4032,2.991],[101.3944,2.989],[101.3562,2.9958],[101.3378,2.989],[101.3202,2.976],[101.3078,2.9586],[101.2804,2.91],[101.2704,2.8968],[101.268,2.884],[101.2782,2.8754],[101.2958,2.8874],[101.3148,2.9084],[101.3294,2.9072],[101.3418,2.8946],[101.3484,2.906],[101.3382,2.9188],[101.3524,2.924],[101.369,2.906],[101.3782,2.9058],[101.3862,2.9192],[101.3878,2.936],[101.4006,2.9504],[101.4104,2.9728],[101.4168,2.9774],[101.4332,2.9696],[101.4376,2.9604],[101.4236,2.9498]],[[101.5308,3.0148],[101.527,3.0126],[101.525,3.0168],[101.5286,3.0188],[101.5308,3.0148]],[[101.4768,3.0324],[101.479,3.0332],[101.4796,3.0298],[101.477,3.0288],[101.4768,3.0324]]],[[[101.2928,3.038],[101.2828,3.012],[101.265,2.983],[101.2626,2.9744],[101.2656,2.9262],[101.2648,2.9154],[101.2784,2.9204],[101.2968,2.9518],[101.3128,2.9828],[101.3278,2.9954],[101.34,2.9988],[101.3394,3.0182],[101.3356,3.0364],[101.3378,3.064],[101.3238,3.0692],[101.304,3.0632],[101.2928,3.038]]],[[[101.2272,2.9964],[101.2214,2.973],[101.2278,2.9678],[101.248,2.9898],[101.263,3.001],[101.2646,3.0172],[101.2518,3.0186],[101.2296,3.0078],[101.2272,2.9964]]],[[[101.4096,3.0196],[101.4242,3.0332],[101.4276,3.0526],[101.392,3.0336],[101.4028,3.0236],[101.3946,3.0162],[101.3812,3.026],[101.3778,3.0154],[101.3876,3.0018],[101.3942,2.9918],[101.3884,3.0102],[101.4096,3.0196]]],[[[101.2236,3.025],[101.2258,3.0096],[101.25,3.0198],[101.2622,3.0222],[101.2812,3.0386],[101.2832,3.0494],[101.2682,3.061],[101.2512,3.0582],[101.2366,3.0464],[101.2236,3.025]]]]},"properties":{"name":"Mukim Klang","type":"Mukim","daerah":"Klang","state":"Selangor","area_km2":368.82,"area_ha":36882}},{"type":"Feature","geometry":{"type":"Polygon","coordinates":[[[101.514,3.2184],[101.514,3.2168],[101.5158,3.2168],[101.5156,3.2188],[101.514,3.2184]]]},"properties":{"name":"Pekan Merbau Sempak","type":"Pekan","daerah":"Petaling","state":"Selangor","area_km2":0.04,"area_ha":4}},{"type":"Feature","geometry":{"type":"Polygon","coordinates":[[[101.3304,3.3084],[101.3144,3.3172],[101.3124,3.3102],[101.3134,3.3066],[101.3304,3.3084]]]},"properties":{"name":"Pekan Bukit Rotan","type":"Pekan","daerah":"Kuala Selangor","state":"Selangor","area_km2":1.16,"area_ha":116}},{"type":"Feature","geometry":{"type":"Polygon","coordinates":[[[101.5162,2.6746],[101.5144,2.6776],[101.5056,2.6804],[101.5044,2.679],[101.5162,2.6746]]]},"properties":{"name":"Pekan Batu","type":"Pekan","daerah":"Kuala Langat","state":"Selangor","area_km2":0.41,"area_ha":41}},{"type":"Feature","geometry":{"type":"Polygon","coordinates":[[[101.375,3.2826],[101.3724,3.2792],[101.3748,3.2776],[101.3772,3.281],[101.375,3.2826]]]},"properties":{"name":"Pekan Parit Mahang","type":"Pekan","daerah":"Kuala Selangor","state":"Selangor","area_km2":0.15,"area_ha":15}},{"type":"Feature","geometry":{"type":"Polygon","coordinates":[[[101.7474,2.9592],[101.7472,2.94],[101.7496,2.94],[101.7528,2.94],[101.7474,2.9592]]]},"properties":{"name":"Bandar Sungai Merab","type":"Bandar","daerah":"Sepang","state":"Selangor","area_km2":0.87,"area_ha":87}},{"type":"Feature","geometry":{"type":"Polygon","coordinates":[[[101.803,2.9574],[101.8278,2.9608],[101.832,2.9722],[101.8276,2.9874],[101.8184,2.9916],[101.8144,2.9846],[101.825,2.9784],[101.8186,2.9672],[101.8078,2.9702],[101.804,2.9614],[101.803,2.9574]]]},"properties":{"name":"Bandar Batu 18, Semenyih","type":"Bandar","daerah":"Hulu Langat","state":"Selangor","area_km2":5.87,"area_ha":587}},{"type":"Feature","geometry":{"type":"Polygon","coordinates":[[[101.5186,3.2804],[101.5044,3.2808],[101.5224,3.2454],[101.5326,3.253],[101.5294,3.2718],[101.5186,3.2804]]]},"properties":{"name":"Pekan Pengkalan Kundang","type":"Pekan","daerah":"Gombak","state":"Selangor","area_km2":6.84,"area_ha":684}},{"type":"Feature","geometry":{"type":"Polygon","coordinates":[[[101.0102,3.7104],[101.0114,3.7076],[101.0136,3.7104],[101.0102,3.7104]]]},"properties":{"name":"Pekan Parit Enam","type":"Pekan","daerah":"Sabak Bernam","state":"Selangor","area_km2":0.08,"area_ha":8}},{"type":"Feature","geometry":{"type":"Polygon","coordinates":[[[101.6136,3.0222],[101.6122,3.0204],[101.6122,3.02],[101.6128,3.0182],[101.6136,3.0222]]]},"properties":{"name":"Pekan Puchong","type":"Pekan","daerah":"Petaling","state":"Selangor","area_km2":0.03,"area_ha":3}},{"type":"Feature","geometry":{"type":"Polygon","coordinates":[[[101.2712,3.3872],[101.273,3.3864],[101.2768,3.3948],[101.2752,3.397],[101.2728,3.3916],[101.2692,3.3906],[101.2712,3.3872]]]},"properties":{"name":"Pekan Bukit Belimbing","type":"Pekan","daerah":"Kuala Selangor","state":"Selangor","area_km2":0.38,"area_ha":38}},{"type":"Feature","geometry":{"type":"MultiPolygon","coordinates":[[[[101.1914,3.4194],[101.1818,3.4194],[101.179,3.4134],[101.1872,3.4134],[101.2078,3.3992],[101.2102,3.4046],[101.1914,3.4194]]],[[[101.1966,3.4276],[101.1906,3.4242],[101.1782,3.4304],[101.1574,3.4284],[101.169,3.4164],[101.169,3.4288],[101.18,3.4278],[101.1914,3.4194],[101.1966,3.4276]]]]},"properties":{"name":"Pekan Tanjong Karang","type":"Pekan","daerah":"Kuala Selangor","state":"Selangor","area_km2":6.25,"area_ha":625}},{"type":"Feature","geometry":{"type":"Polygon","coordinates":[[[101.7472,2.94],[101.7472,2.9382],[101.749,2.9382],[101.7496,2.94],[101.7472,2.94]]]},"properties":{"name":"Pekan Sungai Merab","type":"Pekan","daerah":"Sepang","state":"Selangor","area_km2":0.04,"area_ha":4}},{"type":"Feature","geometry":{"type":"Polygon","coordinates":[[[101.233,3.3512],[101.2324,3.3332],[101.2442,3.3148],[101.2522,3.31],[101.2566,3.3148],[101.2418,3.332],[101.238,3.341],[101.246,3.35],[101.2548,3.3338],[101.2758,3.3406],[101.2638,3.3418],[101.2576,3.3504],[101.2612,3.3662],[101.2712,3.3872],[101.2692,3.3906],[101.257,3.3912],[101.2582,3.3752],[101.2372,3.3716],[101.2416,3.3634],[101.2388,3.361],[101.2388,3.3556],[101.233,3.3512]],[[101.2632,3.339],[101.2558,3.337],[101.2502,3.3504],[101.241,3.3624],[101.259,3.3594],[101.2562,3.3506],[101.2632,3.339]]]},"properties":{"name":"Mukim Kuala Selangor","type":"Mukim","daerah":"Kuala Selangor","state":"Selangor","area_km2":13.17,"area_ha":1317}},{"type":"Feature","geometry":{"type":"Polygon","coordinates":[[[101.5726,3.0634],[101.573,3.0802],[101.574,3.0814],[101.574,3.0818],[101.5628,3.077],[101.5632,3.0694],[101.5726,3.0634]]]},"properties":{"name":"Pekan Country Height","type":"Pekan","daerah":"Petaling","state":"Selangor","area_km2":1.8,"area_ha":180}},{"type":"Feature","geometry":{"type":"Polygon","coordinates":[[[101.1914,3.4194],[101.18,3.4278],[101.169,3.4288],[101.169,3.4164],[101.1762,3.4212],[101.1818,3.4194],[101.1914,3.4194]]]},"properties":{"name":"Bandar Tanjong Karang","type":"Bandar","daerah":"Kuala Selangor","state":"Selangor","area_km2":2.19,"area_ha":219}},{"type":"Feature","geometry":{"type":"Polygon","coordinates":[[[101.297,3.2684],[101.299,3.2704],[101.3006,3.278],[101.2938,3.3002],[101.3134,3.3066],[101.3124,3.3102],[101.2906,3.303],[101.2802,3.3146],[101.2752,3.3108],[101.294,3.2864],[101.297,3.2684]]]},"properties":{"name":"Pekan Asam Jawa","type":"Pekan","daerah":"Kuala Selangor","state":"Selangor","area_km2":5.22,"area_ha":522}},{"type":"Feature","geometry":{"type":"Polygon","coordinates":[[[101.8642,2.9854],[101.8782,2.979],[101.8878,2.9846],[101.8752,2.9898],[101.8642,2.9854]]]},"properties":{"name":"Pekan Batu 23, Sungai Lalang","type":"Pekan","daerah":"Hulu Langat","state":"Selangor","area_km2":2.11,"area_ha":211}},{"type":"Feature","geometry":{"type":"Polygon","coordinates":[[[101.7388,2.6798],[101.7348,2.6796],[101.7374,2.6764],[101.7388,2.6798]]]},"properties":{"name":"Pekan Batu 1 Sepang","type":"Pekan","daerah":"Sepang","state":"Selangor","area_km2":0.14,"area_ha":14}},{"type":"Feature","geometry":{"type":"MultiPolygon","coordinates":[[[[101.5408,3.3482],[101.539,3.369],[101.494,3.367],[101.5048,3.3504],[101.5408,3.3482]]],[[[101.669,3.3284],[101.677,3.3396],[101.6698,3.363],[101.668,3.3722],[101.6548,3.3808],[101.6424,3.3932],[101.6352,3.4056],[101.6296,3.4104],[101.623,3.4166],[101.6078,3.4188],[101.5922,3.4266],[101.5922,3.3772],[101.5952,3.3714],[101.6122,3.3726],[101.6264,3.385],[101.6398,3.3864],[101.6434,3.3768],[101.6238,3.378],[101.6122,3.3606],[101.602,3.357],[101.59,3.364],[101.5714,3.359],[101.5724,3.3394],[101.5888,3.3438],[101.59,3.3496],[101.594,3.347],[101.589,3.3438],[101.5906,3.3274],[101.6048,3.3262],[101.6172,3.3224],[101.6332,3.3252],[101.6394,3.3214],[101.65,3.3358],[101.669,3.3284]]],[[[101.486,3.368],[101.4844,3.3722],[101.5192,3.4086],[101.5258,3.406],[101.5584,3.4448],[101.5236,3.458],[101.5102,3.4662],[101.4982,3.4604],[101.503,3.4434],[101.498,3.4316],[101.4842,3.412],[101.465,3.3976],[101.477,3.3868],[101.4812,3.3696],[101.486,3.368]]]]},"properties":{"name":"Mukim Serendah","type":"Mukim","daerah":"Hulu Selangor","state":"Selangor","area_km2":124.73,"area_ha":12473}},{"type":"Feature","geometry":{"type":"Polygon","coordinates":[[[101.6048,3.3262],[101.5906,3.3274],[101.589,3.3438],[101.5888,3.3438],[101.5724,3.3394],[101.5574,3.344],[101.5586,3.328],[101.553,3.3212],[101.5586,3.3002],[101.5686,3.3],[101.5762,3.2902],[101.588,3.2894],[101.6006,3.3078],[101.6048,3.3262]]]},"properties":{"name":"Bandar Rawang","type":"Bandar","daerah":"Gombak","state":"Selangor","area_km2":23.88,"area_ha":2388}},{"type":"Feature","geometry":{"type":"Polygon","coordinates":[[[101.2632,3.339],[101.2562,3.3506],[101.259,3.3594],[101.241,3.3624],[101.2502,3.3504],[101.2558,3.337],[101.2632,3.339]]]},"properties":{"name":"Pekan Pasir Penambang","type":"Pekan","daerah":"Kuala Selangor","state":"Selangor","area_km2":2.77,"area_ha":277}},{"type":"Feature","geometry":{"type":"Polygon","coordinates":[[[101.675,3.0916],[101.6746,3.092],[101.673,3.0902],[101.6752,3.0892],[101.675,3.0916]]]},"properties":{"name":"Pekan Kuala Pauh","type":"Pekan","daerah":"Kuala Lumpur","state":"Kuala Lumpur","area_km2":0.04,"area_ha":4}},{"type":"Feature","geometry":{"type":"Polygon","coordinates":[[[101.8722,2.9972],[101.8728,2.9966],[101.8734,3.0074],[101.8692,3.0114],[101.8712,3.0168],[101.8652,3.0166],[101.8662,3.0108],[101.8708,3.0038],[101.8722,2.9972]]]},"properties":{"name":"Pekan Kampong Pasir, Batu 14, Semenyih","type":"Pekan","daerah":"Hulu Langat","state":"Selangor","area_km2":1.02,"area_ha":102}},{"type":"Feature","geometry":{"type":"Polygon","coordinates":[[[101.4492,2.803],[101.4454,2.798],[101.4492,2.793],[101.447,2.7898],[101.4398,2.7944],[101.4382,2.7982],[101.4456,2.8052],[101.4314,2.8158],[101.4118,2.811],[101.4,2.802],[101.4092,2.7864],[101.4328,2.7636],[101.4468,2.7634],[101.45,2.7694],[101.456,2.7692],[101.4528,2.763],[101.472,2.7556],[101.4992,2.7394],[101.5096,2.733],[101.5232,2.759],[101.5354,2.7592],[101.5318,2.7784],[101.5,2.7956],[101.488,2.8006],[101.4748,2.8062],[101.4782,2.8168],[101.458,2.8192],[101.4518,2.809],[101.4492,2.803]],[[101.469,2.7764],[101.4626,2.7808],[101.457,2.7808],[101.4578,2.788],[101.4692,2.782],[101.479,2.777],[101.4758,2.7716],[101.469,2.7764]]]},"properties":{"name":"Mukim Kelanang","type":"Mukim","daerah":"Kuala Langat","state":"Selangor","area_km2":69.25,"area_ha":6925}},{"type":"Feature","geometry":{"type":"Polygon","coordinates":[[[101.8464,3.1662],[101.8454,3.1638],[101.848,3.1628],[101.8492,3.166],[101.8464,3.1662]]]},"properties":{"name":"Pekan Batu 18, Ulu Langat","type":"Pekan","daerah":"Hulu Langat","state":"Selangor","area_km2":0.12,"area_ha":12}},{"type":"Feature","geometry":{"type":"Polygon","coordinates":[[[101.7326,2.9624],[101.7326,2.9638],[101.7292,2.9638],[101.7292,2.9622],[101.7326,2.9624]]]},"properties":{"name":"Pekan Dato' Bakar Baginda","type":"Pekan","daerah":"Sepang","state":"Selangor","area_km2":0.06,"area_ha":6}},{"type":"Feature","geometry":{"type":"Polygon","coordinates":[[[101.782,3.1152],[101.7854,3.1276],[101.7932,3.1334],[101.7948,3.1526],[101.7814,3.151],[101.7684,3.1526],[101.7616,3.162],[101.7508,3.1606],[101.735,3.1356],[101.7392,3.1196],[101.7526,3.1062],[101.7526,3.0972],[101.7662,3.1088],[101.7796,3.1126],[101.782,3.1152]]]},"properties":{"name":"Bandar Ampang","type":"Bandar","daerah":"Hulu Langat","state":"Selangor","area_km2":28.75,"area_ha":2875}},{"type":"Feature","geometry":{"type":"Polygon","coordinates":[[[101.3156,3.169],[101.3204,3.1634],[101.3182,3.1774],[101.3144,3.1768],[101.3156,3.169]]]},"properties":{"name":"Pekan Tambak Jawa","type":"Pekan","daerah":"Kuala Selangor","state":"Selangor","area_km2":0.66,"area_ha":66}},{"type":"Feature","geometry":{"type":"Polygon","coordinates":[[[101.4602,3.0384],[101.4678,3.0606],[101.4616,3.0606],[101.45,3.0734],[101.4432,3.0598],[101.4276,3.0526],[101.4242,3.0332],[101.4096,3.0196],[101.4092,3.0146],[101.413,3.0112],[101.4188,3.0176],[101.4394,3.0138],[101.4426,3.001],[101.452,3.0006],[101.4556,3.033],[101.4602,3.0384]]]},"properties":{"name":"Bandar Klang","type":"Bandar","daerah":"Klang","state":"Selangor","area_km2":24.3,"area_ha":2430}},{"type":"Feature","geometry":{"type":"Polygon","coordinates":[[[101.524,3.6802],[101.5206,3.685],[101.517,3.6812],[101.5202,3.678],[101.524,3.6802]]]},"properties":{"name":"Bandar Tanjong Malim","type":"Bandar","daerah":"Hulu Selangor","state":"Selangor","area_km2":0.31,"area_ha":31}},{"type":"Feature","geometry":{"type":"Polygon","coordinates":[[[101.5342,3.1656],[101.5364,3.1518],[101.5502,3.148],[101.555,3.154],[101.552,3.1656],[101.5342,3.1656]]]},"properties":{"name":"Pekan Baru Subang","type":"Pekan","daerah":"Petaling","state":"Selangor","area_km2":4.21,"area_ha":421}},{"type":"Feature","geometry":{"type":"Polygon","coordinates":[[[101.4798,3.1916],[101.492,3.1848],[101.4934,3.2298],[101.4928,3.2392],[101.4924,3.2748],[101.4624,3.2746],[101.4614,3.2994],[101.4384,3.2994],[101.4304,3.3042],[101.446,3.333],[101.4462,3.3412],[101.4236,3.3374],[101.4184,3.3464],[101.3992,3.3448],[101.3822,3.343],[101.3602,3.3416],[101.36,3.3062],[101.3748,3.3084],[101.375,3.297],[101.3524,3.287],[101.4798,3.1916]],[[101.3976,3.3098],[101.3978,3.3196],[101.42,3.3212],[101.4236,3.309],[101.4338,3.2994],[101.4178,3.295],[101.3976,3.3098]],[[101.375,3.2826],[101.3772,3.281],[101.3748,3.2776],[101.3724,3.2792],[101.375,3.2826]]]},"properties":{"name":"Mukim Ijok","type":"Mukim","daerah":"Kuala Selangor","state":"Selangor","area_km2":134.95,"area_ha":13495}},{"type":"Feature","geometry":{"type":"Polygon","coordinates":[[[101.179,3.4134],[101.1818,3.4194],[101.1762,3.4212],[101.169,3.4164],[101.1574,3.4284],[101.1782,3.4304],[101.1906,3.4242],[101.1966,3.4276],[101.241,3.4276],[101.2534,3.4276],[101.2582,3.4276],[101.3312,3.4248],[101.359,3.427],[101.409,3.5464],[101.3542,3.5952],[101.1812,3.5378],[101.1156,3.4942],[101.1092,3.4898],[101.1004,3.485],[101.134,3.441],[101.1436,3.4306],[101.1648,3.395],[101.1702,3.3988],[101.1712,3.4048],[101.179,3.4134]]]},"properties":{"name":"Mukim Tanjong Karang","type":"Mukim","daerah":"Kuala Selangor","state":"Selangor","area_km2":431.27,"area_ha":43127}},{"type":"Feature","geometry":{"type":"Polygon","coordinates":[[[100.9472,3.7382],[100.9318,3.7186],[100.9146,3.7032],[100.9236,3.6914],[100.932,3.6916],[100.954,3.6794],[100.9666,3.6672],[101.0176,3.6352],[101.047,3.6],[101.0568,3.6032],[101.0638,3.6056],[101.1646,3.6414],[101.126,3.6474],[101.0732,3.6888],[101.0294,3.7272],[101.0292,3.7302],[101.0256,3.7334],[101,3.733],[100.983,3.7354],[100.9616,3.7308],[100.9472,3.7382]],[[101.0102,3.7104],[101.0136,3.7104],[101.0114,3.7076],[101.0102,3.7104]],[[101.0206,3.6408],[101.0222,3.648],[101.0316,3.6402],[101.0304,3.634],[101.0206,3.6408]],[[100.9604,3.6834],[100.9742,3.6966],[101,3.6744],[101.006,3.6616],[100.997,3.6546],[100.9604,3.6834]],[[101.051,3.6262],[101.0522,3.6276],[101.0564,3.6242],[101.0536,3.6224],[101.051,3.6262]]]},"properties":{"name":"Pekan Bagan Nakhoda Omar","type":"Pekan","daerah":"Sabak Bernam","state":"Selangor","area_km2":172.55,"area_ha":17255}},{"type":"Feature","geometry":{"type":"Polygon","coordinates":[[[101.6178,3.0386],[101.6332,3.0598],[101.6466,3.0616],[101.6464,3.0708],[101.627,3.071],[101.6198,3.06],[101.6176,3.0386],[101.6178,3.0386]]]},"properties":{"name":"Pekan Puchong Jaya","type":"Pekan","daerah":"Petaling","state":"Selangor","area_km2":5.8,"area_ha":580}},{"type":"Feature","geometry":{"type":"MultiPolygon","coordinates":[[[[101.6012,3.1384],[101.6008,3.19],[101.5786,3.1918],[101.5784,3.2006],[101.5612,3.2006],[101.5458,3.1842],[101.5794,3.1866],[101.5668,3.1634],[101.5642,3.1532],[101.5714,3.1454],[101.5888,3.1452],[101.5888,3.1384],[101.6012,3.1384]]],[[[101.5464,3.2182],[101.5612,3.2006],[101.5648,3.2086],[101.5752,3.2084],[101.563,3.2226],[101.5596,3.2294],[101.5464,3.2182]]]]},"properties":{"name":"Pekan Baru Sungai Buloh","type":"Pekan","daerah":"Petaling","state":"Selangor","area_km2":27.15,"area_ha":2715}},{"type":"Feature","geometry":{"type":"Polygon","coordinates":[[[101.478,2.95],[101.4706,2.95],[101.4732,2.9284],[101.4792,2.93],[101.478,2.95]]]},"properties":{"name":"Bandar Sijangkang","type":"Bandar","daerah":"Kuala Langat","state":"Selangor","area_km2":1.74,"area_ha":174}},{"type":"Feature","geometry":{"type":"Polygon","coordinates":[[[101.639,3.4676],[101.6334,3.4642],[101.6224,3.4714],[101.599,3.465],[101.5942,3.4596],[101.579,3.4594],[101.565,3.4534],[101.5532,3.4756],[101.5384,3.4858],[101.5328,3.4884],[101.5108,3.4734],[101.5102,3.4662],[101.5236,3.458],[101.5584,3.4448],[101.559,3.4514],[101.58,3.452],[101.585,3.4422],[101.5846,3.4266],[101.5922,3.4266],[101.6078,3.4188],[101.623,3.4166],[101.6296,3.4104],[101.627,3.4252],[101.6466,3.4482],[101.654,3.4398],[101.6578,3.4388],[101.6554,3.4344],[101.6506,3.419],[101.6414,3.4244],[101.6352,3.4056],[101.6424,3.3932],[101.6548,3.3808],[101.6594,3.3902],[101.6852,3.3922],[101.6924,3.3804],[101.6698,3.363],[101.677,3.3396],[101.6808,3.3324],[101.7002,3.3518],[101.7136,3.389],[101.7214,3.3878],[101.7152,3.4038],[101.6996,3.4112],[101.693,3.4298],[101.6752,3.4344],[101.671,3.448],[101.659,3.4562],[101.6444,3.4588],[101.6404,3.4672],[101.639,3.4676]]]},"properties":{"name":"Mukim Ulu Yam","type":"Mukim","daerah":"Hulu Selangor","state":"Selangor","area_km2":96.86,"area_ha":9686}},{"type":"Feature","geometry":{"type":"MultiPolygon","coordinates":[[[[101.7796,3.1126],[101.7662,3.1088],[101.7526,3.0972],[101.746,3.0828],[101.7458,3.0816],[101.7616,3.0964],[101.7796,3.1126]]],[[[101.8092,3.151],[101.7948,3.1526],[101.7932,3.1334],[101.7854,3.1276],[101.782,3.1152],[101.8092,3.151]]],[[[101.7332,3.1274],[101.7392,3.1196],[101.735,3.1356],[101.7508,3.1606],[101.7424,3.1624],[101.7342,3.1582],[101.7338,3.1474],[101.7262,3.134],[101.7332,3.1274]]],[[[101.735,3.1702],[101.7312,3.1716],[101.731,3.1714],[101.735,3.1702]]],[[[101.746,3.1774],[101.7404,3.1776],[101.7458,3.1758],[101.746,3.1774]]]]},"properties":{"name":"Mukim Ampang","type":"Mukim","daerah":"Hulu Langat","state":"Selangor","area_km2":10.45,"area_ha":1045}},{"type":"Feature","geometry":{"type":"MultiPolygon","coordinates":[[[[101.6404,3.4672],[101.6444,3.4588],[101.659,3.4562],[101.671,3.448],[101.6752,3.4344],[101.693,3.4298],[101.6996,3.4112],[101.7152,3.4038],[101.7214,3.3878],[101.7396,3.3742],[101.7598,3.3732],[101.7656,3.3844],[101.7632,3.3956],[101.7738,3.4012],[101.7922,3.4236],[101.7844,3.4302],[101.7778,3.4594],[101.7672,3.4782],[101.7562,3.4814],[101.7376,3.4784],[101.7192,3.4788],[101.6884,3.4864],[101.6746,3.4956],[101.6598,3.4928],[101.6444,3.5062],[101.6364,3.5002],[101.6348,3.4948],[101.6414,3.4736],[101.6404,3.4672]]],[[[101.6094,3.4958],[101.598,3.5026],[101.5866,3.4912],[101.5586,3.4826],[101.5532,3.4756],[101.565,3.4534],[101.579,3.4594],[101.5942,3.4596],[101.599,3.465],[101.6224,3.4714],[101.6334,3.4642],[101.639,3.4676],[101.6376,3.4776],[101.6276,3.4798],[101.6094,3.4958]]]]},"properties":{"name":"Mukim Batang Kali","type":"Mukim","daerah":"Hulu Selangor","state":"Selangor","area_km2":155.28,"area_ha":15528}},{"type":"Feature","geometry":{"type":"Polygon","coordinates":[[[101.602,3.2012],[101.6174,3.2084],[101.6276,3.2086],[101.629,3.2084],[101.6334,3.2134],[101.6336,3.214],[101.636,3.2278],[101.6078,3.2154],[101.602,3.2012]]]},"properties":{"name":"Bandar Kepong","type":"Bandar","daerah":"Gombak","state":"Selangor","area_km2":5.68,"area_ha":568}},{"type":"Feature","geometry":{"type":"Polygon","coordinates":[[[101.654,3.4398],[101.6554,3.4344],[101.6578,3.4388],[101.654,3.4398]]]},"properties":{"name":"Bandar Ulu Yam Baharu","type":"Bandar","daerah":"Hulu Selangor","state":"Selangor","area_km2":0.49,"area_ha":49}},{"type":"Feature","geometry":{"type":"Polygon","coordinates":[[[101.5308,3.0148],[101.5286,3.0188],[101.525,3.0168],[101.527,3.0126],[101.5308,3.0148]]]},"properties":{"name":"Pekan Bukit Kemuning","type":"Pekan","daerah":"Klang","state":"Selangor","area_km2":0.24,"area_ha":24}},{"type":"Feature","geometry":{"type":"Polygon","coordinates":[[[101.1092,3.4898],[101.1156,3.4942],[101.099,3.5196],[101.0898,3.507],[101.0982,3.4952],[101.1092,3.4898]]]},"properties":{"name":"Pekan Sekinchan Tambahan","type":"Pekan","daerah":"Sabak Bernam","state":"Selangor","area_km2":4.91,"area_ha":491}},{"type":"Feature","geometry":{"type":"Polygon","coordinates":[[[101.7306,3.0352],[101.7196,3.0472],[101.7078,3.046],[101.709,3.0332],[101.7242,3.0138],[101.7284,3.024],[101.7306,3.0352]]]},"properties":{"name":"Pekan Baru Sungai Besi","type":"Pekan","daerah":"Petaling","state":"Selangor","area_km2":5.85,"area_ha":585}},{"type":"Feature","geometry":{"type":"Polygon","coordinates":[[[101.8442,2.9356],[101.854,2.937],[101.8534,2.9608],[101.8448,2.9626],[101.8268,2.959],[101.8318,2.9388],[101.8442,2.9356]],[[101.8392,2.9436],[101.839,2.9552],[101.85,2.9552],[101.85,2.9436],[101.8392,2.9436]]]},"properties":{"name":"Pekan Semenyih","type":"Pekan","daerah":"Hulu Langat","state":"Selangor","area_km2":6.23,"area_ha":623}},{"type":"Feature","geometry":{"type":"Polygon","coordinates":[[[101.5602,2.6626],[101.5592,2.6554],[101.5718,2.6534],[101.5696,2.6622],[101.5602,2.6626]]]},"properties":{"name":"Bandar Tanjong Sepat","type":"Bandar","daerah":"Kuala Langat","state":"Selangor","area_km2":1.63,"area_ha":163}},{"type":"Feature","geometry":{"type":"Polygon","coordinates":[[[101.7718,3.1602],[101.7776,3.1692],[101.782,3.2044],[101.7744,3.217],[101.76,3.2132],[101.749,3.2188],[101.7492,3.2324],[101.7396,3.2226],[101.7474,3.2028],[101.7564,3.1972],[101.7588,3.1882],[101.7458,3.1758],[101.7404,3.1776],[101.7312,3.1716],[101.735,3.1702],[101.7366,3.1648],[101.7396,3.163],[101.7424,3.1624],[101.7508,3.1606],[101.7616,3.162],[101.7684,3.1526],[101.7814,3.151],[101.7718,3.1602]]]},"properties":{"name":"Bandar Ulu Kelang","type":"Bandar","daerah":"Gombak","state":"Selangor","area_km2":25.17,"area_ha":2517}},{"type":"Feature","geometry":{"type":"Polygon","coordinates":[[[101.0206,3.6408],[101.0304,3.634],[101.0316,3.6402],[101.0222,3.648],[101.0206,3.6408]]]},"properties":{"name":"Pekan Sungai Haji Dorani","type":"Pekan","daerah":"Sabak Bernam","state":"Selangor","area_km2":1.45,"area_ha":145}},{"type":"Feature","geometry":{"type":"Polygon","coordinates":[[[101.5114,2.8638],[101.4954,2.8838],[101.4866,2.877],[101.4944,2.8682],[101.5,2.872],[101.5084,2.8614],[101.5114,2.8638]]]},"properties":{"name":"Bandar Jenjarom","type":"Bandar","daerah":"Kuala Langat","state":"Selangor","area_km2":2.26,"area_ha":226}},{"type":"Feature","geometry":{"type":"Polygon","coordinates":[[[101.494,3.367],[101.539,3.369],[101.5408,3.3482],[101.5574,3.344],[101.5724,3.3394],[101.5714,3.359],[101.59,3.364],[101.602,3.357],[101.6122,3.3606],[101.6238,3.378],[101.6434,3.3768],[101.6398,3.3864],[101.6264,3.385],[101.6122,3.3726],[101.5952,3.3714],[101.5922,3.3772],[101.5922,3.4266],[101.5846,3.4266],[101.585,3.4422],[101.58,3.452],[101.559,3.4514],[101.5584,3.4448],[101.5258,3.406],[101.5192,3.4086],[101.4844,3.3722],[101.486,3.368],[101.494,3.367]]]},"properties":{"name":"Bandar Serendah","type":"Bandar","daerah":"Hulu Selangor","state":"Selangor","area_km2":87.53,"area_ha":8753}},{"type":"Feature","geometry":{"type":"Polygon","coordinates":[[[101.257,3.3912],[101.2692,3.3906],[101.2728,3.3916],[101.2752,3.397],[101.2768,3.3948],[101.273,3.3864],[101.2712,3.3872],[101.2612,3.3662],[101.2576,3.3504],[101.2638,3.3418],[101.2758,3.3406],[101.2774,3.3398],[101.2924,3.3568],[101.2926,3.36],[101.3094,3.3652],[101.3038,3.356],[101.3144,3.3172],[101.3304,3.3084],[101.36,3.3062],[101.3602,3.3416],[101.36,3.3624],[101.3602,3.365],[101.3586,3.375],[101.359,3.427],[101.3312,3.4248],[101.2582,3.4276],[101.257,3.3912]],[[101.3178,3.4048],[101.316,3.4112],[101.3202,3.411],[101.3178,3.4048]]]},"properties":{"name":"Mukim Pasangan","type":"Mukim","daerah":"Kuala Selangor","state":"Selangor","area_km2":116.33,"area_ha":11633}},{"type":"Feature","geometry":{"type":"Polygon","coordinates":[[[101.4468,2.7634],[101.4528,2.763],[101.456,2.7692],[101.45,2.7694],[101.4468,2.7634]]]},"properties":{"name":"Pekan Tongkah","type":"Pekan","daerah":"Kuala Langat","state":"Selangor","area_km2":0.77,"area_ha":77}},{"type":"Feature","geometry":{"type":"Polygon","coordinates":[[[101.4692,2.782],[101.4578,2.788],[101.457,2.7808],[101.4626,2.7808],[101.469,2.7764],[101.4692,2.782]]]},"properties":{"name":"Pekan Simpang Morib","type":"Pekan","daerah":"Kuala Langat","state":"Selangor","area_km2":0.96,"area_ha":96}},{"type":"Feature","geometry":{"type":"Polygon","coordinates":[[[101.5,2.7956],[101.5128,2.7962],[101.5128,2.8148],[101.5132,2.8158],[101.5094,2.8264],[101.4944,2.8112],[101.4874,2.8152],[101.4862,2.8134],[101.488,2.8006],[101.5,2.7956]]]},"properties":{"name":"Bandar Banting","type":"Bandar","daerah":"Kuala Langat","state":"Selangor","area_km2":6.96,"area_ha":696}},{"type":"Feature","geometry":{"type":"Polygon","coordinates":[[[101.5632,3.0694],[101.5628,3.077],[101.5618,3.0774],[101.557,3.079],[101.5562,3.079],[101.5526,3.0714],[101.5632,3.0694]]]},"properties":{"name":"Pekan Batu Tiga","type":"Pekan","daerah":"Petaling","state":"Selangor","area_km2":0.91,"area_ha":91}},{"type":"Feature","geometry":{"type":"Polygon","coordinates":[[[101.753,2.783],[101.751,2.7866],[101.7492,2.7798],[101.7524,2.7802],[101.753,2.783]]]},"properties":{"name":"Pekan Salak","type":"Pekan","daerah":"Sepang","state":"Selangor","area_km2":0.41,"area_ha":41}},{"type":"Feature","geometry":{"type":"Polygon","coordinates":[[[101.4654,2.9016],[101.4782,2.9134],[101.4738,2.9196],[101.4626,2.9156],[101.4648,2.9076],[101.4652,2.9044],[101.4654,2.9016]]]},"properties":{"name":"Bandar Telok Panglima Garang","type":"Bandar","daerah":"Kuala Langat","state":"Selangor","area_km2":2.6,"area_ha":260}},{"type":"Feature","geometry":{"type":"MultiPolygon","coordinates":[[[[101.488,2.8006],[101.4862,2.8134],[101.4782,2.8168],[101.4748,2.8062],[101.488,2.8006]]],[[[101.507,2.8602],[101.486,2.858],[101.483,2.864],[101.4746,2.868],[101.49,2.8828],[101.488,2.8826],[101.4738,2.8678],[101.483,2.8634],[101.4806,2.8452],[101.4872,2.8452],[101.4874,2.8152],[101.4944,2.8112],[101.5094,2.8264],[101.5132,2.8158],[101.5184,2.8234],[101.5294,2.8246],[101.5162,2.8498],[101.507,2.8602]]],[[[101.633,2.7316],[101.6332,2.7562],[101.6822,2.8144],[101.6666,2.8228],[101.648,2.8412],[101.625,2.883],[101.5756,2.9798],[101.5738,2.978],[101.5242,2.9496],[101.5262,2.946],[101.5086,2.905],[101.507,2.8828],[101.5186,2.8692],[101.5128,2.8648],[101.5202,2.8496],[101.5274,2.8396],[101.545,2.8278],[101.5336,2.8206],[101.5352,2.8116],[101.5242,2.816],[101.5128,2.8148],[101.5128,2.7962],[101.5,2.7956],[101.5318,2.7784],[101.5354,2.7592],[101.5958,2.7592],[101.5964,2.7276],[101.633,2.7276],[101.633,2.7316]],[[101.6274,2.8226],[101.6216,2.8112],[101.611,2.8112],[101.607,2.8204],[101.594,2.8274],[101.6148,2.8368],[101.6274,2.8226]]]]},"properties":{"name":"Mukim Tanjong Duabelas","type":"Mukim","daerah":"Kuala Langat","state":"Selangor","area_km2":313.14,"area_ha":31314}},{"type":"Feature","geometry":{"type":"Polygon","coordinates":[[[101.572,3.03],[101.572,3.0382],[101.5488,3.0424],[101.5546,3.0354],[101.5516,3.0288],[101.5464,3.0164],[101.5496,3.0046],[101.572,3.0016],[101.572,3.03]]]},"properties":{"name":"Pekan Hicom","type":"Pekan","daerah":"Petaling","state":"Selangor","area_km2":9.59,"area_ha":959}},{"type":"Feature","geometry":{"type":"MultiPolygon","coordinates":[[[[101.5156,3.2188],[101.5158,3.2168],[101.514,3.2168],[101.514,3.2184],[101.5022,3.22],[101.4938,3.2294],[101.4934,3.2298],[101.492,3.1848],[101.5082,3.1748],[101.5186,3.175],[101.5176,3.156],[101.5292,3.1496],[101.5488,3.1274],[101.5294,3.1278],[101.5294,3.1268],[101.5684,3.1268],[101.5684,3.1328],[101.5886,3.1326],[101.5888,3.1384],[101.5888,3.1452],[101.5714,3.1454],[101.5642,3.1532],[101.5668,3.1634],[101.5794,3.1866],[101.5458,3.1842],[101.5612,3.2006],[101.5464,3.2182],[101.5156,3.2188]],[[101.5342,3.1656],[101.552,3.1656],[101.555,3.154],[101.5502,3.148],[101.5364,3.1518],[101.5342,3.1656]]],[[[101.5596,3.2294],[101.563,3.2226],[101.5752,3.2084],[101.5648,3.2086],[101.5612,3.2006],[101.5784,3.2006],[101.5786,3.1918],[101.6008,3.19],[101.6012,3.1384],[101.6018,3.1384],[101.6018,3.1552],[101.6154,3.1554],[101.6172,3.1676],[101.6192,3.1832],[101.6018,3.1806],[101.6018,3.201],[101.5818,3.2058],[101.5766,3.2076],[101.5644,3.2218],[101.56,3.2296],[101.5596,3.2294]]]]},"properties":{"name":"Mukim Sungai Buloh","type":"Mukim","daerah":"Petaling","state":"Selangor","area_km2":68.66,"area_ha":6866}},{"type":"Feature","geometry":{"type":"Polygon","coordinates":[[[101.622,3.0848],[101.6532,3.0816],[101.6568,3.0788],[101.6636,3.0864],[101.6604,3.0922],[101.6568,3.1244],[101.6318,3.1314],[101.628,3.1292],[101.6274,3.1358],[101.6296,3.1358],[101.6194,3.1452],[101.6154,3.1554],[101.6018,3.1552],[101.6018,3.1384],[101.6016,3.127],[101.5934,3.1162],[101.5896,3.0974],[101.5896,3.0856],[101.622,3.0848]],[[101.6186,3.121],[101.6102,3.1246],[101.6066,3.1304],[101.6102,3.1378],[101.6174,3.134],[101.6112,3.1266],[101.6186,3.121]]]},"properties":{"name":"Bandar Petaling Jaya","type":"Bandar","daerah":"Petaling","state":"Selangor","area_km2":41.85,"area_ha":4185}},{"type":"Feature","geometry":{"type":"Polygon","coordinates":[[[101.7278,3.5848],[101.727,3.5866],[101.7176,3.582],[101.7184,3.5806],[101.726,3.5822],[101.7278,3.5848]]]},"properties":{"name":"Pekan Peretak","type":"Pekan","daerah":"Hulu Selangor","state":"Selangor","area_km2":0.33,"area_ha":33}},{"type":"Feature","geometry":{"type":"Polygon","coordinates":[[[101.8696,2.897],[101.8744,2.8892],[101.8764,2.8972],[101.8696,2.897]]]},"properties":{"name":"Pekan Batu 26, Beranang","type":"Pekan","daerah":"Hulu Langat","state":"Selangor","area_km2":0.46,"area_ha":46}},{"type":"Feature","geometry":{"type":"Polygon","coordinates":[[[101.7162,3.5432],[101.6968,3.5254],[101.6784,3.5308],[101.6592,3.5264],[101.65,3.5298],[101.6522,3.5412],[101.6528,3.5434],[101.613,3.5388],[101.6096,3.5174],[101.598,3.5026],[101.6094,3.4958],[101.6194,3.5],[101.6168,3.5144],[101.6304,3.5138],[101.6364,3.5002],[101.6444,3.5062],[101.6598,3.4928],[101.6746,3.4956],[101.6884,3.4864],[101.7192,3.4788],[101.7376,3.4784],[101.7562,3.4814],[101.7672,3.4782],[101.7622,3.5072],[101.7648,3.5116],[101.7584,3.5212],[101.7162,3.5432]]]},"properties":{"name":"Mukim Rasa","type":"Mukim","daerah":"Hulu Selangor","state":"Selangor","area_km2":81.06,"area_ha":8106}},{"type":"Feature","geometry":{"type":"Polygon","coordinates":[[[101.4514,2.7424],[101.4468,2.7532],[101.4408,2.7558],[101.445,2.7424],[101.4514,2.7424]]]},"properties":{"name":"Pekan Morib","type":"Pekan","daerah":"Kuala Langat","state":"Selangor","area_km2":1.23,"area_ha":123}},{"type":"Feature","geometry":{"type":"Polygon","coordinates":[[[101.76,3.0188],[101.799,3.039],[101.808,3.0476],[101.8024,3.0542],[101.7888,3.0428],[101.7772,3.0438],[101.77,3.0578],[101.7538,3.0556],[101.7538,3.0274],[101.76,3.0188]]]},"properties":{"name":"Bandar Cheras","type":"Bandar","daerah":"Hulu Langat","state":"Selangor","area_km2":11.6,"area_ha":1160}},{"type":"Feature","geometry":{"type":"Polygon","coordinates":[[[101.804,2.9614],[101.8078,2.9702],[101.8144,2.9846],[101.8184,2.9916],[101.8136,2.9978],[101.8068,3.004],[101.8056,3.0146],[101.8134,3.022],[101.8058,3.0186],[101.7988,3.0268],[101.7834,3.0206],[101.7798,3.0108],[101.7826,2.9942],[101.7718,2.9864],[101.7864,2.9848],[101.788,2.9684],[101.7842,2.962],[101.7872,2.9406],[101.7934,2.9572],[101.804,2.9614]]]},"properties":{"name":"Bandar Kajang","type":"Bandar","daerah":"Hulu Langat","state":"Selangor","area_km2":22.84,"area_ha":2284}},{"type":"Feature","geometry":{"type":"Polygon","coordinates":[[[101.3116,3.2642],[101.299,3.2704],[101.297,3.2684],[101.303,3.2564],[101.306,3.2474],[101.316,3.249],[101.3116,3.2642]]]},"properties":{"name":"Pekan Kuala Sungai Buloh","type":"Pekan","daerah":"Kuala Selangor","state":"Selangor","area_km2":2.83,"area_ha":283}},{"type":"Feature","geometry":{"type":"Polygon","coordinates":[[[101.4528,2.763],[101.4468,2.7634],[101.4328,2.7636],[101.4652,2.7044],[101.4744,2.6958],[101.4992,2.7394],[101.472,2.7556],[101.4528,2.763]],[[101.4688,2.706],[101.4654,2.7048],[101.449,2.7356],[101.4558,2.7454],[101.4636,2.7416],[101.459,2.7252],[101.4688,2.706]],[[101.4514,2.7424],[101.445,2.7424],[101.4408,2.7558],[101.4468,2.7532],[101.4514,2.7424]]]},"properties":{"name":"Mukim Morib","type":"Mukim","daerah":"Kuala Langat","state":"Selangor","area_km2":21.02,"area_ha":2102}},{"type":"Feature","geometry":{"type":"Polygon","coordinates":[[[101.4768,3.0324],[101.477,3.0288],[101.4796,3.0298],[101.479,3.0332],[101.4768,3.0324]]]},"properties":{"name":"Pekan Telok Menegun","type":"Pekan","daerah":"Klang","state":"Selangor","area_km2":0.11,"area_ha":11}},{"type":"Feature","geometry":{"type":"Polygon","coordinates":[[[101.7242,3.284],[101.7126,3.2944],[101.714,3.2816],[101.7242,3.284]]]},"properties":{"name":"Pekan Mimaland","type":"Pekan","daerah":"Gombak","state":"Selangor","area_km2":1.25,"area_ha":125}},{"type":"Feature","geometry":{"type":"Polygon","coordinates":[[[101.7942,2.892],[101.7908,2.8942],[101.7842,2.906],[101.7702,2.9054],[101.7666,2.8998],[101.7672,2.891],[101.7734,2.888],[101.7942,2.892]]]},"properties":{"name":"Pekan Bangi Lama","type":"Pekan","daerah":"Hulu Langat","state":"Selangor","area_km2":4.22,"area_ha":422}},{"type":"Feature","geometry":{"type":"Polygon","coordinates":[[[101.5162,2.8498],[101.5294,2.8246],[101.5352,2.8116],[101.5336,2.8206],[101.545,2.8278],[101.5274,2.8396],[101.5202,2.8496],[101.5162,2.8498]]]},"properties":{"name":"Pekan Sungai Manggis","type":"Pekan","daerah":"Kuala Langat","state":"Selangor","area_km2":3.21,"area_ha":321}},{"type":"Feature","geometry":{"type":"Polygon","coordinates":[[[101.6464,3.0708],[101.6568,3.0788],[101.6532,3.0816],[101.6232,3.0842],[101.619,3.0768],[101.627,3.071],[101.6464,3.0708]]]},"properties":{"name":"Bandar Petaling Jaya Selatan","type":"Bandar","daerah":"Petaling","state":"Selangor","area_km2":4.99,"area_ha":499}},{"type":"Feature","geometry":{"type":"Polygon","coordinates":[[[101.6348,3.4948],[101.6364,3.5002],[101.6304,3.5138],[101.6168,3.5144],[101.6194,3.5],[101.6348,3.4948]]]},"properties":{"name":"Bandar Rasa","type":"Bandar","daerah":"Hulu Selangor","state":"Selangor","area_km2":2.88,"area_ha":288}},{"type":"Feature","geometry":{"type":"Polygon","coordinates":[[[101.6678,2.875],[101.6798,2.8516],[101.6844,2.8636],[101.6678,2.875]]]},"properties":{"name":"Pekan Dengkil","type":"Pekan","daerah":"Sepang","state":"Selangor","area_km2":2.45,"area_ha":245}},{"type":"Feature","geometry":{"type":"Polygon","coordinates":[[[101.7466,2.806],[101.7398,2.8338],[101.7172,2.8352],[101.7114,2.8246],[101.7166,2.8056],[101.7466,2.806]]]},"properties":{"name":"Bandar Baru Salak Tinggi","type":"Bandar","daerah":"Sepang","state":"Selangor","area_km2":10.06,"area_ha":1006}},{"type":"Feature","geometry":{"type":"Polygon","coordinates":[[[101.5684,3.2334],[101.5648,3.222],[101.573,3.2258],[101.5778,3.2172],[101.5936,3.2178],[101.5756,3.2366],[101.5684,3.2334]]]},"properties":{"name":"Pekan Sungai Buloh","type":"Pekan","daerah":"Gombak","state":"Selangor","area_km2":4.37,"area_ha":437}},{"type":"Feature","geometry":{"type":"Polygon","coordinates":[[[100.9604,3.6834],[100.997,3.6546],[101.006,3.6616],[101,3.6744],[100.9742,3.6966],[100.9604,3.6834]]]},"properties":{"name":"Pekan Sungai Besar","type":"Pekan","daerah":"Sabak Bernam","state":"Selangor","area_km2":9.83,"area_ha":983}},{"type":"Feature","geometry":{"type":"Polygon","coordinates":[[[101.051,3.6262],[101.0536,3.6224],[101.0564,3.6242],[101.0522,3.6276],[101.051,3.6262]]]},"properties":{"name":"Pekan Simpang Lima Tambahan","type":"Pekan","daerah":"Sabak Bernam","state":"Selangor","area_km2":0.21,"area_ha":21}},{"type":"Feature","geometry":{"type":"Polygon","coordinates":[[[101.8728,2.9966],[101.8722,2.9972],[101.8714,2.995],[101.8728,2.995],[101.8728,2.9966]]]},"properties":{"name":"Pekan Kacau","type":"Pekan","daerah":"Hulu Langat","state":"Selangor","area_km2":0.02,"area_ha":2}},{"type":"Feature","geometry":{"type":"Polygon","coordinates":[[[101.722,3.2312],[101.7102,3.2162],[101.7156,3.2182],[101.7238,3.2272],[101.722,3.2312]]]},"properties":{"name":"Bandar Gombak Setia","type":"Bandar","daerah":"Gombak","state":"Selangor","area_km2":0.99,"area_ha":99}},{"type":"Feature","geometry":{"type":"Polygon","coordinates":[[[101.7798,3.0108],[101.7834,3.0206],[101.7758,3.0204],[101.7798,3.0108]]]},"properties":{"name":"Pekan Simpang Balak","type":"Pekan","daerah":"Hulu Langat","state":"Selangor","area_km2":0.47,"area_ha":47}},{"type":"Feature","geometry":{"type":"Polygon","coordinates":[[[101.0292,3.7302],[101.0294,3.7272],[101.0314,3.7296],[101.0292,3.7302]]]},"properties":{"name":"Pekan Parit Sembilan","type":"Pekan","daerah":"Sabak Bernam","state":"Selangor","area_km2":0.09,"area_ha":9}},{"type":"Feature","geometry":{"type":"Polygon","coordinates":[[[101.4354,2.8376],[101.4344,2.8392],[101.4276,2.8382],[101.43,2.831],[101.4354,2.8376]]]},"properties":{"name":"Pekan Permatang Pasir","type":"Pekan","daerah":"Kuala Langat","state":"Selangor","area_km2":0.69,"area_ha":69}},{"type":"Feature","geometry":{"type":"Polygon","coordinates":[[[101.5862,3.0214],[101.596,3.0302],[101.6038,3.0598],[101.5976,3.0652],[101.5942,3.0652],[101.5728,3.0628],[101.572,3.0382],[101.572,3.03],[101.5862,3.0214]]]},"properties":{"name":"Pekan Subang Jaya","type":"Pekan","daerah":"Petaling","state":"Selangor","area_km2":12.39,"area_ha":1239}},{"type":"Feature","geometry":{"type":"Polygon","coordinates":[[[101.5436,3.037],[101.5544,3.0606],[101.5526,3.0714],[101.5562,3.079],[101.5546,3.0916],[101.5374,3.0944],[101.5214,3.0934],[101.4912,3.0922],[101.4764,3.08],[101.4804,3.0594],[101.491,3.0636],[101.4906,3.0454],[101.497,3.0402],[101.5112,3.0426],[101.5156,3.0324],[101.5334,3.0292],[101.5334,3.019],[101.5506,3.0292],[101.5436,3.037]]]},"properties":{"name":"Bandar Shah Alam","type":"Bandar","daerah":"Petaling","state":"Selangor","area_km2":47.64,"area_ha":4764}},{"type":"Feature","geometry":{"type":"Polygon","coordinates":[[[101.5934,3.1162],[101.6016,3.127],[101.5898,3.127],[101.5934,3.1162]]]},"properties":{"name":"Pekan Cempaka","type":"Pekan","daerah":"Petaling","state":"Selangor","area_km2":1.35,"area_ha":135}},{"type":"Feature","geometry":{"type":"Polygon","coordinates":[[[101.7608,2.9806],[101.7644,2.9902],[101.7328,2.9974],[101.7412,2.984],[101.7608,2.9806]]]},"properties":{"name":"Bandar Country Height","type":"Bandar","daerah":"Hulu Langat","state":"Selangor","area_km2":2.99,"area_ha":299}},{"type":"Feature","geometry":{"type":"MultiPolygon","coordinates":[[[[101.4992,2.7394],[101.4744,2.6958],[101.4864,2.6866],[101.5584,2.655],[101.5708,2.6534],[101.5902,2.6426],[101.597,2.645],[101.596,2.6862],[101.5964,2.7276],[101.5958,2.7592],[101.5354,2.7592],[101.5232,2.759],[101.5096,2.733],[101.4992,2.7394]],[[101.5162,2.6746],[101.5044,2.679],[101.5056,2.6804],[101.5144,2.6776],[101.5162,2.6746]],[[101.5602,2.6626],[101.5696,2.6622],[101.5718,2.6534],[101.5592,2.6554],[101.5602,2.6626]]],[[[101.6018,3.201],[101.6276,3.2086],[101.6174,3.2084],[101.602,3.2012],[101.6018,3.201]]],[[[101.5756,3.2366],[101.5936,3.2178],[101.6044,3.2252],[101.6078,3.2154],[101.636,3.2278],[101.6336,3.214],[101.637,3.2152],[101.6404,3.2142],[101.6334,3.2134],[101.629,3.2084],[101.6188,3.1968],[101.6192,3.1832],[101.6172,3.1676],[101.6784,3.1646],[101.6816,3.1728],[101.6794,3.1868],[101.6896,3.189],[101.6886,3.2074],[101.7018,3.2236],[101.697,3.2284],[101.673,3.2278],[101.6692,3.2356],[101.6714,3.2364],[101.6608,3.2436],[101.6538,3.2352],[101.6398,3.2352],[101.638,3.2578],[101.6536,3.2706],[101.6402,3.2694],[101.6294,3.2758],[101.6056,3.2694],[101.6098,3.2514],[101.5756,3.2366]]],[[[101.56,3.2296],[101.5644,3.2218],[101.5648,3.222],[101.5684,3.2334],[101.56,3.2296]]],[[[101.6678,3.2776],[101.6764,3.272],[101.704,3.2736],[101.7084,3.296],[101.7396,3.3742],[101.7214,3.3878],[101.7136,3.389],[101.7002,3.3518],[101.6808,3.3324],[101.677,3.3396],[101.669,3.3284],[101.6656,3.31],[101.6678,3.2776]]]]},"properties":{"name":"Mukim Batu","type":"Mukim","daerah":"Kuala Langat","state":"Selangor","area_km2":254.08,"area_ha":25408}},{"type":"Feature","geometry":{"type":"Polygon","coordinates":[[[101.5128,2.8648],[101.5186,2.8692],[101.507,2.8828],[101.4934,2.8954],[101.49,2.8828],[101.4746,2.868],[101.483,2.864],[101.486,2.858],[101.507,2.8602],[101.5084,2.8614],[101.5,2.872],[101.4944,2.8682],[101.4866,2.877],[101.4954,2.8838],[101.5114,2.8638],[101.5128,2.8648]]]},"properties":{"name":"Pekan Jenjarom","type":"Pekan","daerah":"Kuala Langat","state":"Selangor","area_km2":8.78,"area_ha":878}},{"type":"Feature","geometry":{"type":"Polygon","coordinates":[[[101.0638,3.6056],[101.0568,3.6032],[101.0574,3.6014],[101.0644,3.604],[101.0638,3.6056]]]},"properties":{"name":"Pekan Sungai Nibong","type":"Pekan","daerah":"Sabak Bernam","state":"Selangor","area_km2":0.34,"area_ha":34}},{"type":"Feature","geometry":{"type":"Polygon","coordinates":[[[101.6122,3.02],[101.6046,3.0204],[101.593,3.0104],[101.5922,2.9934],[101.5984,2.9802],[101.6146,2.9804],[101.621,2.9966],[101.6128,3.0182],[101.6122,3.02]]]},"properties":{"name":"Pekan Puchong Perdana","type":"Pekan","daerah":"Petaling","state":"Selangor","area_km2":10.42,"area_ha":1042}},{"type":"Feature","geometry":{"type":"Polygon","coordinates":[[[101.5128,2.8148],[101.5242,2.816],[101.5352,2.8116],[101.5294,2.8246],[101.5184,2.8234],[101.5132,2.8158],[101.5128,2.8148]]]},"properties":{"name":"Pekan Telok Datok","type":"Pekan","daerah":"Kuala Langat","state":"Selangor","area_km2":2.14,"area_ha":214}},{"type":"Feature","geometry":{"type":"Polygon","coordinates":[[[101.5612,3.1018],[101.557,3.079],[101.5618,3.0774],[101.574,3.0818],[101.574,3.0814],[101.5742,3.081],[101.5896,3.0842],[101.5896,3.0856],[101.5896,3.0974],[101.5878,3.102],[101.5612,3.1018]]]},"properties":{"name":"Bandar Glenmarie","type":"Bandar","daerah":"Petaling","state":"Selangor","area_km2":7.69,"area_ha":769}},{"type":"Feature","geometry":{"type":"Polygon","coordinates":[[[101.9086,2.9368],[101.91,2.9354],[101.9106,2.9368],[101.9086,2.9368]]]},"properties":{"name":"Pekan Tarun","type":"Pekan","daerah":"Hulu Langat","state":"Selangor","area_km2":0.02,"area_ha":2}},{"type":"Feature","geometry":{"type":"Polygon","coordinates":[[[101.2534,3.4276],[101.241,3.4276],[101.2408,3.423],[101.2532,3.4224],[101.2534,3.4276]]]},"properties":{"name":"Pekan Kampung Baru Hulu Tiram Buruk","type":"Pekan","daerah":"Kuala Selangor","state":"Selangor","area_km2":1.36,"area_ha":136}},{"type":"Feature","geometry":{"type":"Polygon","coordinates":[[[101.4604,3.4348],[101.4608,3.45],[101.47,3.4832],[101.409,3.5464],[101.359,3.427],[101.4604,3.4348]]]},"properties":{"name":"Mukim Ulu Tinggi","type":"Mukim","daerah":"Kuala Selangor","state":"Selangor","area_km2":93.8,"area_ha":9380}},{"type":"Feature","geometry":{"type":"Polygon","coordinates":[[[101.861,2.8936],[101.8674,2.9014],[101.8542,2.9014],[101.861,2.8936]]]},"properties":{"name":"Bandar Batu 26, Beranang","type":"Bandar","daerah":"Hulu Langat","state":"Selangor","area_km2":1.39,"area_ha":139}},{"type":"Feature","geometry":{"type":"Polygon","coordinates":[[[101.3168,3.1934],[101.317,3.1988],[101.3132,3.199],[101.313,3.1914],[101.3168,3.1934]]]},"properties":{"name":"Pekan Sungai Sembilang","type":"Pekan","daerah":"Kuala Selangor","state":"Selangor","area_km2":0.36,"area_ha":36}},{"type":"Feature","geometry":{"type":"Polygon","coordinates":[[[101.4408,2.8398],[101.442,2.847],[101.4372,2.8462],[101.4408,2.8398]]]},"properties":{"name":"Pekan Chodoi","type":"Pekan","daerah":"Kuala Langat","state":"Selangor","area_km2":0.38,"area_ha":38}},{"type":"Feature","geometry":{"type":"Polygon","coordinates":[[[101.819,3.1106],[101.8166,3.1144],[101.8132,3.1126],[101.8144,3.1084],[101.819,3.1106]]]},"properties":{"name":"Bandar Ulu Langat","type":"Bandar","daerah":"Hulu Langat","state":"Selangor","area_km2":0.25,"area_ha":25}},{"type":"Feature","geometry":{"type":"Polygon","coordinates":[[[101.8302,3.142],[101.8304,3.1382],[101.835,3.1374],[101.8362,3.1404],[101.8302,3.142]]]},"properties":{"name":"Pekan Dusun Tua Ulu Langat","type":"Pekan","daerah":"Hulu Langat","state":"Selangor","area_km2":0.23,"area_ha":23}},{"type":"Feature","geometry":{"type":"MultiPolygon","coordinates":[[[[101.5756,2.9798],[101.5984,2.9802],[101.5922,2.9934],[101.593,3.0104],[101.6046,3.0204],[101.6122,3.02],[101.6122,3.0204],[101.5974,3.0206],[101.6006,3.0384],[101.6072,3.045],[101.6106,3.054],[101.6198,3.06],[101.627,3.071],[101.619,3.0768],[101.6174,3.0654],[101.6102,3.055],[101.596,3.0302],[101.5862,3.0214],[101.5818,2.9938],[101.5756,2.9798]]],[[[101.6128,3.0182],[101.621,2.9966],[101.6146,2.9804],[101.6812,2.9808],[101.7076,2.9832],[101.708,2.9832],[101.7184,2.9892],[101.718,3.0032],[101.707,3.0038],[101.7034,3.0126],[101.692,3.0132],[101.6928,3.0284],[101.6986,3.0482],[101.7062,3.049],[101.7086,3.0324],[101.7234,3.0134],[101.7242,3.0138],[101.709,3.0332],[101.7078,3.046],[101.7196,3.0472],[101.7306,3.0352],[101.7304,3.0376],[101.7304,3.0548],[101.7438,3.0548],[101.746,3.0548],[101.7458,3.0816],[101.746,3.0828],[101.7154,3.0824],[101.7112,3.0922],[101.7016,3.094],[101.6942,3.0872],[101.6842,3.0952],[101.675,3.0916],[101.6752,3.0892],[101.673,3.0902],[101.6746,3.092],[101.6636,3.0864],[101.6568,3.0788],[101.6464,3.0708],[101.6466,3.0616],[101.6594,3.0494],[101.6788,3.0416],[101.6782,3.0344],[101.6346,3.035],[101.626,3.0264],[101.615,3.0284],[101.6178,3.0386],[101.6176,3.0386],[101.6152,3.0308],[101.6136,3.0222],[101.6128,3.0182]],[[101.7116,3.0624],[101.7082,3.063],[101.707,3.067],[101.7128,3.067],[101.7116,3.0624]]],[[[101.622,3.0842],[101.6232,3.0842],[101.6532,3.0816],[101.622,3.0848],[101.622,3.0842]]]]},"properties":{"name":"Mukim Petaling","type":"Mukim","daerah":"Petaling","state":"Selangor","area_km2":115.09,"area_ha":11509}},{"type":"Feature","geometry":{"type":"Polygon","coordinates":[[[101.3676,3.2254],[101.368,3.223],[101.3724,3.2238],[101.3718,3.226],[101.3676,3.2254]]]},"properties":{"name":"Pekan Taman Pkns","type":"Pekan","daerah":"Kuala Selangor","state":"Selangor","area_km2":0.17,"area_ha":17}},{"type":"Feature","geometry":{"type":"Polygon","coordinates":[[[101.7354,2.6678],[101.7382,2.673],[101.7366,2.6738],[101.7336,2.6684],[101.7354,2.6678]]]},"properties":{"name":"Pekan Tanjung Mas","type":"Pekan","daerah":"Sepang","state":"Selangor","area_km2":0.14,"area_ha":14}},{"type":"Feature","geometry":{"type":"Polygon","coordinates":[[[101.8008,2.8968],[101.7908,2.8942],[101.7942,2.892],[101.7852,2.879],[101.7944,2.869],[101.808,2.8686],[101.8188,2.8682],[101.8406,2.8676],[101.8788,2.8664],[101.882,2.8664],[101.9088,2.933],[101.91,2.9354],[101.9086,2.9368],[101.8918,2.9394],[101.8844,2.9312],[101.8724,2.9268],[101.8672,2.9192],[101.836,2.9184],[101.8204,2.9066],[101.8102,2.905],[101.8008,2.8968]],[[101.8428,2.8832],[101.8372,2.8834],[101.8298,2.8864],[101.8352,2.8896],[101.8428,2.8832]],[[101.8696,2.897],[101.8764,2.8972],[101.8744,2.8892],[101.8696,2.897]],[[101.861,2.8936],[101.8542,2.9014],[101.8674,2.9014],[101.861,2.8936]],[[101.8706,2.8684],[101.8696,2.868],[101.87,2.8696],[101.871,2.8696],[101.8706,2.8684]]]},"properties":{"name":"Mukim Beranang","type":"Mukim","daerah":"Hulu Langat","state":"Selangor","area_km2":59.68,"area_ha":5968}},{"type":"Feature","geometry":{"type":"Polygon","coordinates":[[[101.5522,3.2588],[101.5544,3.2536],[101.5626,3.2444],[101.5696,3.2514],[101.5678,3.2614],[101.5588,3.2666],[101.5716,3.2896],[101.5626,3.2966],[101.552,3.2826],[101.548,3.2692],[101.5522,3.2588]]]},"properties":{"name":"Pekan Kuang","type":"Pekan","daerah":"Gombak","state":"Selangor","area_km2":6.75,"area_ha":675}},{"type":"Feature","geometry":{"type":"Polygon","coordinates":[[[101.3204,3.1634],[101.3156,3.169],[101.3084,3.1666],[101.3098,3.1436],[101.3188,3.113],[101.3308,3.1058],[101.3444,3.0888],[101.356,3.069],[101.3556,3.0358],[101.3654,3.0264],[101.3732,3.0312],[101.3812,3.026],[101.3946,3.0162],[101.4028,3.0236],[101.392,3.0336],[101.4276,3.0526],[101.4432,3.0598],[101.45,3.0734],[101.4616,3.0606],[101.4678,3.0606],[101.4602,3.0384],[101.4684,3.048],[101.4906,3.0454],[101.491,3.0636],[101.4804,3.0594],[101.4764,3.08],[101.4688,3.093],[101.4436,3.0928],[101.4416,3.11],[101.4528,3.1138],[101.454,3.1376],[101.4636,3.1538],[101.4734,3.1604],[101.4272,3.1924],[101.4006,3.192],[101.4006,3.1862],[101.3698,3.1862],[101.3694,3.175],[101.3432,3.175],[101.3432,3.1622],[101.3204,3.1634]],[[101.3658,3.1402],[101.3712,3.1504],[101.3854,3.1452],[101.3942,3.1302],[101.3642,3.131],[101.3658,3.1402]],[[101.4054,3.0846],[101.4176,3.0878],[101.4232,3.0784],[101.406,3.0788],[101.4054,3.0846]],[[101.4338,3.1362],[101.4428,3.139],[101.446,3.1302],[101.4338,3.1362]]]},"properties":{"name":"Mukim Kapar","type":"Mukim","daerah":"Klang","state":"Selangor","area_km2":217.2,"area_ha":21720}},{"type":"Feature","geometry":{"type":"Polygon","coordinates":[[[101.2752,3.3108],[101.2802,3.3146],[101.2692,3.3258],[101.2774,3.3398],[101.2758,3.3406],[101.2548,3.3338],[101.246,3.35],[101.238,3.341],[101.2418,3.332],[101.2566,3.3148],[101.2692,3.3058],[101.2752,3.3108]]]},"properties":{"name":"Bandar Kuala Selangor","type":"Bandar","daerah":"Kuala Selangor","state":"Selangor","area_km2":10.47,"area_ha":1047}},{"type":"Feature","geometry":{"type":"Polygon","coordinates":[[[101.718,3.0032],[101.721,3.0118],[101.7234,3.0134],[101.7086,3.0324],[101.7062,3.049],[101.6986,3.0482],[101.6928,3.0284],[101.692,3.0132],[101.7034,3.0126],[101.707,3.0038],[101.718,3.0032]]]},"properties":{"name":"Pekan Serdang","type":"Pekan","daerah":"Petaling","state":"Selangor","area_km2":10.63,"area_ha":1063}},{"type":"Feature","geometry":{"type":"Polygon","coordinates":[[[101.5292,3.1496],[101.5294,3.1278],[101.5488,3.1274],[101.5292,3.1496]]]},"properties":{"name":"Pekan Subang","type":"Pekan","daerah":"Petaling","state":"Selangor","area_km2":3.18,"area_ha":318}},{"type":"Feature","geometry":{"type":"Polygon","coordinates":[[[101.6352,3.4056],[101.6414,3.4244],[101.6506,3.419],[101.6554,3.4344],[101.654,3.4398],[101.6466,3.4482],[101.627,3.4252],[101.6296,3.4104],[101.6352,3.4056]]]},"properties":{"name":"Bandar Sungai Chik","type":"Bandar","daerah":"Hulu Selangor","state":"Selangor","area_km2":8.3,"area_ha":830}},{"type":"Feature","geometry":{"type":"Polygon","coordinates":[[[101.5044,3.2808],[101.5186,3.2804],[101.5304,3.2948],[101.5458,3.302],[101.5408,3.3144],[101.54,3.3426],[101.5022,3.3216],[101.5008,3.2882],[101.5044,3.2808]]]},"properties":{"name":"Bandar Kundang","type":"Bandar","daerah":"Gombak","state":"Selangor","area_km2":22.64,"area_ha":2264}},{"type":"Feature","geometry":{"type":"Polygon","coordinates":[[[101.6136,3.0222],[101.6152,3.0308],[101.6176,3.0386],[101.6198,3.06],[101.6106,3.054],[101.6072,3.045],[101.6006,3.0384],[101.5974,3.0206],[101.6122,3.0204],[101.6136,3.0222]]]},"properties":{"name":"Pekan Desa Puchong","type":"Pekan","daerah":"Petaling","state":"Selangor","area_km2":6.08,"area_ha":608}},{"type":"Feature","geometry":{"type":"Polygon","coordinates":[[[101.5546,3.0354],[101.5488,3.0424],[101.555,3.051],[101.5544,3.0606],[101.5436,3.037],[101.5546,3.0354]]]},"properties":{"name":"Pekan Baru Hicom","type":"Pekan","daerah":"Petaling","state":"Selangor","area_km2":2.21,"area_ha":221}},{"type":"Feature","geometry":{"type":"Polygon","coordinates":[[[101.8906,3.1602],[101.8892,3.161],[101.8884,3.16],[101.8906,3.1602]]]},"properties":{"name":"Pekan Rumah Murah Sungai Lui","type":"Pekan","daerah":"Hulu Langat","state":"Selangor","area_km2":0.01,"area_ha":1}},{"type":"Feature","geometry":{"type":"Polygon","coordinates":[[[101.5468,3.6584],[101.5032,3.6096],[101.5144,3.5996],[101.5238,3.574],[101.5402,3.5942],[101.553,3.604],[101.549,3.6096],[101.5694,3.6264],[101.5688,3.6388],[101.5572,3.645],[101.5488,3.6522],[101.548,3.6546],[101.5536,3.6592],[101.5538,3.6526],[101.5634,3.6454],[101.571,3.6414],[101.5772,3.6562],[101.5856,3.6638],[101.5834,3.672],[101.5728,3.6746],[101.5548,3.6662],[101.5468,3.6584]]]},"properties":{"name":"Mukim Kuala Kalumpang","type":"Mukim","daerah":"Hulu Selangor","state":"Selangor","area_km2":39.97,"area_ha":3997}},{"type":"Feature","geometry":{"type":"Polygon","coordinates":[[[101.7598,3.3732],[101.7396,3.3742],[101.7084,3.296],[101.704,3.2736],[101.7036,3.2522],[101.7082,3.2386],[101.7018,3.2236],[101.6886,3.2074],[101.6896,3.189],[101.7006,3.1872],[101.731,3.1714],[101.7312,3.1716],[101.7404,3.1776],[101.746,3.1774],[101.7536,3.1918],[101.7474,3.2028],[101.7396,3.2226],[101.7492,3.2324],[101.758,3.2386],[101.7708,3.2552],[101.7806,3.2832],[101.7972,3.2838],[101.8034,3.2892],[101.795,3.3056],[101.8008,3.3248],[101.7986,3.334],[101.7818,3.34],[101.7808,3.3584],[101.7598,3.3732]],[[101.7242,3.284],[101.714,3.2816],[101.7126,3.2944],[101.7242,3.284]],[[101.722,3.2312],[101.7238,3.2272],[101.7156,3.2182],[101.7102,3.2162],[101.722,3.2312]],[[101.7218,3.2412],[101.7294,3.2494],[101.7292,3.2672],[101.7456,3.2518],[101.7366,3.2412],[101.7218,3.2412]]]},"properties":{"name":"Mukim Setapak","type":"Mukim","daerah":"Gombak","state":"Selangor","area_km2":141.35,"area_ha":14135}},{"type":"Feature","geometry":{"type":"Polygon","coordinates":[[[101.3038,3.356],[101.3094,3.3652],[101.2926,3.36],[101.2924,3.3568],[101.3038,3.356]]]},"properties":{"name":"Pekan Kampong Kuantan","type":"Pekan","daerah":"Kuala Selangor","state":"Selangor","area_km2":1.2,"area_ha":120}},{"type":"Feature","geometry":{"type":"Polygon","coordinates":[[[101.6608,3.5376],[101.6748,3.5344],[101.6802,3.5464],[101.665,3.5444],[101.6602,3.5542],[101.6712,3.5636],[101.6668,3.576],[101.6516,3.5786],[101.6392,3.5704],[101.6392,3.554],[101.6508,3.5524],[101.6528,3.5434],[101.6522,3.5412],[101.6608,3.5376]]]},"properties":{"name":"Bandar Kuala Kubu Baharu","type":"Bandar","daerah":"Hulu Selangor","state":"Selangor","area_km2":11.6,"area_ha":1160}},{"type":"Feature","geometry":{"type":"Polygon","coordinates":[[[101.5888,3.3438],[101.589,3.3438],[101.594,3.347],[101.59,3.3496],[101.5888,3.3438]]]},"properties":{"name":"Pekan Simpang Sungai Choh","type":"Pekan","daerah":"Hulu Selangor","state":"Selangor","area_km2":0.32,"area_ha":32}},{"type":"Feature","geometry":{"type":"Polygon","coordinates":[[[101.4546,2.9416],[101.4548,2.9378],[101.4586,2.9378],[101.4584,2.9418],[101.4546,2.9416]]]},"properties":{"name":"Pekan Sijangkang","type":"Pekan","daerah":"Kuala Langat","state":"Selangor","area_km2":0.19,"area_ha":19}},{"type":"Feature","geometry":{"type":"Polygon","coordinates":[[[101.75,3.0264],[101.7538,3.0274],[101.7538,3.0556],[101.77,3.0578],[101.7698,3.0594],[101.7766,3.0692],[101.78,3.0702],[101.768,3.0824],[101.7654,3.0916],[101.7504,3.0842],[101.7496,3.055],[101.746,3.0548],[101.7438,3.0548],[101.7412,3.0374],[101.7304,3.0376],[101.7306,3.0352],[101.7284,3.024],[101.7452,3.027],[101.745,3.0316],[101.7504,3.0324],[101.75,3.0264]]]},"properties":{"name":"Pekan Cheras","type":"Pekan","daerah":"Hulu Langat","state":"Selangor","area_km2":12.47,"area_ha":1247}},{"type":"Feature","geometry":{"type":"Polygon","coordinates":[[[101.648,3.7422],[101.6268,3.7706],[101.605,3.774],[101.5974,3.7518],[101.5814,3.738],[101.5816,3.7268],[101.5716,3.7202],[101.5682,3.7114],[101.554,3.7044],[101.543,3.6932],[101.5394,3.6832],[101.524,3.6802],[101.5202,3.678],[101.4978,3.6992],[101.4908,3.6988],[101.4754,3.708],[101.474,3.7164],[101.4616,3.7144],[101.4504,3.7372],[101.4356,3.7534],[101.4206,3.752],[101.4068,3.7578],[101.398,3.7698],[101.3848,3.779],[101.3842,3.7892],[101.3718,3.8008],[101.3548,3.801],[101.3272,3.7868],[101.3196,3.7682],[101.3262,3.755],[101.3352,3.7488],[101.3376,3.7342],[101.3454,3.712],[101.34,3.6976],[101.3474,3.6876],[101.3512,3.6708],[101.345,3.6464],[101.3542,3.5952],[101.409,3.5464],[101.4396,3.5634],[101.4726,3.5768],[101.5032,3.6096],[101.5468,3.6584],[101.5374,3.662],[101.54,3.6686],[101.5548,3.6662],[101.5728,3.6746],[101.5834,3.672],[101.6034,3.686],[101.6244,3.6968],[101.6568,3.7262],[101.648,3.7422]],[[101.5286,3.6692],[101.5224,3.6716],[101.5226,3.6764],[101.5282,3.6738],[101.5286,3.6692]]]},"properties":{"name":"Mukim Ulu Bernam","type":"Mukim","daerah":"Hulu Selangor","state":"Selangor","area_km2":457.18,"area_ha":45718}},{"type":"Feature","geometry":{"type":"Polygon","coordinates":[[[101.7058,3.1042],[101.7046,3.1002],[101.7058,3.101],[101.7058,3.1042]]]},"properties":{"name":"Pekan Salak South","type":"Pekan","daerah":"Kuala Lumpur","state":"Kuala Lumpur","area_km2":0.02,"area_ha":2}},{"type":"Feature","geometry":{"type":"Polygon","coordinates":[[[101.446,3.333],[101.4304,3.3042],[101.4384,3.2994],[101.4614,3.2994],[101.4746,3.3044],[101.4812,3.3274],[101.4666,3.3386],[101.4608,3.3318],[101.446,3.333]]]},"properties":{"name":"Bandar Batu Arang","type":"Bandar","daerah":"Gombak","state":"Selangor","area_km2":15.69,"area_ha":1569}},{"type":"Feature","geometry":{"type":"Polygon","coordinates":[[[101.633,2.7276],[101.5964,2.7276],[101.596,2.6862],[101.597,2.645],[101.5902,2.6426],[101.6096,2.6318],[101.629,2.6298],[101.674,2.6154],[101.6828,2.6088],[101.6798,2.5996],[101.7066,2.5946],[101.7142,2.596],[101.7056,2.6038],[101.7094,2.614],[101.7192,2.6196],[101.7298,2.6178],[101.7274,2.641],[101.7464,2.6536],[101.7402,2.6714],[101.7482,2.6818],[101.746,2.689],[101.7544,2.6964],[101.7622,2.703],[101.7608,2.7228],[101.7596,2.7416],[101.7408,2.7344],[101.7388,2.739],[101.7422,2.7228],[101.7316,2.7244],[101.7064,2.6802],[101.7016,2.6912],[101.6916,2.6912],[101.633,2.7248],[101.633,2.7276]],[[101.7254,2.6442],[101.7116,2.6348],[101.7078,2.6414],[101.7254,2.6442]],[[101.7388,2.6798],[101.7374,2.6764],[101.7348,2.6796],[101.7388,2.6798]],[[101.7354,2.6678],[101.7336,2.6684],[101.7366,2.6738],[101.7382,2.673],[101.7354,2.6678]]]},"properties":{"name":"Mukim Sepang","type":"Mukim","daerah":"Sepang","state":"Selangor","area_km2":171.45,"area_ha":17145}},{"type":"Feature","geometry":{"type":"Polygon","coordinates":[[[101.6318,3.1314],[101.6568,3.1244],[101.6604,3.0922],[101.6636,3.0864],[101.6746,3.092],[101.675,3.0916],[101.6842,3.0952],[101.6942,3.0872],[101.7016,3.094],[101.7112,3.0922],[101.7154,3.0824],[101.746,3.0828],[101.7526,3.0972],[101.7526,3.1062],[101.7392,3.1196],[101.7332,3.1274],[101.7338,3.1186],[101.7192,3.1206],[101.7074,3.1048],[101.6946,3.1198],[101.6852,3.1194],[101.6808,3.1064],[101.6702,3.1128],[101.6692,3.1226],[101.6784,3.1342],[101.6728,3.1408],[101.6784,3.1502],[101.6784,3.1646],[101.6172,3.1676],[101.6154,3.1554],[101.6194,3.1452],[101.6296,3.1358],[101.6318,3.1314]],[[101.7058,3.1042],[101.7058,3.101],[101.7046,3.1002],[101.7058,3.1042]]]},"properties":{"name":"Mukim Kuala Lumpur","type":"Mukim","daerah":"Kuala Lumpur","state":"Kuala Lumpur","area_km2":57.64,"area_ha":5764}},{"type":"Feature","geometry":{"type":"Polygon","coordinates":[[[101.4426,3.001],[101.4394,3.0138],[101.4188,3.0176],[101.413,3.0112],[101.4032,2.991],[101.4278,2.9918],[101.4262,3.0014],[101.4426,3.001]]]},"properties":{"name":"Pekan Pandamaran","type":"Pekan","daerah":"Klang","state":"Selangor","area_km2":7.97,"area_ha":797}},{"type":"Feature","geometry":{"type":"Polygon","coordinates":[[[101.4338,3.1362],[101.446,3.1302],[101.4428,3.139],[101.4338,3.1362]]]},"properties":{"name":"Pekan Meru","type":"Pekan","daerah":"Klang","state":"Selangor","area_km2":0.99,"area_ha":99}},{"type":"Feature","geometry":{"type":"Polygon","coordinates":[[[101.4604,3.3988],[101.4604,3.42],[101.4222,3.4036],[101.4214,3.3932],[101.3816,3.3932],[101.3602,3.365],[101.36,3.3624],[101.3822,3.371],[101.3822,3.343],[101.3992,3.3448],[101.4124,3.3496],[101.4098,3.3706],[101.4338,3.3772],[101.4442,3.3964],[101.4604,3.3988]]]},"properties":{"name":"Pekan Bestari Jaya","type":"Pekan","daerah":"Kuala Selangor","state":"Selangor","area_km2":34.31,"area_ha":3431}},{"type":"Feature","geometry":{"type":"Polygon","coordinates":[[[101.3812,3.026],[101.3732,3.0312],[101.3654,3.0264],[101.3556,3.0358],[101.356,3.0094],[101.3648,2.9988],[101.3876,3.0018],[101.3778,3.0154],[101.3812,3.026]]]},"properties":{"name":"Bandar Sultan Sulaiman","type":"Bandar","daerah":"Klang","state":"Selangor","area_km2":9.77,"area_ha":977}},{"type":"Feature","geometry":{"type":"Polygon","coordinates":[[[101.6194,3.6506],[101.595,3.6472],[101.5832,3.628],[101.5694,3.6264],[101.549,3.6096],[101.553,3.604],[101.5402,3.5942],[101.5238,3.574],[101.5312,3.5494],[101.546,3.5504],[101.5468,3.567],[101.5678,3.5822],[101.582,3.5972],[101.5914,3.602],[101.5998,3.6184],[101.6102,3.6196],[101.614,3.6288],[101.624,3.6346],[101.6194,3.6506]]]},"properties":{"name":"Mukim Sungai Gumut","type":"Mukim","daerah":"Hulu Selangor","state":"Selangor","area_km2":41.02,"area_ha":4102}},{"type":"Feature","geometry":{"type":"Polygon","coordinates":[[[101.5286,3.6692],[101.5282,3.6738],[101.5226,3.6764],[101.5224,3.6716],[101.5286,3.6692]]]},"properties":{"name":"Bandar Ulu Bernam I","type":"Bandar","daerah":"Hulu Selangor","state":"Selangor","area_km2":0.65,"area_ha":65}},{"type":"Feature","geometry":{"type":"Polygon","coordinates":[[[101.6186,3.121],[101.6112,3.1266],[101.6174,3.134],[101.6102,3.1378],[101.6066,3.1304],[101.6102,3.1246],[101.6186,3.121]]]},"properties":{"name":"Pekan Kayu Ara","type":"Pekan","daerah":"Petaling","state":"Selangor","area_km2":1.48,"area_ha":148}},{"type":"Feature","geometry":{"type":"Polygon","coordinates":[[[101.7166,2.8056],[101.7114,2.8246],[101.707,2.813],[101.6916,2.8052],[101.7166,2.8056]]]},"properties":{"name":"Pekan Baru Salak Tinggi","type":"Pekan","daerah":"Sepang","state":"Selangor","area_km2":2.91,"area_ha":291}},{"type":"Feature","geometry":{"type":"Polygon","coordinates":[[[100.9678,3.7498],[100.9868,3.7536],[101.0008,3.7702],[100.9924,3.7812],[100.9848,3.7728],[100.9738,3.7688],[100.9654,3.7726],[100.962,3.7578],[100.9678,3.7498]]]},"properties":{"name":"Pekan Sabak","type":"Pekan","daerah":"Sabak Bernam","state":"Selangor","area_km2":8.08,"area_ha":808}},{"type":"Feature","geometry":{"type":"Polygon","coordinates":[[[101.6196,3.2888],[101.643,3.2864],[101.6454,3.3038],[101.6304,3.3002],[101.6218,3.3026],[101.6196,3.2888]]]},"properties":{"name":"Pekan Templer","type":"Pekan","daerah":"Gombak","state":"Selangor","area_km2":5.18,"area_ha":518}},{"type":"Feature","geometry":{"type":"Polygon","coordinates":[[[101.6024,3.0826],[101.597,3.0796],[101.5976,3.0652],[101.6038,3.0598],[101.6174,3.0654],[101.619,3.0768],[101.6232,3.0842],[101.622,3.0842],[101.6024,3.0826]]]},"properties":{"name":"Bandar Sunway","type":"Bandar","daerah":"Petaling","state":"Selangor","area_km2":5.28,"area_ha":528}},{"type":"Feature","geometry":{"type":"Polygon","coordinates":[[[101.7544,2.6964],[101.746,2.689],[101.7482,2.6818],[101.7544,2.6964]]]},"properties":{"name":"Bandar Sepang","type":"Bandar","daerah":"Sepang","state":"Selangor","area_km2":0.99,"area_ha":99}},{"type":"Feature","geometry":{"type":"Polygon","coordinates":[[[101.4456,2.8052],[101.4382,2.7982],[101.4398,2.7944],[101.447,2.7898],[101.4492,2.793],[101.4454,2.798],[101.4492,2.803],[101.4456,2.8052]]]},"properties":{"name":"Pekan Kelanang Batu Enam","type":"Pekan","daerah":"Kuala Langat","state":"Selangor","area_km2":1.07,"area_ha":107}},{"type":"Feature","geometry":{"type":"Polygon","coordinates":[[[101.6178,3.0386],[101.615,3.0284],[101.626,3.0264],[101.6346,3.035],[101.6782,3.0344],[101.6788,3.0416],[101.6594,3.0494],[101.6466,3.0616],[101.6332,3.0598],[101.6178,3.0386]]]},"properties":{"name":"Pekan Kinrara","type":"Pekan","daerah":"Petaling","state":"Selangor","area_km2":13.47,"area_ha":1347}},{"type":"Feature","geometry":{"type":"Polygon","coordinates":[[[101.8706,2.8684],[101.871,2.8696],[101.87,2.8696],[101.8696,2.868],[101.8706,2.8684]]]},"properties":{"name":"Pekan Beranang","type":"Pekan","daerah":"Hulu Langat","state":"Selangor","area_km2":0.02,"area_ha":2}},{"type":"Feature","geometry":{"type":"Polygon","coordinates":[[[101.4032,2.991],[101.413,3.0112],[101.4092,3.0146],[101.4096,3.0196],[101.3884,3.0102],[101.3942,2.9918],[101.3944,2.989],[101.4032,2.991]]]},"properties":{"name":"Bandar Port Swettenham","type":"Bandar","daerah":"Klang","state":"Selangor","area_km2":7.23,"area_ha":723}},{"type":"Feature","geometry":{"type":"Polygon","coordinates":[[[100.897,3.8466],[100.912,3.8534],[100.912,3.857],[100.8956,3.851],[100.897,3.8466]]]},"properties":{"name":"Pekan Sungai Air Tawar Tambahan","type":"Pekan","daerah":"Sabak Bernam","state":"Selangor","area_km2":1.12,"area_ha":112}},{"type":"Feature","geometry":{"type":"Polygon","coordinates":[[[101.7218,3.2412],[101.7366,3.2412],[101.7456,3.2518],[101.7292,3.2672],[101.7294,3.2494],[101.7218,3.2412]]]},"properties":{"name":"Bandar Sungai Pusu","type":"Bandar","daerah":"Gombak","state":"Selangor","area_km2":4.72,"area_ha":472}},{"type":"Feature","geometry":{"type":"MultiPolygon","coordinates":[[[[101.7304,3.0376],[101.7412,3.0374],[101.7438,3.0548],[101.7304,3.0548],[101.7304,3.0376]]],[[[101.8336,3.057],[101.8184,3.0554],[101.8026,3.0582],[101.78,3.0702],[101.7766,3.0692],[101.7774,3.0624],[101.7698,3.0594],[101.77,3.0578],[101.7772,3.0438],[101.7888,3.0428],[101.8024,3.0542],[101.808,3.0476],[101.799,3.039],[101.76,3.0188],[101.7716,3.0142],[101.7758,3.0204],[101.7834,3.0206],[101.7988,3.0268],[101.8058,3.0186],[101.8134,3.022],[101.8176,3.0124],[101.8448,3.0538],[101.8336,3.057]]],[[[101.7616,3.0964],[101.7458,3.0816],[101.746,3.0548],[101.7496,3.055],[101.7504,3.0842],[101.7654,3.0916],[101.7616,3.0964]]]]},"properties":{"name":"Mukim Cheras","type":"Mukim","daerah":"Hulu Langat","state":"Selangor","area_km2":32.76,"area_ha":3276}},{"type":"Feature","geometry":{"type":"Polygon","coordinates":[[[101.7698,3.0594],[101.7774,3.0624],[101.7766,3.0692],[101.7698,3.0594]]]},"properties":{"name":"Bandar Batu 9, Cheras","type":"Bandar","daerah":"Hulu Langat","state":"Selangor","area_km2":1.46,"area_ha":146}},{"type":"Feature","geometry":{"type":"Polygon","coordinates":[[[101.8866,3.167],[101.8856,3.1674],[101.8846,3.1648],[101.8856,3.1642],[101.8866,3.167]]]},"properties":{"name":"Pekan Sungai Lui","type":"Pekan","daerah":"Hulu Langat","state":"Selangor","area_km2":0.04,"area_ha":4}},{"type":"Feature","geometry":{"type":"Polygon","coordinates":[[[101.4272,3.1924],[101.4734,3.1604],[101.4636,3.1538],[101.454,3.1376],[101.4528,3.1138],[101.4416,3.11],[101.4436,3.0928],[101.4688,3.093],[101.4764,3.08],[101.4912,3.0922],[101.5214,3.0934],[101.5212,3.127],[101.5294,3.1268],[101.5294,3.1278],[101.5292,3.1496],[101.5176,3.156],[101.5186,3.175],[101.5082,3.1748],[101.492,3.1848],[101.4798,3.1916],[101.4272,3.1924]]]},"properties":{"name":"Mukim Bukit Raja","type":"Mukim","daerah":"Petaling","state":"Selangor","area_km2":82.73,"area_ha":8273}},{"type":"Feature","geometry":{"type":"Polygon","coordinates":[[[101.684,3.5792],[101.6712,3.5636],[101.6602,3.5542],[101.665,3.5444],[101.6802,3.5464],[101.6748,3.5344],[101.6608,3.5376],[101.6592,3.5264],[101.6784,3.5308],[101.6968,3.5254],[101.7162,3.5432],[101.7066,3.5466],[101.7056,3.5598],[101.6942,3.574],[101.684,3.5792]]]},"properties":{"name":"Mukim Buloh Telor","type":"Mukim","daerah":"Hulu Selangor","state":"Selangor","area_km2":20.71,"area_ha":2071}},{"type":"Feature","geometry":{"type":"Polygon","coordinates":[[[101.3178,3.4048],[101.3202,3.411],[101.316,3.4112],[101.3178,3.4048]]]},"properties":{"name":"Pekan Bukit Talang","type":"Pekan","daerah":"Kuala Selangor","state":"Selangor","area_km2":0.33,"area_ha":33}},{"type":"Feature","geometry":{"type":"Polygon","coordinates":[[[101.7426,2.9788],[101.7412,2.984],[101.7328,2.9974],[101.721,3.0118],[101.718,3.0032],[101.7184,2.9892],[101.708,2.9832],[101.7032,2.9754],[101.7154,2.9724],[101.7154,2.9642],[101.7154,2.9554],[101.7326,2.9532],[101.7328,2.9292],[101.7076,2.9292],[101.7072,2.913],[101.701,2.8996],[101.6882,2.8918],[101.6848,2.8818],[101.6712,2.8834],[101.661,2.894],[101.6298,2.895],[101.6318,2.9032],[101.6286,2.9344],[101.6296,2.948],[101.6522,2.9498],[101.6532,2.9582],[101.665,2.9574],[101.6628,2.9644],[101.6762,2.972],[101.6868,2.9712],[101.7076,2.9832],[101.6812,2.9808],[101.6146,2.9804],[101.5984,2.9802],[101.5756,2.9798],[101.625,2.883],[101.648,2.8412],[101.6666,2.8228],[101.6822,2.8144],[101.6916,2.8052],[101.707,2.813],[101.7114,2.8246],[101.7172,2.8352],[101.7398,2.8338],[101.7466,2.806],[101.7554,2.806],[101.7524,2.8506],[101.7518,2.8594],[101.7512,2.8704],[101.7682,2.87],[101.7944,2.869],[101.7704,2.885],[101.7672,2.891],[101.7666,2.8998],[101.758,2.9138],[101.7588,2.9262],[101.7528,2.94],[101.7496,2.94],[101.749,2.9382],[101.7472,2.9382],[101.7472,2.94],[101.7474,2.9592],[101.7426,2.9788]],[[101.7344,2.979],[101.7422,2.9778],[101.7458,2.961],[101.7328,2.9612],[101.7344,2.979]],[[101.7326,2.9624],[101.7292,2.9622],[101.7292,2.9638],[101.7326,2.9638],[101.7326,2.9624]],[[101.6678,2.875],[101.6844,2.8636],[101.6798,2.8516],[101.6678,2.875]]]},"properties":{"name":"Mukim Dengkil","type":"Mukim","daerah":"Sepang","state":"Selangor","area_km2":198.5,"area_ha":19850}},{"type":"Feature","geometry":{"type":"Polygon","coordinates":[[[101.5514,3.2576],[101.5518,3.2536],[101.5544,3.2536],[101.5522,3.2588],[101.5514,3.2576]]]},"properties":{"name":"Bandar Kuang","type":"Bandar","daerah":"Gombak","state":"Selangor","area_km2":0.56,"area_ha":56}},{"type":"Feature","geometry":{"type":"Polygon","coordinates":[[[101.571,3.6414],[101.5634,3.6454],[101.5538,3.6526],[101.5536,3.6592],[101.548,3.6546],[101.5488,3.6522],[101.5572,3.645],[101.5688,3.6388],[101.571,3.6414]]]},"properties":{"name":"Bandar Kalumpang","type":"Bandar","daerah":"Hulu Selangor","state":"Selangor","area_km2":1.5,"area_ha":150}},{"type":"Feature","geometry":{"type":"Polygon","coordinates":[[[101.0262,3.7798],[101.032,3.7798],[101.032,3.7822],[101.0264,3.782],[101.0262,3.7798]]]},"properties":{"name":"Pekan Sungai Sepintas","type":"Pekan","daerah":"Sabak Bernam","state":"Selangor","area_km2":0.16,"area_ha":16}},{"type":"Feature","geometry":{"type":"Polygon","coordinates":[[[101.7452,3.027],[101.7284,3.024],[101.7242,3.0138],[101.7234,3.0134],[101.721,3.0118],[101.7328,2.9974],[101.7644,2.9902],[101.7608,2.9806],[101.7678,2.9836],[101.7718,2.9864],[101.7826,2.9942],[101.7716,3.0142],[101.76,3.0188],[101.7538,3.0274],[101.75,3.0264],[101.7452,3.027]]]},"properties":{"name":"Pekan Kajang","type":"Pekan","daerah":"Hulu Langat","state":"Selangor","area_km2":17.86,"area_ha":1786}}]}