{"type":"FeatureCollection", "features": [
{"type":"Feature","geometry":{"type":"LineString","coordinates":[[101.5432,3.0523],[101.5431,3.0527],[101.5433,3.0532],[101.5435,3.0532],[101.5436,3.0533],[101.5441,3.0531],[101.5443,3.0527],[101.5442,3.0525],[101.544,3.0522],[101.5439,3.0521],[101.5437,3.0521],[101.5435,3.0521],[101.5432,3.0523]]},"properties":{"name":"Bulatan Megawati","kind":"Primary road"}},
{"type":"Feature","geometry":{"type":"LineString","coordinates":[[101.5407,3.0648],[101.5403,3.0646],[101.5402,3.0646],[101.5399,3.0651],[101.54,3.0653],[101.5404,3.0655],[101.5405,3.0655],[101.5406,3.0654],[101.5408,3.065],[101.5407,3.0648]]},"properties":{"name":"Bulatan Sejahtera","kind":"Primary road","ref":"MBSA 15"}},
{"type":"Feature","geometry":{"type":"MultiLineString","coordinates":[[[101.5407,3.0648],[101.5407,3.0644],[101.5413,3.0614],[101.5413,3.061],[101.5421,3.0578],[101.5429,3.0553]],[[101.5388,3.0682],[101.54,3.0657],[101.54,3.0653]],[[101.5403,3.0646],[101.5412,3.0614],[101.5413,3.0609],[101.5415,3.0596],[101.543,3.0545],[101.5441,3.0508],[101.5444,3.0499]],[[101.5404,3.0655],[101.5394,3.0677],[101.5395,3.0685]]]},"properties":{"name":"Persiaran Tengku Ampuan","kind":"Primary road","ref":"BSA 7"}},
{"type":"Feature","geometry":{"type":"MultiLineString","coordinates":[[[101.538,3.0698],[101.5382,3.0704],[101.5366,3.073],[101.5345,3.0737],[101.5336,3.074]],[[101.5388,3.0701],[101.5383,3.0704],[101.5366,3.073],[101.5344,3.0739],[101.5337,3.0742]],[[101.4912,3.0633],[101.4912,3.0636],[101.4912,3.0638],[101.4913,3.0649],[101.4913,3.0675],[101.4913,3.0676],[101.4913,3.0679],[101.4914,3.0713],[101.4918,3.0728],[101.4919,3.0732],[101.492,3.0734],[101.4921,3.0735],[101.4922,3.0736],[101.4924,3.0741],[101.4926,3.0744],[101.4943,3.0776],[101.4944,3.078],[101.495,3.0793],[101.4957,3.0811],[101.4972,3.0846],[101.4974,3.0852],[101.4991,3.0875],[101.4993,3.0876],[101.4994,3.0877],[101.5003,3.0887],[101.5024,3.0894],[101.5026,3.0894],[101.5037,3.0891],[101.5047,3.0889],[101.5048,3.0889],[101.5056,3.0888],[101.5057,3.0888],[101.5124,3.0888],[101.5133,3.0887],[101.5135,3.0886],[101.5141,3.0883],[101.5149,3.0878],[101.5154,3.0875],[101.5167,3.0868],[101.517,3.0867],[101.5189,3.0855],[101.5213,3.0846],[101.5232,3.0839],[101.5236,3.0837],[101.5237,3.0837],[101.5256,3.083],[101.5269,3.082],[101.5282,3.0801],[101.5301,3.077],[101.5303,3.0768],[101.5304,3.0766],[101.5318,3.0749],[101.533,3.0746]],[[101.5328,3.0742],[101.532,3.0747],[101.531,3.0755],[101.5303,3.0765],[101.5288,3.0789],[101.5281,3.0799],[101.5279,3.0802],[101.5277,3.0805],[101.5266,3.0822],[101.5254,3.0829],[101.5243,3.0834],[101.5237,3.0836],[101.5236,3.0836],[101.5189,3.0854],[101.5178,3.0861],[101.5172,3.0864],[101.5169,3.0866],[101.5159,3.0871],[101.5148,3.0878],[101.5145,3.0879],[101.5124,3.0887],[101.5064,3.0887],[101.5057,3.0887],[101.5056,3.0887],[101.5048,3.0887],[101.5047,3.0887],[101.5044,3.0888],[101.5024,3.0893],[101.5004,3.0885],[101.4995,3.0877],[101.4978,3.0855],[101.4977,3.0853],[101.4976,3.0851],[101.4949,3.0787],[101.4948,3.0786],[101.4947,3.0783],[101.4941,3.077],[101.494,3.0767],[101.4938,3.0763],[101.4931,3.0751],[101.4928,3.0746],[101.4927,3.0743],[101.4925,3.0738],[101.4916,3.0717],[101.4914,3.0683],[101.4914,3.0678],[101.4914,3.0676],[101.4914,3.0675],[101.4914,3.0656],[101.4914,3.0649],[101.4913,3.0638],[101.4913,3.063]]]},"properties":{"name":"Persiaran Kayangan","kind":"Primary road","ref":"BSA 7"}},
{"type":"Feature","geometry":{"type":"LineString","coordinates":[[101.5406,3.0782],[101.5404,3.0786],[101.5406,3.0789],[101.541,3.0789],[101.5412,3.0787],[101.5412,3.0783],[101.5406,3.0782]]},"properties":{"name":"Bulatan Stadium","kind":"Primary road","ref":"B9"}},
{"type":"Feature","geometry":{"type":"MultiLineString","coordinates":[[[101.5406,3.0782],[101.5391,3.0777],[101.5375,3.0776],[101.5338,3.0754],[101.5336,3.0746]],[[101.5404,3.0786],[101.539,3.0779],[101.5376,3.0779],[101.5338,3.0754],[101.5333,3.0747]]]},"properties":{"name":"Persiaran Hishamuddin","kind":"Primary road"}},
{"type":"Feature","geometry":{"type":"MultiLineString","coordinates":[[[101.5406,3.0789],[101.5407,3.0806],[101.5402,3.0816],[101.5403,3.083],[101.5413,3.0849],[101.5413,3.0872],[101.5413,3.0874],[101.5413,3.0875],[101.5417,3.0899],[101.5417,3.09],[101.5425,3.0908],[101.5438,3.0912],[101.546,3.0912],[101.5474,3.0905],[101.5485,3.0893],[101.5509,3.0863],[101.5509,3.0862],[101.551,3.0858],[101.5511,3.0825],[101.551,3.0822],[101.5509,3.0819],[101.5511,3.0803],[101.5511,3.0802],[101.5502,3.0787],[101.5493,3.0787],[101.5485,3.0789],[101.5471,3.079],[101.5467,3.079],[101.5463,3.079],[101.5456,3.0789],[101.5428,3.0785],[101.5412,3.0787]],[[101.5451,3.091],[101.5442,3.0911],[101.5431,3.091],[101.5418,3.0899],[101.5416,3.0896],[101.5415,3.0876],[101.5415,3.0874],[101.5415,3.0871],[101.5414,3.085],[101.5403,3.0825],[101.541,3.0789]],[[101.5412,3.0783],[101.5454,3.0788],[101.5463,3.0788],[101.5465,3.0789],[101.5467,3.0789],[101.5494,3.0785],[101.5497,3.0785],[101.5498,3.0784],[101.55,3.0785],[101.5508,3.0789],[101.551,3.0791],[101.5512,3.0802],[101.5512,3.0803],[101.5511,3.0805],[101.5511,3.0822],[101.5513,3.0847],[101.551,3.0859],[101.5509,3.0862]]]},"properties":{"name":"Persiaran Sukan","kind":"Primary road","ref":"B9"}},
{"type":"Feature","geometry":{"type":"MultiLineString","coordinates":[[[101.5443,3.0527],[101.5484,3.0544],[101.5494,3.0546],[101.5521,3.0546],[101.554,3.0553],[101.5544,3.0555],[101.5546,3.0557],[101.5564,3.0579],[101.5567,3.0591],[101.5568,3.0596],[101.5568,3.0629],[101.5567,3.0632],[101.5567,3.0633],[101.5566,3.0637],[101.5563,3.0656],[101.5562,3.0666],[101.5562,3.0667],[101.5561,3.0678],[101.556,3.0708],[101.556,3.0709],[101.5559,3.0716],[101.5559,3.0721],[101.5558,3.0729],[101.5557,3.0733],[101.5557,3.0738],[101.5557,3.074],[101.5557,3.0742],[101.5557,3.0749],[101.5556,3.075],[101.5556,3.0754]],[[101.5554,3.0753],[101.5554,3.0749],[101.5554,3.0748],[101.5555,3.0742],[101.5555,3.0739],[101.5555,3.0737],[101.5556,3.0732],[101.5556,3.0728],[101.5557,3.0724],[101.5558,3.0709],[101.5559,3.0698],[101.556,3.0666],[101.5561,3.0657],[101.5562,3.0654],[101.5564,3.0639],[101.5565,3.0633],[101.5568,3.062],[101.5568,3.0608],[101.5566,3.0593],[101.5562,3.0579],[101.5542,3.0556],[101.5525,3.0548],[101.5494,3.0547],[101.5484,3.0545],[101.5446,3.0531],[101.5441,3.0531]]]},"properties":{"name":"Persiaran Jubli Perak","kind":"Primary road","ref":"286"}},
{"type":"Feature","geometry":{"type":"MultiLineString","coordinates":[[[101.5704,3.029],[101.5704,3.0291],[101.5702,3.0295],[101.5688,3.033],[101.568,3.0337],[101.5619,3.0348],[101.5575,3.0357],[101.5562,3.0359],[101.5554,3.036],[101.5547,3.0361],[101.5537,3.0362],[101.5512,3.0367],[101.5479,3.0382],[101.5474,3.0386],[101.5472,3.0389]],[[101.5475,3.0391],[101.5476,3.0389],[101.5484,3.0383],[101.552,3.0367],[101.5527,3.0366],[101.5538,3.0364],[101.5543,3.0363],[101.5548,3.0363],[101.5555,3.0362],[101.5564,3.036],[101.5577,3.0358],[101.5591,3.0355],[101.5674,3.034],[101.5689,3.0331],[101.5699,3.0307],[101.5704,3.0295],[101.5705,3.0291]],[[101.5473,3.0394],[101.5472,3.0395]]]},"properties":{"name":"Persiaran Kuala Selangor","kind":"Primary road","ref":"286"}},
{"type":"Feature","geometry":{"type":"MultiLineString","coordinates":[[[101.5554,3.0753],[101.5554,3.0754],[101.5553,3.076],[101.5553,3.0767],[101.5551,3.0782],[101.5551,3.0783],[101.5551,3.0788],[101.5549,3.08],[101.5549,3.0809],[101.5549,3.081],[101.5548,3.0815],[101.5548,3.0821],[101.5547,3.0825],[101.5547,3.0827],[101.5546,3.0834],[101.5545,3.0848],[101.5543,3.0854],[101.5541,3.0862],[101.5539,3.0867],[101.5538,3.087],[101.5533,3.0878]],[[101.5534,3.0879],[101.5539,3.0871],[101.5547,3.0843],[101.5548,3.084],[101.5548,3.0831],[101.5549,3.0828],[101.5549,3.0824],[101.5549,3.0822],[101.555,3.0817],[101.555,3.0811],[101.555,3.0809],[101.555,3.0808],[101.5551,3.0804],[101.5552,3.079],[101.5553,3.0783],[101.5554,3.0776],[101.5555,3.0763],[101.5555,3.0762],[101.5556,3.0755],[101.5556,3.0754]]]},"properties":{"name":"Jalan Subang","kind":"Primary road","ref":"286"}},
{"type":"Feature","geometry":{"type":"MultiLineString","coordinates":[[[101.5252,3.0465],[101.5212,3.044],[101.5189,3.0431],[101.5167,3.0431],[101.5153,3.044],[101.5144,3.0454],[101.5132,3.0463]],[[101.5134,3.0467],[101.5146,3.0453],[101.5156,3.0438],[101.5167,3.0432],[101.5187,3.0432],[101.5213,3.0442],[101.5248,3.0465],[101.525,3.0469]],[[101.5124,3.0467],[101.512,3.0469],[101.5116,3.0471],[101.5104,3.0474],[101.5048,3.0476],[101.5047,3.0476],[101.5029,3.0479],[101.5019,3.0492],[101.502,3.0516],[101.5021,3.0518],[101.5021,3.0524],[101.5022,3.0525]],[[101.5126,3.047],[101.5121,3.0471],[101.5116,3.0472],[101.5108,3.0475],[101.5072,3.0476],[101.5052,3.0477],[101.5048,3.0477],[101.5028,3.048],[101.5021,3.0492],[101.5021,3.0516],[101.5022,3.0518],[101.5023,3.0524]],[[101.5432,3.0523],[101.5428,3.0523],[101.5416,3.0518],[101.5368,3.0486],[101.5355,3.0482],[101.5322,3.0483],[101.5321,3.0483],[101.5311,3.0484],[101.5278,3.0483],[101.5262,3.0469]],[[101.5431,3.0527],[101.5428,3.0525],[101.5393,3.0504],[101.5374,3.0492],[101.536,3.0484],[101.5356,3.0483],[101.5328,3.0484],[101.5323,3.0484],[101.532,3.0485],[101.531,3.0486],[101.5304,3.0486],[101.5274,3.0482],[101.526,3.0474]]]},"properties":{"name":"Persiaran Jubli Perak","kind":"Primary road"}},
{"type":"Feature","geometry":{"type":"MultiLineString","coordinates":[[[101.5197,3.0691],[101.5196,3.0695],[101.5195,3.07],[101.5193,3.0707],[101.5192,3.0711],[101.5191,3.0716],[101.519,3.072],[101.5189,3.0725],[101.5188,3.073],[101.5187,3.0735],[101.5186,3.0737],[101.5183,3.0749],[101.518,3.0765],[101.5179,3.0768]],[[101.5178,3.0769],[101.5179,3.0765],[101.5182,3.0749],[101.5183,3.0745],[101.5185,3.0736],[101.5187,3.073],[101.5188,3.0724],[101.5189,3.0719],[101.519,3.0715],[101.5191,3.0711],[101.5192,3.0707],[101.5193,3.0699],[101.5195,3.0694],[101.5196,3.069]],[[101.5254,3.0464],[101.5255,3.0458],[101.5246,3.0426],[101.5246,3.0398],[101.5248,3.0391],[101.5251,3.0375],[101.5252,3.0374],[101.5253,3.0374],[101.5254,3.0375],[101.5254,3.0376],[101.5249,3.0405],[101.5249,3.042],[101.5249,3.0426],[101.5261,3.0466]]]},"properties":{"name":"Persiaran Sultan","kind":"Primary road"}},
{"type":"Feature","geometry":{"type":"MultiLineString","coordinates":[[[101.5441,3.0874],[101.5458,3.0874]],[[101.4322,3.015],[101.4322,3.0151]],[[101.4321,3.0151],[101.432,3.015]],[[101.5511,3.0803],[101.5512,3.0803],[101.5515,3.0804],[101.5522,3.0805],[101.5529,3.0806],[101.5545,3.0809],[101.5549,3.081]],[[101.7051,2.7604],[101.7073,2.7617],[101.7082,2.7614],[101.7085,2.7601],[101.7082,2.7587]],[[101.5775,3.3198],[101.5783,3.3198],[101.5785,3.3197],[101.5787,3.3196],[101.5789,3.3196],[101.5791,3.3195],[101.5793,3.3197]],[[101.5555,3.0096],[101.5555,3.0095],[101.5555,3.007],[101.5555,3.0067]],[[101.5494,3.0852],[101.5509,3.0862]],[[101.5172,3.0687],[101.5181,3.0679]],[[101.6551,3.2472],[101.6551,3.2471],[101.6548,3.2467],[101.6547,3.2466]],[[101.6223,2.9289],[101.6225,2.9283],[101.623,2.9253],[101.6234,2.9235],[101.6239,2.9211],[101.624,2.9209],[101.624,2.9208],[101.624,2.9204],[101.6242,2.9197],[101.625,2.9157],[101.6252,2.9149],[101.6251,2.9146],[101.6255,2.9141],[101.6256,2.9143],[101.6256,2.9144],[101.6254,2.9146],[101.6253,2.9149],[101.6243,2.9197],[101.6241,2.9205],[101.6241,2.9208],[101.6241,2.9209],[101.6226,2.9283],[101.6225,2.9289]],[[101.6647,2.9426],[101.666,2.9439]],[[101.6659,2.944],[101.6646,2.9426]],[[101.5761,3.3176],[101.5759,3.3174],[101.5751,3.3171]],[[101.5915,3.0909],[101.5912,3.0887]],[[101.7002,2.7521],[101.6987,2.752],[101.6966,2.7518]],[[101.6299,3.2097],[101.6306,3.2109],[101.6306,3.2119],[101.6305,3.212],[101.6304,3.2119],[101.6303,3.2118],[101.6302,3.2117],[101.6298,3.2102]],[[101.5554,3.0067],[101.5554,3.007],[101.5554,3.0095],[101.5554,3.0096]],[[101.5622,3.3111],[101.5629,3.3109],[101.5632,3.3108],[101.5637,3.3106],[101.5642,3.3103]],[[101.3048,2.938],[101.3022,2.9357],[101.3018,2.9351],[101.3017,2.9348],[101.3017,2.9345],[101.3021,2.9316],[101.3019,2.9304],[101.3004,2.9286],[101.3004,2.9285],[101.3016,2.9298],[101.3021,2.9308],[101.3022,2.9317],[101.302,2.9349],[101.3049,2.9379]],[[101.3014,2.9343],[101.2988,2.9303]],[[101.2989,2.9303],[101.3008,2.9328],[101.3015,2.9343]],[[101.5801,3.0243],[101.5801,3.0264],[101.5799,3.0274],[101.5797,3.0278]],[[101.4724,3.2471],[101.4723,3.2471]],[[101.4723,3.247],[101.4724,3.247]],[[101.5161,3.3189],[101.5158,3.3184],[101.5158,3.3183],[101.5127,3.3148],[101.5118,3.313],[101.5117,3.3116],[101.5109,3.3106],[101.5116,3.3081],[101.5127,3.3066],[101.5132,3.3042],[101.5142,3.3007],[101.515,3.2964],[101.5158,3.2907],[101.5164,3.2889],[101.5175,3.2877],[101.5183,3.2867],[101.5184,3.2866],[101.5185,3.2867],[101.5175,3.2877]],[[101.6268,2.9687],[101.6275,2.9699],[101.6277,2.9702],[101.6277,2.9703]],[[101.8628,2.918],[101.8629,2.9168],[101.863,2.9166]],[[101.7733,2.9926],[101.7735,2.9922]],[[101.7736,2.9922],[101.7734,2.9926]],[[101.3669,3.0166],[101.3675,3.0176],[101.3676,3.0172],[101.3674,3.0166],[101.3674,3.0164],[101.3674,3.0162],[101.3674,3.0161],[101.3675,3.016],[101.3682,3.0153],[101.3692,3.0148],[101.3717,3.0142]],[[101.7015,2.7532],[101.7004,2.7524],[101.6987,2.752]],[[101.858,2.9251],[101.8586,2.9248]],[[101.4643,3.0541],[101.4643,3.0538],[101.4644,3.0535],[101.4645,3.0535]],[[101.556,3.111],[101.5559,3.111]],[[101.5798,3.0278],[101.5801,3.027],[101.5802,3.0251],[101.5802,3.0247]],[[101.6324,3.2128],[101.6311,3.2113],[101.631,3.2112],[101.6307,3.211],[101.6306,3.2109]],[[101.632,3.2127],[101.6314,3.2124],[101.6307,3.212],[101.6307,3.2111],[101.6307,3.211]],[[101.655,3.2472],[101.655,3.2471],[101.6547,3.2467],[101.6546,3.2467]],[[101.5549,3.0809],[101.5544,3.0808],[101.5529,3.0805],[101.5522,3.0804],[101.5515,3.0803],[101.5512,3.0802],[101.5511,3.0802]],[[101.361,2.9667],[101.3612,2.9669],[101.3615,2.9674]],[[101.2993,2.9111],[101.2967,2.9138],[101.2966,2.9139],[101.2937,2.9173],[101.2934,2.9179],[101.2933,2.9187],[101.2943,2.9218],[101.2945,2.9221],[101.2955,2.9238],[101.2988,2.927],[101.3004,2.9286]],[[101.2995,2.9112],[101.297,2.9141],[101.2969,2.9142],[101.2962,2.9147],[101.2937,2.9175],[101.2935,2.9179],[101.2934,2.9187],[101.2944,2.9218],[101.2963,2.9246],[101.3004,2.9285]],[[101.4808,3.0583],[101.4806,3.0587],[101.4806,3.0589],[101.4805,3.059]],[[101.464,3.054],[101.4642,3.0538],[101.4644,3.0535]],[[101.6153,3.1576],[101.6152,3.1571]],[[101.6219,2.9771],[101.622,2.9769]],[[101.6221,2.977],[101.6221,2.9771]],[[101.7452,2.9428],[101.7473,2.9428],[101.7474,2.9428],[101.7476,2.9428],[101.7477,2.9427]],[[101.596,3.1496],[101.5944,3.1497]],[[101.4446,2.9972],[101.4444,2.9973]],[[101.6251,2.9146],[101.6254,2.9146]],[[101.4958,3.0589],[101.4958,3.0587],[101.4955,3.0584],[101.4952,3.0584],[101.495,3.0587],[101.4955,3.0592],[101.4958,3.0589]],[[101.5634,3.025],[101.5632,3.0253],[101.5633,3.0253],[101.5635,3.0255],[101.5637,3.0252],[101.5634,3.025]],[[101.5427,3.0029],[101.5432,3.0031],[101.5434,3.0025],[101.543,3.0023],[101.5427,3.0029]],[[101.5456,2.9908],[101.5461,2.9907],[101.5458,2.99],[101.5454,2.9902],[101.5455,2.9908],[101.5456,2.9908]],[[101.5174,3.0253],[101.5173,3.025],[101.5171,3.025],[101.5171,3.0254],[101.5174,3.0253]],[[101.5144,3.021],[101.5147,3.0209],[101.5146,3.0206],[101.5143,3.0207],[101.5144,3.021]],[[101.4987,3.0128],[101.4985,3.0127],[101.4987,3.0128]],[[101.6298,3.1173],[101.6298,3.1172],[101.6297,3.1173],[101.6298,3.1173]],[[101.5427,2.9813],[101.5429,2.9806],[101.5425,2.9805],[101.5423,2.9812],[101.5427,2.9813]],[[101.6242,2.9605],[101.6243,2.9605],[101.6243,2.9604],[101.6241,2.9604],[101.6242,2.9605]],[[101.7899,2.8972],[101.7902,2.8971],[101.7901,2.897],[101.79,2.897],[101.7899,2.8972]],[[101.6559,2.9602],[101.6558,2.9602],[101.6557,2.9602],[101.6557,2.9603],[101.6559,2.9602]],[[101.5928,3.0735],[101.5929,3.0736],[101.5931,3.0736],[101.5932,3.0736],[101.5933,3.0735],[101.5933,3.0734],[101.5933,3.0732],[101.5933,3.0731],[101.5933,3.0729],[101.5932,3.0729],[101.5931,3.0728],[101.593,3.0728],[101.5929,3.0729],[101.5928,3.073],[101.5928,3.0731],[101.5927,3.0732],[101.5927,3.0733],[101.5928,3.0733],[101.5928,3.0734],[101.5928,3.0735]],[[101.2937,2.9173],[101.2932,2.918],[101.2932,2.9188],[101.2942,2.9218],[101.2945,2.9221]]]},"properties":{"name":"Primary road","kind":"Primary road"}},
{"type":"Feature","geometry":{"type":"MultiLineString","coordinates":[[[101.5518,3.0898],[101.5512,3.0905],[101.5506,3.0914],[101.5502,3.0924],[101.5498,3.0935],[101.5493,3.095],[101.5492,3.0954],[101.549,3.0963],[101.5477,3.1001],[101.5464,3.1023],[101.5454,3.1033],[101.5444,3.1041],[101.5438,3.1044],[101.5415,3.1056],[101.5397,3.1064],[101.5391,3.1067],[101.537,3.1077],[101.5349,3.1092],[101.5329,3.112],[101.531,3.1168],[101.5303,3.1186],[101.529,3.1227],[101.5285,3.1237],[101.5285,3.1239],[101.5281,3.1245],[101.5275,3.1252],[101.5263,3.1264],[101.5259,3.1271],[101.5254,3.1282],[101.5249,3.1309],[101.5251,3.1363],[101.5252,3.1387],[101.5238,3.1425],[101.5235,3.1444],[101.5239,3.1485],[101.5239,3.1489],[101.5238,3.1495],[101.5218,3.1535],[101.5217,3.1537],[101.5215,3.154],[101.5215,3.1542],[101.5203,3.1563],[101.5203,3.1565],[101.5193,3.1587],[101.5192,3.1593],[101.519,3.1607],[101.5189,3.1615],[101.5189,3.1619],[101.519,3.1644],[101.519,3.1649],[101.519,3.165],[101.519,3.1656],[101.519,3.1689],[101.519,3.1698],[101.5191,3.177],[101.5187,3.1792],[101.517,3.1827],[101.5167,3.1831],[101.515,3.1849],[101.5136,3.1863],[101.5123,3.1877],[101.5097,3.1903],[101.5083,3.1927],[101.5073,3.1968],[101.5074,3.2031],[101.5075,3.2041],[101.5075,3.205],[101.5075,3.2056],[101.5074,3.2069],[101.5074,3.2125],[101.5074,3.2132],[101.5074,3.2168],[101.5078,3.2199],[101.5085,3.2219],[101.5089,3.2226],[101.5093,3.2233],[101.5106,3.2253],[101.513,3.2274],[101.5209,3.2318],[101.5232,3.2334],[101.525,3.2353],[101.5266,3.2379],[101.5273,3.2398],[101.5284,3.2448],[101.5294,3.2475],[101.5301,3.2491],[101.5309,3.2504],[101.5312,3.2509],[101.5324,3.2525],[101.5331,3.2535],[101.5354,3.2584],[101.5369,3.2602],[101.5383,3.2614],[101.5386,3.2617],[101.5392,3.262],[101.5393,3.2621],[101.5401,3.2626],[101.5423,3.2644],[101.5443,3.2671],[101.5446,3.2676],[101.5455,3.2689],[101.5456,3.269],[101.5461,3.2697],[101.547,3.271],[101.5477,3.272],[101.5479,3.2723],[101.5497,3.2748]],[[101.5517,3.0897],[101.5511,3.0904],[101.5505,3.0912],[101.5501,3.0923],[101.5497,3.0935],[101.5493,3.0946],[101.5491,3.0953],[101.5488,3.0963],[101.5476,3.1],[101.5466,3.1019],[101.5453,3.1033],[101.5442,3.104],[101.5431,3.1046],[101.542,3.1051],[101.5399,3.1061],[101.5389,3.1066],[101.5378,3.1072],[101.5356,3.1084],[101.5335,3.1105],[101.5325,3.1125],[101.5322,3.1133],[101.5313,3.1158],[101.5309,3.1168],[101.5302,3.1186],[101.5296,3.1202],[101.5295,3.1206],[101.5293,3.1211],[101.5292,3.1213],[101.529,3.1218],[101.5281,3.1236],[101.5281,3.1237],[101.5278,3.1243],[101.5273,3.1251],[101.5262,3.1264],[101.5257,3.1271],[101.5249,3.1293],[101.5248,3.1309],[101.5249,3.1363],[101.525,3.1387],[101.5237,3.1425],[101.5234,3.1446],[101.5238,3.1485],[101.5237,3.1489],[101.5237,3.1491],[101.5232,3.1505],[101.522,3.1528],[101.5217,3.1534],[101.5216,3.1536],[101.5203,3.156],[101.5199,3.1566],[101.5192,3.1588],[101.5188,3.1618],[101.5187,3.1624],[101.5187,3.1631],[101.5188,3.1656],[101.5189,3.1696],[101.5189,3.1769],[101.5189,3.1775],[101.5183,3.18],[101.5182,3.1801],[101.5173,3.182],[101.517,3.1824],[101.5168,3.1828],[101.5145,3.1852],[101.514,3.1857],[101.5135,3.1862],[101.5124,3.1874],[101.512,3.1877],[101.5119,3.1878],[101.5118,3.1879],[101.5097,3.1902],[101.5087,3.1916],[101.5074,3.195],[101.5072,3.1963],[101.5072,3.1986],[101.5072,3.1999],[101.5071,3.2011],[101.5071,3.2019],[101.5071,3.2033],[101.5071,3.2044],[101.5071,3.2056],[101.5072,3.2069],[101.5072,3.2125],[101.5072,3.2132],[101.5075,3.2188],[101.5081,3.2211],[101.5081,3.2212],[101.5083,3.2218],[101.5087,3.2227],[101.5091,3.2234],[101.5096,3.2243],[101.51,3.2248],[101.5121,3.227],[101.5126,3.2273],[101.5137,3.2281],[101.5209,3.2319],[101.5241,3.2345],[101.5254,3.2361],[101.5268,3.2389],[101.528,3.2437],[101.5293,3.2476],[101.53,3.2491],[101.5308,3.2505],[101.5311,3.251],[101.5322,3.2525],[101.5328,3.2534],[101.533,3.2536],[101.5348,3.2578],[101.5363,3.26],[101.5386,3.2621],[101.539,3.2623],[101.5391,3.2624],[101.5406,3.2632],[101.5423,3.2648],[101.5432,3.2658],[101.5442,3.2672],[101.5445,3.2677],[101.5449,3.2682],[101.5454,3.269],[101.5454,3.2691],[101.546,3.2698],[101.5463,3.2703],[101.5469,3.2711],[101.5476,3.2721],[101.5478,3.2725],[101.5492,3.2745],[101.5496,3.275]]]},"properties":{"name":"Lebuhraya Koridor Guthrie","kind":"Expressway","ref":"E35"}},
{"type":"Feature","geometry":{"type":"MultiLineString","coordinates":[[[101.6547,3.1112],[101.653,3.1101],[101.652,3.1095],[101.6509,3.1088],[101.6499,3.1082],[101.6487,3.1075],[101.6472,3.1067],[101.6465,3.1064],[101.6452,3.1059],[101.6445,3.1056],[101.6433,3.1049],[101.6425,3.1045],[101.6421,3.1042],[101.6416,3.1038],[101.638,3.1018],[101.6372,3.1012],[101.6369,3.1009],[101.636,3.0999],[101.6358,3.0994],[101.6351,3.0969],[101.6348,3.096],[101.634,3.0944],[101.6336,3.0936],[101.6326,3.0923],[101.6294,3.0897],[101.6291,3.0895],[101.6256,3.0869],[101.6248,3.0863],[101.6231,3.0854],[101.6207,3.0848],[101.6201,3.0847],[101.6189,3.0846],[101.618,3.0844],[101.6161,3.0842],[101.6137,3.0841],[101.6132,3.084],[101.6128,3.0839],[101.6113,3.0836],[101.6107,3.0836],[101.61,3.0835],[101.6069,3.0834],[101.6062,3.0833],[101.6059,3.0833],[101.6054,3.0833],[101.6049,3.0833],[101.6033,3.0833],[101.6031,3.0833],[101.6005,3.0833],[101.5954,3.0843],[101.5942,3.0846],[101.5929,3.0849],[101.5927,3.0849],[101.5916,3.0851],[101.5912,3.0851],[101.5889,3.0852],[101.5874,3.0853],[101.5867,3.0853],[101.5847,3.0846],[101.5818,3.0829],[101.581,3.0827],[101.5798,3.0825],[101.5772,3.0823],[101.5745,3.0822],[101.5737,3.0821],[101.5728,3.0821],[101.5707,3.0813],[101.5674,3.0793],[101.5657,3.0786],[101.5586,3.076],[101.558,3.0758],[101.5561,3.0754],[101.5548,3.075],[101.5541,3.0748],[101.553,3.0745],[101.5517,3.0742],[101.5511,3.074],[101.5475,3.0729],[101.5468,3.0726],[101.5423,3.0707],[101.5404,3.0698],[101.539,3.0692],[101.5371,3.0684],[101.5366,3.0682],[101.5351,3.0678],[101.5334,3.0677],[101.5265,3.0672],[101.5234,3.0669],[101.5224,3.0667],[101.521,3.0664],[101.5205,3.0663],[101.5197,3.0661],[101.5187,3.0659],[101.5185,3.0658],[101.5176,3.0655],[101.5171,3.0654],[101.5136,3.0644],[101.5095,3.0632],[101.5094,3.0631],[101.5089,3.063],[101.5085,3.0629],[101.503,3.0624],[101.4968,3.0627],[101.4916,3.0633],[101.4909,3.0634],[101.4887,3.0632],[101.4877,3.0629],[101.4809,3.0607],[101.4761,3.0591],[101.4728,3.0581],[101.4715,3.0577],[101.47,3.0572],[101.467,3.0559],[101.4655,3.0551],[101.4624,3.0535],[101.4613,3.0529],[101.4607,3.0526],[101.4558,3.05],[101.4539,3.0491],[101.4534,3.049],[101.4532,3.049],[101.453,3.049],[101.4523,3.049]],[[101.4523,3.0489],[101.4529,3.0489],[101.4535,3.0489],[101.4539,3.049],[101.4556,3.0498],[101.4607,3.0525],[101.4624,3.0534],[101.4655,3.055],[101.4671,3.0558],[101.4705,3.0572],[101.4714,3.0575],[101.4728,3.058],[101.4762,3.059],[101.4774,3.0594],[101.4789,3.0599],[101.4816,3.0608],[101.4875,3.0627],[101.4882,3.0629],[101.4889,3.0631],[101.4909,3.0633],[101.4916,3.0632],[101.4946,3.0628],[101.4963,3.0626],[101.4991,3.0625],[101.505,3.0624],[101.5085,3.0628],[101.509,3.0629],[101.5095,3.063],[101.5109,3.0635],[101.5175,3.0653],[101.5185,3.0657],[101.5187,3.0657],[101.5189,3.0658],[101.5202,3.0662],[101.5214,3.0664],[101.5227,3.0666],[101.5261,3.0671],[101.5355,3.0678],[101.5371,3.0682],[101.539,3.0691],[101.5414,3.0701],[101.5425,3.0706],[101.5477,3.0729],[101.5513,3.074],[101.5531,3.0744],[101.5541,3.0747],[101.5548,3.0749],[101.556,3.0752],[101.558,3.0757],[101.559,3.076],[101.5629,3.0774],[101.5634,3.0776],[101.5664,3.0787],[101.567,3.079],[101.5709,3.0813],[101.5723,3.0818],[101.5737,3.082],[101.5744,3.082],[101.5763,3.0822],[101.577,3.0822],[101.5803,3.0824],[101.5809,3.0825],[101.5823,3.083],[101.5852,3.0847],[101.5867,3.0852],[101.5886,3.0851],[101.5913,3.0848],[101.5918,3.0848],[101.5924,3.0847],[101.5928,3.0846],[101.5945,3.0844],[101.5979,3.0837],[101.601,3.0832],[101.6019,3.0831],[101.6047,3.0832],[101.6048,3.0832],[101.6053,3.0832],[101.6079,3.0832],[101.6092,3.0833],[101.6108,3.0834],[101.6114,3.0835],[101.6132,3.0839],[101.6137,3.084],[101.6159,3.0841],[101.6176,3.0842],[101.6195,3.0845],[101.6201,3.0846],[101.621,3.0847],[101.6215,3.0848],[101.6222,3.085],[101.6256,3.0867],[101.6292,3.0894],[101.6295,3.0896],[101.6313,3.091],[101.6334,3.0931],[101.634,3.094],[101.6349,3.096],[101.6352,3.0968],[101.6358,3.0991],[101.6362,3.0999],[101.6365,3.1004],[101.6371,3.101],[101.6377,3.1014],[101.6381,3.1017],[101.639,3.1022],[101.6411,3.1034],[101.6417,3.1037],[101.6421,3.104],[101.6427,3.1044],[101.6449,3.1056],[101.646,3.106],[101.6466,3.1063],[101.6473,3.1066],[101.6488,3.1074],[101.651,3.1087],[101.6531,3.11],[101.6549,3.1113],[101.6561,3.1119],[101.6596,3.114]]]},"properties":{"name":"Lebuhraya Persekutuan","kind":"Trunk road","ref":"2"}},
{"type":"Feature","geometry":{"type":"LineString","coordinates":[[101.5132,3.047],[101.5134,3.0467],[101.5132,3.0463],[101.5124,3.0467],[101.5126,3.047],[101.5128,3.0471],[101.5132,3.047]]},"properties":{"name":"Bulatan Andalas","kind":"Primary road"}},
{"type":"Feature","geometry":{"type":"MultiLineString","coordinates":[[[101.4955,3.0584],[101.5006,3.0529],[101.5021,3.0524],[101.5023,3.0524]],[[101.4958,3.0587],[101.4959,3.0583],[101.5007,3.053],[101.5022,3.0525],[101.5023,3.0525]]]},"properties":{"name":"Persiaran Kemajuan","kind":"Primary road"}},
{"type":"Feature","geometry":{"type":"MultiLineString","coordinates":[[[101.5128,3.0471],[101.5136,3.0485],[101.5134,3.0497],[101.5133,3.05],[101.5126,3.0523],[101.5124,3.0527],[101.5105,3.0587],[101.5103,3.0589]],[[101.5107,3.059],[101.5106,3.0587],[101.5125,3.0528],[101.5127,3.0523],[101.5134,3.0501],[101.5135,3.0498],[101.5137,3.0487],[101.5132,3.047]]]},"properties":{"name":"Persiaran Raja Muda","kind":"Primary road"}},
{"type":"Feature","geometry":{"type":"MultiLineString","coordinates":[[[101.5205,3.0629],[101.5202,3.0624],[101.511,3.0597],[101.5107,3.0597]],[[101.5108,3.0593],[101.5111,3.0595],[101.5202,3.0624],[101.5207,3.0623]],[[101.5216,3.0631],[101.5221,3.0628],[101.5275,3.0633],[101.5277,3.0633],[101.5316,3.0643],[101.5394,3.0648],[101.5399,3.0651]],[[101.5408,3.065],[101.5432,3.0662],[101.5448,3.0674],[101.5476,3.0717],[101.5491,3.0727]],[[101.5217,3.0624],[101.5292,3.0634],[101.5318,3.0642],[101.5377,3.0646],[101.5394,3.0647]],[[101.5406,3.0654],[101.5411,3.0653],[101.5426,3.066],[101.5445,3.0674],[101.5466,3.0703],[101.5467,3.0705],[101.5468,3.0707],[101.5475,3.0716]]]},"properties":{"name":"Persiaran Selangor","kind":"Primary road","ref":"BSA 3"}},
{"type":"Feature","geometry":{"type":"LineString","coordinates":[[101.5209,3.0621],[101.5207,3.0623],[101.5205,3.0629],[101.5206,3.0631],[101.5208,3.0632],[101.5211,3.0633],[101.5213,3.0633],[101.5216,3.0631],[101.5217,3.0624],[101.5213,3.0621],[101.5212,3.0621],[101.5211,3.0621],[101.5209,3.0621]]},"properties":{"name":"Bulatan Selangor","kind":"Primary road"}},
{"type":"Feature","geometry":{"type":"MultiLineString","coordinates":[[[101.5394,3.0647],[101.5402,3.0646]],[[101.4952,3.0584],[101.4945,3.058],[101.4921,3.0581],[101.491,3.0582],[101.4909,3.0582]],[[101.4958,3.0589],[101.4976,3.0606],[101.5004,3.0617],[101.5033,3.061],[101.5067,3.061],[101.5094,3.0595]],[[101.5096,3.0599],[101.5063,3.0612],[101.5034,3.0612],[101.5014,3.0617],[101.4997,3.0618],[101.4974,3.0607],[101.4955,3.0592]],[[101.4909,3.0582],[101.491,3.0582],[101.4913,3.0582],[101.4943,3.0581],[101.495,3.0587]]]},"properties":{"name":"Persiaran Selangor","kind":"Primary road"}},
{"type":"Feature","geometry":{"type":"MultiLineString","coordinates":[[[101.6954,2.8056],[101.6954,2.8061],[101.6954,2.8065],[101.6954,2.8069],[101.6954,2.8072],[101.6954,2.8076],[101.6954,2.808],[101.6954,2.8083],[101.6954,2.8084],[101.6953,2.8096],[101.6952,2.8101],[101.6936,2.8153],[101.6934,2.8175],[101.6934,2.8178],[101.6934,2.8181],[101.6934,2.819],[101.6934,2.8195],[101.6934,2.8199],[101.6936,2.8233],[101.6935,2.8247],[101.6932,2.8281],[101.693,2.8303],[101.6935,2.8337],[101.6938,2.8349],[101.6939,2.8356],[101.6939,2.8361],[101.694,2.8387],[101.6941,2.8399],[101.6941,2.8405],[101.6943,2.8417],[101.6943,2.8422],[101.6945,2.844],[101.6945,2.8452],[101.6946,2.8453],[101.6946,2.8457],[101.6946,2.846],[101.6946,2.8463],[101.6946,2.847],[101.6947,2.8485],[101.6947,2.8522],[101.6947,2.8531],[101.6947,2.8554],[101.6946,2.8572],[101.6944,2.8575],[101.6944,2.8577],[101.6942,2.8581],[101.6937,2.8588],[101.6931,2.8593],[101.6915,2.8605],[101.6909,2.8608],[101.6887,2.8624],[101.6876,2.8643],[101.6872,2.8675],[101.6865,2.8691],[101.6849,2.8698],[101.6824,2.8698],[101.6794,2.8705],[101.678,2.8719],[101.6754,2.875],[101.6751,2.8752],[101.6733,2.8758],[101.67,2.8756],[101.6683,2.8757],[101.6674,2.876],[101.6664,2.8767],[101.6637,2.8804],[101.6624,2.8822],[101.6608,2.8847],[101.6601,2.8861],[101.6595,2.8884],[101.6585,2.8941],[101.6583,2.8951],[101.6581,2.8962],[101.6579,2.8993],[101.6581,2.9037],[101.6585,2.9058],[101.6587,2.9065],[101.6588,2.9069],[101.6589,2.9073],[101.6605,2.9114],[101.6606,2.9114],[101.6608,2.9118],[101.6615,2.9127],[101.6636,2.9145],[101.664,2.9149],[101.6652,2.9177],[101.6651,2.9197],[101.6648,2.9221],[101.6648,2.9225],[101.6649,2.9234],[101.6649,2.9237],[101.6654,2.9264],[101.6658,2.928],[101.6668,2.9311],[101.6678,2.9346],[101.6684,2.9367],[101.6682,2.9389],[101.667,2.9413],[101.6654,2.9429],[101.6625,2.9457],[101.6615,2.9466],[101.6596,2.9492],[101.6588,2.951],[101.6581,2.9538],[101.658,2.9546],[101.658,2.9553],[101.6582,2.9581],[101.6591,2.9611],[101.6598,2.9623],[101.6637,2.9665],[101.6641,2.9669],[101.6645,2.9673],[101.6659,2.9696],[101.6661,2.9703],[101.6662,2.9709],[101.6663,2.9711],[101.6662,2.9732],[101.6661,2.9737],[101.666,2.9741],[101.6659,2.9745],[101.6656,2.9751],[101.6642,2.9771],[101.6619,2.9787],[101.6613,2.9789],[101.66,2.9795]],[[101.6958,2.8056],[101.6957,2.8065],[101.6957,2.8073],[101.6957,2.8079],[101.6957,2.8084],[101.6956,2.8088],[101.6954,2.8101],[101.6937,2.8153],[101.6935,2.8178],[101.6935,2.8199],[101.6937,2.8233],[101.6937,2.8247],[101.6934,2.8274],[101.6933,2.8281],[101.6932,2.8317],[101.6938,2.8341],[101.6939,2.8349],[101.694,2.837],[101.6941,2.8392],[101.6942,2.8399],[101.6942,2.8401],[101.6942,2.8405],[101.6943,2.8411],[101.6944,2.8416],[101.6944,2.8417],[101.6944,2.8421],[101.6947,2.846],[101.6947,2.8466],[101.6948,2.8471],[101.6948,2.8485],[101.6948,2.8521],[101.6948,2.8531],[101.6948,2.8532],[101.6948,2.8539],[101.6948,2.8546],[101.6948,2.8548],[101.6948,2.856],[101.6946,2.8574],[101.6938,2.8588],[101.6932,2.8594],[101.691,2.8609],[101.6888,2.8624],[101.6877,2.8644],[101.6873,2.8679],[101.6866,2.8691],[101.685,2.8699],[101.6824,2.8699],[101.6795,2.8706],[101.6786,2.8714],[101.6755,2.8751],[101.6751,2.8753],[101.6733,2.8759],[101.6697,2.8756],[101.6683,2.8758],[101.6674,2.8761],[101.6664,2.8768],[101.6638,2.8805],[101.6626,2.8821],[101.6611,2.8843],[101.6602,2.8865],[101.6596,2.8893],[101.6595,2.8898],[101.6587,2.8941],[101.6585,2.8949],[101.6583,2.896],[101.6582,2.8966],[101.6582,2.9025],[101.6586,2.9055],[101.6606,2.9112],[101.6609,2.9117],[101.6614,2.9124],[101.6636,2.9142],[101.664,2.9147],[101.6647,2.9156],[101.6654,2.9177],[101.6651,2.9224],[101.6651,2.9233],[101.6656,2.9265],[101.6676,2.9332],[101.6685,2.9362],[101.6683,2.9396],[101.6679,2.9404],[101.6668,2.9418],[101.6658,2.9427],[101.6638,2.9446],[101.663,2.9454],[101.661,2.9476],[101.659,2.9511],[101.6582,2.9552],[101.6585,2.9588],[101.6595,2.9614],[101.6604,2.9628],[101.6607,2.9631],[101.665,2.9675],[101.6654,2.968],[101.6659,2.9689],[101.6662,2.9696],[101.6663,2.9702],[101.6664,2.9707],[101.6665,2.9712],[101.6665,2.9717],[101.6663,2.9737],[101.666,2.9746],[101.6658,2.9751],[101.6653,2.9761],[101.664,2.9775],[101.6625,2.9786],[101.662,2.9788],[101.6619,2.9789],[101.6601,2.9797],[101.6594,2.98]]]},"properties":{"name":"Lebuhraya Damansara‒Puchong ‒ Putrajaya dan Cyberjaya","kind":"Trunk road","ref":"29"}},
{"type":"Feature","geometry":{"type":"MultiLineString","coordinates":[[[101.762,3.0728],[101.764,3.0708],[101.7645,3.0704],[101.7681,3.0676],[101.7695,3.0661],[101.7734,3.0611],[101.7738,3.0603],[101.7741,3.0588],[101.7742,3.0581]],[[101.7619,3.0724],[101.7637,3.0708],[101.7639,3.0707],[101.7642,3.0704],[101.7647,3.07],[101.7659,3.0691],[101.7692,3.0663],[101.7695,3.066],[101.7709,3.0642],[101.7732,3.061],[101.7737,3.0601],[101.774,3.0581]],[[101.7847,3.0046],[101.783,3.0037],[101.7826,3.0036],[101.7823,3.0035],[101.7806,3.0036],[101.7795,3.004],[101.7782,3.005],[101.777,3.0074],[101.7769,3.0077],[101.7762,3.0093],[101.7757,3.0105],[101.7753,3.0116],[101.7746,3.0131],[101.7742,3.0139],[101.7735,3.0153],[101.7733,3.016],[101.773,3.0199],[101.7729,3.0206],[101.7724,3.0219],[101.7722,3.0225],[101.772,3.0229],[101.7718,3.0236],[101.7716,3.0239],[101.7714,3.0246],[101.771,3.0256],[101.77,3.028],[101.7694,3.0308],[101.7699,3.0326]],[[101.7846,3.0047],[101.7829,3.0037],[101.7826,3.0036],[101.7823,3.0036],[101.7806,3.0037],[101.7798,3.004],[101.7786,3.0048],[101.7771,3.0075],[101.777,3.0077],[101.7761,3.01],[101.776,3.0102],[101.7754,3.0117],[101.7746,3.0135],[101.7737,3.0154],[101.7735,3.016],[101.7733,3.0179],[101.7733,3.0189],[101.7732,3.0199],[101.773,3.0207],[101.7723,3.0226],[101.7722,3.023],[101.772,3.0234],[101.7714,3.0248],[101.7708,3.0264],[101.7701,3.0281],[101.7696,3.0307],[101.77,3.0323]],[[101.7528,3.0772],[101.7525,3.0773],[101.7519,3.0775],[101.7513,3.0777],[101.7502,3.0782],[101.7498,3.0783],[101.7495,3.0783],[101.7477,3.0786]],[[101.7461,3.079],[101.7485,3.0787],[101.7488,3.0786],[101.7492,3.0786],[101.7494,3.0785],[101.7497,3.0785],[101.7508,3.0781],[101.7521,3.0776],[101.7524,3.0775],[101.7528,3.0774]]]},"properties":{"name":"Lebuhraya Cheras–Kajang","kind":"Expressway","ref":"E7"}},
{"type":"Feature","geometry":{"type":"MultiLineString","coordinates":[[[101.8664,2.9072],[101.8659,2.909],[101.8654,2.9103],[101.8646,2.912],[101.8645,2.9121],[101.8634,2.9151],[101.863,2.9161],[101.8629,2.9164],[101.8629,2.9165],[101.8628,2.9167],[101.8628,2.9172],[101.8628,2.918],[101.8628,2.9183],[101.8627,2.9184],[101.8626,2.9194],[101.8626,2.9195],[101.8625,2.9197],[101.8623,2.92],[101.8625,2.9196],[101.8626,2.9194]],[[101.8707,2.8875],[101.8706,2.8871],[101.8706,2.8866],[101.8706,2.8865],[101.8706,2.8864],[101.8711,2.8826],[101.8711,2.8824],[101.8713,2.8818],[101.8713,2.8816],[101.8713,2.8815],[101.8713,2.8814],[101.8713,2.8804],[101.8718,2.879]],[[101.863,2.9166],[101.8635,2.9151],[101.8647,2.9122],[101.8647,2.9121],[101.8654,2.9103]],[[101.8488,2.9442],[101.8487,2.9443],[101.8486,2.9446],[101.8482,2.9453],[101.8486,2.9443],[101.8487,2.9442],[101.8488,2.9442],[101.8491,2.9432],[101.8494,2.9423],[101.8498,2.9414],[101.8509,2.9381],[101.8528,2.9354],[101.8536,2.9339],[101.8537,2.9336],[101.8545,2.9319],[101.8546,2.9318],[101.8547,2.9316],[101.8548,2.9315],[101.855,2.9311],[101.8558,2.9299],[101.8569,2.9273],[101.857,2.9269],[101.857,2.9268],[101.8571,2.9266],[101.8575,2.9257],[101.8576,2.9254],[101.8577,2.9253],[101.858,2.9251]],[[101.8595,2.9242],[101.8601,2.9236],[101.8603,2.9234],[101.8604,2.9231],[101.8605,2.9229],[101.8606,2.9228],[101.8608,2.9225],[101.8609,2.9222],[101.8623,2.92]],[[101.7878,2.9933],[101.7879,2.9933],[101.7882,2.9933],[101.7883,2.9933],[101.7885,2.9932],[101.7886,2.9932],[101.7889,2.9932],[101.7891,2.9932],[101.7898,2.9931],[101.7903,2.993],[101.7908,2.993],[101.7913,2.9929],[101.7914,2.9928],[101.7915,2.9928],[101.7919,2.9928],[101.7928,2.9926],[101.7929,2.9925],[101.7931,2.9925],[101.7935,2.9924],[101.7938,2.9923],[101.7949,2.9919],[101.7955,2.9917],[101.7957,2.9917],[101.796,2.9916],[101.7978,2.9915],[101.7981,2.9914],[101.7991,2.991],[101.7993,2.9909],[101.7997,2.9905],[101.8003,2.99],[101.801,2.9895],[101.8019,2.9886],[101.8025,2.9884],[101.8052,2.9879],[101.8053,2.9878],[101.8055,2.9878],[101.8062,2.9877],[101.8083,2.9873],[101.8091,2.9873],[101.8119,2.9864],[101.8133,2.9851],[101.8139,2.9847],[101.8141,2.9845],[101.8144,2.9844],[101.8145,2.9844],[101.8149,2.9842],[101.8156,2.9838],[101.8158,2.9837],[101.8162,2.9836],[101.8174,2.9824],[101.8175,2.9822],[101.8177,2.9818],[101.818,2.9813],[101.8185,2.9806],[101.8187,2.9804],[101.819,2.9802],[101.8191,2.9802],[101.8193,2.98],[101.8198,2.9799],[101.8203,2.9797],[101.8207,2.9796],[101.8214,2.9794],[101.8217,2.9793],[101.8236,2.9789],[101.8217,2.9794],[101.8209,2.9796],[101.8206,2.9797],[101.8198,2.9799],[101.8194,2.9801],[101.819,2.9803],[101.8188,2.9805],[101.8185,2.9807],[101.8182,2.981],[101.818,2.9813]],[[101.837,2.9627],[101.8382,2.9609],[101.8382,2.9608],[101.8384,2.9606],[101.8392,2.9594],[101.8412,2.9581],[101.8412,2.958],[101.8413,2.958],[101.8424,2.9568],[101.8412,2.958],[101.8411,2.958],[101.8393,2.9592],[101.8382,2.9606],[101.8381,2.9608],[101.8375,2.9618],[101.8358,2.9641],[101.8348,2.9662],[101.8346,2.967],[101.8343,2.9678],[101.8339,2.9691],[101.8334,2.9704],[101.8327,2.9718],[101.8321,2.9725],[101.8314,2.9732],[101.8311,2.9735],[101.831,2.9736],[101.83,2.9745],[101.8297,2.9747],[101.8296,2.9748],[101.8294,2.975],[101.8287,2.9756],[101.828,2.9764],[101.8288,2.9757],[101.8293,2.9753],[101.8298,2.9749],[101.8298,2.9748],[101.8305,2.9742],[101.8314,2.9734],[101.8319,2.9729],[101.8325,2.9723],[101.8334,2.9709],[101.8335,2.9707],[101.8336,2.9705],[101.8337,2.9701],[101.8341,2.9688],[101.8346,2.9673],[101.8358,2.9644],[101.837,2.9627]],[[101.8424,2.9568],[101.8445,2.955],[101.8445,2.9536],[101.8452,2.9513],[101.8454,2.951],[101.8458,2.9503],[101.8458,2.9501],[101.8467,2.9485],[101.8471,2.9476],[101.8476,2.9466],[101.8477,2.9463],[101.8478,2.9462],[101.8482,2.9453]],[[101.7915,2.9929],[101.7928,2.9927],[101.7931,2.9926],[101.7935,2.9925],[101.7938,2.9924],[101.7939,2.9924],[101.7941,2.9923],[101.7949,2.992],[101.7955,2.9918],[101.7973,2.9917],[101.7978,2.9916],[101.7981,2.9915],[101.7985,2.9914],[101.7988,2.9913],[101.7992,2.9911],[101.7993,2.991],[101.7997,2.9908],[101.8001,2.9904],[101.8003,2.9902],[101.8007,2.9898],[101.8018,2.9888],[101.8026,2.9885],[101.8033,2.9883],[101.8046,2.9881],[101.8058,2.9879],[101.8065,2.9877],[101.8076,2.9875],[101.8078,2.9875],[101.8084,2.9874],[101.8093,2.9874],[101.8116,2.9867],[101.8134,2.9852],[101.8137,2.9849],[101.8141,2.9847],[101.8143,2.9846],[101.8144,2.9845],[101.8145,2.9845],[101.8146,2.9844],[101.8152,2.9841],[101.8155,2.984],[101.8157,2.9839],[101.8158,2.9838],[101.8162,2.9836]],[[101.8533,2.9347],[101.8539,2.9334],[101.854,2.9331],[101.8542,2.9329],[101.8546,2.932],[101.8547,2.9318],[101.8548,2.9317],[101.8549,2.9315],[101.8557,2.9303],[101.8558,2.9302],[101.8558,2.9301],[101.8559,2.93],[101.8562,2.9294],[101.8565,2.9289],[101.8566,2.9287],[101.8568,2.928],[101.8569,2.9277],[101.8571,2.9271],[101.8572,2.9269],[101.8572,2.9268],[101.8584,2.925],[101.8592,2.9246],[101.8595,2.9243],[101.8599,2.924],[101.8601,2.9238],[101.8603,2.9235],[101.8604,2.9234],[101.8605,2.9233],[101.8605,2.9231],[101.8606,2.923],[101.8606,2.9228]],[[101.826,2.9779],[101.8264,2.9777],[101.8267,2.9775],[101.8268,2.9773],[101.827,2.9772],[101.8272,2.9771],[101.8277,2.9766],[101.828,2.9764]],[[101.8487,2.9441],[101.8487,2.9442]],[[101.8514,2.9376],[101.8517,2.9372],[101.853,2.9353],[101.8533,2.9347]],[[101.8509,2.9381],[101.8514,2.9376]],[[101.8491,2.9432],[101.8487,2.9441]],[[101.7909,2.993],[101.7914,2.9929],[101.7915,2.9929]],[[101.8247,2.9785],[101.8257,2.978],[101.826,2.9779]],[[101.8236,2.9789],[101.8247,2.9785]],[[101.8713,2.8804],[101.8712,2.8815],[101.8711,2.8824]],[[101.7908,2.993],[101.7909,2.993]]]},"properties":{"name":"Jalan Semenyih","kind":"Primary road","ref":"1"}},
{"type":"Feature","geometry":{"type":"MultiLineString","coordinates":[[[101.4909,3.0582],[101.4888,3.0583],[101.4846,3.0584],[101.4845,3.0584],[101.4807,3.0586]],[[101.4909,3.0582],[101.4906,3.0582],[101.4886,3.0582],[101.4848,3.0583],[101.4846,3.0583],[101.4845,3.0583],[101.4843,3.0583],[101.4808,3.0583]]]},"properties":{"name":"Jalan Sungai Rasau","kind":"Primary road"}},
{"type":"Feature","geometry":{"type":"MultiLineString","coordinates":[[[101.4825,3.0606],[101.4812,3.0593],[101.4806,3.0591],[101.4805,3.059],[101.4802,3.0588],[101.4772,3.0576],[101.4759,3.0567],[101.4758,3.0566],[101.4757,3.0565],[101.4753,3.0562],[101.4747,3.0554],[101.4745,3.055],[101.474,3.0546],[101.4736,3.0543],[101.4713,3.0534],[101.4695,3.0533],[101.4693,3.0533],[101.469,3.0533],[101.4689,3.0533],[101.4687,3.0533],[101.4685,3.0534],[101.4684,3.0534],[101.4683,3.0534],[101.4672,3.0535],[101.4668,3.0535],[101.4667,3.0535],[101.4664,3.0535],[101.4656,3.0536],[101.4651,3.0536],[101.465,3.0536],[101.4649,3.0536],[101.4644,3.0535],[101.4645,3.0535],[101.4651,3.0536]],[[101.4806,3.059],[101.4806,3.0589],[101.4803,3.0588],[101.4802,3.0588],[101.4781,3.0579],[101.4761,3.0567],[101.476,3.0566],[101.4759,3.0565],[101.4746,3.0549],[101.4741,3.0545],[101.4736,3.0543]],[[101.4812,3.0593],[101.4808,3.0591],[101.4806,3.059]]]},"properties":{"name":"Jalan Batu Tiga Lama","kind":"Primary road"}},
{"type":"Feature","geometry":{"type":"MultiLineString","coordinates":[[[101.5202,3.0667],[101.5204,3.0659],[101.5208,3.0642],[101.5216,3.0606],[101.5219,3.0597],[101.522,3.0593],[101.5222,3.0584],[101.5228,3.0564],[101.5233,3.055],[101.5237,3.0537],[101.5238,3.0533],[101.525,3.0495],[101.5254,3.048],[101.5257,3.047],[101.5258,3.0466],[101.5258,3.0463],[101.5254,3.0448],[101.5248,3.0428],[101.5248,3.0405]],[[101.5317,3.0218],[101.5325,3.0194],[101.5349,3.0158],[101.5355,3.0151],[101.536,3.0145],[101.5365,3.0138],[101.5369,3.0133],[101.5393,3.0101],[101.5399,3.0093]],[[101.5319,3.0218],[101.5325,3.0197],[101.5342,3.0173],[101.5354,3.0165],[101.5361,3.0146],[101.5366,3.0139],[101.5381,3.012],[101.54,3.0094]],[[101.5202,3.0667],[101.5204,3.0659],[101.5206,3.0648],[101.5207,3.0642],[101.5215,3.0606],[101.5218,3.0596],[101.5221,3.0584],[101.5223,3.0577],[101.5227,3.0564],[101.5232,3.0549],[101.524,3.0524],[101.5241,3.0521],[101.5242,3.0517],[101.5245,3.0508],[101.525,3.0493],[101.5254,3.048],[101.5255,3.0474],[101.5257,3.0466],[101.5257,3.0462],[101.5256,3.0455],[101.5254,3.0448],[101.5248,3.043],[101.5246,3.0416],[101.5246,3.0405]]]},"properties":{"name":"Lebuhraya Kemuning–Shah Alam","kind":"Expressway","ref":"E13"}},
{"type":"Feature","geometry":{"type":"MultiLineString","coordinates":[[[101.7528,3.0774],[101.755,3.0765],[101.7556,3.0763],[101.7583,3.0756],[101.7596,3.0752],[101.7604,3.0745],[101.7611,3.074],[101.7615,3.0736],[101.7616,3.0734],[101.762,3.0728]],[[101.7528,3.0772],[101.7549,3.0763],[101.756,3.0759],[101.7582,3.0753],[101.7594,3.0747],[101.7619,3.0724]],[[101.7699,3.0326],[101.7703,3.0337],[101.7706,3.0344],[101.7707,3.0347],[101.7709,3.0352],[101.7712,3.0359],[101.7722,3.0377],[101.7727,3.0387],[101.7733,3.0404],[101.7735,3.041],[101.7742,3.0427],[101.7745,3.0434],[101.7753,3.0453],[101.7759,3.0475],[101.776,3.0482],[101.7759,3.0488],[101.7753,3.0507],[101.7744,3.0519],[101.7741,3.0539],[101.774,3.0581]],[[101.7742,3.0581],[101.7742,3.0547],[101.7742,3.0542],[101.7742,3.0537],[101.7746,3.052],[101.7755,3.0508],[101.7765,3.0485],[101.7761,3.0464],[101.7754,3.0449],[101.7746,3.0433],[101.7743,3.0426],[101.7737,3.0411],[101.7737,3.041],[101.7734,3.0404],[101.7732,3.0396],[101.7728,3.0387],[101.7713,3.0357],[101.7712,3.0353],[101.7705,3.0338],[101.7703,3.033],[101.7702,3.0329],[101.7701,3.0325],[101.77,3.0323]],[[101.7579,3.0758],[101.76,3.0752],[101.7615,3.0736]],[[101.7556,3.0763],[101.7579,3.0758]]]},"properties":{"name":"Lebuhraya Cheras–Kajang","kind":"Expressway","ref":"E7;1"}},
{"type":"Feature","geometry":{"type":"MultiLineString","coordinates":[[[101.4658,3.0659],[101.4665,3.0656],[101.467,3.0664],[101.4679,3.0676],[101.4694,3.0691],[101.4749,3.0736],[101.475,3.0736],[101.4816,3.0772],[101.4848,3.0797],[101.4908,3.0854],[101.4973,3.0908],[101.5017,3.0938],[101.5041,3.0941],[101.5102,3.0939],[101.5164,3.0941],[101.5181,3.0942],[101.5266,3.0941],[101.5295,3.0943],[101.5352,3.0952],[101.5382,3.0951],[101.5436,3.0936],[101.5445,3.0934],[101.5475,3.0928],[101.5489,3.0929],[101.5497,3.093],[101.5503,3.093],[101.5517,3.0932],[101.5526,3.0933],[101.5545,3.0935],[101.5553,3.0936],[101.5559,3.0937],[101.5567,3.0938],[101.5576,3.0939],[101.5612,3.0953],[101.5628,3.0961],[101.5664,3.098],[101.5702,3.0996],[101.5793,3.1005],[101.5813,3.1008],[101.5854,3.1032],[101.586,3.1035],[101.5868,3.104],[101.5873,3.1043],[101.5876,3.1045],[101.5904,3.1068],[101.5909,3.1074],[101.5915,3.1085],[101.592,3.1099],[101.5922,3.1105],[101.5923,3.1112],[101.593,3.1165],[101.5932,3.1178],[101.5938,3.1204],[101.5939,3.1206],[101.5949,3.1243],[101.5952,3.1254],[101.5958,3.1277],[101.5959,3.128],[101.5962,3.1294],[101.5964,3.1307],[101.5966,3.1348],[101.5966,3.1352],[101.5966,3.1358],[101.5966,3.1368],[101.5965,3.1395],[101.5966,3.1443],[101.5973,3.149],[101.5974,3.1493],[101.5975,3.1496],[101.5977,3.151],[101.5978,3.1515],[101.598,3.153],[101.5982,3.1547],[101.5982,3.1569],[101.5982,3.1574],[101.5982,3.1579],[101.5981,3.1587],[101.5978,3.1601],[101.5977,3.1605],[101.5973,3.1629],[101.5971,3.1644],[101.5969,3.1667],[101.5974,3.1688],[101.6,3.1741],[101.6006,3.1766],[101.6004,3.1779]],[[101.6198,3.1829],[101.6187,3.1829],[101.6164,3.1829],[101.6132,3.1837],[101.6117,3.1837],[101.606,3.1827],[101.605,3.1825],[101.6034,3.1824]],[[101.6198,3.1828],[101.6187,3.1827],[101.617,3.1827],[101.6133,3.1835],[101.6117,3.1835],[101.6049,3.1824],[101.6031,3.1822]],[[101.6008,3.1771],[101.6008,3.1768],[101.6006,3.1749],[101.5975,3.1687],[101.5971,3.1654],[101.5972,3.1648],[101.5976,3.1624],[101.5983,3.1587],[101.5983,3.1582],[101.5984,3.1579],[101.5984,3.1573],[101.5984,3.1569],[101.5984,3.1554],[101.5981,3.1524],[101.5976,3.1496],[101.5976,3.1493],[101.5974,3.1485],[101.5968,3.1443],[101.5967,3.1397],[101.5967,3.1379],[101.5967,3.1358],[101.5967,3.1352],[101.5967,3.1347],[101.5967,3.1319],[101.5961,3.128],[101.596,3.1276],[101.5944,3.1217],[101.5934,3.1178],[101.5925,3.1111],[101.5924,3.1105],[101.592,3.1092],[101.5907,3.107],[101.5893,3.1055],[101.5874,3.1041],[101.5869,3.1038],[101.5817,3.1008],[101.5796,3.1004],[101.5706,3.0995],[101.5678,3.0985],[101.5606,3.0948],[101.5574,3.0937],[101.5554,3.0935],[101.5542,3.0933],[101.5526,3.0932],[101.5517,3.0931],[101.5504,3.0929],[101.5502,3.0929],[101.5494,3.0928],[101.5487,3.0928],[101.5473,3.0927],[101.5459,3.0929],[101.5383,3.0949],[101.5352,3.0951],[101.5295,3.0942],[101.5275,3.094],[101.518,3.094],[101.5164,3.094],[101.5102,3.0938],[101.5046,3.094],[101.5021,3.0938],[101.5008,3.0932],[101.4974,3.0907],[101.4902,3.0847],[101.4852,3.0799],[101.4849,3.0796],[101.4831,3.078],[101.4801,3.0763],[101.4778,3.0752],[101.4752,3.0734],[101.4751,3.0733],[101.4708,3.0701]]]},"properties":{"name":"Lebuhraya NKVE","kind":"Expressway","ref":"E1"}},
{"type":"Feature","geometry":{"type":"MultiLineString","coordinates":[[[101.5069,3.0707],[101.5098,3.0736],[101.5107,3.0738]],[[101.5106,3.0742],[101.5097,3.0737],[101.5077,3.0718],[101.5066,3.0711]],[[101.5181,3.0788],[101.5198,3.0795],[101.5219,3.0816],[101.5225,3.0822],[101.5234,3.0832],[101.5236,3.0836],[101.5236,3.0837]],[[101.5237,3.0837],[101.5237,3.0836],[101.5234,3.0829],[101.5225,3.082],[101.522,3.0815],[101.5217,3.0813],[101.5215,3.081],[101.5197,3.0793],[101.5183,3.0785]]]},"properties":{"name":"Persiaran Masjid","kind":"Primary road"}},
{"type":"Feature","geometry":{"type":"MultiLineString","coordinates":[[[101.5069,3.0704],[101.5078,3.0686],[101.5091,3.0636],[101.5094,3.0626],[101.5103,3.0599]],[[101.5098,3.0601],[101.5093,3.0625],[101.509,3.0636],[101.5075,3.069],[101.5065,3.0702]]]},"properties":{"name":"Persiaran Raja Muda","kind":"Primary road","ref":"BSA 3"}},
{"type":"Feature","geometry":{"type":"MultiLineString","coordinates":[[[101.5637,3.0252],[101.5666,3.0274],[101.5694,3.0285],[101.5719,3.0295]],[[101.5635,3.0255],[101.5658,3.0272],[101.5694,3.0287],[101.5699,3.0289],[101.5704,3.0291]]]},"properties":{"name":"Persiaran Klang","kind":"Primary road","ref":"3214"}},
{"type":"Feature","geometry":{"type":"MultiLineString","coordinates":[[[101.7179,3.0268],[101.7216,3.027],[101.7226,3.027],[101.7247,3.0268],[101.7253,3.0269],[101.7257,3.027],[101.727,3.027],[101.7282,3.0263],[101.7298,3.0249],[101.7311,3.0243],[101.7318,3.0243],[101.7325,3.0245],[101.7339,3.025],[101.7364,3.0258],[101.7387,3.0259],[101.7395,3.0259],[101.7417,3.0262],[101.7447,3.0269],[101.7463,3.0269],[101.7473,3.0267],[101.7484,3.0266],[101.7504,3.0264],[101.7529,3.0272],[101.7557,3.0283],[101.7616,3.0303],[101.7622,3.0306],[101.7629,3.0309],[101.7634,3.0311],[101.7642,3.0315],[101.7655,3.0321],[101.766,3.0324],[101.7662,3.0325],[101.7668,3.033],[101.7672,3.0335],[101.7674,3.0338],[101.7679,3.0354],[101.7686,3.0366],[101.7696,3.037],[101.7708,3.0368],[101.7718,3.036],[101.774,3.0347],[101.7752,3.0348],[101.7767,3.0354],[101.7801,3.0352],[101.7832,3.0363],[101.7834,3.0364],[101.7845,3.0368],[101.7862,3.0372],[101.7879,3.037],[101.7908,3.0361],[101.7954,3.0342],[101.7972,3.0337],[101.8015,3.0317],[101.8056,3.0302],[101.8058,3.0301],[101.806,3.0301],[101.8062,3.03],[101.8071,3.0297],[101.8092,3.0287],[101.8104,3.0281],[101.8105,3.028],[101.8127,3.0264],[101.8137,3.0255],[101.8154,3.0238],[101.8176,3.021],[101.8197,3.0173],[101.8211,3.0159],[101.8236,3.0121],[101.8285,3.0073],[101.8301,3.0052],[101.8325,3.0007],[101.8332,2.9981],[101.833,2.9959],[101.8324,2.9944],[101.8305,2.9913],[101.8301,2.9906],[101.83,2.9903],[101.8293,2.9891],[101.8292,2.9889],[101.8289,2.9884],[101.8287,2.988],[101.8279,2.9864],[101.8276,2.986],[101.8276,2.9859],[101.8275,2.9857],[101.8272,2.9852],[101.8259,2.9832],[101.8254,2.9828],[101.8233,2.9816],[101.8214,2.9805],[101.8209,2.9802],[101.8197,2.9794],[101.8167,2.9768],[101.8157,2.9758],[101.8152,2.9754],[101.8151,2.9752],[101.814,2.9746],[101.812,2.9748],[101.8104,2.9759],[101.8101,2.9761],[101.8097,2.9763],[101.8089,2.9769],[101.8072,2.978],[101.8061,2.9784],[101.8056,2.9784],[101.805,2.9784],[101.8043,2.9783],[101.7996,2.977],[101.7987,2.9769],[101.7985,2.9769],[101.7975,2.9769],[101.796,2.9769],[101.7952,2.9768],[101.7947,2.9768],[101.794,2.9768],[101.7907,2.9768],[101.7883,2.9768],[101.7881,2.9768],[101.7868,2.9769],[101.7851,2.9775],[101.785,2.9776],[101.7842,2.9778],[101.7812,2.9782],[101.7802,2.9784],[101.779,2.9786],[101.7788,2.9786],[101.7776,2.9788],[101.7772,2.9789],[101.7769,2.9789],[101.7734,2.9796],[101.7719,2.9801],[101.7704,2.9803],[101.7692,2.98],[101.7687,2.9799],[101.7675,2.9798],[101.7671,2.9798],[101.7642,2.9802],[101.763,2.9803],[101.7626,2.9803],[101.7619,2.9802],[101.7589,2.9801],[101.7592,2.98],[101.7595,2.9799],[101.7617,2.98],[101.7622,2.9802],[101.7625,2.9804],[101.7628,2.9807],[101.763,2.9812],[101.7641,2.9835],[101.7649,2.9844],[101.7672,2.987],[101.768,2.9882],[101.7681,2.9885],[101.7684,2.9891],[101.7703,2.9907],[101.7714,2.9913],[101.7732,2.9921],[101.7734,2.9922],[101.7736,2.9924],[101.774,2.9929],[101.7744,2.9939],[101.7744,2.9954],[101.7744,2.9955],[101.7744,2.9962],[101.7748,2.9977],[101.7753,2.9992],[101.7751,3.0003],[101.7747,3.001],[101.7717,3.005],[101.7715,3.0054],[101.7712,3.0059],[101.7704,3.0078],[101.7703,3.008],[101.7701,3.0085],[101.7696,3.0094],[101.7691,3.0102],[101.7689,3.0106],[101.7687,3.0109],[101.7683,3.0123],[101.7687,3.0147],[101.769,3.0153],[101.7697,3.0166],[101.7701,3.0175],[101.7702,3.0177]],[[101.7266,3.0025],[101.7265,3.0023],[101.7265,3.0022],[101.7263,2.9994],[101.7258,2.9972],[101.7256,2.995],[101.726,2.9936],[101.7263,2.993],[101.7272,2.9915],[101.7279,2.9905],[101.7294,2.9878],[101.7296,2.9876],[101.731,2.9852],[101.7314,2.9845],[101.7319,2.9836],[101.7326,2.9819],[101.7327,2.9812],[101.7329,2.9804],[101.7329,2.9803],[101.7331,2.9793],[101.7331,2.9783],[101.7327,2.9774],[101.7326,2.9773],[101.7324,2.9768],[101.7324,2.9761]],[[101.7265,3.0026],[101.7264,3.0022],[101.7262,2.9994],[101.7259,2.9978],[101.7255,2.9962],[101.7255,2.995],[101.7259,2.9936],[101.7263,2.993],[101.7294,2.9878],[101.7295,2.9876],[101.7308,2.9853],[101.7313,2.9844],[101.7325,2.9817],[101.7326,2.9812],[101.7328,2.9803],[101.7328,2.9801],[101.733,2.9793],[101.7331,2.9783],[101.7326,2.9775],[101.7323,2.9769],[101.7322,2.9763],[101.7323,2.976]],[[101.7172,3.0267],[101.7181,3.0268],[101.7186,3.0268],[101.7202,3.0267],[101.7205,3.0268],[101.721,3.0268],[101.7215,3.0269],[101.7224,3.0268],[101.7236,3.0267],[101.7241,3.0267],[101.7246,3.0266],[101.7261,3.0269],[101.7276,3.0266],[101.728,3.0264],[101.7288,3.0256],[101.7291,3.0253],[101.7294,3.0251],[101.7303,3.0245],[101.7316,3.0242],[101.7328,3.0245],[101.7337,3.0248],[101.7351,3.0254],[101.7387,3.0258],[101.7395,3.0258],[101.7427,3.0263],[101.7435,3.0265],[101.7443,3.0267],[101.7455,3.0269],[101.7496,3.0263],[101.7512,3.0264],[101.7572,3.0287],[101.7598,3.0296],[101.7609,3.0299],[101.7617,3.0302],[101.7626,3.0305],[101.763,3.0307],[101.7634,3.0309],[101.765,3.0317],[101.7661,3.0323],[101.7666,3.0326],[101.7673,3.0334],[101.768,3.0354],[101.7693,3.0369],[101.7703,3.0369],[101.7707,3.0367],[101.7709,3.0366],[101.7718,3.0359],[101.7729,3.0349],[101.7741,3.0345],[101.7752,3.0347],[101.7767,3.0352],[101.7808,3.0352],[101.7842,3.0366],[101.7862,3.0371],[101.7906,3.0361],[101.7913,3.0359],[101.7917,3.0356],[101.7937,3.0346],[101.7963,3.0338],[101.7991,3.0328],[101.8011,3.0318],[101.803,3.031],[101.8057,3.03],[101.8059,3.03],[101.8085,3.0287],[101.8102,3.0278],[101.8103,3.0277],[101.8113,3.027],[101.8129,3.0258],[101.8133,3.0256],[101.8139,3.0251],[101.8155,3.0234],[101.8174,3.0209],[101.8191,3.0179],[101.821,3.0158],[101.823,3.0125],[101.8281,3.0075],[101.8297,3.0054],[101.8303,3.0044],[101.8308,3.0035],[101.8314,3.0023],[101.8328,2.9995],[101.8328,2.996],[101.8321,2.994],[101.831,2.9925],[101.83,2.9907],[101.829,2.9888],[101.8286,2.9881],[101.8277,2.9865],[101.8275,2.9861],[101.8273,2.9858],[101.8271,2.9853],[101.8259,2.9834],[101.8257,2.9832],[101.8255,2.983],[101.825,2.9827],[101.8236,2.9819],[101.8231,2.9816],[101.8226,2.9813],[101.8208,2.9803],[101.8198,2.9796],[101.8172,2.9776],[101.8161,2.9768],[101.8148,2.9759],[101.8147,2.9758],[101.8135,2.9751],[101.8118,2.9752],[101.8073,2.9781],[101.8061,2.9785],[101.805,2.9785],[101.7985,2.977],[101.7974,2.977],[101.7958,2.977],[101.7954,2.977],[101.7948,2.977],[101.794,2.977],[101.7934,2.9769],[101.7923,2.9769],[101.7915,2.9769],[101.7907,2.977],[101.7899,2.977],[101.7883,2.977],[101.7873,2.977],[101.785,2.9777],[101.7843,2.978],[101.7833,2.978],[101.7812,2.9783],[101.7803,2.9785],[101.7787,2.9788],[101.7784,2.9788],[101.7775,2.979],[101.777,2.9791],[101.7754,2.9795],[101.7753,2.9795],[101.7735,2.9798],[101.7718,2.9804],[101.7701,2.9806],[101.7671,2.98],[101.7642,2.9804],[101.7635,2.9804],[101.7632,2.9805],[101.7627,2.9804],[101.7623,2.9804],[101.7618,2.9804],[101.7604,2.9802],[101.759,2.9802],[101.7558,2.9805],[101.7535,2.9813],[101.7518,2.982],[101.7503,2.9824],[101.748,2.9824],[101.7443,2.9816],[101.744,2.9815],[101.7431,2.9814],[101.7427,2.9813],[101.7422,2.9813],[101.7386,2.9807],[101.7372,2.9805],[101.7358,2.9806],[101.7355,2.9807],[101.7352,2.9808],[101.7343,2.981],[101.7331,2.9809],[101.7329,2.9809],[101.7324,2.9808],[101.7323,2.9808],[101.7315,2.9806],[101.7311,2.9805],[101.73,2.9799],[101.7291,2.9791],[101.7289,2.9789]],[[101.7701,3.0178],[101.77,3.0176],[101.7698,3.0171],[101.7696,3.0167],[101.7689,3.0154],[101.7686,3.0148],[101.7682,3.012],[101.7683,3.0118],[101.7685,3.0112],[101.7689,3.0102],[101.7693,3.0093],[101.7696,3.0084],[101.7699,3.0078],[101.77,3.0076],[101.7709,3.0059],[101.7712,3.0054],[101.7717,3.0047],[101.7745,3.0011],[101.7751,3],[101.7748,2.9979],[101.7745,2.9974],[101.7742,2.9962],[101.7743,2.9954],[101.7743,2.9949],[101.7743,2.9945],[101.7743,2.994],[101.774,2.9932],[101.7738,2.9928],[101.7735,2.9925],[101.7733,2.9923],[101.7713,2.9914],[101.7705,2.991],[101.7698,2.9907],[101.7687,2.9898],[101.7671,2.987],[101.7669,2.9868],[101.7665,2.9863],[101.7663,2.986],[101.7648,2.9844],[101.7634,2.9829],[101.7627,2.981],[101.7627,2.9808],[101.7628,2.9807],[101.7628,2.9805],[101.7628,2.9804],[101.7629,2.9804],[101.7629,2.9803],[101.7631,2.9801],[101.7634,2.9799],[101.7646,2.9799],[101.7653,2.9799],[101.7661,2.9799]],[[101.7522,2.982],[101.7518,2.982]],[[101.729,2.9787],[101.7293,2.979],[101.7307,2.9801],[101.7324,2.9806],[101.7329,2.9808],[101.7331,2.9808],[101.7335,2.9809],[101.7345,2.9809],[101.7356,2.9806],[101.7359,2.9805],[101.7368,2.9803],[101.7422,2.9811],[101.7427,2.9812],[101.7475,2.9821],[101.7482,2.9823],[101.7502,2.9823],[101.7536,2.9811],[101.7539,2.981],[101.7542,2.9809],[101.7563,2.9803],[101.7574,2.9802],[101.758,2.9801],[101.7586,2.9801],[101.7589,2.9801]]]},"properties":{"name":"Lebuhraya Lingkaran Penyuraian Trafik Kajang","kind":"Expressway","ref":"E18"}},
{"type":"Feature","geometry":{"type":"LineString","coordinates":[[101.7517,2.9629],[101.7514,2.9632],[101.7507,2.9637],[101.7501,2.9645],[101.7498,2.9653],[101.7498,2.9655],[101.7498,2.9656],[101.7498,2.9659],[101.7498,2.9666],[101.7498,2.968],[101.7498,2.9687],[101.7498,2.969],[101.7498,2.9691],[101.7498,2.9694],[101.7498,2.971],[101.7498,2.9732],[101.7498,2.9734],[101.7498,2.9752],[101.7498,2.9758],[101.7498,2.9761],[101.7498,2.9762],[101.7498,2.9773],[101.7498,2.9779],[101.7498,2.9784],[101.7498,2.9788],[101.7492,2.9819],[101.7499,2.979],[101.7499,2.9771],[101.7499,2.9769],[101.7499,2.9762],[101.7499,2.9761],[101.7499,2.9755],[101.7499,2.9748],[101.7499,2.9735],[101.7499,2.9712],[101.7499,2.97],[101.7499,2.9692],[101.7499,2.9691],[101.7499,2.969],[101.7499,2.9686],[101.7499,2.9666],[101.7499,2.9662],[101.7499,2.9656],[101.7499,2.9655],[101.75,2.965],[101.7502,2.9646],[101.7504,2.9643],[101.7506,2.9639],[101.7508,2.9638],[101.7514,2.9632],[101.7518,2.963]]},"properties":{"name":"Persiaran Jaya","kind":"Primary road","ref":"B81"}},
{"type":"Feature","geometry":{"type":"MultiLineString","coordinates":[[[101.5374,3.1003],[101.5374,3.102],[101.5382,3.1047],[101.5384,3.1051],[101.5385,3.1053],[101.5387,3.1057],[101.5391,3.1062],[101.5392,3.1063],[101.5396,3.1069],[101.5397,3.1071],[101.5402,3.1077],[101.5416,3.1087],[101.5453,3.1096],[101.5464,3.1099],[101.5467,3.1099],[101.5469,3.1099],[101.5472,3.11],[101.5485,3.1103],[101.5489,3.1104],[101.5509,3.1108],[101.551,3.1108],[101.5513,3.1109],[101.554,3.1114],[101.5557,3.1111],[101.5559,3.111]],[[101.5375,3.1003],[101.5375,3.1019],[101.5385,3.1051],[101.539,3.1059],[101.5391,3.106],[101.5392,3.1062],[101.5397,3.1068],[101.5403,3.1076],[101.5427,3.1089],[101.5453,3.1095],[101.5463,3.1097],[101.5468,3.1098],[101.5469,3.1098],[101.5472,3.1099],[101.5486,3.1101],[101.549,3.1102],[101.5507,3.1106],[101.5509,3.1107],[101.551,3.1107],[101.5513,3.1108],[101.554,3.1113],[101.5556,3.111],[101.5559,3.1109]]]},"properties":{"name":"Persiaran Tebar Layar","kind":"Primary road"}},
{"type":"Feature","geometry":{"type":"MultiLineString","coordinates":[[[101.5306,3.1176],[101.5307,3.1177],[101.5308,3.1178],[101.5309,3.1178],[101.5308,3.1183],[101.5298,3.1207],[101.5295,3.1233],[101.5291,3.1247],[101.5272,3.1263],[101.527,3.1265],[101.5268,3.1266],[101.5265,3.1271],[101.5263,3.1273],[101.5258,3.1288],[101.5258,3.1367],[101.5257,3.1372],[101.5257,3.1377],[101.5257,3.1378],[101.5256,3.1413],[101.5258,3.1385],[101.5258,3.1383],[101.5258,3.1379],[101.5258,3.1378],[101.526,3.1293],[101.5261,3.1282],[101.5262,3.1278],[101.5264,3.1275],[101.5288,3.1253],[101.5293,3.1247],[101.5296,3.1236],[101.5301,3.1204],[101.5307,3.1188],[101.531,3.1183]],[[101.5538,3.1537],[101.5515,3.1537],[101.5487,3.1539],[101.5477,3.154],[101.5474,3.1541],[101.547,3.1541],[101.5464,3.1542],[101.5461,3.1542],[101.546,3.1543],[101.5456,3.1543],[101.5444,3.1545],[101.5449,3.1544]],[[101.5539,3.154],[101.553,3.154],[101.5519,3.1539],[101.5513,3.1539],[101.5486,3.1541],[101.5464,3.1544],[101.546,3.1545],[101.5457,3.1545],[101.5454,3.1546],[101.545,3.1546],[101.5449,3.1547],[101.5445,3.1547],[101.5438,3.1548],[101.5424,3.1551],[101.5402,3.1559],[101.5389,3.1569],[101.5385,3.1572],[101.5381,3.1575],[101.5378,3.1578],[101.5371,3.1583],[101.5367,3.1586],[101.5366,3.1586],[101.5366,3.1587],[101.5361,3.159],[101.5356,3.1593],[101.5346,3.1599],[101.534,3.16],[101.5336,3.1601],[101.5329,3.1601],[101.5318,3.1599],[101.5298,3.1594],[101.5292,3.1593],[101.529,3.1593],[101.5259,3.1584],[101.5257,3.1583],[101.5254,3.1582],[101.5252,3.1581],[101.525,3.1579],[101.5246,3.1576],[101.5236,3.1565],[101.5232,3.1556],[101.5232,3.1554],[101.5231,3.1552],[101.5231,3.1551],[101.523,3.155],[101.523,3.1544],[101.523,3.1536],[101.5244,3.149],[101.5245,3.1487],[101.5246,3.1485],[101.5249,3.1475],[101.523,3.1536]],[[101.5251,3.1578],[101.5246,3.1576]],[[101.5254,3.1457],[101.5253,3.146],[101.5251,3.1471],[101.525,3.1472],[101.5255,3.1457],[101.5255,3.1446],[101.5255,3.1443],[101.5256,3.1417],[101.5256,3.1414],[101.5256,3.1413]],[[101.5308,3.1595],[101.53,3.1593],[101.5292,3.1591],[101.5274,3.1586],[101.5251,3.1578]],[[101.5351,3.1594],[101.5329,3.1599],[101.5318,3.1598],[101.5316,3.1597],[101.5312,3.1596],[101.5308,3.1595]],[[101.5366,3.1584],[101.5365,3.1585],[101.5359,3.1589],[101.5359,3.159],[101.5357,3.1591],[101.5351,3.1594]],[[101.5431,3.1547],[101.5424,3.1548],[101.5418,3.155],[101.5414,3.1551],[101.5411,3.1552],[101.5408,3.1553],[101.5404,3.1555],[101.5402,3.1557],[101.5396,3.1561],[101.5394,3.1562],[101.539,3.1566],[101.5389,3.1566],[101.5387,3.1568],[101.5384,3.157],[101.5383,3.1571],[101.5382,3.1572],[101.5378,3.1574],[101.5372,3.158],[101.5366,3.1584]],[[101.5254,3.1455],[101.5254,3.1457]],[[101.5255,3.1448],[101.5254,3.1455]],[[101.5255,3.1446],[101.5255,3.1448]],[[101.525,3.1472],[101.525,3.1473],[101.525,3.1474],[101.5249,3.1475]],[[101.5444,3.1545],[101.5431,3.1547]]]},"properties":{"name":"Jalan Sungai Buloh","kind":"Trunk road","ref":"287"}},
{"type":"Feature","geometry":{"type":"MultiLineString","coordinates":[[[101.4652,2.8972],[101.4659,2.8968],[101.4703,2.8942],[101.4708,2.8939],[101.4713,2.8937],[101.4804,2.8919],[101.481,2.8918],[101.4817,2.8917],[101.4818,2.8917],[101.4823,2.8916],[101.4824,2.8916],[101.4826,2.8915],[101.4828,2.8915],[101.4863,2.8908],[101.4872,2.8901],[101.4876,2.8897],[101.492,2.8848],[101.4937,2.8828],[101.4941,2.8824],[101.4945,2.8819],[101.4951,2.8812],[101.498,2.8778],[101.4983,2.8773],[101.4987,2.8769],[101.4988,2.8767],[101.4989,2.8766],[101.4991,2.8763],[101.5007,2.8744],[101.501,2.874],[101.5012,2.8738],[101.5072,2.8662],[101.5074,2.866],[101.5076,2.8657],[101.5141,2.8572],[101.5144,2.8569],[101.5147,2.8565],[101.5148,2.8563],[101.515,2.8561],[101.5174,2.8528],[101.5187,2.8498],[101.5188,2.8494],[101.5196,2.8478],[101.5218,2.8446],[101.522,2.8444],[101.5222,2.8441],[101.5225,2.8437],[101.525,2.8399],[101.5262,2.8384],[101.5304,2.8343],[101.5308,2.8339],[101.5309,2.8335],[101.5313,2.8301],[101.5311,2.8293],[101.5292,2.8243],[101.5279,2.8223],[101.5276,2.8219],[101.5275,2.8218],[101.5263,2.8209],[101.5233,2.8196],[101.5214,2.8188],[101.5171,2.817],[101.5155,2.8162],[101.5138,2.8154],[101.5111,2.8154],[101.5091,2.8149],[101.5076,2.8146],[101.5072,2.8145],[101.5061,2.8142],[101.5035,2.8136],[101.5034,2.8136],[101.5033,2.8135],[101.4999,2.8127]],[[101.4999,2.8128],[101.5035,2.8137],[101.5058,2.8142],[101.506,2.8143],[101.5069,2.8145],[101.5072,2.8145],[101.508,2.8147],[101.5083,2.8148],[101.5086,2.8149],[101.5089,2.8149],[101.5091,2.815],[101.5105,2.8155],[101.5138,2.8154],[101.5155,2.8163],[101.5214,2.8189],[101.5231,2.8197],[101.5232,2.8197],[101.5263,2.821],[101.5268,2.8212],[101.5274,2.8219],[101.5276,2.8221],[101.5277,2.8221],[101.528,2.8226],[101.5291,2.8243],[101.5308,2.8285],[101.5312,2.83],[101.531,2.8316],[101.5309,2.8327],[101.5309,2.833],[101.5301,2.8344],[101.5262,2.8382],[101.5249,2.8399],[101.523,2.8427],[101.5226,2.8432],[101.5196,2.8476],[101.5188,2.8494],[101.5186,2.8498],[101.5174,2.8527],[101.5154,2.8554],[101.5149,2.856],[101.5147,2.8562],[101.5144,2.8567],[101.5047,2.8693],[101.5015,2.8733],[101.5013,2.8734],[101.5011,2.8737],[101.5011,2.8738],[101.501,2.8739],[101.4999,2.8753],[101.4995,2.8757],[101.4993,2.876],[101.499,2.8763],[101.4988,2.8765],[101.4988,2.8766],[101.4986,2.8768],[101.4953,2.8807],[101.495,2.8811],[101.4946,2.8816],[101.4927,2.8839],[101.4924,2.8842],[101.4921,2.8846],[101.4871,2.89],[101.4862,2.8907],[101.4713,2.8936],[101.4707,2.8939],[101.469,2.8949],[101.4672,2.8959],[101.4661,2.8966],[101.4656,2.8969],[101.4652,2.8971]],[[101.4524,2.9838],[101.454,2.9823],[101.4541,2.9821],[101.456,2.9802],[101.4567,2.9793],[101.4568,2.9792],[101.4571,2.9789],[101.4606,2.9745],[101.4628,2.9713],[101.463,2.971],[101.4632,2.9705],[101.4635,2.9698],[101.464,2.9687],[101.4643,2.9681],[101.4646,2.9675],[101.4647,2.9671],[101.465,2.9661],[101.4657,2.9638],[101.4659,2.9633],[101.4669,2.9605],[101.4671,2.9597],[101.4672,2.9596],[101.4675,2.9588],[101.4676,2.9585],[101.4678,2.9579],[101.4679,2.9576],[101.4685,2.9561],[101.4695,2.9532],[101.47,2.9518],[101.47,2.9517],[101.4702,2.951],[101.4705,2.95],[101.4706,2.9498],[101.4706,2.9497],[101.4709,2.9481],[101.472,2.9424],[101.472,2.9422],[101.4721,2.9414],[101.4721,2.9409],[101.4722,2.9407],[101.4722,2.9406],[101.4727,2.9357],[101.4733,2.9289],[101.4732,2.9262],[101.4732,2.9258],[101.4732,2.9251],[101.4731,2.9238],[101.4731,2.9234],[101.4734,2.9214],[101.4735,2.921],[101.4737,2.9198],[101.4741,2.9177],[101.4741,2.9176],[101.4744,2.9147],[101.4744,2.9143],[101.4743,2.9138],[101.4733,2.9128],[101.4731,2.9127],[101.473,2.9126],[101.4712,2.9113],[101.4707,2.911],[101.4702,2.9106],[101.4701,2.9105],[101.4669,2.9081],[101.4676,2.9024],[101.4674,2.901],[101.4656,2.898],[101.4652,2.8973]],[[101.4651,2.8974],[101.4674,2.9011],[101.4674,2.9036],[101.4668,2.908],[101.4702,2.9108],[101.4703,2.9108],[101.4729,2.9127],[101.4731,2.9128],[101.4743,2.9141],[101.4742,2.9156],[101.4742,2.9158],[101.4741,2.9168],[101.4741,2.9172],[101.474,2.9176],[101.474,2.9177],[101.4739,2.9179],[101.4737,2.9189],[101.4736,2.9197],[101.4736,2.9198],[101.4731,2.9234],[101.473,2.9237],[101.4733,2.9285],[101.4726,2.9348],[101.4726,2.9351],[101.4726,2.9353],[101.4723,2.939],[101.4722,2.9392],[101.4722,2.9394],[101.4721,2.9402],[101.4718,2.9422],[101.4718,2.9424],[101.4709,2.9478],[101.4705,2.9497],[101.4704,2.9498],[101.4704,2.9499],[101.47,2.9514],[101.47,2.9515],[101.4699,2.9517],[101.4688,2.955],[101.4685,2.956],[101.4683,2.9564],[101.4682,2.9565],[101.4681,2.9569],[101.4678,2.9578],[101.4672,2.9592],[101.4671,2.9596],[101.467,2.9597],[101.4667,2.9606],[101.4666,2.961],[101.4665,2.9613],[101.4664,2.9615],[101.4654,2.9643],[101.465,2.9657],[101.465,2.9658],[101.4649,2.9661],[101.4648,2.9664],[101.4646,2.9669],[101.4645,2.9671],[101.4643,2.9677],[101.463,2.9708],[101.4622,2.972],[101.46,2.9749],[101.46,2.975],[101.4573,2.9784],[101.4566,2.9792],[101.4565,2.9793],[101.4558,2.9802],[101.4537,2.9824],[101.4529,2.9831],[101.4527,2.9834],[101.4523,2.9838]]]},"properties":{"name":"Jalan Klang Banting","kind":"Trunk road","ref":"5"}},
{"type":"Feature","geometry":{"type":"MultiLineString","coordinates":[[[101.6667,3.0867],[101.6642,3.0844],[101.6583,3.0822],[101.6561,3.0817],[101.6546,3.0817],[101.6538,3.0818],[101.6525,3.0817],[101.651,3.0817]],[[101.6668,3.0866],[101.6643,3.0843],[101.6612,3.0832],[101.6572,3.0817],[101.6561,3.0816],[101.6538,3.0817],[101.6525,3.0816],[101.6513,3.0815]],[[101.5821,3.0733],[101.5831,3.0733],[101.5843,3.0733],[101.5861,3.0733],[101.5873,3.0733],[101.5887,3.0733],[101.5904,3.0733],[101.5909,3.0733],[101.5946,3.0733],[101.5958,3.0733],[101.5978,3.0733],[101.598,3.0733],[101.5987,3.0732],[101.5996,3.0732],[101.6003,3.0732],[101.6013,3.0733],[101.6024,3.0734],[101.6027,3.0735],[101.6035,3.0736],[101.6044,3.0738],[101.6046,3.0738],[101.6063,3.0741],[101.6068,3.0741],[101.6087,3.0741],[101.6098,3.0741],[101.6132,3.0746],[101.6141,3.0746],[101.6176,3.075],[101.6184,3.0754],[101.619,3.0757],[101.6195,3.076],[101.62,3.0763],[101.6204,3.0766],[101.6206,3.0767],[101.6208,3.0767],[101.6213,3.077],[101.6218,3.0772],[101.6223,3.0776],[101.6224,3.0777],[101.6225,3.0778],[101.6228,3.0782],[101.623,3.0786],[101.6233,3.0791],[101.6234,3.0792],[101.6237,3.0797],[101.624,3.0801],[101.6242,3.0803],[101.6243,3.0804],[101.6245,3.0808],[101.6248,3.0813],[101.625,3.082],[101.6253,3.0833],[101.626,3.0843],[101.6262,3.0845],[101.6264,3.0846],[101.6268,3.0847],[101.6294,3.0846],[101.6338,3.084],[101.643,3.0825],[101.6447,3.0823],[101.6472,3.0819]],[[101.63,3.0844],[101.6276,3.0846],[101.6267,3.0845],[101.6264,3.0844],[101.6263,3.0844],[101.6261,3.0843],[101.6259,3.0841],[101.6251,3.082],[101.6249,3.0813],[101.6244,3.0803],[101.6223,3.0774],[101.6207,3.0766],[101.6201,3.0763],[101.6197,3.076],[101.6194,3.0758],[101.6191,3.0756],[101.6187,3.0754],[101.6179,3.075],[101.6177,3.0749],[101.6174,3.0748],[101.6141,3.0745],[101.6132,3.0745],[101.6103,3.0741],[101.6098,3.074],[101.6054,3.0737],[101.6044,3.0736],[101.6039,3.0735],[101.6024,3.0732],[101.6017,3.0731],[101.6009,3.0731],[101.5988,3.0731],[101.5981,3.0731],[101.5978,3.0731],[101.5968,3.0731],[101.5946,3.0731],[101.5909,3.0731],[101.5903,3.0731],[101.5894,3.0731],[101.5888,3.0731],[101.5873,3.0731],[101.5861,3.0731],[101.5847,3.0731],[101.5837,3.0731],[101.5821,3.0731]]]},"properties":{"name":"Lebuhraya Baru Pantai","kind":"Expressway","ref":"E10"}},
{"type":"Feature","geometry":{"type":"MultiLineString","coordinates":[[[101.3712,3.0171],[101.3705,3.0214],[101.3707,3.0223],[101.3712,3.0233],[101.3751,3.0276],[101.3775,3.0307],[101.3785,3.032],[101.3864,3.0406],[101.3868,3.041],[101.3873,3.0415],[101.3882,3.0428],[101.3916,3.0464],[101.392,3.0475],[101.392,3.0477],[101.3913,3.0511],[101.3912,3.0529],[101.3921,3.0562],[101.3928,3.0579],[101.3937,3.0592],[101.3953,3.0609],[101.3973,3.062],[101.4029,3.0638],[101.405,3.0641],[101.4079,3.0638],[101.4099,3.0633],[101.4103,3.0631],[101.4122,3.0629],[101.415,3.0637],[101.4163,3.0646],[101.4176,3.0662],[101.418,3.0669],[101.4189,3.0687],[101.4192,3.0694],[101.4194,3.0699],[101.4206,3.0724],[101.4209,3.073],[101.421,3.0732],[101.4219,3.0751],[101.4236,3.0786],[101.4257,3.081],[101.4274,3.0821],[101.4306,3.083],[101.4446,3.0831],[101.4463,3.0832],[101.4466,3.0831],[101.4469,3.0831],[101.4475,3.0829],[101.4481,3.0827],[101.4497,3.0804],[101.4513,3.0747],[101.4521,3.0732],[101.4536,3.0715],[101.4563,3.0678],[101.4578,3.067],[101.4601,3.0667],[101.4605,3.0667],[101.4613,3.0666],[101.4615,3.0665],[101.4631,3.0663],[101.4638,3.0663],[101.4642,3.0662],[101.465,3.0661],[101.4663,3.066],[101.467,3.0659],[101.4677,3.0659],[101.468,3.0658]],[[101.4518,3.073],[101.4528,3.0722],[101.4545,3.0697],[101.4545,3.0696],[101.4546,3.0695],[101.456,3.0678],[101.4578,3.067]],[[101.3714,3.0171],[101.3712,3.0178],[101.3712,3.0183],[101.3711,3.0188],[101.3708,3.0201],[101.3707,3.0219],[101.3712,3.0231],[101.3754,3.0278],[101.3775,3.0306],[101.3785,3.0319],[101.3788,3.0322],[101.3793,3.0328],[101.3811,3.0347],[101.3869,3.0409],[101.3915,3.0454],[101.3922,3.0465],[101.3923,3.0467],[101.3923,3.0469],[101.3922,3.0474],[101.392,3.0483],[101.3913,3.0527],[101.3916,3.0545],[101.3925,3.0571],[101.3938,3.0592],[101.3954,3.0608],[101.3981,3.0622],[101.4022,3.0635],[101.405,3.0639],[101.4072,3.0638],[101.4098,3.0631],[101.4103,3.063],[101.4128,3.0629],[101.4147,3.0634],[101.4169,3.065],[101.4177,3.0661],[101.4181,3.0668],[101.419,3.0687],[101.4221,3.0752],[101.4237,3.0786],[101.4252,3.0805],[101.4281,3.0823],[101.4301,3.0828],[101.433,3.0829],[101.4446,3.083],[101.446,3.0831],[101.4463,3.083],[101.4466,3.083],[101.4468,3.083],[101.447,3.083],[101.4474,3.0829],[101.4481,3.0825],[101.4496,3.0803],[101.4509,3.0754],[101.4511,3.0748],[101.4513,3.074],[101.4515,3.0732],[101.4516,3.073],[101.4517,3.0728],[101.4517,3.0727],[101.4537,3.0697],[101.4559,3.0674],[101.4576,3.0669],[101.4583,3.0668],[101.4611,3.0665],[101.4658,3.0659],[101.4662,3.0659],[101.4665,3.0658],[101.4671,3.0658],[101.4672,3.0658]],[[101.4518,3.0729],[101.4526,3.0722],[101.4543,3.0695],[101.4544,3.0694],[101.4544,3.0693],[101.456,3.0676],[101.4576,3.0669]]]},"properties":{"name":"Lebuhraya Baru Selat Klang Utara","kind":"Expressway","ref":"E30"}},
{"type":"Feature","geometry":{"type":"MultiLineString","coordinates":[[[101.4332,2.9961],[101.4333,2.9961],[101.4356,2.9973],[101.4356,2.9974],[101.4358,2.9974],[101.4367,2.9977],[101.4401,2.9977],[101.442,2.9971],[101.4422,2.9971],[101.4423,2.997],[101.4425,2.997],[101.4441,2.9971]],[[101.4332,2.9962],[101.4363,2.9978],[101.4374,2.9978],[101.4375,2.9978],[101.4402,2.9978],[101.4423,2.9972],[101.4423,2.9971],[101.4441,2.9972],[101.4444,2.9973]]]},"properties":{"name":"Persiaran Batu Nilam 1","kind":"Primary road"}},
{"type":"Feature","geometry":{"type":"MultiLineString","coordinates":[[[101.4302,3.0229],[101.4322,3.0184],[101.4323,3.0173],[101.4323,3.0159],[101.4322,3.0154],[101.4322,3.0151]],[[101.4321,3.0151],[101.4321,3.0155],[101.4322,3.0159],[101.4322,3.0173],[101.4321,3.0184],[101.4301,3.0228]]]},"properties":{"name":"Persiaran Pegaga","kind":"Primary road"}},
{"type":"Feature","geometry":{"type":"MultiLineString","coordinates":[[[101.4423,3.0347],[101.4418,3.0335],[101.442,3.03],[101.4421,3.0295],[101.4421,3.0294],[101.4429,3.0249],[101.4429,3.0233],[101.4428,3.0232],[101.4423,3.0214],[101.4422,3.0209],[101.442,3.0202],[101.4419,3.0199],[101.4412,3.0174],[101.4411,3.017],[101.4411,3.0169],[101.4403,3.0143],[101.4402,3.0136],[101.4401,3.013],[101.4401,3.012]],[[101.44,3.0136],[101.4401,3.0141],[101.441,3.0172],[101.4414,3.0188],[101.4417,3.0199],[101.4418,3.0201],[101.4418,3.0203],[101.4426,3.0232],[101.4426,3.0234],[101.4427,3.0249],[101.4419,3.0296],[101.4417,3.0337],[101.4428,3.036]]]},"properties":{"name":"Persiaran Tengku Ampuan Rahimah","kind":"Trunk road","ref":"5"}},
{"type":"Feature","geometry":{"type":"MultiLineString","coordinates":[[[101.7846,2.85],[101.7819,2.8507],[101.7774,2.8523],[101.7745,2.8537],[101.7702,2.8563],[101.7667,2.8573],[101.7641,2.8575],[101.7589,2.8572],[101.7544,2.8571],[101.7492,2.8567],[101.7445,2.8559],[101.7401,2.8548],[101.7394,2.8546],[101.7383,2.8544],[101.7378,2.8543],[101.7349,2.8537],[101.7292,2.8528],[101.7264,2.8521],[101.7237,2.851],[101.7203,2.8489],[101.7158,2.8461],[101.712,2.844],[101.7118,2.8439],[101.7077,2.8424],[101.7024,2.8414],[101.6979,2.8413],[101.6949,2.8416],[101.6938,2.8417],[101.6884,2.8432],[101.6858,2.8443],[101.6828,2.846],[101.6825,2.8462],[101.6819,2.8465],[101.6803,2.8476],[101.68,2.8478],[101.6797,2.848],[101.6788,2.8486],[101.6781,2.849],[101.6768,2.8495],[101.6736,2.8502],[101.6713,2.8502],[101.6687,2.8497],[101.6661,2.8489],[101.6629,2.8484],[101.661,2.8484],[101.6584,2.849],[101.6555,2.8503],[101.6552,2.8504],[101.6545,2.851],[101.654,2.8513],[101.6527,2.8523],[101.6516,2.8532],[101.6513,2.8534],[101.6458,2.8587],[101.6411,2.8644],[101.6369,2.8708],[101.6341,2.8744],[101.6273,2.881],[101.6254,2.8832],[101.6245,2.8844],[101.623,2.8867],[101.6217,2.889],[101.6121,2.9075],[101.611,2.9097],[101.6034,2.9244],[101.6025,2.926],[101.6023,2.9265],[101.5956,2.9392],[101.5949,2.9405],[101.5934,2.943],[101.5795,2.964],[101.5794,2.9642],[101.5792,2.9644],[101.5751,2.9707],[101.5733,2.9741],[101.5725,2.9764],[101.5722,2.9779],[101.572,2.9795],[101.572,2.98],[101.5721,2.9833],[101.5726,2.9856],[101.5737,2.9885],[101.5741,2.9894],[101.5763,2.9935],[101.577,2.995],[101.5776,2.9961],[101.5784,2.9976],[101.5798,3.0014],[101.5808,3.0061],[101.5808,3.007],[101.5809,3.0094],[101.5806,3.0126],[101.5795,3.0169],[101.5774,3.0218],[101.5772,3.0223],[101.5765,3.0242],[101.5762,3.0251],[101.576,3.0258],[101.5759,3.026],[101.575,3.03],[101.5748,3.0306],[101.5742,3.0331],[101.5716,3.0402],[101.5691,3.0455],[101.5688,3.046],[101.5674,3.0481],[101.5641,3.0518],[101.5631,3.053],[101.5593,3.0572],[101.5582,3.0601],[101.5582,3.0603],[101.5577,3.0634],[101.5576,3.0636],[101.5567,3.0654],[101.5558,3.0668],[101.5537,3.0713],[101.553,3.0738],[101.5519,3.0784],[101.5517,3.0803],[101.5516,3.0823],[101.5516,3.084],[101.5513,3.0859],[101.551,3.0867],[101.5506,3.0876],[101.5502,3.0884]],[[101.7815,2.8507],[101.7774,2.8521],[101.7743,2.8537],[101.7717,2.8553],[101.7681,2.8569],[101.7638,2.8574],[101.7603,2.8571],[101.7544,2.857],[101.7492,2.8567],[101.7446,2.8557],[101.7401,2.8547],[101.7395,2.8545],[101.7384,2.8543],[101.7379,2.8542],[101.735,2.8536],[101.7281,2.8524],[101.7237,2.8509],[101.7203,2.8488],[101.7158,2.8459],[101.712,2.8439],[101.7118,2.8438],[101.7095,2.8429],[101.7053,2.8417],[101.7023,2.8413],[101.699,2.8412],[101.695,2.8414],[101.6947,2.8415],[101.6945,2.8415],[101.6938,2.8416],[101.6933,2.8417],[101.692,2.842],[101.6916,2.8421],[101.6883,2.8431],[101.6833,2.8454],[101.68,2.8477],[101.6797,2.8479],[101.6788,2.8484],[101.6781,2.8488],[101.6748,2.8499],[101.6724,2.8501],[101.6701,2.8499],[101.6651,2.8485],[101.6645,2.8484],[101.6636,2.8483],[101.6631,2.8483],[101.6609,2.8483],[101.6583,2.8488],[101.6555,2.8501],[101.6536,2.8514],[101.6519,2.8528],[101.6507,2.8538],[101.6457,2.8586],[101.641,2.8644],[101.6368,2.8708],[101.6355,2.8726],[101.6345,2.8737],[101.6326,2.8756],[101.6313,2.8769],[101.6287,2.8793],[101.6258,2.8826],[101.6241,2.8848],[101.6215,2.889],[101.6148,2.902],[101.6145,2.9025],[101.6143,2.903],[101.6138,2.9038],[101.6138,2.9039],[101.6048,2.9213],[101.6043,2.9223],[101.6037,2.9233],[101.5954,2.9394],[101.5949,2.9402],[101.5933,2.9429],[101.5917,2.9455],[101.5755,2.9698],[101.5739,2.9724],[101.5724,2.9764],[101.5721,2.9779],[101.5719,2.9796],[101.5719,2.9804],[101.5719,2.982],[101.5719,2.9824],[101.5726,2.9861],[101.5733,2.9882],[101.574,2.9894],[101.5769,2.995],[101.5775,2.9962],[101.5778,2.9968],[101.5783,2.9976],[101.5791,2.9997],[101.5802,3.0035],[101.5806,3.0061],[101.5807,3.007],[101.5807,3.0106],[101.58,3.0147],[101.5794,3.0167],[101.5793,3.017],[101.5791,3.0174],[101.5786,3.0189],[101.5784,3.0193],[101.5774,3.0215],[101.5773,3.0217],[101.5771,3.0222],[101.5766,3.0233],[101.576,3.0251],[101.5758,3.0257],[101.5758,3.026],[101.5754,3.0274],[101.5748,3.0299],[101.5748,3.0303],[101.5747,3.0306],[101.5738,3.0338],[101.5716,3.0399],[101.5689,3.0455],[101.5687,3.0459],[101.5682,3.0468],[101.5669,3.0484],[101.5651,3.0505],[101.561,3.0551],[101.5589,3.0576],[101.5581,3.0601],[101.558,3.0603],[101.5576,3.0634],[101.5575,3.0636],[101.5566,3.0653],[101.5557,3.0667],[101.5536,3.0713],[101.5529,3.0738],[101.5518,3.0784],[101.5516,3.0799],[101.5515,3.0806],[101.5514,3.0822],[101.5514,3.0851],[101.5512,3.0858],[101.5509,3.0866],[101.5505,3.0876],[101.5497,3.089],[101.5494,3.0897],[101.5492,3.09]]]},"properties":{"name":"Lebuhraya Utara–Selatan Hubungan Tengah","kind":"Expressway","ref":"E6"}},
{"type":"Feature","geometry":{"type":"MultiLineString","coordinates":[[[101.6809,2.7857],[101.678,2.7846],[101.6772,2.7843],[101.6748,2.7833]],[[101.6808,2.7861],[101.6771,2.7844],[101.6748,2.7834]]]},"properties":{"name":"Jalan Pekeliling KLIA","kind":"Trunk road","ref":"27"}},
{"type":"Feature","geometry":{"type":"MultiLineString","coordinates":[[[101.6713,2.8003],[101.6708,2.8039],[101.6696,2.8086],[101.6674,2.8124],[101.6638,2.8167],[101.6618,2.8204],[101.6613,2.8221],[101.661,2.823],[101.6606,2.8273],[101.6604,2.8324],[101.6604,2.8325],[101.66,2.8374],[101.6595,2.8427],[101.6594,2.8438],[101.6593,2.8446]],[[101.6595,2.8445],[101.6601,2.8382],[101.6608,2.8325],[101.6608,2.8324],[101.6608,2.8273],[101.6612,2.823],[101.6614,2.8221],[101.6621,2.8201],[101.6627,2.8188],[101.6649,2.8156],[101.6683,2.8114],[101.6697,2.8088],[101.6708,2.8051],[101.6712,2.8026],[101.6715,2.8003]]]},"properties":{"name":"Lebuhraya KLIA","kind":"Expressway","ref":"E6"}},
{"type":"Feature","geometry":{"type":"LineString","coordinates":[[101.5098,3.0601],[101.5103,3.0599],[101.5107,3.0597],[101.5108,3.0593],[101.5107,3.059],[101.5103,3.0589],[101.5094,3.0595],[101.5096,3.0599],[101.5098,3.0601]]},"properties":{"name":"Bulatan Perusahaan","kind":"Primary road"}},
{"type":"Feature","geometry":{"type":"LineString","coordinates":[[101.5069,3.0707],[101.5069,3.0704],[101.5065,3.0702],[101.5063,3.0702],[101.506,3.0706],[101.506,3.0708],[101.5063,3.0711],[101.5066,3.0711],[101.5069,3.0707]]},"properties":{"name":"Bulatan Bestari","kind":"Primary road"}},
{"type":"Feature","geometry":{"type":"LineString","coordinates":[[101.5106,3.0742],[101.5114,3.0745],[101.5115,3.0741],[101.5114,3.0738],[101.5109,3.0737],[101.5107,3.0738],[101.5106,3.0742]]},"properties":{"name":"Bulatan Permai","kind":"Primary road"}},
{"type":"Feature","geometry":{"type":"LineString","coordinates":[[101.5328,3.0742],[101.533,3.0746],[101.5333,3.0747],[101.5336,3.0746],[101.5337,3.0742],[101.5336,3.074],[101.5333,3.0738],[101.533,3.0739],[101.5328,3.0742]]},"properties":{"name":"Bulatan Kayangan","kind":"Primary road"}},
{"type":"Feature","geometry":{"type":"LineString","coordinates":[[101.5494,3.0852],[101.5472,3.087],[101.5458,3.0874],[101.5441,3.0874],[101.5417,3.0874],[101.5415,3.0874],[101.5413,3.0874]]},"properties":{"name":"Jalan Lompat Pagar 13/37","kind":"Primary road"}},
{"type":"Feature","geometry":{"type":"MultiLineString","coordinates":[[[101.5472,3.0389],[101.5471,3.0391],[101.5454,3.0462],[101.5452,3.047],[101.5448,3.0485],[101.5444,3.0499]],[[101.5475,3.0391],[101.5473,3.0394]],[[101.5472,3.0395],[101.547,3.0401],[101.5466,3.0425],[101.5455,3.0462],[101.5453,3.047],[101.5443,3.0509],[101.5431,3.0545],[101.5429,3.0553]]]},"properties":{"name":"Persiaran Tengku Ampuan","kind":"Primary road","ref":"286"}},
{"type":"Feature","geometry":{"type":"MultiLineString","coordinates":[[[101.6078,3.0592],[101.6061,3.0592],[101.6043,3.0596],[101.6024,3.0601],[101.6018,3.0602],[101.6,3.0612],[101.5991,3.0619],[101.5988,3.0621],[101.5968,3.0628],[101.5943,3.0629],[101.5931,3.063],[101.5929,3.063],[101.5923,3.063],[101.5874,3.0633],[101.5853,3.0633],[101.5811,3.0633],[101.5791,3.0633],[101.5724,3.0632],[101.5714,3.063],[101.5704,3.0626],[101.5694,3.0617],[101.5676,3.0586],[101.5641,3.0525],[101.5636,3.0516],[101.5635,3.0515],[101.5609,3.0467],[101.5604,3.0459],[101.5593,3.0438],[101.5573,3.0403],[101.5545,3.0353],[101.5524,3.0321],[101.5508,3.0302],[101.5496,3.0289],[101.5478,3.0275],[101.545,3.0256],[101.5425,3.0239],[101.5417,3.023],[101.5403,3.0209],[101.539,3.0184],[101.5367,3.0148],[101.5359,3.0139],[101.5352,3.0131],[101.5351,3.013],[101.5341,3.0118],[101.5338,3.0114],[101.528,3.0046],[101.522,2.9975],[101.5219,2.9975],[101.5219,2.9974],[101.5172,2.9919],[101.5155,2.9901],[101.5119,2.988],[101.5084,2.9869],[101.5005,2.9847],[101.4978,2.9839],[101.4937,2.9829],[101.492,2.9828],[101.4912,2.9827],[101.4905,2.9827],[101.4867,2.9826],[101.4826,2.9825],[101.48,2.9824],[101.4775,2.9824],[101.4746,2.9827],[101.4668,2.9846],[101.4646,2.985],[101.4602,2.9852],[101.4553,2.9847],[101.4504,2.984],[101.4471,2.9838],[101.446,2.9838],[101.4439,2.9838],[101.4435,2.9838]],[[101.6084,3.059],[101.6085,3.059],[101.6117,3.0563],[101.6128,3.0556],[101.615,3.0553],[101.6168,3.0559],[101.6172,3.0562],[101.6178,3.0567],[101.618,3.057],[101.6196,3.0588],[101.6208,3.0602],[101.6213,3.0607],[101.6254,3.0627],[101.6314,3.0663],[101.6318,3.0664],[101.6358,3.0684],[101.6437,3.0701],[101.6455,3.0701],[101.6484,3.0696],[101.6504,3.0688],[101.6507,3.0686]],[[101.6506,3.0685],[101.6503,3.0687],[101.6484,3.0695],[101.6454,3.07],[101.6444,3.07],[101.6372,3.0686],[101.6355,3.0682],[101.6318,3.0663],[101.6315,3.0662],[101.6263,3.063],[101.6214,3.0606],[101.6206,3.0598],[101.6198,3.0588],[101.6184,3.0572],[101.6181,3.0568],[101.6175,3.0562],[101.6173,3.0561],[101.617,3.0559],[101.6166,3.0556],[101.6149,3.0552],[101.6127,3.0555],[101.6116,3.0562],[101.6099,3.0576],[101.6083,3.0583],[101.6083,3.0584],[101.6081,3.0584],[101.6059,3.0591],[101.6028,3.0598],[101.6014,3.0602],[101.5991,3.0617],[101.5988,3.062],[101.5968,3.0626],[101.5943,3.0628],[101.5932,3.0628],[101.5929,3.0629],[101.5926,3.0629],[101.5895,3.0631],[101.5891,3.0631],[101.5865,3.0631],[101.5853,3.0631],[101.5791,3.0631],[101.5728,3.0631],[101.5715,3.0629],[101.5704,3.0624],[101.569,3.0607],[101.5662,3.0559],[101.565,3.0537],[101.5643,3.0524],[101.5637,3.0514],[101.5634,3.051],[101.5614,3.0474],[101.5607,3.0461],[101.5589,3.0428],[101.557,3.0396],[101.5546,3.0353],[101.5529,3.0325],[101.551,3.0301],[101.5497,3.0288],[101.5467,3.0264],[101.5427,3.0238],[101.5418,3.0229],[101.5404,3.0208],[101.5393,3.0185],[101.5365,3.0144],[101.5362,3.014],[101.5358,3.0136],[101.5329,3.0101],[101.5319,3.0089]],[[101.5309,3.0077],[101.5241,2.9998],[101.5223,2.9972],[101.5222,2.9971],[101.5196,2.9944],[101.5164,2.9908],[101.5141,2.989],[101.5114,2.9877],[101.5097,2.9872],[101.5064,2.9863],[101.4995,2.9843],[101.4976,2.9838],[101.4949,2.983],[101.4915,2.9826],[101.4903,2.9826],[101.4886,2.9826],[101.4867,2.9825],[101.48,2.9823],[101.4775,2.9823],[101.4741,2.9827],[101.4701,2.9837],[101.4688,2.984],[101.4686,2.984],[101.4667,2.9845],[101.4645,2.9849],[101.4614,2.9851],[101.458,2.9849],[101.4558,2.9846],[101.4537,2.9843],[101.4504,2.9839],[101.4489,2.9837],[101.4438,2.9837],[101.4435,2.9837]]]},"properties":{"name":"Lebuhraya Shah Alam","kind":"Expressway","ref":"E5"}},
{"type":"Feature","geometry":{"type":"LineString","coordinates":[[101.4435,3.0363],[101.4432,3.036],[101.4428,3.036],[101.4428,3.0361],[101.4427,3.0361],[101.4427,3.0362],[101.4427,3.0363],[101.4428,3.0365],[101.443,3.0368],[101.4432,3.0369],[101.4433,3.037],[101.4434,3.0369],[101.4436,3.0368],[101.4437,3.0368],[101.4437,3.0366],[101.4435,3.0363]]},"properties":{"name":"Bulatan Simpang Lima","kind":"Trunk road","ref":"5"}},
{"type":"Feature","geometry":{"type":"MultiLineString","coordinates":[[[101.5169,3.0778],[101.5141,3.0755],[101.514,3.0755],[101.5137,3.0753],[101.5115,3.0741]],[[101.5114,3.0745],[101.5136,3.0754],[101.5139,3.0756],[101.514,3.0756],[101.5167,3.078]]]},"properties":{"name":"Persiaran Masjid","kind":"Primary road","ref":"BSA4"}},
{"type":"Feature","geometry":{"type":"LineString","coordinates":[[101.5183,3.0785],[101.5169,3.0778],[101.5167,3.078],[101.5181,3.0788],[101.5183,3.0785]]},"properties":{"name":"Bulatan Setia Jasa","kind":"Primary road"}},
{"type":"Feature","geometry":{"type":"MultiLineString","coordinates":[[[101.7708,3.0287],[101.7718,3.0278],[101.7725,3.0273],[101.7726,3.0272],[101.773,3.0268],[101.7726,3.0271],[101.7724,3.0272],[101.7718,3.0278],[101.7707,3.0286]],[[101.7878,2.9933],[101.7877,2.9934],[101.7876,2.9952],[101.7876,2.9956],[101.7876,2.9959],[101.7876,2.9964],[101.7876,2.9965],[101.7872,2.997],[101.7869,2.9973],[101.7862,2.9979],[101.7861,2.9981],[101.7852,2.999],[101.7851,2.9992],[101.7831,3.0016],[101.7831,3.0017],[101.783,3.0019],[101.7829,3.0022],[101.7828,3.0025],[101.7827,3.0027],[101.7826,3.0032],[101.7826,3.0033],[101.7826,3.0034],[101.7825,3.0038],[101.7824,3.0039],[101.7824,3.004],[101.7825,3.004],[101.7824,3.0044],[101.7824,3.0047],[101.7825,3.0044],[101.7825,3.004],[101.7826,3.0038],[101.7826,3.0035],[101.7827,3.0033],[101.7826,3.0032],[101.7827,3.0032],[101.7828,3.0029],[101.783,3.0022],[101.7835,3.0012],[101.784,3.0007],[101.7842,3.0004],[101.7844,3.0001],[101.7851,2.9993],[101.7852,2.9992],[101.7862,2.9981],[101.7863,2.998],[101.7867,2.9976],[101.7869,2.9974],[101.7871,2.9972],[101.7873,2.997],[101.7876,2.9968],[101.7877,2.9965],[101.7877,2.9957],[101.7878,2.9938],[101.7878,2.9934]],[[101.7748,3.0235],[101.7747,3.0237],[101.7735,3.0263],[101.7732,3.0266],[101.773,3.0268]],[[101.7824,3.0047],[101.7823,3.0049],[101.7816,3.0073],[101.7776,3.0139],[101.7774,3.0143],[101.7774,3.0144],[101.7773,3.0146],[101.7771,3.0155],[101.777,3.0162],[101.7769,3.0164],[101.7768,3.0167],[101.7764,3.0182],[101.7754,3.0222],[101.7751,3.0227],[101.7748,3.0235]]]},"properties":{"name":"Jalan Cheras","kind":"Primary road","ref":"1"}},
{"type":"Feature","geometry":{"type":"MultiLineString","coordinates":[[[101.6888,2.7546],[101.6894,2.7525],[101.6905,2.7511],[101.6927,2.7503],[101.6948,2.7506],[101.6966,2.7518]],[[101.7051,2.7604],[101.6982,2.7557],[101.6937,2.7525],[101.6933,2.7524],[101.6918,2.7522],[101.6903,2.7527],[101.6889,2.7546]]]},"properties":{"name":"Lebuhraya KLIA","kind":"Primary road"}},
{"type":"Feature","geometry":{"type":"LineString","coordinates":[[101.7002,2.7521],[101.7018,2.7532],[101.7022,2.7537],[101.7024,2.7539],[101.7027,2.7541],[101.7053,2.7559],[101.706,2.7564],[101.7079,2.7582],[101.7082,2.7587]]},"properties":{"name":"KLIA Arrival","kind":"Primary road"}},
{"type":"Feature","geometry":{"type":"LineString","coordinates":[[101.7015,2.7532],[101.7019,2.7535],[101.7027,2.7541],[101.7053,2.7558],[101.7063,2.7563],[101.7077,2.7576],[101.7082,2.7587]]},"properties":{"name":"KLIA Departure","kind":"Primary road"}},
{"type":"Feature","geometry":{"type":"LineString","coordinates":[[101.5063,3.0702],[101.5046,3.0707],[101.5013,3.0736],[101.501,3.0741],[101.5007,3.0746],[101.5001,3.0762],[101.499,3.0771],[101.4971,3.0777],[101.4968,3.0777],[101.4961,3.078],[101.4951,3.0784],[101.4948,3.0786],[101.4947,3.0787],[101.4949,3.0787],[101.4952,3.0786],[101.4991,3.0772],[101.5001,3.0765],[101.5005,3.0755],[101.5006,3.0752],[101.5007,3.0749],[101.5008,3.0747],[101.5018,3.0732],[101.5048,3.0708],[101.506,3.0706]]},"properties":{"name":"Persiaran Tun Arshad Ayub","kind":"Primary road"}},
{"type":"Feature","geometry":{"type":"MultiLineString","coordinates":[[[101.6626,2.9238],[101.6627,2.9238],[101.6646,2.9231],[101.6654,2.9226],[101.6659,2.9222],[101.666,2.9221],[101.6669,2.921],[101.6686,2.9171],[101.6692,2.9141],[101.6693,2.914],[101.6696,2.9112],[101.6692,2.9102],[101.6682,2.9098],[101.666,2.9097],[101.6646,2.9099],[101.662,2.911]],[[101.6621,2.9112],[101.6646,2.91],[101.6656,2.9098],[101.6684,2.91],[101.6695,2.9113],[101.6691,2.9139],[101.6691,2.914],[101.6686,2.9169],[101.6668,2.9208],[101.6659,2.9221],[101.6658,2.9221],[101.6653,2.9226],[101.6647,2.923],[101.664,2.9233],[101.6627,2.9237],[101.6626,2.9237]],[[101.6588,2.9234],[101.6582,2.9232]],[[101.6582,2.9231],[101.6595,2.9234]],[[101.5171,3.0691],[101.5172,3.0689],[101.5172,3.0687],[101.517,3.069],[101.517,3.0691]]]},"properties":{"name":"Persiaran Tasik","kind":"Primary road"}},
{"type":"Feature","geometry":{"type":"LineString","coordinates":[[101.5252,3.0465],[101.525,3.0469],[101.525,3.0472],[101.5255,3.0475],[101.5256,3.0475],[101.5258,3.0475],[101.526,3.0474],[101.5262,3.0469],[101.5261,3.0466],[101.5259,3.0464],[101.5257,3.0464],[101.5255,3.0464],[101.5254,3.0464],[101.5252,3.0465]]},"properties":{"name":"Bulatan Jubli Perak","kind":"Primary road"}},
{"type":"Feature","geometry":{"type":"MultiLineString","coordinates":[[[101.5225,3.068],[101.5225,3.0697],[101.5224,3.0699],[101.5224,3.07]],[[101.5232,3.0679],[101.5226,3.0697],[101.5225,3.0699],[101.5225,3.07]]]},"properties":{"name":"Persiaran Bandaraya","kind":"Primary road"}},
{"type":"Feature","geometry":{"type":"MultiLineString","coordinates":[[[101.5196,3.069],[101.5202,3.0667]],[[101.5202,3.0667],[101.5197,3.0691]]]},"properties":{"name":"Persiaran Sultan","kind":"Expressway"}},
{"type":"Feature","geometry":{"type":"MultiLineString","coordinates":[[[101.4437,3.0368],[101.4459,3.038],[101.4462,3.0386],[101.4465,3.0392]],[[101.4488,3.0467],[101.4488,3.0463],[101.4488,3.0462],[101.4487,3.0459],[101.4478,3.0429],[101.4477,3.0426],[101.4477,3.0422],[101.4476,3.042],[101.4474,3.0415],[101.4473,3.0413],[101.4465,3.0393]],[[101.4492,3.0467],[101.4488,3.0461],[101.4478,3.0429],[101.4478,3.0425],[101.4477,3.0422],[101.4475,3.0417],[101.4474,3.0415],[101.4467,3.0395],[101.4466,3.0393],[101.4463,3.0386],[101.446,3.0379],[101.444,3.0367],[101.4437,3.0366]]]},"properties":{"name":"Jalan Tengku Kelana","kind":"Trunk road"}},
{"type":"Feature","geometry":{"type":"MultiLineString","coordinates":[[[101.7105,3.0183],[101.7134,3.0204],[101.7136,3.0204],[101.7138,3.0205],[101.7156,3.0199],[101.7176,3.0164],[101.719,3.0146],[101.7192,3.0144],[101.7195,3.0138],[101.7196,3.0138],[101.7221,3.0096],[101.7225,3.0083]],[[101.7106,3.018],[101.7107,3.0183],[101.7136,3.0203],[101.7155,3.0198],[101.7161,3.019],[101.7164,3.0184],[101.7164,3.0183],[101.7165,3.0182],[101.7166,3.0179],[101.7169,3.0174],[101.717,3.0173],[101.7171,3.0172],[101.7174,3.0166],[101.7178,3.0161],[101.7179,3.016],[101.719,3.0146],[101.7191,3.0144],[101.7193,3.0139],[101.7194,3.0138],[101.7195,3.0137],[101.7196,3.0136],[101.7218,3.0099],[101.722,3.0096],[101.722,3.0095]]]},"properties":{"name":"Jalan Raya 2","kind":"Primary road","ref":"B13"}},
{"type":"Feature","geometry":{"type":"LineString","coordinates":[[101.7105,3.0183],[101.7106,3.018],[101.7106,3.0179],[101.7103,3.0176],[101.7102,3.0177],[101.7099,3.0179],[101.7099,3.0181],[101.7102,3.0184],[101.7105,3.0183]]},"properties":{"name":"Bulatan Sri Serdang","kind":"Primary road","ref":"B13"}},
{"type":"Feature","geometry":{"type":"MultiLineString","coordinates":[[[101.7083,3.0254],[101.7087,3.0246],[101.7087,3.0242],[101.7088,3.0236],[101.7088,3.0234],[101.7089,3.0223],[101.7089,3.0222],[101.7089,3.022],[101.709,3.0208],[101.709,3.0205],[101.709,3.0198],[101.7092,3.0198],[101.7093,3.0194],[101.7094,3.0193],[101.7095,3.0191],[101.7099,3.0184],[101.7099,3.0181]],[[101.7076,3.0243],[101.7087,3.0242]],[[101.7102,3.0184],[101.7095,3.0194],[101.7094,3.0195],[101.7092,3.0198],[101.7092,3.02]]]},"properties":{"name":"Jalan Raya 1","kind":"Primary road"}},
{"type":"Feature","geometry":{"type":"MultiLineString","coordinates":[[[101.722,3.0095],[101.7221,3.0093],[101.7225,3.0083],[101.7227,3.0078],[101.7245,3.0031],[101.7249,3.0025],[101.7256,3.0017],[101.7259,3.0014],[101.7261,3.0012]],[[101.7261,3.0013],[101.7259,3.0015],[101.7245,3.0031]]]},"properties":{"name":"Jalan UPM","kind":"Primary road","ref":"B13"}},
{"type":"Feature","geometry":{"type":"MultiLineString","coordinates":[[[101.6518,2.9462],[101.6519,2.9501],[101.6518,2.9539],[101.6526,2.9555],[101.6538,2.9572],[101.6541,2.9584],[101.6542,2.959],[101.6543,2.9596],[101.6562,2.9637],[101.6594,2.9669],[101.6608,2.9678],[101.6657,2.9702],[101.6669,2.9709],[101.6731,2.9739],[101.6743,2.9745],[101.6791,2.9771],[101.6805,2.9782],[101.682,2.9802],[101.6829,2.9821],[101.6833,2.9845],[101.6833,2.9958],[101.6833,2.9979],[101.6832,3.0108],[101.6838,3.0205],[101.6842,3.0264],[101.6853,3.0438],[101.6855,3.0467]],[[101.6854,3.0467],[101.6852,3.0438],[101.6841,3.0264],[101.6838,3.0217],[101.6837,3.0208],[101.6831,3.0108],[101.683,3.0101],[101.6831,2.998],[101.6831,2.9958],[101.6831,2.994],[101.6832,2.985],[101.6831,2.9841],[101.6827,2.9823],[101.6815,2.9798],[101.6793,2.9774],[101.6741,2.9746],[101.6728,2.974],[101.6669,2.971],[101.6658,2.9704],[101.6605,2.9678],[101.6578,2.9657],[101.6561,2.9638],[101.6542,2.9596],[101.654,2.959],[101.6539,2.9584],[101.6535,2.957],[101.6518,2.9546],[101.6517,2.9527],[101.6515,2.9501],[101.6516,2.9471]]]},"properties":{"name":"Lebuhraya Maju","kind":"Expressway","ref":"E20"}},
{"type":"Feature","geometry":{"type":"MultiLineString","coordinates":[[[101.6303,3.1308],[101.6293,3.1307],[101.6287,3.1308],[101.6276,3.1311],[101.6253,3.1316],[101.6239,3.1319],[101.6232,3.132],[101.6212,3.1322],[101.6206,3.1322],[101.6195,3.1323],[101.6192,3.1324],[101.6137,3.1329],[101.6132,3.1329],[101.6115,3.1331],[101.6093,3.1334],[101.6064,3.1337],[101.6059,3.1337],[101.6055,3.1338],[101.605,3.1338],[101.6045,3.1339],[101.6041,3.1339]],[[101.644,3.1281],[101.646,3.1279],[101.6476,3.1295]],[[101.6346,3.1324],[101.6358,3.1324],[101.6382,3.131]],[[101.6041,3.1341],[101.6044,3.1341],[101.605,3.134],[101.6055,3.1339],[101.6059,3.1339],[101.6067,3.1338],[101.6095,3.1335],[101.6096,3.1334],[101.6107,3.1333],[101.6115,3.1332],[101.6132,3.133],[101.6138,3.133],[101.6193,3.1324],[101.6195,3.1324],[101.6199,3.1324],[101.6203,3.1324],[101.6209,3.1323],[101.6221,3.1322],[101.6232,3.1321],[101.6239,3.132],[101.6253,3.1317],[101.6276,3.1312],[101.6302,3.1309],[101.6313,3.1316]],[[101.6368,3.1321],[101.6354,3.1325]]]},"properties":{"name":"Damansara Link","kind":"Expressway","ref":"E23"}},
{"type":"Feature","geometry":{"type":"MultiLineString","coordinates":[[[101.4415,3.0355],[101.4425,3.036],[101.4428,3.0362],[101.4429,3.0363],[101.4432,3.0367],[101.4433,3.0369],[101.4433,3.0371],[101.4433,3.0375],[101.4429,3.0386],[101.4426,3.0399],[101.4425,3.0416],[101.4429,3.0427],[101.4435,3.0434],[101.4454,3.0444],[101.4458,3.0448]],[[101.4416,3.0355],[101.4425,3.0359],[101.4428,3.0361],[101.4432,3.0364],[101.4433,3.0367],[101.4434,3.0369],[101.4434,3.037],[101.4434,3.0378],[101.443,3.0386],[101.4428,3.04],[101.4426,3.0413],[101.443,3.0426],[101.4441,3.0437],[101.4444,3.0438],[101.4457,3.0444],[101.4459,3.0447]]]},"properties":{"name":"Jalan Jambatan Kota","kind":"Trunk road","ref":"2"}},
{"type":"Feature","geometry":{"type":"MultiLineString","coordinates":[[[101.7035,2.9758],[101.7056,2.9754],[101.7066,2.9749],[101.7072,2.9744],[101.708,2.9737],[101.7088,2.9731],[101.7092,2.9727],[101.7097,2.9723],[101.7118,2.9716],[101.7137,2.9715],[101.7144,2.9715],[101.7152,2.9715],[101.7166,2.9713],[101.7196,2.9713],[101.7197,2.9713],[101.7203,2.9716],[101.7212,2.9724],[101.7215,2.9729],[101.7228,2.9753],[101.7229,2.9755],[101.723,2.9757],[101.7234,2.976],[101.7238,2.9763],[101.7258,2.9772],[101.7277,2.9779],[101.7287,2.9787],[101.7289,2.9789]],[[101.6984,2.9767],[101.6964,2.977],[101.6942,2.9771],[101.693,2.9766],[101.6903,2.9743],[101.6899,2.974],[101.6891,2.9737],[101.6864,2.9732],[101.686,2.9732],[101.6818,2.973],[101.6801,2.973],[101.6781,2.9733],[101.6765,2.9737],[101.6754,2.9739],[101.6729,2.9745],[101.6725,2.9746],[101.6704,2.9751],[101.6687,2.9751],[101.6684,2.9751],[101.668,2.975],[101.6667,2.9745],[101.6655,2.9741],[101.6639,2.9738],[101.6633,2.9739],[101.6611,2.9744],[101.6598,2.9747],[101.6593,2.9748],[101.6538,2.9761],[101.6518,2.9766],[101.6517,2.9766],[101.6469,2.9777],[101.646,2.9779],[101.6455,2.978],[101.6429,2.9785],[101.6423,2.9786],[101.6399,2.9787],[101.6369,2.9784],[101.6344,2.9776],[101.6319,2.9765],[101.6303,2.9754],[101.6278,2.9732],[101.6262,2.9712],[101.6259,2.9706],[101.6215,2.964],[101.6212,2.9636],[101.6178,2.9584],[101.6173,2.9562],[101.6173,2.9526],[101.6173,2.9521],[101.6172,2.9516],[101.617,2.9512],[101.6169,2.9509],[101.6167,2.9506],[101.6164,2.9502],[101.6158,2.9495],[101.6137,2.9486],[101.6119,2.9486],[101.6103,2.948],[101.6082,2.946],[101.6076,2.9456],[101.6042,2.9436],[101.6026,2.943],[101.6017,2.9428],[101.5973,2.9425],[101.5948,2.9425],[101.5929,2.9426],[101.5889,2.9426],[101.588,2.9427],[101.5841,2.9426],[101.5813,2.9422],[101.58,2.9417],[101.5795,2.9415],[101.5779,2.9409],[101.5754,2.9411],[101.5736,2.9417],[101.571,2.9424],[101.5682,2.9425],[101.5663,2.9423],[101.5641,2.9416],[101.5621,2.9407],[101.5597,2.9392],[101.547,2.9293],[101.5465,2.9289],[101.5454,2.9279],[101.5396,2.9213],[101.5357,2.9178],[101.5337,2.9165],[101.532,2.9155],[101.5281,2.9139],[101.5254,2.9132],[101.5226,2.9127],[101.5221,2.9127],[101.5167,2.9124],[101.5146,2.9123],[101.5123,2.9121],[101.509,2.9116],[101.5083,2.9114],[101.5038,2.9095],[101.5012,2.9079],[101.5001,2.9072],[101.4946,2.9036]],[[101.729,2.9787],[101.7277,2.9777],[101.7259,2.9771],[101.7256,2.9771],[101.7239,2.9763],[101.7222,2.9743],[101.7216,2.9728],[101.7203,2.9715],[101.7197,2.9711],[101.7172,2.9711],[101.7141,2.9714],[101.7137,2.9714],[101.7112,2.9715],[101.7096,2.9722],[101.7087,2.9729],[101.7062,2.9749],[101.7056,2.9752],[101.7054,2.9753],[101.698,2.9766],[101.6962,2.9769],[101.695,2.977],[101.6928,2.9764],[101.6904,2.9743],[101.69,2.9739],[101.689,2.9734],[101.6882,2.9732],[101.6873,2.9731],[101.6866,2.973],[101.6864,2.973],[101.6861,2.973],[101.6857,2.9729],[101.6812,2.9728],[101.6789,2.973],[101.6781,2.9732],[101.6766,2.9735],[101.6763,2.9736],[101.6761,2.9736],[101.6745,2.9741],[101.6739,2.9741],[101.673,2.9743],[101.6721,2.9745],[101.6711,2.9748],[101.6698,2.975],[101.6689,2.975],[101.6683,2.9749],[101.6667,2.9744],[101.6656,2.974],[101.6643,2.9736],[101.6588,2.9748],[101.6576,2.9751],[101.6569,2.9752],[101.6519,2.9764],[101.6518,2.9764],[101.6478,2.9773],[101.646,2.9778],[101.6453,2.9779],[101.6429,2.9784],[101.6423,2.9785],[101.6385,2.9785],[101.6357,2.978],[101.6332,2.977],[101.6304,2.9753],[101.6285,2.9738],[101.6263,2.9712],[101.626,2.9706],[101.6216,2.9639],[101.6213,2.9635],[101.6179,2.9583],[101.6174,2.9562],[101.6174,2.9526],[101.6172,2.9516],[101.6171,2.9512],[101.617,2.9508],[101.6168,2.9505],[101.6165,2.9502],[101.616,2.9496],[101.6147,2.9487],[101.6118,2.9484],[101.6104,2.9479],[101.6083,2.946],[101.6076,2.9454],[101.6042,2.9435],[101.6027,2.9429],[101.6017,2.9427],[101.5973,2.9423],[101.5949,2.9424],[101.593,2.9424],[101.5889,2.9425],[101.5881,2.9425],[101.5855,2.9425],[101.5849,2.9425],[101.5835,2.9425],[101.5809,2.942],[101.5788,2.941],[101.5765,2.9407],[101.5721,2.9421],[101.5697,2.9424],[101.566,2.9421],[101.5642,2.9415],[101.5609,2.9398],[101.547,2.9292],[101.5466,2.9288],[101.5439,2.9261],[101.5397,2.9211],[101.5358,2.9177],[101.5338,2.9163],[101.5325,2.9156],[101.531,2.9149],[101.5281,2.9137],[101.5255,2.9131],[101.5221,2.9126],[101.5147,2.9122],[101.5109,2.9119],[101.509,2.9114],[101.5083,2.9112],[101.5046,2.9098],[101.5012,2.9078],[101.5001,2.9071],[101.4947,2.9036]]]},"properties":{"name":"Lebuhraya Lembah Klang Selatan","kind":"Expressway","ref":"E26"}},
{"type":"Feature","geometry":{"type":"MultiLineString","coordinates":[[[101.4479,3.0473],[101.4487,3.0485],[101.4488,3.0486],[101.4489,3.0488],[101.4493,3.049],[101.4495,3.049],[101.4499,3.049],[101.4523,3.0489]],[[101.4523,3.049],[101.4494,3.0491],[101.4493,3.0491],[101.4492,3.049],[101.4491,3.049],[101.4489,3.0488],[101.4487,3.0487],[101.4486,3.0486],[101.4478,3.0473]]]},"properties":{"name":"Persiaran Sultan Ibrahim","kind":"Trunk road","ref":"2"}},
{"type":"Feature","geometry":{"type":"MultiLineString","coordinates":[[[101.525,3.069],[101.5251,3.0691],[101.5251,3.0693],[101.5255,3.0702],[101.5256,3.0714],[101.5255,3.0733],[101.5255,3.0736],[101.5255,3.0737],[101.5254,3.0741],[101.5251,3.0759],[101.5242,3.0775],[101.5241,3.0777],[101.524,3.0779],[101.5239,3.0781],[101.5229,3.0799],[101.5219,3.081],[101.5217,3.0813],[101.5219,3.0811],[101.5229,3.08],[101.524,3.0782],[101.5241,3.078],[101.5242,3.0778],[101.5243,3.0776],[101.5254,3.0753],[101.5256,3.0741],[101.5256,3.0733]],[[101.5256,3.0733],[101.5257,3.0713],[101.5256,3.0703],[101.5253,3.0695],[101.5252,3.0691],[101.5251,3.069]]]},"properties":{"name":"Persiaran Damai","kind":"Primary road","ref":"BSA 6"}},
{"type":"Feature","geometry":{"type":"MultiLineString","coordinates":[[[101.6547,3.2466],[101.6544,3.2462],[101.6543,3.246],[101.6528,3.244],[101.6511,3.2425],[101.6455,3.2399],[101.6454,3.2399],[101.6453,3.2398],[101.6452,3.2398],[101.6441,3.239],[101.6428,3.2377],[101.6426,3.2375],[101.6425,3.2373],[101.6411,3.2352],[101.6407,3.2334],[101.6389,3.2312],[101.638,3.2285]],[[101.6546,3.2467],[101.6544,3.2464],[101.6543,3.2463],[101.6542,3.246],[101.6529,3.2443],[101.6528,3.2442],[101.6527,3.2441],[101.651,3.2425],[101.6507,3.2424],[101.6504,3.2423],[101.6493,3.2418],[101.6476,3.241],[101.6459,3.2402],[101.6455,3.2401],[101.6453,3.24],[101.6452,3.2399],[101.6451,3.2399],[101.644,3.2391],[101.6428,3.2379],[101.6425,3.2376],[101.6421,3.2369],[101.6418,3.2365],[101.641,3.2352],[101.6404,3.2331],[101.6386,3.2308],[101.6377,3.2275]],[[101.6392,3.2227],[101.639,3.223],[101.6387,3.2235],[101.6383,3.224],[101.6381,3.2243],[101.6377,3.2248],[101.6374,3.2264]]]},"properties":{"name":"Lebuhraya Selayang Kepong","kind":"Primary road"}},
{"type":"Feature","geometry":{"type":"MultiLineString","coordinates":[[[101.4737,2.7766],[101.4735,2.7767],[101.4612,2.7838],[101.4609,2.7839],[101.4607,2.7835],[101.4534,2.7702],[101.4434,2.7521],[101.4446,2.7506],[101.4469,2.7463],[101.4503,2.7394],[101.4504,2.7392],[101.4519,2.7362],[101.452,2.7359],[101.4542,2.7317],[101.456,2.728],[101.456,2.7278],[101.456,2.7258],[101.4566,2.7241],[101.4619,2.7144],[101.4667,2.7052],[101.4708,2.7019],[101.4861,2.6929],[101.4948,2.6876],[101.5012,2.6839],[101.5048,2.6799],[101.505,2.6797],[101.508,2.6779],[101.513,2.6761],[101.5187,2.6749],[101.5238,2.6727],[101.5279,2.6735],[101.5317,2.673],[101.532,2.673],[101.5347,2.6704],[101.5399,2.6655],[101.5435,2.6639],[101.5452,2.6642],[101.5465,2.6651],[101.5495,2.6658],[101.5569,2.6638],[101.5591,2.6631],[101.5696,2.6567],[101.5699,2.6565],[101.5769,2.6524],[101.578,2.652],[101.5944,2.6489],[101.6035,2.6455],[101.6235,2.6377],[101.6261,2.6381],[101.6473,2.6418],[101.6475,2.6419],[101.664,2.6448],[101.6646,2.6447],[101.6729,2.639],[101.6771,2.6356],[101.6856,2.6299],[101.6868,2.6294],[101.6875,2.6292],[101.6883,2.6289],[101.6929,2.6284],[101.7076,2.6273],[101.7096,2.6289],[101.7113,2.6335],[101.7142,2.6404],[101.7142,2.6405],[101.7168,2.6427],[101.7181,2.6438],[101.7182,2.6438],[101.7182,2.6437],[101.7169,2.6426],[101.7143,2.6404],[101.7142,2.6404]],[[101.7501,2.6862],[101.7499,2.6859],[101.7477,2.6836],[101.7475,2.6833],[101.7466,2.6826],[101.7402,2.6803],[101.7399,2.6802],[101.7388,2.6794],[101.7383,2.6781],[101.7382,2.6778],[101.7381,2.6776],[101.7369,2.6748],[101.7368,2.6746],[101.7325,2.6665],[101.7314,2.6645],[101.7283,2.6604],[101.7281,2.6587],[101.7297,2.6518],[101.7299,2.6498],[101.7293,2.649],[101.7225,2.6472],[101.7214,2.6466],[101.7203,2.6456],[101.72,2.6454],[101.7203,2.6456],[101.7214,2.6467],[101.7225,2.6472]],[[101.72,2.6454],[101.7182,2.6438]]]},"properties":{"name":"Jalan Banting - Port Dickson","kind":"Primary road","ref":"5"}},
{"type":"Feature","geometry":{"type":"MultiLineString","coordinates":[[[101.4737,2.7766],[101.4738,2.7768],[101.4798,2.7838],[101.4869,2.7925],[101.4916,2.798],[101.492,2.7985],[101.4921,2.7987]],[[101.4922,2.7986],[101.4916,2.798]]]},"properties":{"name":"Jalan Sultan Alam Shah","kind":"Primary road","ref":"5"}},
{"type":"Feature","geometry":{"type":"MultiLineString","coordinates":[[[101.4999,2.8127],[101.4981,2.8123],[101.4978,2.8122],[101.4977,2.8122]],[[101.4977,2.8123],[101.4978,2.8123],[101.498,2.8124],[101.4999,2.8128]]]},"properties":{"name":"Jalan Sultan Abdul Samad","kind":"Trunk road","ref":"5"}},
{"type":"Feature","geometry":{"type":"MultiLineString","coordinates":[[[101.4435,2.9838],[101.4213,2.9837],[101.4162,2.9835],[101.4144,2.9829],[101.4126,2.9824],[101.4062,2.9803],[101.4031,2.9794],[101.4023,2.9791],[101.3999,2.9784],[101.398,2.9778],[101.396,2.9776],[101.3931,2.978],[101.392,2.9785],[101.3908,2.9795],[101.3885,2.9831],[101.3861,2.9873],[101.3849,2.9891],[101.3837,2.9899],[101.3807,2.9895],[101.3779,2.9878],[101.377,2.987],[101.3665,2.9737]],[[101.3907,2.9794],[101.3919,2.9784],[101.3928,2.978],[101.3949,2.9775],[101.3964,2.9775],[101.3986,2.9778],[101.3999,2.9783],[101.4023,2.979],[101.4038,2.9795],[101.4068,2.9804],[101.4077,2.9807],[101.4105,2.9816],[101.4127,2.9823],[101.4147,2.9829],[101.4165,2.9835],[101.4213,2.9836],[101.4225,2.9836],[101.425,2.9836],[101.4435,2.9837]],[[101.3666,2.9736],[101.376,2.9857],[101.378,2.9877],[101.3807,2.9895],[101.3836,2.9898],[101.385,2.9889],[101.386,2.9872]],[[101.3666,2.9736],[101.3646,2.9709],[101.3642,2.9703],[101.364,2.9701],[101.3639,2.97],[101.3637,2.9697],[101.3613,2.9668]],[[101.361,2.9667],[101.3598,2.9652],[101.3578,2.9637],[101.3568,2.963],[101.3555,2.9622],[101.3541,2.9617],[101.347,2.9603],[101.3458,2.9601],[101.3443,2.9599],[101.3391,2.9607],[101.3357,2.9614],[101.3341,2.9613],[101.334,2.9612],[101.3336,2.9611],[101.3325,2.9607],[101.3301,2.9591],[101.3308,2.9595],[101.3329,2.9607],[101.3344,2.9613],[101.3358,2.9613],[101.3391,2.9607]],[[101.3611,2.9666],[101.3595,2.9648],[101.3578,2.9636],[101.3568,2.9629],[101.3551,2.9619],[101.3454,2.9599],[101.3441,2.9598],[101.3431,2.96],[101.3406,2.9604],[101.34,2.9605],[101.3387,2.9607],[101.3354,2.9611],[101.3338,2.9609],[101.331,2.9594],[101.3304,2.9591],[101.3301,2.959],[101.3308,2.9594],[101.3337,2.961],[101.3351,2.9612],[101.338,2.9608],[101.3387,2.9607]],[[101.3612,2.9669],[101.363,2.9693],[101.3635,2.9699],[101.3635,2.97],[101.3637,2.9702],[101.3637,2.9703],[101.3639,2.9704],[101.3639,2.9705],[101.3665,2.9737]],[[101.3182,2.956],[101.3201,2.9558],[101.3202,2.9558],[101.3209,2.9558],[101.3219,2.9558],[101.324,2.9561],[101.3263,2.9569],[101.3284,2.958],[101.3301,2.959]],[[101.3243,2.9562],[101.322,2.956]]]},"properties":{"name":"Lebuhraya Pulau Indah","kind":"Primary road","ref":"181"}},
{"type":"Feature","geometry":{"type":"MultiLineString","coordinates":[[[101.4043,2.9792],[101.4041,2.9798],[101.404,2.9804],[101.4041,2.9812],[101.4053,2.9823],[101.4059,2.9828],[101.407,2.9836],[101.4089,2.9853],[101.4096,2.9869],[101.4096,2.988],[101.4091,2.9892],[101.408,2.9903],[101.4068,2.9907],[101.4046,2.9906],[101.4027,2.9916],[101.3991,2.9967],[101.3947,3.0061],[101.3929,3.0082],[101.3923,3.0108],[101.3915,3.012],[101.3891,3.0131],[101.3881,3.0141]],[[101.4042,2.9792],[101.4041,2.9795],[101.404,2.9798],[101.4039,2.9801],[101.4039,2.9807],[101.4042,2.9815],[101.4049,2.9822],[101.4069,2.9837],[101.4086,2.9851],[101.4095,2.9866],[101.4092,2.9888],[101.4079,2.9902],[101.4065,2.9906],[101.4044,2.9905],[101.4025,2.9917],[101.399,2.9968],[101.3946,3.0055],[101.3925,3.0081],[101.3914,3.0116],[101.3889,3.013],[101.3879,3.014]]]},"properties":{"name":"Jalan Pelabuhan Utara-Barat","kind":"Primary road","ref":"180"}},
{"type":"Feature","geometry":{"type":"MultiLineString","coordinates":[[[101.44,3.0136],[101.44,3.0135],[101.44,3.0132],[101.44,3.0114],[101.4401,3.0109],[101.4405,3.0092],[101.4415,3.0078],[101.442,3.0069],[101.4421,3.0065],[101.4421,3.0046],[101.4423,3.0024],[101.4429,3.0006],[101.4431,3.0003],[101.4443,2.9976],[101.4444,2.9974],[101.4444,2.9973],[101.4446,2.997],[101.4448,2.9965],[101.4463,2.9929],[101.4464,2.9927],[101.4465,2.9926],[101.4479,2.9894],[101.4491,2.9875],[101.4509,2.9853],[101.4516,2.9845]],[[101.4518,2.9845],[101.4515,2.9848],[101.4512,2.9852],[101.4503,2.9863],[101.4476,2.9904],[101.4447,2.997],[101.4446,2.9972],[101.4446,2.9973],[101.4445,2.9974],[101.4444,2.9978],[101.4432,3.0003],[101.4431,3.0006],[101.4422,3.0038],[101.4422,3.0067],[101.4416,3.0078],[101.4406,3.0092],[101.4402,3.0108],[101.4402,3.0113],[101.4401,3.012]]]},"properties":{"name":"Jalan Langat","kind":"Trunk road","ref":"5"}},
{"type":"Feature","geometry":{"type":"MultiLineString","coordinates":[[[101.4909,3.0582],[101.4909,3.0595],[101.491,3.0601],[101.491,3.0606],[101.491,3.061],[101.491,3.0612],[101.491,3.0621],[101.491,3.0623],[101.4911,3.063],[101.4912,3.0633]],[[101.4913,3.063],[101.4911,3.0612],[101.4911,3.061],[101.4911,3.0606],[101.491,3.0601],[101.491,3.0596],[101.491,3.0582]]]},"properties":{"name":"Jalan Padang Jawa","kind":"Primary road"}},
{"type":"Feature","geometry":{"type":"MultiLineString","coordinates":[[[101.596,3.1835],[101.5945,3.1845],[101.5862,3.1885],[101.5843,3.1897],[101.583,3.1913],[101.5829,3.1915],[101.5824,3.1939],[101.5825,3.1987],[101.5825,3.1992],[101.5827,3.2038],[101.5827,3.2043],[101.5827,3.2056],[101.5827,3.2076],[101.5826,3.2115],[101.5809,3.2155],[101.5807,3.2159],[101.5801,3.2171],[101.5798,3.2177],[101.5784,3.2204],[101.5777,3.2216],[101.5773,3.2223],[101.5755,3.2248],[101.5738,3.2263],[101.5735,3.2266],[101.5681,3.2313],[101.5668,3.2331],[101.5663,3.2347],[101.566,3.2455],[101.5658,3.2468],[101.5658,3.2471],[101.5648,3.2489],[101.5605,3.2538],[101.556,3.2591],[101.5549,3.2604],[101.5536,3.2618],[101.5533,3.2621],[101.5517,3.2639],[101.551,3.2653],[101.5509,3.2657],[101.5507,3.2662],[101.5506,3.2671],[101.551,3.2693],[101.5535,3.2748],[101.5537,3.2754],[101.5546,3.2773],[101.556,3.2806],[101.5562,3.2821],[101.555,3.2851],[101.5498,3.2908],[101.5481,3.2927],[101.5471,3.2947],[101.5449,3.3057],[101.5449,3.3063],[101.5449,3.3067],[101.5449,3.3075],[101.5463,3.3103],[101.5576,3.3202],[101.5586,3.3212],[101.5594,3.3232],[101.5594,3.3252],[101.5594,3.3262],[101.5593,3.3271],[101.5593,3.3272],[101.5588,3.3332],[101.5586,3.3354],[101.5573,3.3382],[101.555,3.3412],[101.5533,3.3444],[101.5531,3.345],[101.5527,3.3468],[101.5526,3.3476],[101.553,3.3516],[101.5547,3.3632],[101.5547,3.3637],[101.555,3.3653],[101.5555,3.3671],[101.5568,3.3692],[101.5574,3.3701],[101.56,3.3739],[101.5605,3.3752],[101.5605,3.3772],[101.5599,3.3823],[101.5589,3.3851],[101.552,3.3933],[101.5484,3.3982],[101.5482,3.3985],[101.5464,3.401],[101.5454,3.4039],[101.5453,3.4068],[101.5456,3.4083],[101.5462,3.41],[101.5477,3.413],[101.5484,3.4157],[101.5493,3.4248],[101.5489,3.4271],[101.5475,3.429],[101.544,3.4311],[101.5423,3.4332],[101.5419,3.4349],[101.5418,3.4359],[101.5427,3.4398],[101.5429,3.4429],[101.5406,3.4649],[101.5395,3.4683],[101.5351,3.475],[101.5343,3.4771],[101.5342,3.4785],[101.5343,3.4843],[101.5344,3.4851],[101.5345,3.4891],[101.5342,3.491],[101.5333,3.4927],[101.5332,3.4929],[101.5329,3.4933],[101.5312,3.4955],[101.5308,3.496],[101.5281,3.4996],[101.5265,3.5021],[101.5261,3.5037],[101.5262,3.5054],[101.5277,3.5113],[101.5279,3.514],[101.5272,3.5165],[101.5202,3.5348],[101.5189,3.538],[101.5185,3.5405],[101.5185,3.5425],[101.5186,3.5429],[101.5185,3.547],[101.5182,3.5529],[101.5185,3.5557],[101.5209,3.5623],[101.522,3.5657],[101.524,3.5733],[101.5248,3.5776],[101.5248,3.5782],[101.5239,3.5808],[101.5222,3.5838],[101.518,3.5918],[101.5177,3.5941],[101.5189,3.5972],[101.5215,3.5999],[101.5226,3.6021],[101.5227,3.6044],[101.5213,3.6097],[101.5216,3.6125],[101.5229,3.6144],[101.5247,3.6156],[101.532,3.6179],[101.5331,3.6185],[101.5346,3.6202],[101.5352,3.6216],[101.5353,3.6229],[101.5351,3.6379],[101.5346,3.6404],[101.5334,3.6422],[101.5281,3.6484],[101.5269,3.6501],[101.5261,3.652],[101.5254,3.6567],[101.5249,3.6583],[101.5237,3.6601],[101.5222,3.6612],[101.5087,3.6692],[101.5044,3.6724],[101.5013,3.6758],[101.4998,3.6779],[101.4944,3.6863],[101.4921,3.6895],[101.4824,3.7016],[101.482,3.7021]],[[101.4821,3.7022],[101.4825,3.7017],[101.4933,3.6881],[101.5006,3.6769],[101.5029,3.6741],[101.5054,3.6717],[101.5077,3.67],[101.5231,3.6608],[101.5246,3.6593],[101.5256,3.6568],[101.5263,3.6519],[101.527,3.6501],[101.5281,3.6484],[101.534,3.6416],[101.5347,3.6404],[101.535,3.6394],[101.5352,3.6379],[101.5354,3.6236],[101.5354,3.6222],[101.535,3.6207],[101.5347,3.6202],[101.5339,3.6191],[101.5326,3.6181],[101.5313,3.6175],[101.5247,3.6154],[101.523,3.6143],[101.5218,3.6124],[101.5214,3.6097],[101.5228,3.6044],[101.5227,3.602],[101.5219,3.6002],[101.519,3.5971],[101.5178,3.5941],[101.5184,3.5912],[101.5224,3.5838],[101.5234,3.582],[101.5238,3.5812],[101.5243,3.5804],[101.525,3.5781],[101.5248,3.576],[101.5241,3.5733],[101.5221,3.5656],[101.5214,3.5632],[101.5188,3.5562],[101.5184,3.554],[101.5187,3.546],[101.5187,3.543],[101.5187,3.5426],[101.5188,3.5394],[101.5203,3.5349],[101.5273,3.5165],[101.528,3.514],[101.5278,3.5113],[101.5263,3.5054],[101.5264,3.5027],[101.5269,3.5015],[101.5274,3.5008],[101.5298,3.4977],[101.5317,3.4951],[101.5331,3.4932],[101.5339,3.4919],[101.5345,3.4902],[101.5345,3.4851],[101.5345,3.4843],[101.5343,3.4785],[101.5348,3.4759],[101.5356,3.4744],[101.5396,3.4684],[101.5404,3.4665],[101.5411,3.4605],[101.543,3.4433],[101.543,3.4411],[101.5421,3.4365],[101.542,3.4345],[101.5424,3.4333],[101.5436,3.4317],[101.5471,3.4295],[101.548,3.4287],[101.5489,3.4273],[101.5494,3.4256],[101.5489,3.42],[101.5487,3.418],[101.5485,3.4156],[101.5478,3.4129],[101.5463,3.41],[101.5457,3.4082],[101.5453,3.4054],[101.5458,3.4028],[101.5469,3.4004],[101.5483,3.3985],[101.5485,3.3982],[101.5521,3.3934],[101.5591,3.3851],[101.5599,3.3834],[101.5607,3.3762],[101.5605,3.3749],[101.5604,3.3743],[101.5601,3.3737],[101.557,3.3693],[101.5562,3.3683],[101.5552,3.3655],[101.5549,3.3636],[101.5548,3.3632],[101.5546,3.3621],[101.5545,3.3611],[101.5544,3.3607],[101.5544,3.3605],[101.5536,3.3553],[101.5532,3.3528],[101.5527,3.3476],[101.5528,3.3468],[101.5532,3.345],[101.5534,3.3444],[101.5548,3.3417],[101.5574,3.3383],[101.5584,3.3366],[101.5589,3.3341],[101.5596,3.3248],[101.5593,3.3223],[101.5583,3.3206],[101.5539,3.3167],[101.5473,3.3111],[101.5461,3.3098],[101.5452,3.3081],[101.545,3.3068],[101.545,3.3064],[101.545,3.3058],[101.5473,3.2946],[101.5487,3.2921],[101.5546,3.2858],[101.5553,3.285],[101.5562,3.2829],[101.5562,3.281],[101.5559,3.2796],[101.5549,3.2773],[101.5513,3.2696],[101.5508,3.2677],[101.5508,3.2663],[101.5511,3.2655],[101.5517,3.2642],[101.5534,3.2622],[101.5537,3.262],[101.555,3.2605],[101.5561,3.2591],[101.565,3.249],[101.5659,3.2471],[101.566,3.2468],[101.5662,3.2455],[101.5665,3.2352],[101.5668,3.2333],[101.5682,3.2313],[101.5716,3.2284],[101.5727,3.2275],[101.5732,3.2271],[101.5735,3.2268],[101.5739,3.2265],[101.5766,3.2237],[101.5786,3.2202],[101.5789,3.2196],[101.5793,3.2189],[101.5799,3.2177],[101.5802,3.2172],[101.5808,3.216],[101.5811,3.2155],[101.5822,3.2134],[101.5829,3.2106],[101.5829,3.2083],[101.5829,3.2067],[101.5829,3.2056],[101.5828,3.2036],[101.5827,3.2002],[101.5826,3.197],[101.5826,3.1932],[101.5831,3.1916],[101.5832,3.1914],[101.5834,3.191],[101.5837,3.1905],[101.5841,3.1901],[101.5852,3.1892],[101.5905,3.1866],[101.5938,3.1851],[101.5946,3.1846]]]},"properties":{"name":"Lebuhraya Utara–Selatan","kind":"Expressway","ref":"E1"}},
{"type":"Feature","geometry":{"type":"MultiLineString","coordinates":[[[101.4482,3.0513],[101.4488,3.0496],[101.449,3.0494]],[[101.4471,3.0533],[101.4471,3.0529],[101.4479,3.0511],[101.4482,3.0506],[101.4487,3.0496],[101.4488,3.0492]],[[101.376,3.135],[101.3758,3.1334],[101.3757,3.1323],[101.3752,3.1305],[101.3734,3.1284],[101.3727,3.1278],[101.3725,3.1275],[101.3723,3.1273],[101.3716,3.1264],[101.3708,3.1255],[101.3704,3.125],[101.3686,3.1224],[101.3679,3.1202],[101.3673,3.1168],[101.3673,3.1136],[101.3673,3.1126],[101.3673,3.1123],[101.3674,3.1122],[101.3674,3.1121],[101.3677,3.1069],[101.3678,3.1068],[101.3678,3.1059],[101.3678,3.1057],[101.3688,3.1005],[101.3697,3.0991],[101.3708,3.0984],[101.3742,3.0974],[101.3746,3.0973],[101.3749,3.0972],[101.3788,3.096],[101.3789,3.096],[101.3826,3.0947],[101.3828,3.0946],[101.383,3.0946],[101.3831,3.0945],[101.3867,3.0934],[101.3868,3.0933],[101.3885,3.0928],[101.3925,3.0904],[101.3928,3.0902],[101.3929,3.0901],[101.393,3.0901],[101.3931,3.09],[101.395,3.0888],[101.3982,3.0867],[101.4047,3.0839],[101.4057,3.083],[101.4058,3.0827],[101.4058,3.0826],[101.4059,3.0824],[101.406,3.0788],[101.406,3.0786],[101.406,3.0785],[101.406,3.0784],[101.406,3.0781],[101.406,3.0776],[101.4061,3.0754],[101.4064,3.0742],[101.4071,3.0734],[101.4102,3.0723],[101.4122,3.0713],[101.4124,3.0711],[101.4129,3.0708],[101.415,3.0698],[101.4157,3.0695],[101.416,3.0694],[101.4161,3.0694],[101.4163,3.0693],[101.4173,3.0688],[101.4182,3.0683],[101.4192,3.0679],[101.4205,3.0674],[101.4206,3.0674],[101.4237,3.067],[101.425,3.0671],[101.4266,3.0674],[101.4268,3.0674],[101.427,3.0675],[101.4293,3.0676],[101.4306,3.0674],[101.431,3.0673],[101.4317,3.0671],[101.4355,3.0653],[101.4374,3.0643],[101.4384,3.0636],[101.4428,3.0607],[101.4449,3.0584],[101.4463,3.0557],[101.4443,3.059],[101.4423,3.0609],[101.4383,3.0636],[101.4346,3.0657],[101.4339,3.066],[101.433,3.0663],[101.4324,3.0666],[101.4319,3.0668],[101.4316,3.0669],[101.4309,3.0671],[101.4305,3.0672],[101.4292,3.0674],[101.4273,3.0675],[101.4246,3.0669],[101.4223,3.0669],[101.4206,3.0672],[101.4205,3.0673],[101.4191,3.0678],[101.4184,3.0681],[101.4177,3.0685],[101.417,3.0688],[101.416,3.0693],[101.4135,3.0704],[101.4131,3.0706],[101.4128,3.0708],[101.4106,3.072],[101.407,3.0733],[101.4064,3.0739],[101.406,3.0753],[101.4059,3.0766],[101.4059,3.0771],[101.4059,3.0776],[101.4059,3.0784],[101.4059,3.0785],[101.4059,3.0786],[101.4059,3.0788],[101.4059,3.0792],[101.4059,3.0808],[101.4057,3.0826],[101.4057,3.0827],[101.4047,3.0838],[101.3987,3.0864],[101.395,3.0887],[101.394,3.0893],[101.3931,3.0899],[101.3929,3.0901],[101.3928,3.0901],[101.3927,3.0902],[101.388,3.0928],[101.3868,3.0932],[101.3866,3.0933],[101.3829,3.0945],[101.3828,3.0945],[101.3804,3.0954],[101.3792,3.0957],[101.3788,3.0959],[101.3784,3.096],[101.3741,3.0973],[101.3708,3.0983],[101.3698,3.0988],[101.3688,3.1002],[101.3677,3.1058],[101.3673,3.1118],[101.3672,3.1121],[101.3672,3.1122],[101.3672,3.1123],[101.3672,3.1134],[101.3672,3.1136],[101.3672,3.1169],[101.3678,3.1203],[101.3688,3.1235],[101.3698,3.1249],[101.3724,3.1276],[101.3725,3.1277],[101.3752,3.1307],[101.3756,3.1324],[101.3758,3.1334],[101.3759,3.135]],[[101.4473,3.0533],[101.4468,3.0538],[101.4466,3.0539],[101.4466,3.054],[101.4466,3.0541],[101.4463,3.0557]],[[101.4469,3.0533],[101.4466,3.0539]],[[101.4479,3.0511],[101.447,3.0528],[101.4469,3.0533]]]},"properties":{"name":"Jalan Kapar","kind":"Trunk road","ref":"5"}},
{"type":"Feature","geometry":{"type":"MultiLineString","coordinates":[[[101.4635,3.2029],[101.4629,3.2039],[101.4614,3.2055],[101.4584,3.2079],[101.4567,3.2107],[101.4563,3.2133],[101.4566,3.2167],[101.4566,3.2169],[101.4566,3.2172],[101.4566,3.2176],[101.4568,3.2203],[101.4564,3.2227],[101.4563,3.223],[101.4563,3.2231],[101.4562,3.2233],[101.4549,3.2268],[101.4549,3.2269],[101.4548,3.2272],[101.4542,3.2286],[101.4539,3.2289],[101.4526,3.2298]],[[101.5263,3.1273],[101.5262,3.127],[101.5259,3.1268],[101.5257,3.1267],[101.5255,3.1266],[101.5243,3.1266],[101.5224,3.1266],[101.522,3.1266],[101.5165,3.1266],[101.5159,3.1265],[101.514,3.1267],[101.5113,3.1279],[101.5112,3.128],[101.509,3.1288],[101.5062,3.1295],[101.505,3.1303],[101.5039,3.1319],[101.5028,3.1328],[101.5019,3.1333],[101.5014,3.1335],[101.501,3.1336],[101.5002,3.1339],[101.4985,3.1343],[101.4978,3.1344],[101.4971,3.1345],[101.4934,3.1346],[101.4925,3.1346],[101.4917,3.1346],[101.4895,3.1349],[101.4879,3.1359],[101.4878,3.1361],[101.4869,3.1374],[101.4848,3.143],[101.484,3.1439],[101.4806,3.1457],[101.4805,3.1457],[101.478,3.148],[101.477,3.1501],[101.4769,3.1505],[101.4769,3.1506],[101.4768,3.1563],[101.4765,3.1583],[101.475,3.1616],[101.4748,3.1619],[101.4747,3.162],[101.4745,3.1622],[101.474,3.1627],[101.4699,3.1684],[101.4693,3.1693],[101.4692,3.1693],[101.4691,3.1696],[101.4684,3.1704],[101.469,3.1694],[101.4692,3.1691],[101.4699,3.1684]],[[101.5265,3.1271],[101.5263,3.1269],[101.5262,3.1269],[101.526,3.1267],[101.5258,3.1266],[101.5256,3.1265],[101.5251,3.1265],[101.523,3.1265],[101.522,3.1266],[101.5165,3.1265],[101.5159,3.1265],[101.514,3.1266],[101.5094,3.1286],[101.5062,3.1294],[101.5052,3.1299],[101.5043,3.131],[101.5036,3.1321],[101.5028,3.1327],[101.5023,3.133],[101.5014,3.1333],[101.5011,3.1334],[101.5004,3.1337],[101.4959,3.1344],[101.4903,3.1346],[101.4889,3.1351],[101.4876,3.1361],[101.4869,3.1374]],[[101.4525,3.2297],[101.4526,3.2297],[101.4529,3.2295],[101.4538,3.2288],[101.4544,3.2278],[101.4548,3.2269],[101.4548,3.2268],[101.4561,3.223],[101.4562,3.2229],[101.4566,3.2214],[101.4564,3.2172],[101.4564,3.217],[101.4563,3.2122],[101.4567,3.2102],[101.4585,3.2076],[101.4616,3.2052],[101.4634,3.2028],[101.4639,3.2019],[101.4639,3.2018],[101.4647,3.199],[101.4646,3.197],[101.4639,3.1944],[101.4611,3.1901],[101.4601,3.188],[101.4597,3.1859],[101.4599,3.1834],[101.4597,3.1859]],[[101.484,3.1439],[101.4808,3.1455],[101.4805,3.1456],[101.4801,3.1458],[101.4783,3.1474],[101.4768,3.1502],[101.4767,3.1507],[101.4766,3.1558],[101.4764,3.1583],[101.4748,3.1616],[101.4746,3.1618],[101.4746,3.1619],[101.4744,3.1621],[101.474,3.1627]],[[101.4684,3.1704],[101.4614,3.1801],[101.4599,3.1834]]]},"properties":{"name":"Persiaran Mokhtar Dahari","kind":"Primary road","ref":"B49"}},
{"type":"Feature","geometry":{"type":"MultiLineString","coordinates":[[[101.5761,3.3176],[101.5762,3.3176],[101.5764,3.3178],[101.5769,3.3181],[101.577,3.3183],[101.5771,3.3185],[101.5772,3.3186],[101.5772,3.3187],[101.5773,3.3196]],[[101.5774,3.3196],[101.5772,3.3184],[101.5771,3.3182],[101.5762,3.3175]]]},"properties":{"name":"Persiaran Bandar Rawang","kind":"Primary road"}},
{"type":"Feature","geometry":{"type":"LineString","coordinates":[[101.5774,3.3197],[101.5774,3.3196],[101.5773,3.3196],[101.5775,3.3198],[101.5774,3.3197],[101.5774,3.3196]]},"properties":{"name":"Bulatan Rawang","kind":"Primary road"}},
{"type":"Feature","geometry":{"type":"MultiLineString","coordinates":[[[101.5805,3.3272],[101.5803,3.3285],[101.5801,3.3291],[101.58,3.3294],[101.58,3.3295],[101.5788,3.3325],[101.5788,3.3347],[101.5788,3.3348],[101.5788,3.3349],[101.5792,3.3363],[101.5792,3.3365],[101.5792,3.3366],[101.5793,3.3368],[101.5794,3.3373],[101.5805,3.3394],[101.5796,3.3378],[101.5791,3.3366],[101.579,3.3361],[101.5789,3.3357],[101.5788,3.3349],[101.5788,3.3348]],[[101.5303,3.6816],[101.5303,3.6812],[101.5303,3.6808],[101.5303,3.6751],[101.5303,3.6746],[101.5303,3.6744],[101.5304,3.6741],[101.5304,3.6734],[101.5304,3.6731],[101.5307,3.6719],[101.5355,3.6651],[101.5387,3.6609],[101.5405,3.6593],[101.5387,3.6608],[101.5377,3.6619],[101.5355,3.6651]],[[101.5304,3.6816],[101.5304,3.6812],[101.5303,3.6808]],[[101.5983,3.3595],[101.5975,3.3574],[101.5972,3.3554],[101.5971,3.355],[101.5965,3.3531],[101.5959,3.352],[101.5953,3.3512],[101.5932,3.3499],[101.5914,3.3486],[101.5913,3.3485],[101.5909,3.3479],[101.5905,3.3473],[101.5904,3.3472],[101.5903,3.347],[101.5903,3.3469],[101.5898,3.3464],[101.5888,3.3451],[101.5881,3.3442],[101.5878,3.3438],[101.5854,3.3418],[101.5851,3.3418],[101.5849,3.3417],[101.5848,3.3417],[101.5845,3.3416],[101.5827,3.3411],[101.5805,3.3394]],[[101.5936,3.3501],[101.5951,3.3512],[101.5958,3.3521],[101.5964,3.3531],[101.5968,3.3545],[101.5977,3.3587],[101.5984,3.3598],[101.5987,3.3601],[101.5987,3.3602],[101.5991,3.3605],[101.5992,3.3606],[101.5998,3.361],[101.6017,3.3622],[101.6021,3.3625],[101.6024,3.363],[101.6047,3.3668],[101.6049,3.3669],[101.6049,3.367],[101.6052,3.3673],[101.6063,3.3683],[101.6064,3.3683],[101.6067,3.3685],[101.6077,3.3692],[101.608,3.3694],[101.6085,3.3698],[101.6091,3.3702],[101.6112,3.372],[101.612,3.3728],[101.613,3.3736],[101.6159,3.3761],[101.6161,3.3763],[101.6172,3.3772],[101.6174,3.3774],[101.6176,3.3775],[101.6178,3.3778],[101.6189,3.3788],[101.623,3.3823],[101.6232,3.3825],[101.6233,3.3826],[101.6239,3.3831],[101.6247,3.3838],[101.625,3.384],[101.6264,3.3855],[101.6271,3.3871],[101.629,3.3951],[101.6292,3.3999],[101.6292,3.4002],[101.6291,3.4007],[101.6286,3.4037],[101.6286,3.4039],[101.6287,3.4044],[101.6287,3.4045],[101.6287,3.4048],[101.6289,3.4068],[101.6288,3.4075],[101.6284,3.4089],[101.6278,3.4106],[101.6273,3.4139],[101.6271,3.4148],[101.6268,3.4157],[101.6263,3.4172],[101.6268,3.4201],[101.627,3.4208],[101.6272,3.4219],[101.6272,3.422],[101.6269,3.4249],[101.6266,3.4259],[101.6264,3.4275],[101.6268,3.4292],[101.6277,3.4312],[101.6278,3.4313],[101.6291,3.4342],[101.6292,3.4345],[101.6317,3.4399],[101.6325,3.442],[101.635,3.4511],[101.6363,3.4542],[101.6369,3.4566],[101.637,3.4571],[101.637,3.4576],[101.6371,3.4603],[101.6371,3.4608],[101.637,3.4615],[101.637,3.4624],[101.6371,3.4634],[101.6382,3.4646],[101.6389,3.4666],[101.639,3.467],[101.639,3.4672],[101.639,3.4674],[101.6393,3.4692],[101.6394,3.4693],[101.6394,3.4694],[101.6394,3.4699],[101.6394,3.471],[101.6395,3.4699],[101.6395,3.4694],[101.6395,3.4693],[101.6394,3.4692],[101.6393,3.4685],[101.6392,3.4679],[101.6391,3.4672],[101.639,3.4666],[101.6389,3.4662],[101.6383,3.4646],[101.6372,3.4634],[101.637,3.4624]],[[101.637,3.5012],[101.6343,3.5041],[101.6337,3.5069],[101.6336,3.5075],[101.6327,3.5118],[101.6315,3.5137],[101.6304,3.5154],[101.6299,3.5172],[101.6313,3.5229],[101.6311,3.5262],[101.6317,3.5285],[101.6325,3.5303],[101.6342,3.5316],[101.6346,3.5333],[101.6361,3.5353],[101.636,3.5385],[101.6371,3.5434],[101.6376,3.5445],[101.6409,3.5491],[101.6424,3.5523],[101.6428,3.5539],[101.6427,3.5558],[101.6423,3.5565],[101.6414,3.5572],[101.6392,3.5582],[101.6366,3.5601],[101.6302,3.5625],[101.6285,3.5636],[101.6244,3.5652],[101.6218,3.5677],[101.6192,3.5687],[101.6168,3.5713],[101.6157,3.5746],[101.6139,3.5763],[101.613,3.5769],[101.6116,3.5779],[101.6094,3.5822],[101.6078,3.5862],[101.6066,3.5883],[101.6064,3.5886],[101.6048,3.5913],[101.6044,3.5929],[101.6048,3.5913]],[[101.5999,3.5997],[101.6011,3.5981],[101.6041,3.594],[101.6044,3.5929]],[[101.6394,3.471],[101.6396,3.4773],[101.6406,3.4824],[101.6408,3.483],[101.6426,3.4872],[101.6427,3.4892],[101.642,3.4921],[101.6412,3.4951],[101.6409,3.4959],[101.6404,3.4974],[101.6391,3.4992],[101.6388,3.4994],[101.6386,3.4996],[101.637,3.5012]],[[101.6048,3.3668],[101.6029,3.3636],[101.6026,3.363],[101.6024,3.3629],[101.6021,3.3625]],[[101.6129,3.3735],[101.6122,3.3728],[101.6121,3.3727],[101.6119,3.3726],[101.6112,3.372]],[[101.6159,3.3761],[101.6167,3.3769],[101.6172,3.3773],[101.6174,3.3775],[101.6176,3.3777],[101.6182,3.3782],[101.6189,3.3788]],[[101.6327,3.5118],[101.6315,3.5135],[101.6304,3.5154]],[[101.575,3.627],[101.5766,3.6221],[101.5778,3.6192],[101.5803,3.6158],[101.5846,3.6116],[101.5902,3.6057],[101.5918,3.6043],[101.5943,3.6027],[101.5982,3.6011],[101.5992,3.6004],[101.5999,3.5997]],[[101.5749,3.6273],[101.575,3.627]],[[101.5545,3.6475],[101.5568,3.6454],[101.5594,3.6438],[101.5687,3.6387],[101.5701,3.6382],[101.572,3.6381],[101.5732,3.6371],[101.5735,3.6367],[101.5737,3.6361],[101.5749,3.6273]],[[101.5542,3.6478],[101.5545,3.6475]],[[101.5407,3.6593],[101.5413,3.6588],[101.5419,3.6583],[101.5425,3.6578],[101.5441,3.6564],[101.5458,3.6548],[101.5542,3.6478]],[[101.5898,3.3464],[101.5899,3.3465],[101.5902,3.347],[101.5904,3.3472]],[[101.6268,3.4201],[101.6271,3.4219],[101.6271,3.422],[101.6268,3.4249],[101.6265,3.4259],[101.6264,3.4275]],[[101.6091,3.3702],[101.609,3.3701],[101.6087,3.3699],[101.6086,3.3698],[101.6084,3.3697],[101.608,3.3694]],[[101.5405,3.6593],[101.5407,3.6593]],[[101.6049,3.3669],[101.6048,3.3668]],[[101.613,3.3736],[101.6129,3.3735]]]},"properties":{"name":"Jalan Kuala Lumpur - Tanjung Malim","kind":"Primary road","ref":"1"}},
{"type":"Feature","geometry":{"type":"MultiLineString","coordinates":[[[101.6146,3.1551],[101.6122,3.1551],[101.6116,3.1551],[101.6076,3.1551],[101.6065,3.155],[101.6062,3.155],[101.6051,3.155],[101.6044,3.1548],[101.6037,3.1543],[101.6036,3.1543],[101.6032,3.1536],[101.6031,3.1534],[101.6028,3.1529],[101.6027,3.1527],[101.6024,3.1522],[101.6015,3.1513],[101.6014,3.1511],[101.6013,3.151],[101.6008,3.1506],[101.6002,3.15],[101.5998,3.1497],[101.5994,3.1495],[101.5987,3.1494],[101.5982,3.1494],[101.597,3.1494],[101.5969,3.1494],[101.5956,3.1495],[101.5944,3.1495],[101.5938,3.1495],[101.5911,3.1497],[101.5901,3.1497],[101.5881,3.1498],[101.5869,3.1498],[101.5858,3.1499],[101.5857,3.1499],[101.5853,3.1499],[101.5799,3.1501],[101.5797,3.1501],[101.5795,3.1501],[101.5794,3.1501],[101.5791,3.1501],[101.5781,3.1502],[101.5766,3.1509],[101.5759,3.1514],[101.5756,3.1516],[101.5755,3.1518],[101.5752,3.1521],[101.5751,3.1523],[101.5749,3.1526],[101.5748,3.1527],[101.5739,3.1541],[101.5728,3.1559],[101.5726,3.158],[101.5726,3.1581],[101.5727,3.1583],[101.5747,3.163],[101.5748,3.1633],[101.5748,3.1634],[101.575,3.1637],[101.5765,3.1657],[101.5778,3.1658],[101.578,3.1659],[101.5786,3.1659],[101.5787,3.1659]],[[101.6152,3.1571],[101.6151,3.1554],[101.6146,3.1552],[101.6131,3.1552],[101.6107,3.1552],[101.6076,3.1551],[101.6057,3.1551],[101.605,3.1551],[101.6046,3.155],[101.6039,3.1547],[101.6028,3.1532],[101.602,3.152],[101.6012,3.1512],[101.601,3.1509],[101.6009,3.1508],[101.6004,3.1503],[101.5993,3.1496],[101.5982,3.1495],[101.5969,3.1495],[101.5965,3.1496],[101.5963,3.1496],[101.596,3.1496]],[[101.5787,3.1658],[101.5786,3.1658],[101.5765,3.1655],[101.5751,3.1634],[101.575,3.1633],[101.5749,3.1632],[101.5742,3.1614],[101.5741,3.1612],[101.5728,3.158],[101.5728,3.1579],[101.5731,3.1557],[101.5749,3.1529],[101.575,3.1527],[101.5754,3.1522],[101.5754,3.1521],[101.5758,3.1516],[101.5781,3.1504],[101.5794,3.1503],[101.5795,3.1503],[101.5821,3.1502],[101.5845,3.1501],[101.5854,3.1501],[101.5857,3.15],[101.5858,3.15],[101.586,3.15],[101.5873,3.15],[101.59,3.1498],[101.5911,3.1498],[101.5939,3.1497],[101.5941,3.1497],[101.5944,3.1497]]]},"properties":{"name":"Persiaran Surian","kind":"Primary road"}},
{"type":"Feature","geometry":{"type":"MultiLineString","coordinates":[[[101.4671,3.0664],[101.4666,3.0656],[101.4651,3.0643],[101.4642,3.065],[101.4631,3.0659],[101.4611,3.0665]],[[101.4672,3.0665],[101.4683,3.0679],[101.4699,3.0694],[101.4708,3.0701]]]},"properties":{"name":"North Klang Straits Bypass","kind":"Expressway","ref":"E30"}},
{"type":"Feature","geometry":{"type":"MultiLineString","coordinates":[[[101.7071,3.0539],[101.7068,3.0482],[101.7071,3.0465],[101.708,3.0445],[101.7085,3.0409],[101.709,3.0388],[101.7085,3.0342],[101.7091,3.0323],[101.7103,3.0309],[101.7124,3.0294],[101.7128,3.029],[101.713,3.0288],[101.7132,3.0285],[101.7134,3.0283],[101.7153,3.0251],[101.7157,3.0244],[101.7164,3.0232],[101.7174,3.0216],[101.7176,3.0212],[101.7177,3.0212],[101.718,3.0208],[101.7183,3.0204],[101.7185,3.0197],[101.718,3.0187],[101.7184,3.0172],[101.7217,3.0114],[101.7238,3.0083],[101.7265,3.0056],[101.7271,3.0044],[101.7268,3.0032],[101.7266,3.0026],[101.7265,3.0026]],[[101.7379,3.1291],[101.7378,3.13],[101.7365,3.133],[101.7365,3.1336],[101.737,3.1343],[101.7402,3.1357],[101.7415,3.1362],[101.7425,3.1366]],[[101.7369,3.132],[101.7365,3.1328],[101.7364,3.1337],[101.737,3.1344],[101.7419,3.1365],[101.7425,3.1367]],[[101.707,3.0474],[101.7077,3.0457],[101.7082,3.0447],[101.7085,3.0433],[101.7085,3.0412],[101.7091,3.039],[101.7086,3.0347],[101.709,3.0328],[101.71,3.0313],[101.7111,3.0306],[101.7119,3.0301],[101.7134,3.0286],[101.7142,3.0273],[101.7146,3.0266],[101.7156,3.025],[101.7159,3.0244],[101.7166,3.0232],[101.7167,3.0229],[101.717,3.0225],[101.7184,3.0205],[101.7186,3.0197],[101.7181,3.0187],[101.7193,3.0159],[101.7194,3.0157],[101.7195,3.0155],[101.7221,3.0111],[101.7222,3.0109],[101.7223,3.0106],[101.7236,3.0089],[101.7238,3.0086],[101.7244,3.0079],[101.7247,3.0076],[101.7249,3.0074],[101.7251,3.0073],[101.7253,3.0071],[101.7266,3.0057],[101.7272,3.0045],[101.7269,3.0031],[101.7267,3.0026],[101.7266,3.0025]]]},"properties":{"name":"Lebuhraya Sungai Besi","kind":"Expressway","ref":"E9"}},
{"type":"Feature","geometry":{"type":"LineString","coordinates":[[101.556,3.111],[101.5562,3.1109],[101.5572,3.1099],[101.5579,3.1081],[101.5587,3.1049],[101.5586,3.103],[101.5584,3.102],[101.5579,3.1005],[101.5576,3.0998],[101.5574,3.0993],[101.5573,3.0989],[101.5573,3.0988],[101.5564,3.0964],[101.5563,3.0961],[101.5562,3.0959],[101.5555,3.0941],[101.5551,3.0929],[101.5544,3.0911],[101.5544,3.0906],[101.5543,3.0903],[101.5539,3.0882],[101.5534,3.0879],[101.5533,3.0878],[101.5532,3.0877],[101.5533,3.0878],[101.5534,3.0879],[101.5539,3.0885],[101.5543,3.0906],[101.555,3.093],[101.5554,3.0941],[101.556,3.0958],[101.5562,3.0961],[101.5563,3.0964],[101.5571,3.0986],[101.5572,3.0989],[101.5573,3.0992],[101.5578,3.1006],[101.5583,3.102],[101.5585,3.1029],[101.5586,3.1046],[101.5586,3.1049],[101.5585,3.1053],[101.558,3.1071],[101.5573,3.1093],[101.5562,3.1107],[101.5559,3.1109]]},"properties":{"name":"Jalan Montfort","kind":"Primary road","ref":"B9"}},
{"type":"Feature","geometry":{"type":"MultiLineString","coordinates":[[[101.5906,3.0953],[101.5903,3.0957],[101.5902,3.0958],[101.5901,3.0962],[101.5891,3.0962],[101.5882,3.0948],[101.5878,3.0943],[101.5876,3.0942],[101.5858,3.0934],[101.5856,3.0933],[101.5826,3.0918],[101.5811,3.0917],[101.5773,3.0904],[101.5771,3.0903],[101.577,3.0903],[101.5768,3.0902],[101.5735,3.0882],[101.5722,3.0872],[101.5711,3.0849],[101.5708,3.0843],[101.5701,3.0833],[101.5687,3.0832],[101.5675,3.0823],[101.5666,3.0821],[101.5643,3.0822],[101.5642,3.0822],[101.564,3.0822],[101.5638,3.0823],[101.561,3.0823],[101.5604,3.0823],[101.5601,3.0823],[101.5592,3.0823],[101.5589,3.0823],[101.5575,3.0823],[101.5555,3.0822],[101.5549,3.0822]],[[101.5891,3.0982],[101.5896,3.0974],[101.5887,3.0958],[101.5886,3.0956],[101.5879,3.0946],[101.5858,3.0935],[101.5856,3.0934],[101.5826,3.0919],[101.5816,3.0918],[101.5813,3.0919],[101.577,3.0904],[101.5769,3.0904],[101.5733,3.0882],[101.5723,3.0874],[101.5721,3.0872],[101.572,3.0871],[101.571,3.085],[101.5707,3.0844],[101.5701,3.0835],[101.5685,3.0832],[101.5671,3.0822],[101.5645,3.0824],[101.5643,3.0824],[101.5642,3.0824],[101.564,3.0824],[101.5602,3.0824],[101.5601,3.0824],[101.5575,3.0824],[101.5554,3.0824],[101.5549,3.0824]]]},"properties":{"name":"Persiaran Kerjaya","kind":"Primary road","ref":"3213"}},
{"type":"Feature","geometry":{"type":"LineString","coordinates":[[101.4531,3.0486],[101.4528,3.0487],[101.4527,3.0489],[101.4527,3.049],[101.4527,3.0491],[101.4532,3.0492],[101.4534,3.0491],[101.4534,3.049],[101.4534,3.0489],[101.4533,3.0488],[101.4531,3.0486]]},"properties":{"name":"Bulatan Seratus","kind":"Trunk road"}},
{"type":"Feature","geometry":{"type":"LineString","coordinates":[[101.4488,3.0467],[101.4492,3.0467],[101.4493,3.0467],[101.4498,3.0468],[101.45,3.0469],[101.4508,3.0473],[101.4513,3.0476],[101.4517,3.0478],[101.452,3.048],[101.4531,3.0486]]},"properties":{"name":"Jalan Batu Tiga Lama","kind":"Trunk road"}},
{"type":"Feature","geometry":{"type":"MultiLineString","coordinates":[[[101.4518,2.9845],[101.452,2.9842],[101.4524,2.9839],[101.4524,2.9838]],[[101.4423,3.0347],[101.4432,3.036]],[[101.4478,3.0473],[101.4484,3.0484],[101.4488,3.0489]],[[101.4523,2.9838],[101.4517,2.9844],[101.4516,2.9845]],[[101.4426,3.0399],[101.4428,3.0386],[101.4431,3.0377],[101.4432,3.0369]],[[101.4978,2.8123],[101.4978,2.8122],[101.4978,2.812]],[[101.449,3.0485],[101.4487,3.0484],[101.4479,3.0473]],[[101.4489,3.053],[101.4482,3.0533]],[[101.4436,3.0368],[101.4436,3.0372],[101.4437,3.0374]]]},"properties":{"name":"5","kind":"Trunk road","ref":"5"}},
{"type":"Feature","geometry":{"type":"MultiLineString","coordinates":[[[101.4447,3.089],[101.4449,3.0881]],[[101.5383,3.1571],[101.5384,3.1571],[101.5385,3.1571],[101.5385,3.1572]],[[101.5389,3.1569],[101.5388,3.1569],[101.5388,3.1568],[101.5389,3.1566]],[[101.4652,2.8972],[101.4652,2.8971],[101.4651,2.8974],[101.4652,2.8973],[101.4652,2.8972]],[[101.7571,3.1774],[101.7575,3.1783],[101.7575,3.1782],[101.7573,3.1778],[101.7571,3.1774]]]},"properties":{"name":"Trunk road","kind":"Trunk road"}},
{"type":"Feature","geometry":{"type":"MultiLineString","coordinates":[[[101.616,3.1518],[101.6184,3.1477],[101.6191,3.1467]],[[101.6185,3.1478],[101.6161,3.1518]],[[101.608,3.1126],[101.611,3.1125],[101.613,3.1135],[101.6137,3.1144],[101.614,3.1149],[101.6156,3.1171],[101.6162,3.1178],[101.6197,3.1219],[101.6201,3.1223],[101.6204,3.1225],[101.621,3.1233],[101.6224,3.1252],[101.6232,3.1268],[101.6236,3.1275],[101.624,3.1286],[101.625,3.131],[101.6252,3.1314],[101.6253,3.1317],[101.6253,3.132],[101.6252,3.1323],[101.6248,3.1349],[101.6244,3.1372],[101.6241,3.1388],[101.6239,3.1399],[101.6236,3.1413],[101.6224,3.1428],[101.6213,3.1438],[101.6209,3.1442],[101.6202,3.145]],[[101.6155,3.1558],[101.6158,3.1597],[101.6159,3.1605],[101.6163,3.1628],[101.6159,3.1639],[101.6144,3.1662],[101.6141,3.1677],[101.6144,3.1689],[101.615,3.1697],[101.6175,3.1713],[101.6178,3.1716],[101.6181,3.1719],[101.6183,3.1721],[101.6189,3.1729],[101.6192,3.1737],[101.6194,3.1765]],[[101.62,3.1451],[101.6209,3.144],[101.6223,3.1427],[101.6235,3.1413],[101.6238,3.1398],[101.6242,3.1376],[101.6247,3.1349],[101.6251,3.1323],[101.6252,3.1318],[101.6251,3.1314],[101.6249,3.131],[101.6239,3.1287],[101.6231,3.1267],[101.6229,3.1262],[101.6227,3.1258],[101.6202,3.1226],[101.6197,3.1219],[101.6161,3.1179],[101.6155,3.1172],[101.615,3.1166],[101.6147,3.1162],[101.6144,3.1158],[101.614,3.1152],[101.6138,3.1149],[101.6136,3.1144],[101.613,3.1136],[101.611,3.1126],[101.608,3.1127],[101.6067,3.1128],[101.605,3.113],[101.6022,3.1134],[101.6004,3.1136],[101.5998,3.1136],[101.5993,3.1134],[101.599,3.1132],[101.5988,3.1131],[101.5987,3.113],[101.5983,3.1128],[101.5968,3.1116],[101.5963,3.1107],[101.5958,3.1092],[101.5967,3.1053],[101.5972,3.1026],[101.5977,3.0989],[101.5987,3.0974],[101.5991,3.097],[101.6022,3.0946],[101.6028,3.0941],[101.603,3.094],[101.6035,3.0936],[101.6041,3.0931],[101.6053,3.0923],[101.6062,3.0916],[101.6072,3.0913],[101.6091,3.0913],[101.6102,3.0913],[101.611,3.0913],[101.6115,3.0913],[101.6123,3.0909],[101.6127,3.0893],[101.6129,3.0884],[101.613,3.0873],[101.6134,3.0846],[101.6135,3.0842],[101.6135,3.0838],[101.6136,3.0834],[101.6136,3.0828],[101.6136,3.0803],[101.6136,3.079],[101.6136,3.0779],[101.6136,3.077],[101.6136,3.072],[101.6135,3.0709],[101.6136,3.0664],[101.6136,3.0653],[101.6135,3.0621],[101.6134,3.0616],[101.6133,3.0612],[101.6133,3.0605],[101.6133,3.0604],[101.6134,3.0595],[101.6138,3.059],[101.6142,3.0587],[101.6147,3.0583],[101.6158,3.0575],[101.6168,3.0567],[101.6173,3.0564],[101.6177,3.056],[101.6182,3.0557],[101.6199,3.0545],[101.6226,3.0527],[101.6235,3.0513],[101.6223,3.0498],[101.6214,3.0485],[101.6207,3.047],[101.6204,3.0464],[101.6194,3.0446],[101.6184,3.042],[101.6183,3.0414],[101.6182,3.0409],[101.6181,3.0406],[101.6178,3.0391],[101.6169,3.0347],[101.6167,3.0339],[101.6154,3.0311],[101.6153,3.0308],[101.6152,3.0303],[101.6148,3.0279],[101.6146,3.0267],[101.6141,3.0242],[101.6139,3.0227],[101.6138,3.0222],[101.6138,3.022],[101.6137,3.0216],[101.613,3.0204],[101.6121,3.0202],[101.6114,3.0203],[101.6098,3.0203]],[[101.6102,3.0186],[101.6103,3.0177],[101.6103,3.0173],[101.6103,3.0165],[101.6103,3.0161],[101.6103,3.0156],[101.6104,3.0153],[101.6106,3.0137],[101.6107,3.0135],[101.6108,3.0126],[101.6109,3.012],[101.6113,3.008],[101.6114,3.0065],[101.6114,3.0063],[101.6114,3.0058],[101.6115,3.0045],[101.6115,3.0042],[101.6117,3.0012],[101.6123,2.9997],[101.6137,2.9977],[101.6147,2.9955],[101.6155,2.9939],[101.6159,2.9935],[101.6164,2.9932],[101.6188,2.9921],[101.6193,2.9918],[101.6216,2.9895],[101.6219,2.989],[101.6222,2.9887],[101.6223,2.9885],[101.6239,2.9875],[101.627,2.9869],[101.6294,2.9864],[101.6309,2.9857],[101.6321,2.9847],[101.6326,2.9843],[101.6339,2.983],[101.6344,2.9826],[101.6349,2.982],[101.6353,2.9817],[101.6356,2.9814],[101.6361,2.9811],[101.6362,2.9811],[101.6363,2.981],[101.6367,2.9807],[101.6371,2.9806],[101.6374,2.9805],[101.6379,2.9804],[101.6389,2.9803],[101.6485,2.981],[101.649,2.981],[101.6524,2.9812],[101.6528,2.9813],[101.6531,2.9813],[101.6534,2.9813],[101.6538,2.9813],[101.6545,2.9814],[101.6549,2.9814],[101.6553,2.9814],[101.6562,2.9812],[101.6577,2.9806],[101.6579,2.9805],[101.6586,2.9802]],[[101.6067,3.1127],[101.6043,3.113],[101.6029,3.1132],[101.6027,3.1132],[101.5994,3.1133],[101.5968,3.1115],[101.5964,3.1107],[101.5959,3.1092],[101.5968,3.1053],[101.5976,3.101],[101.5978,3.099],[101.5985,3.0978],[101.6006,3.096],[101.6011,3.0956],[101.6015,3.0953],[101.6023,3.0947],[101.6043,3.0931],[101.6053,3.0923],[101.6065,3.0916],[101.6091,3.0913],[101.6114,3.0914],[101.6125,3.0908],[101.6128,3.0896],[101.6129,3.0889],[101.613,3.0885],[101.613,3.0884],[101.6131,3.0873],[101.6135,3.0846],[101.6135,3.0842],[101.6136,3.0838],[101.6136,3.0836],[101.6137,3.0828],[101.6137,3.0803],[101.6137,3.0774],[101.6137,3.077],[101.6137,3.0765],[101.6137,3.072],[101.6137,3.0703],[101.6137,3.0698],[101.6137,3.0697],[101.6137,3.0678],[101.6137,3.0676],[101.6137,3.0644],[101.6137,3.0636],[101.6137,3.0631],[101.6137,3.0623],[101.6139,3.0612],[101.6141,3.0607],[101.6141,3.0606],[101.6141,3.06],[101.6142,3.0593],[101.6148,3.0585],[101.616,3.0576],[101.6162,3.0574],[101.617,3.0567],[101.6174,3.0565],[101.6178,3.0561],[101.6182,3.0559],[101.619,3.0553],[101.6194,3.0551],[101.62,3.0546],[101.6203,3.0545],[101.6204,3.0543],[101.6216,3.0534],[101.6233,3.0524],[101.6237,3.0515],[101.6224,3.0498],[101.6215,3.0483],[101.6193,3.0441],[101.6187,3.0422],[101.6183,3.0404],[101.6182,3.04],[101.6181,3.0395],[101.617,3.035],[101.6167,3.0337],[101.6159,3.0321],[101.615,3.0287],[101.615,3.0284],[101.614,3.0229],[101.6138,3.0218],[101.6137,3.0213],[101.6132,3.0204],[101.6125,3.0201],[101.6112,3.0202],[101.6109,3.0201],[101.6108,3.0201],[101.6107,3.0201],[101.6104,3.0179],[101.6105,3.0171],[101.6108,3.0137],[101.6108,3.0135],[101.611,3.0126],[101.6111,3.012],[101.6114,3.008],[101.6114,3.007],[101.6116,3.0045],[101.6116,3.0042],[101.6118,3.0017],[101.6118,3.0012],[101.6122,3.0001],[101.6137,2.998],[101.6156,2.994],[101.6162,2.9934],[101.6188,2.9922],[101.6194,2.9918],[101.6198,2.9916],[101.6207,2.9907],[101.6213,2.99],[101.6215,2.9897],[101.6221,2.989],[101.6235,2.9878],[101.6237,2.9877],[101.6261,2.9871],[101.6282,2.9869],[101.6299,2.9864],[101.6308,2.9859],[101.6338,2.9834],[101.6341,2.9831],[101.6349,2.9825],[101.6352,2.9823],[101.6354,2.9822],[101.6358,2.9819],[101.6364,2.9816],[101.6365,2.9815],[101.637,2.9812],[101.6372,2.981],[101.6376,2.9808],[101.6379,2.9807],[101.6382,2.9806],[101.6395,2.9804],[101.6452,2.9808],[101.6468,2.981],[101.6485,2.9811],[101.649,2.9811],[101.6505,2.9812],[101.6547,2.9815],[101.6567,2.9812],[101.6584,2.9804],[101.6586,2.9803]],[[101.6193,3.184],[101.6192,3.1831],[101.6192,3.1828],[101.6191,3.1823],[101.6191,3.1795],[101.6191,3.1786],[101.619,3.1777],[101.619,3.1775],[101.6191,3.1761],[101.6191,3.1753],[101.6191,3.1744],[101.619,3.1733],[101.6178,3.1717],[101.6174,3.1714],[101.6162,3.1705],[101.615,3.1698],[101.6143,3.1691],[101.6141,3.1687],[101.614,3.1677],[101.6141,3.1667],[101.6158,3.1639],[101.6162,3.1623],[101.6154,3.1577],[101.6153,3.1564],[101.6153,3.1554],[101.6153,3.1545]],[[101.6196,3.1777],[101.6195,3.1786],[101.6194,3.1805]],[[101.6148,3.0584],[101.616,3.0575],[101.6173,3.0564],[101.6178,3.0561],[101.6204,3.0543]],[[101.6139,3.0612],[101.6138,3.0607],[101.6138,3.06],[101.6141,3.059],[101.6148,3.0584]]]},"properties":{"name":"Lebuhraya Damansara–Puchong","kind":"Expressway","ref":"E11"}},
{"type":"Feature","geometry":{"type":"MultiLineString","coordinates":[[[101.7901,2.897],[101.7912,2.8963],[101.7902,2.8971]],[[101.79,2.897],[101.7884,2.8964],[101.7899,2.8972]],[[101.7977,2.8968],[101.7972,2.8967],[101.7969,2.8966],[101.7966,2.8965],[101.7954,2.8963],[101.7965,2.8966]],[[101.8189,2.9162],[101.8161,2.9166]],[[101.5263,2.8209],[101.5276,2.8214],[101.5279,2.8216],[101.5276,2.8214]],[[101.7376,2.8888],[101.7364,2.8883],[101.7352,2.8879],[101.7346,2.8877],[101.7339,2.8875],[101.7292,2.8862],[101.7284,2.8861],[101.7274,2.8858],[101.7228,2.8847],[101.7208,2.8845],[101.718,2.8852],[101.7148,2.8852],[101.7109,2.8843],[101.7099,2.8841],[101.709,2.884],[101.708,2.8838],[101.7076,2.8837],[101.7051,2.8826],[101.6982,2.8786],[101.6958,2.877],[101.6952,2.8755],[101.6953,2.8747],[101.6946,2.8735],[101.6935,2.8698],[101.6926,2.864],[101.6921,2.8626],[101.6915,2.8617],[101.6914,2.8614],[101.6911,2.8611],[101.691,2.861],[101.6908,2.8608],[101.6904,2.8605],[101.6863,2.8574],[101.6861,2.8573],[101.6898,2.8601],[101.6902,2.8605],[101.6903,2.8605],[101.6907,2.8609],[101.6909,2.8611],[101.6912,2.8614],[101.6922,2.8631],[101.6926,2.8644],[101.6934,2.8698],[101.6952,2.8757],[101.6957,2.877],[101.6963,2.8777],[101.7052,2.8828],[101.7076,2.8837],[101.708,2.8838],[101.709,2.8841],[101.7096,2.8842],[101.7151,2.8853],[101.7177,2.8854],[101.721,2.8846],[101.7228,2.8847],[101.7266,2.8857],[101.7283,2.8861],[101.7331,2.8874],[101.7344,2.8878],[101.7346,2.8878],[101.7361,2.8883],[101.7376,2.8888],[101.7415,2.8899],[101.7458,2.8908],[101.747,2.8905],[101.7485,2.8908],[101.7496,2.8919],[101.7502,2.8924],[101.7533,2.8944],[101.7547,2.8964],[101.7581,2.8983],[101.7601,2.898],[101.7626,2.8982],[101.7627,2.8982],[101.7639,2.8983],[101.7641,2.8984],[101.7653,2.8992],[101.7641,2.8985],[101.764,2.8985],[101.7627,2.8982]],[[101.7795,2.9017],[101.7755,2.9019],[101.7723,2.9013],[101.7704,2.9032],[101.7682,2.9024],[101.768,2.9023],[101.7679,2.9021],[101.7671,2.9004],[101.7665,2.8997],[101.7653,2.8992]],[[101.78,2.9015],[101.7826,2.9008],[101.7847,2.9007],[101.7849,2.9007],[101.7853,2.9012],[101.7856,2.901],[101.7857,2.901],[101.785,2.8992],[101.7856,2.8979],[101.7884,2.8964]],[[101.5564,2.8347],[101.5637,2.8363],[101.569,2.8375],[101.5823,2.8369],[101.5823,2.8368],[101.5835,2.8368],[101.5852,2.8367],[101.5862,2.8366],[101.5884,2.8363],[101.5963,2.8354],[101.6019,2.8345],[101.6049,2.8338],[101.6067,2.8336],[101.6091,2.8334],[101.6099,2.8334],[101.6123,2.8334],[101.6138,2.8328],[101.6172,2.83],[101.6217,2.8274],[101.6233,2.8272],[101.6277,2.8299],[101.6284,2.8303],[101.6288,2.8306],[101.629,2.8307],[101.6295,2.8311],[101.6296,2.8311],[101.6326,2.8339],[101.6359,2.8363],[101.6381,2.8381],[101.6426,2.8415],[101.6453,2.8445],[101.6456,2.8448],[101.6456,2.8449],[101.646,2.8454],[101.6516,2.8522],[101.6525,2.853],[101.6526,2.8532],[101.6541,2.8536],[101.6559,2.8522],[101.6596,2.8517],[101.6622,2.85],[101.6638,2.8495],[101.6676,2.8499],[101.6705,2.8525],[101.671,2.8542],[101.6706,2.8554],[101.6706,2.8556],[101.6706,2.8559],[101.671,2.8573],[101.6726,2.858],[101.6731,2.8579],[101.674,2.8578],[101.6773,2.8582],[101.6787,2.8586],[101.6788,2.8586],[101.6792,2.8588],[101.68,2.8583],[101.6806,2.8573],[101.6813,2.8556],[101.6817,2.8552],[101.6828,2.855],[101.6861,2.8573]],[[101.538,2.8259],[101.5386,2.8262],[101.5389,2.8263],[101.5393,2.8264],[101.5455,2.828],[101.5475,2.8292],[101.548,2.8295],[101.5481,2.8296],[101.5485,2.8299],[101.5534,2.8331],[101.555,2.8339],[101.5534,2.833],[101.5522,2.8322],[101.5521,2.8321],[101.5494,2.8303],[101.5482,2.8295],[101.5481,2.8294],[101.5471,2.8288],[101.5455,2.828]],[[101.5393,2.8264],[101.5387,2.8262],[101.538,2.8259],[101.5366,2.8253],[101.5361,2.8251],[101.5357,2.825],[101.5354,2.8249],[101.5342,2.8243],[101.5314,2.8231],[101.5308,2.8229],[101.5306,2.8227],[101.5304,2.8226],[101.5303,2.8226],[101.5302,2.8225],[101.5301,2.8225],[101.5298,2.8224],[101.5303,2.8227],[101.5304,2.8227],[101.5308,2.8229]],[[101.6788,2.8587],[101.6791,2.8588],[101.6792,2.8589],[101.68,2.8583],[101.6806,2.8573]],[[101.7954,2.8963],[101.7923,2.8957],[101.7912,2.8963]],[[101.6019,2.8345],[101.6049,2.8339],[101.6067,2.8337],[101.6092,2.8335],[101.6099,2.8335],[101.6127,2.8334],[101.6138,2.8328]],[[101.5277,2.8219],[101.5279,2.8216],[101.528,2.8216],[101.5279,2.8216]],[[101.5284,2.8218],[101.5287,2.8219],[101.528,2.8216]],[[101.5298,2.8224],[101.5287,2.8219]],[[101.6289,2.8307],[101.6295,2.8311]],[[101.6284,2.8304],[101.6288,2.8306],[101.6289,2.8307]],[[101.6284,2.8303],[101.6284,2.8304]],[[101.5823,2.8369],[101.5835,2.8369],[101.5852,2.8367]],[[101.5279,2.8216],[101.5284,2.8218]],[[101.5276,2.8219],[101.5277,2.8219]],[[101.7797,2.9016],[101.7796,2.9016],[101.7795,2.9017]],[[101.7797,2.9016],[101.78,2.9015]],[[101.5278,2.8218],[101.5276,2.8219]],[[101.5279,2.8216],[101.5278,2.8218]],[[101.555,2.8339],[101.5564,2.8347],[101.5637,2.8363]],[[101.6787,2.8586],[101.6788,2.8587]]]},"properties":{"name":"Jalan Banting-Semenyih","kind":"Primary road","ref":"31"}},
{"type":"Feature","geometry":{"type":"MultiLineString","coordinates":[[[101.6942,2.975],[101.6937,2.9756]],[[101.6937,2.9755],[101.6942,2.9749]]]},"properties":{"name":"Persiaran Persekutuan","kind":"Primary road"}},
{"type":"Feature","geometry":{"type":"MultiLineString","coordinates":[[[101.6194,3.1976],[101.6224,3.1975]],[[101.7438,3.1091],[101.7461,3.1149],[101.7464,3.1163],[101.7465,3.118],[101.7467,3.1208],[101.7469,3.1223],[101.747,3.1231],[101.7469,3.1267],[101.7468,3.1273],[101.7468,3.1281],[101.7467,3.1287],[101.7466,3.1299],[101.7465,3.1307],[101.7462,3.1319],[101.7462,3.132],[101.746,3.1326],[101.7459,3.133],[101.7445,3.136],[101.7442,3.1367],[101.7435,3.1387],[101.7432,3.1394],[101.7431,3.1411],[101.7437,3.1436],[101.7439,3.1447],[101.7446,3.1479],[101.7456,3.1514]],[[101.7494,3.1591],[101.7511,3.1612],[101.7516,3.1622],[101.752,3.163],[101.7524,3.1637],[101.7528,3.1645],[101.7533,3.1659],[101.7537,3.1689],[101.7559,3.173],[101.7564,3.1748],[101.7565,3.1756],[101.7566,3.177],[101.7567,3.1775],[101.7577,3.1793],[101.7606,3.1834],[101.7616,3.1877],[101.7619,3.1924],[101.7621,3.1935],[101.7626,3.1945],[101.7629,3.1951],[101.7631,3.1971],[101.7627,3.1979],[101.7621,3.1989],[101.7609,3.2009],[101.7569,3.2061],[101.7561,3.2068],[101.7558,3.2069],[101.7543,3.2075],[101.7533,3.2077],[101.752,3.208],[101.7499,3.2084],[101.7488,3.2087],[101.7482,3.2088],[101.7481,3.2089],[101.7468,3.2091],[101.7459,3.2094]],[[101.6691,3.2296],[101.6713,3.23],[101.6746,3.2312],[101.6759,3.2323],[101.6769,3.2332],[101.6781,3.2338],[101.6785,3.234],[101.6801,3.2346],[101.6812,3.235],[101.6836,3.2353],[101.6839,3.2354],[101.6845,3.2354],[101.6855,3.2354],[101.686,3.2354],[101.6905,3.2355],[101.6943,3.236],[101.6974,3.2359],[101.698,3.2359],[101.699,3.2359],[101.6997,3.2359],[101.7011,3.236],[101.7016,3.2361],[101.7018,3.2361],[101.7019,3.2362],[101.7024,3.2365],[101.7025,3.2365],[101.7026,3.2367],[101.7029,3.237],[101.7038,3.2388],[101.7041,3.2391],[101.7049,3.2398],[101.7062,3.2401],[101.7076,3.2401]],[[101.6283,3.2056],[101.6297,3.2095],[101.6298,3.2098],[101.6307,3.2127],[101.6315,3.215],[101.6322,3.2162],[101.6343,3.2182],[101.6353,3.2192],[101.6367,3.2206],[101.6386,3.2226],[101.6389,3.2228],[101.6394,3.2231],[101.6411,3.2241]],[[101.6408,3.2238],[101.6394,3.223],[101.639,3.2227],[101.6387,3.2225],[101.6367,3.2205],[101.6353,3.2191],[101.6343,3.2181],[101.6325,3.2164],[101.632,3.2157],[101.6316,3.215],[101.6307,3.2127],[101.6306,3.2123],[101.6298,3.2095],[101.6284,3.2056]],[[101.7197,3.2406],[101.7201,3.2405],[101.7204,3.2405],[101.7207,3.2404],[101.7213,3.24],[101.7221,3.239],[101.7235,3.2361],[101.724,3.2352],[101.7247,3.2339],[101.725,3.2333],[101.7264,3.2304],[101.7267,3.2293]],[[101.6218,3.1976],[101.6195,3.1977]],[[101.6686,3.2296],[101.6712,3.2301],[101.6745,3.2313],[101.6758,3.2323],[101.6766,3.2331],[101.6774,3.2336],[101.6781,3.2339],[101.6784,3.2341],[101.6795,3.2345],[101.6806,3.2349],[101.6811,3.2351],[101.6836,3.2354],[101.6843,3.2354],[101.6849,3.2355],[101.6856,3.2355],[101.686,3.2355],[101.6905,3.2356],[101.6943,3.2361],[101.6974,3.236],[101.6978,3.236],[101.6985,3.236],[101.6991,3.236],[101.6996,3.236],[101.7011,3.2361],[101.7017,3.2362],[101.7019,3.2363],[101.7021,3.2364],[101.7026,3.2368],[101.7028,3.237],[101.703,3.2374],[101.7038,3.2388],[101.7041,3.2392],[101.7047,3.2397],[101.7053,3.24]],[[101.7493,3.159],[101.7509,3.1606],[101.7511,3.161],[101.7517,3.1622],[101.7521,3.1629],[101.7525,3.1637],[101.7532,3.1651],[101.7534,3.1659],[101.7537,3.1684],[101.754,3.1694],[101.7558,3.1723],[101.7563,3.1733],[101.7564,3.1739],[101.7565,3.1748],[101.7566,3.1756],[101.7569,3.1777],[101.7576,3.1791],[101.7582,3.1798],[101.7585,3.1803],[101.7592,3.1812],[101.7604,3.1829],[101.7612,3.1852],[101.7618,3.1882],[101.762,3.1922],[101.7626,3.1942],[101.763,3.1951],[101.7632,3.1971],[101.7629,3.1978],[101.7624,3.1986],[101.7606,3.2016],[101.7574,3.2057],[101.7561,3.2068],[101.7558,3.207],[101.7544,3.2076],[101.7534,3.2078],[101.752,3.2081],[101.7509,3.2083],[101.7497,3.2086],[101.7477,3.209],[101.7465,3.2093],[101.7451,3.2098]],[[101.7439,3.1096],[101.745,3.1121],[101.7452,3.1127],[101.7455,3.1135],[101.7464,3.1169],[101.7464,3.118],[101.7466,3.1208],[101.7468,3.1223],[101.7469,3.1231],[101.7468,3.1271],[101.7468,3.1273],[101.7467,3.1285],[101.7465,3.1299],[101.7464,3.1307],[101.7459,3.1326],[101.7457,3.1332],[101.7455,3.1336],[101.7453,3.1341],[101.7434,3.1386],[101.7432,3.1392],[101.743,3.1405],[101.743,3.1412],[101.7434,3.1431],[101.7438,3.1447],[101.7445,3.148],[101.7451,3.1504]],[[101.7266,3.2293],[101.7261,3.2307],[101.7249,3.2332],[101.7234,3.2361],[101.723,3.237],[101.7217,3.2395],[101.7212,3.2399],[101.7208,3.2402],[101.7205,3.2403],[101.7203,3.2403],[101.7191,3.2405],[101.7165,3.2404]]]},"properties":{"name":"Jalan Lingkaran Tengah 2","kind":"Trunk road","ref":"28"}},
{"type":"Feature","geometry":{"type":"MultiLineString","coordinates":[[[101.6194,3.1976],[101.6181,3.1984],[101.6167,3.1993],[101.6156,3.2],[101.614,3.2002],[101.6124,3.1998],[101.6108,3.1989],[101.6093,3.1984],[101.6068,3.1983],[101.6059,3.1983],[101.6024,3.1991],[101.6013,3.1994],[101.6006,3.1999],[101.6,3.2002],[101.5979,3.2003],[101.5956,3.1998],[101.5946,3.2],[101.5888,3.2015],[101.5871,3.2023],[101.5843,3.2039],[101.5834,3.2045],[101.583,3.2048],[101.5825,3.205],[101.5816,3.2053],[101.5811,3.2054],[101.5806,3.2055],[101.5778,3.2063],[101.5764,3.2071]],[[101.6195,3.1977],[101.6181,3.1985],[101.6179,3.1987],[101.6175,3.1989],[101.6166,3.1995],[101.6163,3.1997],[101.615,3.2002],[101.6135,3.2003],[101.6127,3.2001],[101.6112,3.1992],[101.6103,3.1987],[101.6068,3.1983],[101.6059,3.1984],[101.6021,3.1992],[101.6011,3.1996],[101.6006,3.1999],[101.5994,3.2004],[101.5977,3.2003],[101.5956,3.1999],[101.5946,3.2001],[101.5923,3.2007],[101.5914,3.201],[101.5888,3.2016],[101.5872,3.2024],[101.5864,3.2028],[101.5844,3.204],[101.583,3.2048],[101.5825,3.2051],[101.5818,3.2053],[101.5803,3.2057],[101.5776,3.2065],[101.5764,3.2072]]]},"properties":{"name":"Jalan Kuala Selangor","kind":"Trunk road","ref":"54"}},
{"type":"Feature","geometry":{"type":"MultiLineString","coordinates":[[[101.5764,3.0302],[101.5763,3.0302],[101.5758,3.0303],[101.5755,3.0303],[101.5749,3.0303],[101.5746,3.0303],[101.5743,3.0303],[101.5738,3.0302],[101.5718,3.0296],[101.5715,3.0295],[101.5705,3.0291],[101.5704,3.0291]],[[101.5764,3.0301],[101.5763,3.0301],[101.5753,3.0302],[101.5744,3.0302],[101.5739,3.0301],[101.572,3.0295],[101.5719,3.0295]],[[101.5704,3.029],[101.5706,3.029]]]},"properties":{"name":"Persiaran Klang","kind":"Primary road","ref":"286"}},
{"type":"Feature","geometry":{"type":"MultiLineString","coordinates":[[[101.5605,3.0095],[101.5604,3.0095],[101.5555,3.0095],[101.5554,3.0095]],[[101.5554,3.0096],[101.5555,3.0096],[101.5604,3.0096],[101.5605,3.0096]]]},"properties":{"name":"Persiaran Sepang","kind":"Primary road"}},
{"type":"Feature","geometry":{"type":"MultiLineString","coordinates":[[[101.5604,3.0095],[101.5604,3.0096],[101.5604,3.012],[101.5604,3.0121],[101.5604,3.0124],[101.5604,3.0217],[101.5607,3.0226],[101.5608,3.0227],[101.5615,3.0238],[101.5632,3.0253]],[[101.5634,3.025],[101.5619,3.0239],[101.5609,3.0227],[101.5609,3.0226],[101.5606,3.0215],[101.5605,3.0167],[101.5605,3.015],[101.5605,3.0149],[101.5605,3.0139],[101.5605,3.0135],[101.5606,3.0121],[101.5606,3.012],[101.5605,3.0096],[101.5605,3.0095]],[[101.5694,3.0285],[101.5704,3.029]]]},"properties":{"name":"Persiaran Klang","kind":"Primary road"}},
{"type":"Feature","geometry":{"type":"MultiLineString","coordinates":[[[101.5633,3.0253],[101.5615,3.0277],[101.561,3.0288],[101.561,3.0302],[101.5613,3.032],[101.5614,3.0323],[101.5617,3.0342]],[[101.5635,3.0255],[101.5612,3.0286],[101.5611,3.0302],[101.5619,3.0348]]]},"properties":{"name":"Persiaran Hulu Selangor","kind":"Primary road"}},
{"type":"Feature","geometry":{"type":"MultiLineString","coordinates":[[[101.7119,3.2326],[101.7117,3.2326],[101.7114,3.2328],[101.7113,3.2328],[101.7108,3.2331],[101.7096,3.2338],[101.7093,3.234],[101.7072,3.2341],[101.7066,3.2341],[101.705,3.2347],[101.7048,3.2348],[101.7046,3.2349],[101.7039,3.2352],[101.7032,3.2356],[101.7029,3.2357],[101.7025,3.2358],[101.7021,3.2359],[101.7018,3.2358],[101.7014,3.2358]],[[101.6856,3.2355],[101.6879,3.2356],[101.6887,3.2356],[101.6893,3.2357],[101.6907,3.2357],[101.694,3.2362],[101.6946,3.2362],[101.695,3.2362],[101.6954,3.2361],[101.6955,3.2361],[101.6962,3.2361],[101.6978,3.236]],[[101.6957,3.2358],[101.6955,3.2358],[101.6954,3.2358],[101.6952,3.2358],[101.695,3.2358],[101.6918,3.2355],[101.6911,3.2354],[101.6906,3.2354],[101.6896,3.2354],[101.6893,3.2354],[101.6891,3.2354],[101.689,3.2354],[101.6886,3.2354],[101.6855,3.2354]],[[101.6997,3.2359],[101.701,3.2358]],[[101.6996,3.236],[101.7001,3.2362],[101.7011,3.2362],[101.7014,3.2363],[101.7017,3.2362],[101.7018,3.2362],[101.702,3.2361],[101.7021,3.236],[101.7027,3.2359],[101.7029,3.2358],[101.7032,3.2357],[101.7044,3.2351],[101.7046,3.235],[101.7048,3.2349],[101.705,3.2348],[101.7051,3.2347],[101.7053,3.2347],[101.7062,3.2342],[101.7072,3.2342],[101.7084,3.2343],[101.7096,3.2339],[101.7109,3.2331],[101.7113,3.2329],[101.7115,3.2329],[101.7118,3.2327],[101.7119,3.2327]]]},"properties":{"name":"Jalan Batu Caves","kind":"Primary road"}},
{"type":"Feature","geometry":{"type":"MultiLineString","coordinates":[[[101.7678,2.9024],[101.768,2.9023]],[[101.7876,2.9917],[101.7884,2.9908],[101.7878,2.9918]],[[101.7855,2.9425],[101.7854,2.9448],[101.7857,2.9455],[101.7876,2.9496],[101.7878,2.9501],[101.7881,2.9505],[101.7882,2.9509],[101.7916,2.9551],[101.7917,2.9552],[101.7918,2.9556],[101.792,2.956],[101.7922,2.9564],[101.7923,2.9566],[101.7925,2.9574],[101.7922,2.9568],[101.7922,2.9566],[101.7921,2.9565],[101.7919,2.9559],[101.7917,2.9556],[101.7916,2.9552],[101.7916,2.9551]],[[101.7854,2.9427],[101.7853,2.9446],[101.7856,2.9455],[101.7871,2.9489],[101.7875,2.9497],[101.7882,2.9509]],[[101.7884,2.9908],[101.7888,2.99],[101.7895,2.9884],[101.7895,2.9882],[101.7896,2.988],[101.7897,2.9847],[101.7897,2.9845],[101.7898,2.9842],[101.7898,2.9811],[101.7898,2.9806],[101.7897,2.9788],[101.7897,2.9786],[101.7897,2.9776],[101.7898,2.9773],[101.7898,2.9774],[101.7898,2.9776],[101.7898,2.9783],[101.7898,2.9789],[101.7898,2.9792],[101.7898,2.9796],[101.7899,2.9804],[101.7899,2.9806],[101.7899,2.981],[101.7899,2.9817],[101.7898,2.9847],[101.7898,2.9848],[101.7897,2.9858],[101.7896,2.988]],[[101.79,2.9676],[101.7898,2.9685],[101.7897,2.9704],[101.7897,2.971],[101.7897,2.9716],[101.7897,2.9717],[101.7897,2.9726],[101.7897,2.973],[101.7897,2.9731],[101.7897,2.9734],[101.7897,2.974],[101.7898,2.9747],[101.7898,2.9748],[101.7898,2.9754],[101.7898,2.9755],[101.7898,2.9756],[101.7898,2.9757],[101.7899,2.976],[101.7899,2.9766],[101.7899,2.9767],[101.7898,2.977],[101.7898,2.9772],[101.7898,2.9773]],[[101.7925,2.9574],[101.7926,2.9582],[101.7926,2.9597],[101.7926,2.9599],[101.7924,2.9607],[101.7923,2.9611],[101.792,2.9619],[101.7915,2.9636],[101.7912,2.9642],[101.7908,2.9655],[101.7908,2.9657],[101.7905,2.9666],[101.7903,2.9672],[101.7901,2.9676],[101.79,2.9679],[101.7898,2.9689],[101.7898,2.971],[101.7898,2.9716],[101.7898,2.9719],[101.7898,2.9729],[101.7897,2.973]],[[101.7922,2.961],[101.792,2.9617],[101.7918,2.9623],[101.7917,2.9625],[101.7912,2.9641],[101.7911,2.9642],[101.7911,2.9644],[101.791,2.9647],[101.7907,2.9655],[101.7907,2.9657],[101.7905,2.9662],[101.7901,2.9673],[101.7901,2.9674],[101.79,2.9675],[101.79,2.9676]],[[101.7923,2.9608],[101.7922,2.961]],[[101.7925,2.9599],[101.7923,2.9608]],[[101.7926,2.9597],[101.7925,2.9599]]]},"properties":{"name":"Jalan Reko","kind":"Primary road","ref":"B17"}},
{"type":"Feature","geometry":{"type":"MultiLineString","coordinates":[[[101.5124,3.2208],[101.5101,3.2224],[101.5105,3.2223],[101.5112,3.2219],[101.5125,3.2208]],[[101.5133,3.2197],[101.5148,3.2189],[101.5134,3.2198]],[[101.5689,3.2084],[101.5686,3.2084],[101.5675,3.2085],[101.5672,3.2085],[101.5668,3.2085],[101.565,3.2085],[101.5632,3.2074],[101.5642,3.2084],[101.5646,3.2088],[101.5647,3.2088]],[[101.5689,3.2085],[101.5687,3.2085],[101.5669,3.2086],[101.5665,3.2086]],[[101.4911,3.2344],[101.4897,3.2363],[101.4891,3.2367],[101.4889,3.2367],[101.4884,3.237],[101.488,3.2373],[101.4879,3.2373],[101.4863,3.2378],[101.4837,3.2388],[101.4827,3.239],[101.4789,3.2392],[101.4781,3.2396],[101.478,3.2397],[101.4771,3.2401],[101.477,3.2401],[101.4752,3.2411],[101.4747,3.2417],[101.4742,3.2424],[101.473,3.2451],[101.4729,3.2455],[101.4728,3.2457],[101.4726,3.2461],[101.4723,3.247],[101.4723,3.2471],[101.472,3.2476],[101.4715,3.2486],[101.4713,3.2491],[101.471,3.2497],[101.4686,3.2544],[101.4673,3.256],[101.4656,3.2574],[101.4644,3.259],[101.4639,3.2599],[101.4639,3.26],[101.4632,3.2611],[101.4618,3.2622],[101.4599,3.2626],[101.4594,3.2627],[101.4586,3.2631],[101.4584,3.2632],[101.4583,3.2633],[101.4575,3.2648],[101.4562,3.2662],[101.4548,3.2685],[101.4543,3.2698],[101.4542,3.2702],[101.454,3.271],[101.454,3.2713],[101.454,3.2716],[101.4542,3.2737],[101.4538,3.2759],[101.4536,3.2765],[101.4534,3.277],[101.4529,3.2779],[101.4515,3.279],[101.451,3.2794],[101.4487,3.2815],[101.4465,3.2841],[101.4445,3.2856],[101.444,3.286],[101.4425,3.2876],[101.4416,3.2894],[101.4405,3.2955],[101.4402,3.2963],[101.4372,3.3014],[101.4348,3.3024],[101.4326,3.303],[101.432,3.3031],[101.4312,3.3035],[101.4309,3.3036],[101.4174,3.3139],[101.4169,3.3142],[101.4168,3.3142],[101.4164,3.3144],[101.4161,3.3145],[101.4142,3.3144],[101.4128,3.3142],[101.3971,3.3117],[101.3901,3.3104],[101.3899,3.3103],[101.3893,3.3103],[101.3883,3.3102],[101.3821,3.3092],[101.381,3.309],[101.3806,3.309],[101.3803,3.3089],[101.3789,3.3087],[101.3785,3.3087],[101.376,3.3083],[101.3748,3.3081],[101.3743,3.308],[101.3598,3.3059],[101.3561,3.3052],[101.3539,3.3051],[101.342,3.3068],[101.3354,3.3075],[101.3349,3.3076],[101.3345,3.3076],[101.329,3.3083],[101.3184,3.3099],[101.3166,3.3096],[101.3165,3.3096],[101.3128,3.3082],[101.3124,3.3081],[101.3119,3.3079],[101.3098,3.3074],[101.2977,3.3034],[101.2905,3.3009],[101.2899,3.3006],[101.2895,3.3002],[101.2893,3.3],[101.2892,3.3]],[[101.4948,3.2269],[101.4942,3.228],[101.4933,3.2296],[101.4924,3.2309],[101.4935,3.2291],[101.4937,3.2287],[101.4939,3.2285],[101.494,3.2282],[101.4942,3.228]],[[101.4919,3.2322],[101.4924,3.2309]],[[101.4949,3.2266],[101.4959,3.2251],[101.4975,3.2236],[101.5004,3.2216],[101.5009,3.221],[101.5011,3.2209],[101.5012,3.2207],[101.5013,3.2206],[101.5016,3.2203],[101.5017,3.2202],[101.5035,3.2198],[101.5038,3.2199],[101.5042,3.22],[101.5042,3.2201],[101.5045,3.2203],[101.5046,3.2203],[101.5046,3.2204],[101.5047,3.2204],[101.5059,3.2218],[101.5071,3.2224],[101.5085,3.2226],[101.5088,3.2226],[101.5092,3.2226],[101.5093,3.2225],[101.5101,3.2224]],[[101.2891,3.3001],[101.2892,3.3001],[101.2895,3.3004],[101.2903,3.301],[101.2956,3.3028],[101.296,3.3029],[101.3025,3.305],[101.3105,3.3079],[101.3108,3.308],[101.3114,3.3081],[101.3163,3.3096],[101.3165,3.3097],[101.3167,3.3098],[101.3181,3.31],[101.329,3.3084],[101.3322,3.3081],[101.3333,3.3082],[101.3336,3.3081],[101.3339,3.308],[101.3534,3.3053],[101.3561,3.3053],[101.3613,3.3062],[101.3743,3.3081],[101.3748,3.3082],[101.376,3.3084],[101.3785,3.3088],[101.382,3.3093],[101.3876,3.3102],[101.3947,3.3115],[101.3951,3.3115],[101.3958,3.3116],[101.3971,3.3117],[101.4114,3.314],[101.4144,3.3146],[101.4155,3.3147],[101.4156,3.3147],[101.4162,3.3146],[101.4165,3.3145],[101.4169,3.3143],[101.417,3.3143],[101.4173,3.3141],[101.4304,3.3041],[101.4308,3.3039],[101.4314,3.3035],[101.4316,3.3034],[101.4317,3.3034],[101.4349,3.3025],[101.4372,3.3015],[101.4381,3.3],[101.4384,3.2994],[101.4391,3.2983],[101.4395,3.2978],[101.4397,3.2975],[101.4402,3.2968],[101.4403,3.2963],[101.4408,3.2951],[101.4414,3.2905],[101.4429,3.2873],[101.4441,3.2861],[101.4445,3.2858],[101.4471,3.2837],[101.4491,3.2812],[101.4504,3.2803],[101.4509,3.2799],[101.4531,3.2777],[101.4535,3.277],[101.4537,3.2766],[101.4538,3.2762],[101.4539,3.2759],[101.4542,3.275],[101.4543,3.2741],[101.4541,3.2718],[101.4544,3.2698],[101.4549,3.2686],[101.4565,3.266],[101.4576,3.2648],[101.4579,3.2641],[101.4584,3.2634],[101.4585,3.2633],[101.4591,3.2629],[101.461,3.2625],[101.4623,3.262],[101.4631,3.2614],[101.4636,3.2607],[101.464,3.2601],[101.464,3.26],[101.4657,3.2574],[101.4673,3.2561],[101.469,3.2541],[101.4702,3.2518],[101.4705,3.2511],[101.4707,3.2507],[101.4708,3.2503],[101.4711,3.2498],[101.4719,3.2482],[101.472,3.2479],[101.4721,3.2476],[101.4724,3.2471],[101.4724,3.247],[101.4727,3.2463],[101.4731,3.2451],[101.4735,3.2442],[101.4737,3.2437],[101.4741,3.2427],[101.4747,3.2419],[101.4771,3.2402],[101.4781,3.2397],[101.4789,3.2393],[101.4827,3.2391],[101.4837,3.2389],[101.4861,3.2379],[101.487,3.2378],[101.4871,3.2378],[101.488,3.2374],[101.4881,3.2374],[101.4884,3.2372],[101.4894,3.2366],[101.49,3.2361],[101.4912,3.2345]],[[101.5223,3.2177],[101.5225,3.2191],[101.5233,3.2205],[101.5246,3.2211],[101.526,3.221],[101.5273,3.2202],[101.5276,3.2197],[101.5278,3.2192],[101.5281,3.2186],[101.5283,3.2183],[101.5291,3.217],[101.5292,3.2169],[101.5293,3.2167],[101.5295,3.2166],[101.5298,3.2164],[101.5299,3.2163],[101.5307,3.2161],[101.531,3.2159],[101.5311,3.2158],[101.5306,3.216],[101.5299,3.2163]],[[101.5315,3.2154],[101.5346,3.2142],[101.535,3.2131],[101.5351,3.2109],[101.5381,3.2087],[101.5382,3.2086],[101.5395,3.2079],[101.5408,3.2068],[101.5394,3.2078],[101.5382,3.2086]],[[101.5459,3.2037],[101.547,3.2019],[101.5471,3.2018],[101.5478,3.2011],[101.5483,3.2007],[101.5494,3.2003],[101.5499,3.2002],[101.5504,3.2001],[101.5506,3.2001],[101.5543,3.2004],[101.5553,3.2008],[101.556,3.2012],[101.5565,3.2015],[101.5569,3.2018],[101.5576,3.2022],[101.5577,3.2023],[101.558,3.2025],[101.5586,3.2029],[101.5605,3.2046],[101.5609,3.205],[101.5615,3.2056],[101.5617,3.2058],[101.5619,3.2061],[101.5632,3.2074]],[[101.5481,3.2007],[101.547,3.2017],[101.547,3.2018],[101.5467,3.2023],[101.5458,3.2037],[101.5453,3.204],[101.5451,3.2041],[101.5448,3.2043],[101.5408,3.2068]],[[101.516,3.2185],[101.5193,3.2175],[101.5195,3.2175],[101.5204,3.2172],[101.5217,3.217],[101.5222,3.2179],[101.5226,3.2205],[101.5246,3.2211]],[[101.5042,3.22],[101.504,3.2199],[101.5035,3.2198]],[[101.5148,3.2189],[101.5154,3.2186],[101.516,3.2185]],[[101.5311,3.2158],[101.5312,3.2157],[101.5315,3.2154]],[[101.545,3.2042],[101.5459,3.2037]],[[101.5448,3.2043],[101.545,3.2042]],[[101.5046,3.2203],[101.5045,3.2201],[101.5043,3.22],[101.5042,3.22]],[[101.55,3.2001],[101.5497,3.2002],[101.5494,3.2002],[101.5492,3.2003],[101.5481,3.2007]],[[101.5504,3.2001],[101.55,3.2001]]]},"properties":{"name":"Jalan Kepong - Kuala Selangor","kind":"Trunk road","ref":"54"}},
{"type":"Feature","geometry":{"type":"MultiLineString","coordinates":[[[101.5764,3.0301],[101.577,3.03],[101.5776,3.0299],[101.578,3.0297],[101.5796,3.0285],[101.58,3.028],[101.5802,3.0274],[101.5804,3.0264],[101.5804,3.0259],[101.5804,3.0242],[101.5816,3.0224],[101.5822,3.0221],[101.5833,3.0218],[101.5841,3.0216],[101.5853,3.0214],[101.5856,3.0213],[101.5876,3.0208],[101.5897,3.0204],[101.5916,3.0205],[101.5948,3.0205],[101.5958,3.0204],[101.5961,3.0204],[101.5986,3.0203],[101.599,3.0203],[101.5993,3.0204],[101.5997,3.0204],[101.6003,3.0205],[101.6012,3.0206],[101.6022,3.0206],[101.6023,3.0206],[101.6041,3.0206],[101.6044,3.0206],[101.6059,3.0204],[101.6068,3.0203],[101.607,3.0203],[101.6085,3.0203],[101.6102,3.0202],[101.6105,3.0202],[101.6107,3.0201],[101.6109,3.0201],[101.6115,3.0201],[101.6123,3.02],[101.6128,3.0201],[101.6132,3.0203],[101.6136,3.0208],[101.6138,3.0212],[101.6139,3.0218],[101.6139,3.022],[101.614,3.0229]],[[101.6098,3.0203],[101.608,3.0204],[101.6048,3.0207],[101.6038,3.021],[101.6023,3.0212],[101.6022,3.0212],[101.6011,3.0211],[101.6003,3.0208],[101.5992,3.0205],[101.5986,3.0205],[101.5956,3.0205],[101.5897,3.0205],[101.5873,3.021],[101.5866,3.0212],[101.5856,3.0214],[101.5844,3.0217],[101.5829,3.0221],[101.5818,3.0225],[101.5815,3.0227],[101.5805,3.0247],[101.5805,3.0264],[101.5804,3.0272],[101.5801,3.028],[101.58,3.0282],[101.5798,3.0284],[101.5797,3.0286],[101.579,3.0293],[101.5772,3.0301],[101.5769,3.0302],[101.5764,3.0302]]]},"properties":{"name":"Lebuhraya Damansara–Puchong (Hubungan Puchong Barat)","kind":"Expressway","ref":"E11"}},
{"type":"Feature","geometry":{"type":"MultiLineString","coordinates":[[[101.6094,2.8327],[101.6094,2.8285],[101.6096,2.8272],[101.6106,2.8255],[101.611,2.8241],[101.611,2.8177],[101.6122,2.8147],[101.6133,2.8137],[101.6144,2.8132],[101.6159,2.813],[101.6197,2.8129],[101.6209,2.8129],[101.6246,2.8125],[101.6275,2.8117],[101.6294,2.8116],[101.639,2.8117],[101.6413,2.8117],[101.6435,2.811],[101.651,2.8047],[101.6513,2.8044],[101.6521,2.8037],[101.6533,2.8027],[101.6645,2.793],[101.6646,2.793],[101.6647,2.7929],[101.6682,2.7899],[101.6711,2.7888],[101.6726,2.7888],[101.673,2.7889],[101.6736,2.7891],[101.6754,2.7904],[101.6774,2.7927],[101.6781,2.7935],[101.6866,2.8035],[101.6876,2.8045],[101.6891,2.8051],[101.6908,2.8052],[101.6917,2.8053],[101.6947,2.8052],[101.6954,2.8052],[101.6958,2.8052],[101.6962,2.8052],[101.6979,2.8053],[101.6983,2.8053],[101.6993,2.8053],[101.6996,2.8054],[101.7,2.8054],[101.7001,2.8054],[101.7004,2.8054],[101.7007,2.8054],[101.7009,2.8054],[101.7055,2.8055],[101.7064,2.8055],[101.7137,2.8056],[101.7145,2.8056],[101.7225,2.8058],[101.7228,2.8058],[101.7344,2.806],[101.7353,2.806],[101.7418,2.8061],[101.7441,2.8054],[101.7462,2.8054],[101.747,2.8054],[101.75,2.8064],[101.7503,2.8065],[101.7504,2.8065],[101.7509,2.8065],[101.7549,2.8063],[101.7557,2.8064]],[[101.6094,2.8327],[101.6093,2.828],[101.6095,2.8271],[101.6106,2.8253],[101.611,2.8235],[101.6109,2.8176],[101.6118,2.8151],[101.6126,2.8141],[101.6132,2.8136],[101.6144,2.8131],[101.6159,2.8129],[101.6197,2.8128],[101.6209,2.8128],[101.6245,2.8124],[101.6275,2.8117],[101.6283,2.8116],[101.639,2.8116],[101.6413,2.8116],[101.6433,2.811],[101.6509,2.8046],[101.6516,2.804],[101.652,2.8036],[101.6533,2.8026],[101.6534,2.8024],[101.6552,2.8009],[101.6564,2.7999],[101.6643,2.7931],[101.6645,2.793],[101.6646,2.7929],[101.6647,2.7928],[101.6687,2.7895],[101.6711,2.7886],[101.6726,2.7887],[101.673,2.7888],[101.6733,2.7889],[101.6737,2.789],[101.6756,2.7903],[101.6767,2.7916],[101.6768,2.7917],[101.6774,2.7923],[101.6782,2.7934],[101.6826,2.7984],[101.6826,2.7985],[101.6827,2.7986],[101.6828,2.7987],[101.6867,2.8034],[101.6891,2.805],[101.6909,2.805],[101.6918,2.8051],[101.6945,2.8051],[101.6954,2.8051],[101.6958,2.8051],[101.6962,2.8051],[101.6967,2.8052],[101.6969,2.8051],[101.6971,2.8051],[101.6972,2.8051],[101.7053,2.8053],[101.7063,2.8053],[101.7119,2.8054],[101.7143,2.8055],[101.7148,2.8055],[101.7198,2.8056],[101.7206,2.8056],[101.721,2.8056],[101.7223,2.8056],[101.7234,2.8056],[101.725,2.8057],[101.7343,2.8059],[101.737,2.8059],[101.7375,2.8059],[101.7414,2.806],[101.7439,2.8053],[101.7462,2.8053],[101.747,2.8053],[101.7502,2.8064],[101.7503,2.8064],[101.7509,2.8064],[101.7516,2.8063],[101.7557,2.8063]]]},"properties":{"name":"Jalan Labohan Dagang ‒ Nilai","kind":"Primary road","ref":"32"}},
{"type":"Feature","geometry":{"type":"MultiLineString","coordinates":[[[101.8471,2.9476],[101.8462,2.9476],[101.8459,2.9475],[101.8445,2.947],[101.8444,2.9468],[101.8431,2.9461],[101.843,2.9461],[101.8429,2.946],[101.8429,2.9457],[101.8429,2.9456],[101.8428,2.9456],[101.8428,2.9457],[101.8423,2.9457],[101.8428,2.9456]],[[101.8161,2.9166],[101.8154,2.9165],[101.8154,2.9163],[101.8156,2.9162],[101.8148,2.916],[101.8144,2.9143],[101.8143,2.9139],[101.814,2.9124],[101.8139,2.912],[101.8135,2.9101],[101.8103,2.9074],[101.8088,2.9043],[101.8095,2.9052],[101.8114,2.9079],[101.8139,2.9085],[101.8148,2.9101],[101.8141,2.9117],[101.8139,2.912],[101.8139,2.9122],[101.8139,2.9124],[101.8143,2.914],[101.8147,2.9161],[101.8154,2.9165]],[[101.7965,2.8966],[101.7969,2.8967],[101.7972,2.8968],[101.7978,2.8969],[101.7986,2.897],[101.7977,2.8968]],[[101.816,2.9164],[101.8159,2.9163],[101.8156,2.9162]],[[101.8189,2.9162],[101.8219,2.9177],[101.8231,2.9192],[101.8246,2.9235],[101.8254,2.926],[101.8257,2.9263],[101.826,2.9267],[101.8265,2.9272],[101.8269,2.9276],[101.827,2.9278],[101.8273,2.9281],[101.8322,2.9334],[101.8348,2.9364],[101.8351,2.9367],[101.8353,2.937],[101.8355,2.9372],[101.8356,2.9373],[101.8359,2.9376],[101.8364,2.9383],[101.8365,2.9384],[101.8369,2.9392],[101.839,2.9438],[101.8391,2.9449],[101.8414,2.9457],[101.8417,2.9457],[101.8418,2.9457],[101.8419,2.9457],[101.8423,2.9457]],[[101.8428,2.9457],[101.8429,2.9457]],[[101.8428,2.9457],[101.8428,2.9459],[101.8429,2.946]],[[101.7993,2.8972],[101.7986,2.897]],[[101.8246,2.9235],[101.8231,2.9189],[101.8219,2.9175],[101.8204,2.9165],[101.8189,2.9161],[101.8159,2.9163]],[[101.8086,2.9042],[101.8066,2.9032],[101.803,2.9027],[101.8014,2.8982],[101.8009,2.8974],[101.7993,2.8972]],[[101.8088,2.9043],[101.8086,2.9042]],[[101.8143,2.9139],[101.8141,2.9117]],[[101.8349,2.9363],[101.8322,2.9334]],[[101.8351,2.9366],[101.8349,2.9363]],[[101.8354,2.9369],[101.8351,2.9366]],[[101.8369,2.9392],[101.8365,2.9384],[101.8365,2.9383],[101.8364,2.9382],[101.836,2.9376],[101.8359,2.9375],[101.8355,2.9371],[101.8354,2.9369]]]},"properties":{"name":"Jalan Bangi Lama","kind":"Primary road","ref":"31"}},
{"type":"Feature","geometry":{"type":"MultiLineString","coordinates":[[[101.7895,2.8631],[101.7901,2.8658],[101.7901,2.8681],[101.7898,2.8697],[101.7887,2.8722],[101.7865,2.8752],[101.7859,2.8757],[101.7842,2.8772],[101.7811,2.8792],[101.7801,2.8796],[101.7799,2.8797],[101.7715,2.8839],[101.7694,2.8855],[101.7678,2.888],[101.7671,2.8909],[101.767,2.8975],[101.767,2.8982],[101.767,2.8999],[101.767,2.9006],[101.7668,2.9032],[101.7653,2.9069],[101.7634,2.9093],[101.7626,2.91],[101.759,2.9128],[101.758,2.9139],[101.7574,2.9149],[101.7571,2.9156],[101.7565,2.9177],[101.7564,2.9186],[101.7567,2.921],[101.7574,2.9243],[101.7575,2.9265],[101.7573,2.9282],[101.7571,2.9292],[101.7569,2.9296],[101.7549,2.9345],[101.7545,2.9354],[101.7543,2.9358],[101.7531,2.9397],[101.7527,2.942],[101.7526,2.9423],[101.752,2.9502],[101.7513,2.9528],[101.7502,2.955],[101.7478,2.9587],[101.7477,2.9589],[101.7455,2.9624],[101.7435,2.9671],[101.743,2.9694],[101.7427,2.9729],[101.7428,2.9793],[101.7427,2.9803],[101.7426,2.9809],[101.7425,2.9814],[101.7424,2.9818],[101.7422,2.9825],[101.7416,2.9841],[101.74,2.9871],[101.7392,2.9884],[101.7388,2.9893],[101.7356,2.995],[101.7339,2.9972],[101.732,2.9988],[101.7281,3.0016],[101.7279,3.0018],[101.7275,3.0022],[101.727,3.0027],[101.7268,3.0029],[101.7266,3.0031],[101.7262,3.0036],[101.7252,3.005],[101.7244,3.0064],[101.7237,3.0076],[101.7164,3.0201],[101.7154,3.0215],[101.7112,3.0255],[101.7096,3.0269],[101.7093,3.0272],[101.7077,3.0292],[101.7069,3.0307],[101.7061,3.0332],[101.706,3.0345],[101.706,3.0372],[101.706,3.0378],[101.706,3.0385],[101.706,3.0391]],[[101.7056,3.0394],[101.7056,3.0392],[101.7056,3.0382],[101.7057,3.0372],[101.7058,3.0358],[101.7061,3.0324],[101.7073,3.0296],[101.7085,3.0278],[101.709,3.0273],[101.7097,3.0266],[101.7141,3.0227],[101.7163,3.02],[101.7212,3.0116],[101.7221,3.0101],[101.7238,3.0072],[101.7246,3.0058],[101.7258,3.0038],[101.7263,3.0032],[101.7268,3.0027],[101.7289,3.0007],[101.732,2.9986],[101.7338,2.997],[101.7341,2.9967],[101.7345,2.9963],[101.7347,2.996],[101.7359,2.9943],[101.7369,2.9924],[101.7381,2.9903],[101.7399,2.987],[101.7404,2.986],[101.7412,2.9845],[101.7413,2.9843],[101.7423,2.9816],[101.7425,2.9809],[101.7426,2.9792],[101.7426,2.9729],[101.7432,2.9679],[101.7447,2.9636],[101.7476,2.9588],[101.7477,2.9586],[101.7503,2.9546],[101.7514,2.9521],[101.7519,2.9501],[101.7525,2.9423],[101.7525,2.942],[101.7534,2.9382],[101.7543,2.9356],[101.7552,2.9334],[101.7555,2.9328],[101.7558,2.9321],[101.7572,2.9283],[101.7572,2.9279],[101.7574,2.9269],[101.7574,2.9259],[101.7572,2.9239],[101.7569,2.9226],[101.7563,2.9186],[101.7563,2.9177],[101.7568,2.9158],[101.7575,2.9143],[101.7581,2.9136],[101.7613,2.9108],[101.7628,2.9096],[101.7633,2.9092],[101.7645,2.9079],[101.7648,2.9075],[101.7651,2.9069],[101.7665,2.9037],[101.7669,2.9005],[101.7669,2.8998],[101.7669,2.8982],[101.7669,2.8974],[101.767,2.8904],[101.7676,2.8879],[101.7691,2.8856],[101.7719,2.8836],[101.7805,2.8793],[101.7837,2.8774],[101.7843,2.8769],[101.7873,2.874],[101.7882,2.8727],[101.7887,2.872],[101.7899,2.8683]]]},"properties":{"name":"Lebuhraya Utara–Selatan","kind":"Expressway","ref":"E2"}},
{"type":"Feature","geometry":{"type":"MultiLineString","coordinates":[[[101.8238,2.9879],[101.8267,2.9863],[101.8281,2.9855],[101.8317,2.9832],[101.8349,2.9807],[101.8352,2.9803],[101.8361,2.978],[101.8359,2.9752],[101.8345,2.972],[101.8338,2.9706],[101.8338,2.9705],[101.8335,2.9699],[101.8332,2.9691],[101.8327,2.9682],[101.832,2.9667],[101.8297,2.9625],[101.8262,2.9573],[101.8261,2.9571],[101.8232,2.9532],[101.8221,2.9515],[101.821,2.9483],[101.8206,2.9381],[101.8214,2.9343],[101.8227,2.932],[101.8263,2.9273],[101.8266,2.9268],[101.8292,2.9233],[101.8295,2.9228],[101.8305,2.9209],[101.831,2.9192],[101.8309,2.9153],[101.8304,2.9134],[101.8269,2.9004],[101.8263,2.8975],[101.8262,2.8962],[101.8261,2.8938],[101.8267,2.8885],[101.827,2.8876],[101.8307,2.877],[101.8342,2.8673]],[[101.8341,2.8671],[101.8295,2.8797],[101.8268,2.8876],[101.8266,2.8885],[101.8264,2.8892],[101.8261,2.8912],[101.826,2.8922],[101.826,2.893],[101.8259,2.8933],[101.826,2.8945],[101.8263,2.8984],[101.8275,2.9034],[101.8303,2.9134],[101.8309,2.9163],[101.8309,2.9191],[101.8294,2.9227],[101.829,2.9233],[101.8265,2.9267],[101.8261,2.9272],[101.8227,2.9317],[101.8212,2.9342],[101.8207,2.9359],[101.8204,2.9383],[101.8208,2.9475],[101.8218,2.9514],[101.8257,2.9574],[101.8258,2.9574],[101.8258,2.9575],[101.829,2.9618],[101.8315,2.966],[101.8334,2.9702],[101.8336,2.9708],[101.8339,2.9713],[101.8349,2.9736],[101.8356,2.9752],[101.836,2.977],[101.8353,2.9796],[101.8336,2.9815],[101.8315,2.9831],[101.8281,2.9855],[101.8267,2.9863],[101.8238,2.9878]]]},"properties":{"name":"Lebuhraya Kajang-Seremban","kind":"Expressway","ref":"E21"}},
{"type":"Feature","geometry":{"type":"MultiLineString","coordinates":[[[101.4257,3.0267],[101.4301,3.029],[101.4313,3.0297],[101.4382,3.0336],[101.4388,3.0339],[101.4399,3.0346],[101.4416,3.0355]],[[101.4256,3.0268],[101.43,3.0291],[101.4368,3.0329],[101.4371,3.0331],[101.4382,3.0337],[101.4388,3.034],[101.4394,3.0343],[101.4398,3.0346],[101.4402,3.0348],[101.4415,3.0355]]]},"properties":{"name":"Persiaran Raja Muda Musa","kind":"Trunk road","ref":"2"}},
{"type":"Feature","geometry":{"type":"MultiLineString","coordinates":[[[101.4278,3.028],[101.4279,3.0278],[101.428,3.0277],[101.428,3.0276],[101.4292,3.0251],[101.4292,3.025],[101.43,3.0235],[101.4299,3.0234],[101.4301,3.0228],[101.4302,3.0229],[101.43,3.0235]],[[101.4277,3.028],[101.4278,3.0277],[101.4279,3.0276],[101.428,3.0273],[101.4282,3.0269],[101.4291,3.025],[101.4291,3.0249],[101.4299,3.0234]]]},"properties":{"name":"Lebuh Turi","kind":"Primary road"}},
{"type":"Feature","geometry":{"type":"MultiLineString","coordinates":[[[101.4253,3.0268],[101.424,3.0295],[101.4238,3.0317],[101.4238,3.032],[101.4245,3.0348],[101.4254,3.0387],[101.4258,3.0406],[101.4259,3.0408],[101.426,3.0412],[101.4262,3.0421],[101.4262,3.0422],[101.4263,3.0424],[101.4262,3.0425],[101.4266,3.0444],[101.4266,3.0458],[101.4266,3.0479],[101.4279,3.0499],[101.4282,3.0525],[101.4278,3.0537]],[[101.4279,3.0537],[101.4283,3.0525],[101.4279,3.0497],[101.4267,3.0475],[101.4267,3.0458],[101.4266,3.044],[101.4263,3.0425],[101.4263,3.0424]]]},"properties":{"name":"Jalan Sungai Bertih","kind":"Primary road"}},
{"type":"Feature","geometry":{"type":"MultiLineString","coordinates":[[[101.4459,3.0447],[101.447,3.0461],[101.4479,3.0473]],[[101.4458,3.0448],[101.4472,3.0465],[101.4478,3.0473]]]},"properties":{"name":"Jambatan Kota","kind":"Trunk road","ref":"2"}},
{"type":"Feature","geometry":{"type":"LineString","coordinates":[[101.386,2.9872],[101.3907,2.9794]]},"properties":{"name":"Jambatan Selat Lumut","kind":"Primary road","ref":"181"}},
{"type":"Feature","geometry":{"type":"MultiLineString","coordinates":[[[101.3014,2.9343],[101.3017,2.9349],[101.302,2.9352],[101.3022,2.9355],[101.3042,2.9374],[101.3048,2.938],[101.307,2.9402],[101.3081,2.9434],[101.3077,2.9462],[101.3079,2.9471],[101.3103,2.9511],[101.3104,2.9512],[101.3113,2.9529],[101.3131,2.9555],[101.3147,2.9563],[101.3159,2.9564],[101.322,2.956]],[[101.3182,2.956],[101.3168,2.956],[101.3145,2.956],[101.3124,2.9545],[101.3111,2.9522],[101.3105,2.9513],[101.3104,2.9511],[101.3103,2.9509],[101.3081,2.9473],[101.3079,2.946],[101.3082,2.9435],[101.307,2.94],[101.3049,2.9379],[101.3043,2.9374],[101.3023,2.9354],[101.3018,2.9348],[101.3015,2.9343]],[[101.3168,2.9561],[101.3182,2.9561],[101.3186,2.956],[101.3195,2.956],[101.3201,2.956],[101.3202,2.956],[101.3224,2.9559],[101.3243,2.9562],[101.3263,2.9569],[101.3292,2.9586],[101.3301,2.9591]]]},"properties":{"name":"Lebuhraya Pulau Indah","kind":"Primary road","ref":"B148"}},
{"type":"Feature","geometry":{"type":"LineString","coordinates":[[101.4488,3.0467],[101.448,3.0469],[101.4477,3.047],[101.4475,3.047],[101.4474,3.047],[101.4471,3.0472],[101.4458,3.0483],[101.4445,3.0493],[101.4428,3.0508]]},"properties":{"name":"Jalan Pasar","kind":"Trunk road"}},
{"type":"Feature","geometry":{"type":"LineString","coordinates":[[101.4459,3.0528],[101.4458,3.0528],[101.4456,3.0526],[101.4437,3.052],[101.4429,3.051],[101.4428,3.0508]]},"properties":{"name":"Lebuh Tapah","kind":"Trunk road"}},
{"type":"Feature","geometry":{"type":"MultiLineString","coordinates":[[[101.389,3.0433],[101.3912,3.0457],[101.3919,3.0464],[101.3923,3.0468],[101.3926,3.0469],[101.3928,3.0471],[101.4124,3.0594],[101.4132,3.0599],[101.4133,3.0599],[101.4138,3.0603],[101.415,3.061],[101.4242,3.0649],[101.4243,3.0649],[101.4245,3.065],[101.4247,3.0651],[101.4249,3.0652],[101.4283,3.066],[101.4293,3.0659],[101.43,3.066],[101.4316,3.0669],[101.4317,3.0671],[101.432,3.0674],[101.4328,3.068],[101.4339,3.0688],[101.431,3.0673],[101.4309,3.0671],[101.4302,3.0665],[101.4295,3.0662],[101.4283,3.066]],[[101.4512,3.0733],[101.4505,3.0734],[101.4497,3.0734],[101.4492,3.0733],[101.4468,3.0725],[101.4439,3.0717],[101.4339,3.0688]],[[101.4132,3.06],[101.4138,3.0603]],[[101.4124,3.0594],[101.4132,3.06]]]},"properties":{"name":"Pintasan Selat Klang Utara","kind":"Trunk road","ref":"20"}},
{"type":"Feature","geometry":{"type":"MultiLineString","coordinates":[[[101.4482,3.0533],[101.4493,3.0532],[101.4501,3.053],[101.4504,3.0529]],[[101.4469,3.0533],[101.4466,3.0532],[101.4459,3.0528]]]},"properties":{"name":"Jalan Mantin","kind":"Trunk road"}},
{"type":"Feature","geometry":{"type":"LineString","coordinates":[[101.4489,3.053],[101.4482,3.0513],[101.4479,3.0511]]},"properties":{"name":"Jalan Raja Bot","kind":"Trunk road","ref":"5"}},
{"type":"Feature","geometry":{"type":"LineString","coordinates":[[101.4636,3.0543],[101.4637,3.0544],[101.464,3.0546],[101.4641,3.0546],[101.4642,3.0545],[101.4643,3.0544],[101.4643,3.0543],[101.4643,3.0542],[101.4643,3.0541],[101.464,3.054],[101.4639,3.0539],[101.4638,3.054],[101.4637,3.054],[101.4637,3.0541],[101.4636,3.0542],[101.4636,3.0543]]},"properties":{"name":"Bulatan Berkeley","kind":"Primary road"}},
{"type":"Feature","geometry":{"type":"MultiLineString","coordinates":[[[101.6298,3.1173],[101.6301,3.1176],[101.6307,3.1182],[101.6311,3.1184],[101.6316,3.1185],[101.6318,3.1186],[101.6348,3.1189],[101.636,3.1189],[101.6365,3.1188],[101.6369,3.1188],[101.6377,3.1188],[101.638,3.1188],[101.6381,3.1188],[101.6383,3.1188],[101.6386,3.1187],[101.6389,3.1187],[101.6401,3.1187],[101.6404,3.1187],[101.6413,3.1186],[101.6416,3.1186],[101.6418,3.1186],[101.6462,3.1184]],[[101.6525,3.11],[101.6519,3.1114],[101.6517,3.1119],[101.6516,3.1121],[101.6514,3.1127],[101.6514,3.1128],[101.6512,3.1134],[101.6511,3.1137],[101.651,3.114],[101.6508,3.1146],[101.6506,3.1152],[101.6503,3.1159],[101.6496,3.1171],[101.6492,3.1174],[101.6491,3.1175],[101.6489,3.1177],[101.6484,3.1179],[101.6468,3.1183],[101.6462,3.1183],[101.6418,3.1185],[101.6407,3.1186],[101.6394,3.1186],[101.639,3.1186],[101.6381,3.1187],[101.638,3.1187],[101.6369,3.1187],[101.6366,3.1187],[101.6351,3.1188],[101.6318,3.1185],[101.6316,3.1184],[101.631,3.1183],[101.6306,3.1179],[101.6304,3.1178],[101.6301,3.1175],[101.6298,3.1173]]]},"properties":{"name":"Jalan Profesor Diraja Ungku Aziz","kind":"Primary road"}},
{"type":"Feature","geometry":{"type":"MultiLineString","coordinates":[[[101.5476,3.0717],[101.5475,3.0716]],[[101.5491,3.0727],[101.5513,3.074]]]},"properties":{"name":"Persiaran Selangor","kind":"Primary road","ref":"MBSA 15"}},
{"type":"Feature","geometry":{"type":"MultiLineString","coordinates":[[[101.6525,3.11],[101.6526,3.1096],[101.6527,3.1095],[101.653,3.1088],[101.6531,3.1085],[101.6538,3.1068],[101.6539,3.1047],[101.6528,3.1024],[101.6525,3.1018],[101.6523,3.1009],[101.6526,3.0994],[101.6526,3.0993],[101.6525,3.0988],[101.6524,3.0986],[101.6523,3.0983],[101.6515,3.0967],[101.6515,3.0945],[101.6515,3.0943],[101.6515,3.0941],[101.6517,3.0929],[101.6522,3.092],[101.6532,3.0906],[101.6539,3.0886],[101.6539,3.0884],[101.6538,3.0883],[101.6534,3.0878],[101.6532,3.0877],[101.6531,3.0876],[101.653,3.0875]],[[101.6525,3.1101],[101.6527,3.1096],[101.6529,3.1092],[101.6532,3.1085],[101.6537,3.1072],[101.6539,3.1069],[101.6539,3.1068],[101.654,3.1047],[101.653,3.1025],[101.6524,3.1009],[101.6527,3.0997],[101.6527,3.0994],[101.6526,3.099],[101.6525,3.0987],[101.6517,3.0969],[101.6516,3.0944],[101.6516,3.0943],[101.6516,3.0941],[101.6516,3.0937],[101.6523,3.0921],[101.6536,3.0903],[101.654,3.0884],[101.6539,3.0883],[101.6539,3.0882],[101.6535,3.0878],[101.6533,3.0877],[101.6532,3.0875],[101.6531,3.0875]]]},"properties":{"name":"Jalan Gasing","kind":"Primary road"}},
{"type":"Feature","geometry":{"type":"MultiLineString","coordinates":[[[101.6396,3.1032],[101.6397,3.1029],[101.6401,3.1022],[101.6403,3.102],[101.6404,3.1019],[101.6404,3.1021],[101.64,3.1026],[101.6398,3.103]],[[101.6428,3.1003],[101.6421,3.1003],[101.6416,3.1008],[101.6413,3.1012],[101.6407,3.1016],[101.6404,3.1019]],[[101.6419,3.1007],[101.6413,3.1012]],[[101.643,3.1004],[101.6419,3.1007]],[[101.643,3.1004],[101.6428,3.1003]]]},"properties":{"name":"Jalan Barat","kind":"Primary road"}},
{"type":"Feature","geometry":{"type":"MultiLineString","coordinates":[[[101.6464,3.1003],[101.6472,3.1009],[101.647,3.1002]],[[101.647,3.1067],[101.6472,3.1064],[101.6475,3.1059],[101.6477,3.1054],[101.6481,3.1047],[101.6481,3.104],[101.648,3.1032],[101.6479,3.1029],[101.6478,3.1024],[101.6473,3.101],[101.6472,3.1009]],[[101.6469,3.1067],[101.6471,3.1063],[101.6472,3.1063],[101.6477,3.1054]],[[101.6482,3.1044],[101.6482,3.104],[101.648,3.1032]],[[101.6481,3.1047],[101.6482,3.1044]]]},"properties":{"name":"Jalan Timur","kind":"Primary road"}},
{"type":"Feature","geometry":{"type":"MultiLineString","coordinates":[[[101.651,3.0817],[101.6542,3.0818],[101.6544,3.0818],[101.6548,3.0818],[101.6551,3.0818],[101.6556,3.0817],[101.6557,3.0817],[101.6559,3.0817],[101.6579,3.0821],[101.6605,3.0831]],[[101.63,3.0844],[101.6288,3.0844],[101.6279,3.0844],[101.6275,3.0844],[101.6273,3.0844],[101.6272,3.0844],[101.6267,3.0843],[101.6264,3.0843],[101.6261,3.0843],[101.6259,3.0844],[101.6257,3.0845],[101.6251,3.0846],[101.6248,3.0845],[101.6243,3.0845],[101.6248,3.0847],[101.6251,3.0847],[101.6253,3.0847],[101.6255,3.0847],[101.6256,3.0846],[101.626,3.0845],[101.6262,3.0844],[101.6264,3.0844],[101.6266,3.0844],[101.6269,3.0844],[101.6271,3.0844],[101.6272,3.0844]],[[101.6605,3.0829],[101.6604,3.0829],[101.6582,3.082],[101.658,3.082],[101.6578,3.0819],[101.657,3.0816],[101.6554,3.0815],[101.6551,3.0815],[101.6545,3.0815],[101.6543,3.0815],[101.6525,3.0815],[101.6516,3.0815],[101.6513,3.0815]],[[101.6137,3.0811],[101.614,3.081],[101.6137,3.0808]],[[101.614,3.081],[101.6141,3.081],[101.6151,3.0812],[101.6152,3.0812],[101.6156,3.0813],[101.6157,3.0813],[101.6168,3.0815],[101.6166,3.0815],[101.6157,3.0813],[101.6156,3.0813],[101.6151,3.0812]],[[101.6224,3.0836],[101.623,3.084],[101.6231,3.0841],[101.6237,3.0844],[101.6243,3.0845]],[[101.6178,3.0817],[101.6183,3.0818],[101.6184,3.0818],[101.6189,3.0819],[101.6192,3.082],[101.6198,3.0821],[101.6202,3.0823],[101.6207,3.0824],[101.6205,3.0823],[101.6202,3.0822],[101.62,3.0821],[101.6198,3.0821]],[[101.6168,3.0815],[101.6178,3.0817]],[[101.6207,3.0824],[101.6216,3.0831],[101.6218,3.0832],[101.6222,3.0834],[101.6223,3.0835],[101.6224,3.0835],[101.6227,3.0838],[101.6228,3.0838],[101.623,3.084]],[[101.6223,3.0835],[101.6224,3.0836]],[[101.6218,3.0832],[101.622,3.0833],[101.6223,3.0835]]]},"properties":{"name":"Jalan Klang Lama","kind":"Primary road","ref":"B14"}},
{"type":"Feature","geometry":{"type":"MultiLineString","coordinates":[[[101.8664,2.9072],[101.8665,2.9066],[101.8667,2.9057],[101.8667,2.9056],[101.867,2.9045],[101.8678,2.901],[101.8689,2.8981],[101.8695,2.8951],[101.8701,2.8933],[101.8702,2.893],[101.8703,2.8929],[101.8708,2.8908],[101.8707,2.8896],[101.8706,2.8893],[101.8706,2.8885],[101.8707,2.8875],[101.8704,2.8888],[101.8704,2.8889],[101.8705,2.8891],[101.8708,2.8908]],[[101.8718,2.879],[101.8718,2.8788],[101.8726,2.8762],[101.8726,2.8756],[101.8724,2.8751],[101.871,2.873],[101.8708,2.8725],[101.8701,2.8688],[101.869,2.8674],[101.8689,2.8672],[101.8686,2.8669],[101.8685,2.8668],[101.8683,2.8662]],[[101.8659,2.909],[101.8666,2.9066],[101.867,2.905],[101.8679,2.9011],[101.869,2.8981],[101.8696,2.8952],[101.8696,2.8951],[101.8696,2.895],[101.8701,2.8933]],[[101.8724,2.8751],[101.8725,2.8756],[101.8726,2.8762]]]},"properties":{"name":"Jalan Kajang-Seremban","kind":"Primary road","ref":"1"}},
{"type":"Feature","geometry":{"type":"MultiLineString","coordinates":[[[101.6428,3.1003],[101.6434,3.1003],[101.6447,3.1003],[101.6454,3.1003],[101.6466,3.1]],[[101.6464,3.1003],[101.646,3.1004],[101.6458,3.1004],[101.643,3.1004]]]},"properties":{"name":"Jalan Sultan","kind":"Primary road"}},
{"type":"Feature","geometry":{"type":"MultiLineString","coordinates":[[[101.6461,3.0937],[101.6423,3.0954],[101.641,3.0955]],[[101.641,3.0953],[101.6428,3.0951],[101.646,3.0935]],[[101.6466,3.0935],[101.648,3.0928],[101.6505,3.0916],[101.6512,3.0908],[101.6513,3.0906],[101.6515,3.0902],[101.6529,3.0879],[101.6531,3.0877],[101.6531,3.0876],[101.6532,3.0875],[101.6532,3.0874],[101.6537,3.0867],[101.655,3.0844],[101.6552,3.0837],[101.6555,3.0828],[101.6557,3.0822],[101.6557,3.0817],[101.6557,3.0815]],[[101.6405,3.0953],[101.6378,3.0958],[101.6359,3.0961],[101.6355,3.0962],[101.6353,3.0962],[101.6347,3.0964]],[[101.6347,3.0966],[101.6354,3.0964],[101.6358,3.0963],[101.6362,3.0962],[101.6383,3.0958],[101.6386,3.0958],[101.6406,3.0955]],[[101.6556,3.0815],[101.6556,3.0817],[101.6556,3.0823],[101.6555,3.0827],[101.6549,3.0844],[101.6544,3.0853],[101.6533,3.087],[101.6531,3.0874],[101.6531,3.0875],[101.653,3.0875],[101.6529,3.0877],[101.6528,3.0879],[101.6515,3.0902],[101.6512,3.0906],[101.6504,3.0915],[101.6479,3.0927],[101.6465,3.0933]]]},"properties":{"name":"Jalan Templer","kind":"Primary road"}},
{"type":"Feature","geometry":{"type":"MultiLineString","coordinates":[[[101.7857,2.9932],[101.7853,2.9931],[101.785,2.9929],[101.7847,2.9928],[101.7818,2.9912],[101.7802,2.9907],[101.7779,2.9902],[101.7775,2.9901],[101.7773,2.99],[101.7772,2.99],[101.7771,2.99],[101.7769,2.9899],[101.7767,2.9899],[101.7759,2.9897],[101.7752,2.9898],[101.7744,2.9906],[101.7743,2.9907],[101.774,2.991],[101.7738,2.9916],[101.7735,2.9922]],[[101.7736,2.9922],[101.7743,2.9907]]]},"properties":{"name":"Jalan Sungai Chua","kind":"Primary road","ref":"B11"}},
{"type":"Feature","geometry":{"type":"MultiLineString","coordinates":[[[101.7031,3.2371],[101.704,3.2388],[101.7041,3.2391]],[[101.7535,3.1805],[101.755,3.1794]],[[101.7041,3.2392],[101.7029,3.2378]],[[101.6411,3.1941],[101.6383,3.195],[101.6307,3.1963],[101.6257,3.1991],[101.6245,3.199],[101.6227,3.198],[101.6224,3.1979]]]},"properties":{"name":"Lebuhraya DUKE","kind":"Expressway","ref":"E33"}},
{"type":"Feature","geometry":{"type":"MultiLineString","coordinates":[[[101.5683,3.1668],[101.5684,3.1668],[101.5685,3.1667],[101.5687,3.1666],[101.5689,3.1665],[101.5733,3.164],[101.5735,3.1639],[101.5738,3.1637],[101.5746,3.1634],[101.5748,3.1633],[101.5749,3.1632]],[[101.5684,3.167],[101.5685,3.1669],[101.5685,3.1668],[101.5688,3.1667],[101.5729,3.1643],[101.5734,3.164],[101.5735,3.164],[101.5742,3.1637],[101.5746,3.1634],[101.5748,3.1634],[101.575,3.1633]]]},"properties":{"name":"Persiaran Sungai Buloh","kind":"Primary road"}},
{"type":"Feature","geometry":{"type":"MultiLineString","coordinates":[[[101.5739,3.1541],[101.5743,3.1534],[101.5745,3.153],[101.5751,3.1519],[101.5754,3.1517],[101.5756,3.1516],[101.5757,3.1516],[101.5758,3.1517],[101.576,3.1517],[101.5774,3.153],[101.5784,3.1538],[101.5801,3.1546],[101.5815,3.1546],[101.585,3.1545],[101.5865,3.1549],[101.5889,3.1555],[101.5891,3.1555]],[[101.5764,3.1522],[101.5778,3.1535],[101.578,3.1536],[101.5784,3.1539],[101.5802,3.1547],[101.582,3.1547],[101.5826,3.1547],[101.5827,3.1547],[101.5842,3.1547],[101.5845,3.1547],[101.585,3.1548],[101.5859,3.1549],[101.5872,3.1553],[101.5889,3.1558],[101.589,3.1558]]]},"properties":{"name":"Persiaran Kenanga","kind":"Primary road"}},
{"type":"Feature","geometry":{"type":"MultiLineString","coordinates":[[[101.5399,3.0093],[101.5412,3.0068],[101.5412,3.0067],[101.5427,3.0029]],[[101.5461,2.9907],[101.5467,2.9939],[101.5465,2.996],[101.5454,2.9989],[101.5439,3.0015],[101.5434,3.0025]],[[101.543,3.0023],[101.5455,2.9987],[101.5464,2.996],[101.5463,2.9921],[101.5456,2.9908]],[[101.5454,2.9902],[101.5432,2.9861],[101.5425,2.9838],[101.5423,2.9812]],[[101.5458,2.99],[101.5441,2.9876],[101.5437,2.9869],[101.5426,2.9838],[101.5427,2.9813]],[[101.5492,2.9648],[101.5491,2.9651],[101.5468,2.9704],[101.5452,2.9729],[101.5447,2.976],[101.5431,2.9789],[101.5425,2.9805]],[[101.5429,2.9806],[101.5432,2.9791],[101.5447,2.9763],[101.5454,2.9728],[101.5472,2.97],[101.5492,2.9651],[101.5493,2.9648]],[[101.54,3.0094],[101.5413,3.0068],[101.5413,3.0067],[101.5426,3.0036],[101.5432,3.0031]]]},"properties":{"name":"Persiaran Anggerik Mokara","kind":"Primary road"}},
{"type":"Feature","geometry":{"type":"MultiLineString","coordinates":[[[101.3149,3.1954],[101.3149,3.1951],[101.3149,3.195],[101.3149,3.1942],[101.3149,3.1941],[101.3149,3.1924],[101.3149,3.1923],[101.3149,3.1922],[101.3148,3.1914],[101.3152,3.1858],[101.3152,3.1857],[101.3157,3.181],[101.3162,3.1775],[101.3162,3.1774],[101.3165,3.1761],[101.3167,3.1745],[101.3167,3.1744],[101.3168,3.1741],[101.3168,3.174],[101.3175,3.1698],[101.318,3.1686],[101.3219,3.1645],[101.3264,3.1601],[101.3341,3.1532],[101.3343,3.153],[101.3348,3.1526],[101.3365,3.1513],[101.3391,3.1502],[101.3491,3.1464],[101.3494,3.1463],[101.3518,3.1454],[101.3544,3.1445],[101.3546,3.1444],[101.3552,3.1442],[101.3553,3.1441],[101.3674,3.1396],[101.3675,3.1396],[101.3708,3.1384],[101.3711,3.1383],[101.3713,3.1382],[101.3757,3.1365],[101.3758,3.1364],[101.3759,3.1362],[101.3759,3.1361],[101.3759,3.1359],[101.3759,3.1356],[101.3759,3.135]],[[101.315,3.1954],[101.315,3.1951],[101.315,3.195],[101.315,3.1941],[101.315,3.1923],[101.315,3.1922],[101.3149,3.1916],[101.3149,3.1914],[101.3153,3.1858],[101.3153,3.1857],[101.3158,3.181],[101.3163,3.1774],[101.3165,3.1762],[101.3168,3.1746],[101.3168,3.1745],[101.3168,3.1744],[101.3169,3.1741],[101.3169,3.174],[101.3176,3.1699],[101.3186,3.168],[101.322,3.1646],[101.3265,3.1601],[101.3341,3.1533],[101.3344,3.1531],[101.3349,3.1527],[101.3366,3.1514],[101.3391,3.1503],[101.3491,3.1465],[101.3493,3.1465],[101.3494,3.1464],[101.3528,3.1452],[101.3544,3.1446],[101.3546,3.1445],[101.3552,3.1443],[101.3554,3.1442],[101.3664,3.1401],[101.3673,3.1398],[101.3675,3.1397],[101.3677,3.1397],[101.3712,3.1384],[101.3712,3.1383],[101.3759,3.1366],[101.3759,3.1365],[101.376,3.1363],[101.376,3.1362],[101.3761,3.1361],[101.376,3.1359],[101.376,3.135]],[[101.2891,3.3002],[101.2892,3.3001],[101.2893,3.3],[101.2908,3.2978],[101.2928,3.2948],[101.2937,3.2925],[101.2939,3.2918],[101.2943,3.2902],[101.2959,3.2876],[101.2964,3.2856],[101.2965,3.2852],[101.2967,3.2847],[101.2968,3.2844],[101.2986,3.2778],[101.299,3.2738],[101.2992,3.2705],[101.2992,3.2703],[101.2994,3.2684],[101.3007,3.2663],[101.3016,3.2651],[101.3043,3.2614],[101.3044,3.2613],[101.3045,3.2612],[101.3056,3.2596],[101.3059,3.2593],[101.3061,3.259],[101.3062,3.2589],[101.3081,3.2563],[101.3084,3.2559],[101.3085,3.2557],[101.3086,3.2556],[101.3087,3.2555],[101.3088,3.2553],[101.3093,3.2547],[101.3093,3.2546],[101.3144,3.2477],[101.3155,3.2457]],[[101.3155,3.2456],[101.3144,3.2477],[101.31,3.2535],[101.3095,3.2543],[101.3093,3.2546],[101.3092,3.2547],[101.3091,3.2547],[101.3087,3.2553],[101.3086,3.2554],[101.3085,3.2556],[101.3083,3.2558],[101.308,3.2562],[101.3061,3.2589],[101.3055,3.2596],[101.3046,3.2609],[101.3044,3.2611],[101.3043,3.2613],[101.3016,3.265],[101.3007,3.2663],[101.3006,3.2664],[101.2994,3.2681],[101.2991,3.2703],[101.2989,3.2738],[101.2986,3.2774],[101.2969,3.2834],[101.2968,3.2841],[101.2967,3.2844],[101.2963,3.2856],[101.2958,3.2875],[101.2943,3.2901],[101.2938,3.2917],[101.2938,3.2918],[101.2936,3.2925],[101.2927,3.2948],[101.2907,3.2977],[101.2905,3.2981],[101.2894,3.2997],[101.2892,3.2999]]]},"properties":{"name":"Jalan Kapar - Kuala Selangor","kind":"Trunk road","ref":"5"}},
{"type":"Feature","geometry":{"type":"MultiLineString","coordinates":[[[101.632,2.9437],[101.6279,2.9405],[101.6266,2.9387],[101.6262,2.9373],[101.6259,2.9335],[101.6254,2.9312],[101.6244,2.9298],[101.623,2.9287],[101.6221,2.9284],[101.622,2.9283],[101.6105,2.9244],[101.6063,2.9233]],[[101.6319,2.9434],[101.628,2.9405],[101.6266,2.9386],[101.6263,2.9373],[101.626,2.9334],[101.6258,2.9319],[101.6252,2.9306],[101.6245,2.9297],[101.6237,2.929],[101.6228,2.9285],[101.6227,2.9285],[101.622,2.9283],[101.6214,2.928],[101.6168,2.9265],[101.6128,2.9249],[101.6107,2.9244],[101.6063,2.9232]]]},"properties":{"name":"Lebuhraya Utara–Selatan Hubungan Tengah (Hubungan Putrajaya)","kind":"Expressway","ref":"E6"}},
{"type":"Feature","geometry":{"type":"MultiLineString","coordinates":[[[101.7324,2.9761],[101.7342,2.9699],[101.7345,2.9687],[101.7344,2.9657],[101.7338,2.9641],[101.7338,2.964],[101.7337,2.9637],[101.7323,2.9618],[101.7321,2.9607]],[[101.7299,2.958],[101.7302,2.9567],[101.733,2.9529]],[[101.732,2.9606],[101.7313,2.9597],[101.7302,2.9593],[101.7298,2.9586],[101.7299,2.9583]],[[101.7298,2.9583],[101.7297,2.9586],[101.7301,2.9593],[101.732,2.9607],[101.732,2.9608],[101.7323,2.962],[101.7337,2.964],[101.7337,2.9641],[101.7344,2.9657],[101.7344,2.969],[101.7339,2.9703],[101.7323,2.976]],[[101.7401,2.9436],[101.7383,2.9471],[101.7373,2.9479],[101.7349,2.9485],[101.7338,2.9499],[101.7333,2.9526],[101.7303,2.9567],[101.7299,2.9581]]]},"properties":{"name":"Jalan Ayer Itam","kind":"Primary road","ref":"B13"}},
{"type":"Feature","geometry":{"type":"MultiLineString","coordinates":[[[101.7128,3.0289],[101.7123,3.0285],[101.7109,3.0277],[101.7105,3.0274],[101.7099,3.0269],[101.7095,3.0265],[101.7087,3.0258],[101.7085,3.0256]],[[101.7129,3.0291],[101.7127,3.0289],[101.7123,3.0286],[101.7114,3.0281],[101.711,3.0279],[101.7108,3.0277],[101.7102,3.0273],[101.7098,3.027],[101.7095,3.0266],[101.7094,3.0264],[101.7087,3.0259],[101.7084,3.0256],[101.7083,3.0254],[101.708,3.0251],[101.7078,3.0246],[101.7076,3.0243],[101.707,3.0236],[101.7067,3.0232],[101.7064,3.0228],[101.7059,3.0222],[101.7052,3.0216],[101.7047,3.0214],[101.7041,3.0202],[101.704,3.0199],[101.7039,3.0196],[101.7038,3.0194],[101.7033,3.0184],[101.7033,3.0183],[101.7033,3.0182],[101.7033,3.018],[101.7033,3.0174],[101.7028,3.017],[101.7026,3.0155],[101.7025,3.0153],[101.7021,3.0147],[101.7013,3.013],[101.7004,3.0123],[101.6993,3.0123],[101.6978,3.0124],[101.6977,3.0124],[101.6974,3.0124],[101.6956,3.0124],[101.6974,3.0123],[101.6977,3.0123],[101.6978,3.0123],[101.6993,3.0123]],[[101.7028,3.017],[101.7032,3.0177],[101.7033,3.0182],[101.7033,3.0183],[101.7033,3.0184]]]},"properties":{"name":"Jalan Besar","kind":"Primary road","ref":"3215"}},
{"type":"Feature","geometry":{"type":"LineString","coordinates":[[101.4723,3.0641],[101.473,3.064],[101.4751,3.0656],[101.4787,3.0683],[101.4823,3.0711],[101.4879,3.0753],[101.4887,3.0756],[101.4893,3.0756],[101.4897,3.0755],[101.4906,3.0751],[101.4909,3.075],[101.4912,3.0748],[101.4916,3.0746],[101.4918,3.0744],[101.4924,3.0741],[101.4908,3.0748],[101.4906,3.075],[101.4892,3.0755],[101.4879,3.0752],[101.4824,3.0711],[101.481,3.07],[101.4805,3.0696],[101.4803,3.0694],[101.4788,3.0682],[101.4764,3.0664],[101.4752,3.0654],[101.4729,3.0637],[101.4732,3.0625]]},"properties":{"name":"Persiaran Bestari","kind":"Primary road"}},
{"type":"Feature","geometry":{"type":"MultiLineString","coordinates":[[[101.7865,3.3506],[101.7793,3.3498],[101.7777,3.3493],[101.7753,3.3476],[101.7728,3.3467],[101.7721,3.3461],[101.7719,3.3446],[101.7727,3.3431],[101.7719,3.3418],[101.7714,3.3411],[101.771,3.3396],[101.772,3.3374],[101.772,3.3367],[101.7696,3.335],[101.7687,3.3363],[101.7693,3.3392],[101.7685,3.3402],[101.767,3.3402],[101.7657,3.3392],[101.7633,3.3382],[101.7618,3.3373],[101.7617,3.3372],[101.7601,3.3352],[101.7568,3.3324],[101.7546,3.331],[101.7539,3.3303],[101.7531,3.3287],[101.7522,3.3278],[101.7488,3.3263],[101.7471,3.3242],[101.7453,3.323],[101.7445,3.3222],[101.7431,3.3205],[101.7409,3.319],[101.7395,3.3173],[101.7366,3.3148],[101.7338,3.3108],[101.7321,3.3087],[101.7319,3.3074],[101.7324,3.3043],[101.7319,3.3028],[101.7304,3.3001],[101.7295,3.2977],[101.7289,3.2935],[101.7288,3.2908],[101.7292,3.2877],[101.7298,3.2866],[101.7303,3.2861],[101.7312,3.2851],[101.7315,3.2837],[101.7312,3.2802],[101.73,3.2769],[101.7288,3.2719],[101.7287,3.271],[101.7296,3.2682],[101.729,3.2662],[101.7277,3.2652],[101.7271,3.264],[101.7271,3.2632],[101.7279,3.2603],[101.7277,3.2589],[101.7272,3.2579],[101.727,3.2566],[101.7272,3.2557],[101.7286,3.2523],[101.7295,3.2508],[101.7299,3.2503],[101.7318,3.2478],[101.7323,3.2467],[101.7322,3.245],[101.7313,3.2437],[101.7297,3.2426],[101.7272,3.2422],[101.7271,3.2422],[101.7259,3.2421],[101.7224,3.2417],[101.7212,3.241],[101.72,3.2407],[101.7197,3.2406]],[[101.7866,3.3504],[101.7786,3.3493],[101.7777,3.3491],[101.7754,3.3475],[101.7733,3.3467],[101.772,3.3453],[101.773,3.3433],[101.7723,3.3418],[101.7716,3.3407],[101.7711,3.3396],[101.7723,3.3371],[101.7717,3.3359],[101.7679,3.3333],[101.7656,3.3331],[101.765,3.3338],[101.7654,3.3352],[101.7674,3.337],[101.7666,3.3384],[101.7653,3.3387],[101.7629,3.338],[101.7618,3.3371],[101.7617,3.3371],[101.7596,3.3345],[101.7568,3.3323],[101.7543,3.3306],[101.7533,3.3286],[101.7523,3.3277],[101.7497,3.3267],[101.7482,3.3256],[101.7476,3.3245],[101.7466,3.3236],[101.7445,3.3221],[101.743,3.3203],[101.7415,3.3193],[101.7392,3.3168],[101.7363,3.3142],[101.7348,3.3119],[101.7327,3.3095],[101.7321,3.3083],[101.7324,3.3054],[101.7323,3.3034],[101.7299,3.2987],[101.729,3.2935],[101.7289,3.2909],[101.7292,3.2881],[101.7299,3.2867],[101.7303,3.2862],[101.7311,3.2854],[101.7316,3.2846],[101.7314,3.2803],[101.7302,3.2772],[101.7289,3.2719],[101.7288,3.271],[101.7297,3.2682],[101.7291,3.2662],[101.728,3.2653],[101.7273,3.2643],[101.7272,3.2628],[101.7278,3.261],[101.728,3.2597],[101.7273,3.2578],[101.7271,3.2566],[101.7273,3.2557],[101.7287,3.2524],[101.7296,3.2509],[101.73,3.2504],[101.7319,3.2478],[101.7324,3.2467],[101.7323,3.2449],[101.7319,3.2442],[101.7308,3.2431],[101.7295,3.2423],[101.7276,3.2419],[101.7272,3.2419],[101.7271,3.2419],[101.7232,3.2418],[101.7223,3.2415],[101.7215,3.241],[101.7203,3.2403],[101.719,3.24],[101.7165,3.2404]]]},"properties":{"name":"Lebuhraya Kuala Lumpur–Karak","kind":"Expressway","ref":"E8;2"}},
{"type":"Feature","geometry":{"type":"MultiLineString","coordinates":[[[101.5186,3.0276],[101.5175,3.0269],[101.5171,3.0254]],[[101.5147,3.0209],[101.5168,3.0233],[101.5173,3.025]],[[101.4985,3.0127],[101.4999,3.0118],[101.5022,3.0117],[101.5042,3.0124],[101.5064,3.0143],[101.5076,3.0148],[101.5098,3.0149],[101.5128,3.0163],[101.514,3.0182],[101.5146,3.0206]],[[101.5171,3.025],[101.5168,3.0236],[101.5144,3.021]],[[101.5187,3.0275],[101.518,3.0271],[101.5174,3.0253]],[[101.4987,3.0128],[101.4998,3.0119],[101.5025,3.0118],[101.5041,3.0125],[101.507,3.0148],[101.5087,3.015],[101.509,3.015],[101.5125,3.0162],[101.5139,3.0182],[101.5143,3.0207]]]},"properties":{"name":"Persiaran Tun Teja","kind":"Primary road"}},
{"type":"Feature","geometry":{"type":"MultiLineString","coordinates":[[[101.5882,3.0338],[101.5882,3.0327],[101.5873,3.0315],[101.5855,3.0308],[101.5849,3.0308],[101.5848,3.0308],[101.5833,3.0306],[101.5805,3.0286]],[[101.588,3.0338],[101.5878,3.0323],[101.5867,3.0313],[101.5851,3.0309],[101.5849,3.0309],[101.5848,3.0309],[101.5839,3.0308],[101.5831,3.0306],[101.5807,3.029],[101.5802,3.0286]]]},"properties":{"name":"Persiaran Kewajipan","kind":"Primary road","ref":"15"}},
{"type":"Feature","geometry":{"type":"MultiLineString","coordinates":[[[101.5786,2.9952],[101.5785,2.9952],[101.5783,2.9953],[101.5782,2.9954],[101.5771,2.9959],[101.5768,2.9961],[101.5767,2.9961],[101.5733,2.9968],[101.5731,2.9968],[101.5703,2.9968],[101.5702,2.9968],[101.5658,2.9968],[101.5657,2.9968],[101.5611,2.9967],[101.561,2.9967]],[[101.561,2.9968],[101.5611,2.9968],[101.5668,2.9969],[101.5702,2.9969],[101.5703,2.9969],[101.5731,2.9969],[101.5733,2.9969],[101.5753,2.9968],[101.5767,2.9963],[101.5768,2.9962],[101.5772,2.996],[101.5783,2.9955],[101.5784,2.9954],[101.5785,2.9954],[101.5786,2.9953]]]},"properties":{"name":"Persiaran Putra Indah","kind":"Primary road"}},
{"type":"Feature","geometry":{"type":"MultiLineString","coordinates":[[[101.5555,3.0067],[101.5558,3.0053],[101.5564,3.0046],[101.5576,3.0041],[101.5599,3.004],[101.5606,3.004],[101.5608,3.004],[101.5649,3.0041],[101.5658,3.0044],[101.5664,3.0049],[101.5669,3.0056],[101.567,3.0057],[101.5696,3.009],[101.5699,3.0117],[101.5696,3.0144],[101.5689,3.0163],[101.5688,3.0174],[101.5688,3.0175],[101.5687,3.019],[101.5687,3.0191],[101.5686,3.0199],[101.5686,3.0201],[101.568,3.0214],[101.5651,3.0233],[101.5634,3.025]],[[101.5637,3.0252],[101.5647,3.0237],[101.5669,3.0224],[101.5684,3.0211],[101.5687,3.0201],[101.5687,3.0199],[101.5688,3.0191],[101.5688,3.019],[101.5692,3.0156],[101.5693,3.0154],[101.5697,3.0144],[101.57,3.0134],[101.57,3.01],[101.5698,3.0092],[101.5687,3.0077],[101.5671,3.0056],[101.567,3.0055],[101.5659,3.0043],[101.5657,3.0042],[101.5655,3.0041],[101.561,3.0039],[101.5608,3.0039],[101.5606,3.0039],[101.5604,3.0039],[101.5577,3.0039],[101.5562,3.0046],[101.5556,3.0054],[101.5554,3.0067]]]},"properties":{"name":"Persiaran Kuala Langat","kind":"Primary road"}},
{"type":"Feature","geometry":{"type":"MultiLineString","coordinates":[[[101.5608,3.004],[101.5608,3.0039],[101.5608,3.0037],[101.5609,3.0006],[101.561,3.0006],[101.5611,2.9968],[101.5611,2.9967]],[[101.561,2.9967],[101.561,2.9968],[101.5609,3.0006],[101.5608,3.0006],[101.5608,3.0008],[101.5606,3.0039],[101.5606,3.004]]]},"properties":{"name":"Persiaran Petaling","kind":"Primary road"}},
{"type":"Feature","geometry":{"type":"MultiLineString","coordinates":[[[101.7346,2.8602],[101.7344,2.8585],[101.7353,2.8579],[101.7355,2.8561],[101.738,2.8544],[101.7383,2.854],[101.7385,2.8533],[101.7384,2.8525],[101.7379,2.8501],[101.7389,2.8473],[101.7383,2.8452],[101.74,2.841],[101.7399,2.8383],[101.7399,2.8366],[101.7399,2.8363],[101.7399,2.8332],[101.74,2.8339],[101.74,2.834],[101.74,2.8345],[101.7399,2.8383]],[[101.752,2.6908],[101.7527,2.6941],[101.7546,2.6978],[101.7574,2.7007],[101.7585,2.7023],[101.7596,2.7067],[101.7597,2.7076],[101.76,2.7096],[101.76,2.7101],[101.76,2.7146],[101.7596,2.7185],[101.7589,2.7221],[101.7596,2.7196],[101.7602,2.7146],[101.7602,2.7101],[101.7601,2.7096],[101.7599,2.7076],[101.7598,2.7067],[101.7589,2.703],[101.7573,2.7003],[101.7552,2.6983],[101.7529,2.6939],[101.7522,2.691],[101.7521,2.6907]],[[101.7468,2.8061],[101.7467,2.8056],[101.7467,2.8052],[101.7467,2.8048],[101.7467,2.8047],[101.7466,2.8052],[101.7466,2.8056],[101.7467,2.806],[101.7468,2.8061],[101.7468,2.8062],[101.7468,2.8072],[101.7467,2.8123],[101.7455,2.8167],[101.7453,2.8184],[101.744,2.8215],[101.7425,2.8233],[101.7403,2.8272],[101.7397,2.83],[101.7401,2.832],[101.7399,2.8332]],[[101.7468,2.8045],[101.7468,2.8044],[101.747,2.8042],[101.7472,2.8039],[101.7478,2.8019],[101.7478,2.8002],[101.7474,2.798],[101.7477,2.7955],[101.7491,2.794],[101.7489,2.7919],[101.7497,2.7896],[101.7515,2.7873],[101.7516,2.7871],[101.7517,2.7869],[101.7518,2.7865],[101.7519,2.7858],[101.7518,2.7854],[101.752,2.7862],[101.7517,2.7869]],[[101.7519,2.778],[101.7521,2.7775],[101.7526,2.7756],[101.7515,2.7714],[101.7515,2.7685],[101.7519,2.7668],[101.7526,2.7639],[101.7522,2.7654],[101.7521,2.7655],[101.7519,2.7668]],[[101.7518,2.7854],[101.7507,2.7832],[101.7505,2.782],[101.7519,2.778]],[[101.7526,2.7639],[101.7531,2.762],[101.753,2.7596],[101.7521,2.7549],[101.752,2.7528],[101.7532,2.7497],[101.7555,2.7466],[101.7565,2.7436],[101.7561,2.7401],[101.7561,2.74],[101.7561,2.7399],[101.7561,2.7397],[101.7548,2.7323],[101.7551,2.7284],[101.7561,2.7265],[101.7589,2.7221]],[[101.7363,2.8877],[101.7364,2.8883],[101.7363,2.8877]],[[101.7467,2.8047],[101.7468,2.8045]]]},"properties":{"name":"B48","kind":"Primary road","ref":"B48"}},
{"type":"Feature","geometry":{"type":"LineString","coordinates":[[101.7363,2.8877],[101.7358,2.886],[101.7347,2.8846],[101.7337,2.882],[101.7328,2.8812],[101.7314,2.8787],[101.7304,2.8778],[101.7295,2.8757],[101.7297,2.8749],[101.7313,2.8738],[101.731,2.8715],[101.7317,2.8703],[101.7306,2.8682],[101.732,2.866],[101.733,2.8653],[101.7335,2.864],[101.7335,2.8638],[101.7345,2.8618],[101.7346,2.8602]]},"properties":{"name":"Jalan Jenderam Sepang","kind":"Primary road","ref":"B48"}},
{"type":"Feature","geometry":{"type":"MultiLineString","coordinates":[[[101.4723,3.247],[101.471,3.2465],[101.47,3.2461],[101.4694,3.2459],[101.4687,3.2455],[101.4673,3.245],[101.4641,3.2432],[101.4634,3.2426],[101.4616,3.2413],[101.4634,3.2429],[101.4635,3.2429],[101.4656,3.2442],[101.4684,3.2456],[101.4687,3.2455]],[[101.4447,3.2189],[101.4423,3.2153],[101.4445,3.2184],[101.4448,3.2189]],[[101.4466,3.2214],[101.4516,3.2284],[101.4526,3.2297],[101.4526,3.2298],[101.4534,3.2312],[101.4551,3.2334],[101.4557,3.2342],[101.4557,3.2343],[101.456,3.2346],[101.457,3.2357],[101.457,3.2358],[101.4576,3.2367],[101.4602,3.2399],[101.4606,3.2404],[101.4616,3.2413]],[[101.4526,3.2298],[101.4527,3.2302],[101.454,3.2323],[101.4563,3.235],[101.4554,3.2343],[101.454,3.2323]],[[101.4723,3.2471],[101.4717,3.2468],[101.4713,3.2467],[101.471,3.2465]],[[101.4465,3.2214],[101.4477,3.223],[101.4516,3.2284],[101.4523,3.2295],[101.4525,3.2297]],[[101.4466,3.2213],[101.4451,3.2193],[101.4449,3.2189]],[[101.4465,3.2214],[101.4462,3.2211],[101.4448,3.219]],[[101.4563,3.235],[101.4569,3.2358],[101.4576,3.2367]]]},"properties":{"name":"Jalan Bukit Cerakah","kind":"Primary road","ref":"1210"}},
{"type":"Feature","geometry":{"type":"MultiLineString","coordinates":[[[101.5799,3.206],[101.5795,3.2046],[101.5791,3.2026],[101.5788,3.2009],[101.5787,3.2004],[101.5787,3.1999],[101.5785,3.1993],[101.5785,3.1992],[101.5779,3.1948],[101.5788,3.191],[101.5784,3.1893],[101.5791,3.1873],[101.5793,3.1868],[101.5795,3.1863],[101.5794,3.1852],[101.5778,3.1805],[101.5768,3.1786],[101.5754,3.1773],[101.5741,3.1758],[101.5737,3.1753],[101.5735,3.175],[101.5735,3.1749],[101.5733,3.1746],[101.5729,3.174],[101.571,3.1712],[101.57,3.1694],[101.5692,3.1679],[101.5685,3.1668],[101.5685,3.1667],[101.564,3.1588],[101.5626,3.1573],[101.5601,3.1555],[101.5598,3.155],[101.5591,3.1551],[101.5566,3.1542],[101.5562,3.1541],[101.5558,3.154],[101.5556,3.154],[101.5552,3.1539],[101.5545,3.1538],[101.5541,3.1537]],[[101.5542,3.154],[101.5546,3.1541],[101.5551,3.1541],[101.5553,3.1542],[101.5558,3.1543],[101.5569,3.1545],[101.5579,3.1549],[101.5585,3.1552],[101.5592,3.1556],[101.5596,3.1562],[101.5622,3.1573],[101.5637,3.1587],[101.5675,3.1652],[101.568,3.1662],[101.568,3.1663],[101.5681,3.1664],[101.5683,3.1668],[101.5684,3.167],[101.5692,3.1683],[101.5708,3.171],[101.5711,3.1714],[101.5721,3.1734],[101.5731,3.1751],[101.5732,3.1752],[101.5739,3.1762],[101.5745,3.1767],[101.5749,3.1771],[101.5773,3.1797],[101.5791,3.1848],[101.5793,3.1863],[101.5782,3.1889],[101.5787,3.1908],[101.5778,3.1947],[101.5779,3.1964],[101.5779,3.1965],[101.578,3.1967],[101.578,3.197],[101.5781,3.1976],[101.5782,3.198],[101.5782,3.1983],[101.5783,3.1984],[101.5786,3.2006],[101.5787,3.2012],[101.579,3.2026],[101.5793,3.2046],[101.5795,3.2052],[101.5798,3.206]],[[101.5737,3.1748],[101.5733,3.1746]]]},"properties":{"name":"Jalan Sungai Buloh - Subang","kind":"Trunk road","ref":"15"}},
{"type":"Feature","geometry":{"type":"MultiLineString","coordinates":[[[101.5637,3.1181],[101.5662,3.1154],[101.5668,3.115],[101.5698,3.1138],[101.5704,3.1136],[101.5752,3.1118]],[[101.5913,3.0878],[101.5915,3.0909],[101.5915,3.0918],[101.5914,3.0929],[101.5912,3.0936],[101.5908,3.0948],[101.5906,3.0953]],[[101.5633,3.1187],[101.5624,3.1196],[101.5576,3.1279],[101.5553,3.1318],[101.5532,3.1353],[101.5529,3.1363],[101.5528,3.1372],[101.5525,3.1403],[101.5517,3.1446],[101.5518,3.1469],[101.552,3.1475],[101.5527,3.1498],[101.5541,3.1537],[101.5542,3.154]],[[101.5628,3.1185],[101.5625,3.1193],[101.5559,3.1304],[101.555,3.1317],[101.5531,3.1354],[101.5528,3.1363],[101.5527,3.1372],[101.5525,3.1398],[101.5524,3.1403],[101.5516,3.1445],[101.5518,3.1474],[101.5518,3.1475],[101.5524,3.1492],[101.5528,3.1505]],[[101.5751,3.1117],[101.5668,3.1148],[101.5661,3.1152],[101.5631,3.1177]],[[101.5905,3.0962],[101.5906,3.096],[101.5908,3.0952],[101.5915,3.0932],[101.5917,3.0909],[101.5917,3.09]],[[101.5531,3.1515],[101.5532,3.1519],[101.5534,3.1524],[101.5535,3.1527],[101.5535,3.1529],[101.5537,3.1535],[101.5538,3.1537],[101.5539,3.154]],[[101.5915,3.0877],[101.5915,3.0885]]]},"properties":{"name":"Jalan Lapangan Terbang Subang","kind":"Primary road","ref":"15"}},
{"type":"Feature","geometry":{"type":"LineString","coordinates":[[101.5634,3.1186],[101.5636,3.1185],[101.5637,3.1183],[101.5637,3.1181],[101.5631,3.1177],[101.5628,3.1185],[101.5633,3.1187],[101.5634,3.1186]]},"properties":{"name":"Bulatan Subang Airport","kind":"Primary road","ref":"15"}},
{"type":"Feature","geometry":{"type":"MultiLineString","coordinates":[[[101.588,3.0338],[101.5881,3.0393],[101.5881,3.0394],[101.5881,3.0421],[101.5881,3.043],[101.5881,3.0431],[101.5881,3.0439],[101.5881,3.0449],[101.5891,3.0466],[101.5892,3.0467],[101.5895,3.047],[101.5918,3.0501],[101.5919,3.0527],[101.5919,3.0535],[101.5919,3.0562],[101.5919,3.0567],[101.5919,3.0568],[101.5919,3.0586],[101.5927,3.0608],[101.593,3.0619],[101.593,3.0621],[101.593,3.0636],[101.593,3.0657]],[[101.5802,3.0286],[101.5799,3.0284],[101.5798,3.0283],[101.5797,3.0282],[101.5797,3.0278]],[[101.5798,3.0278],[101.5798,3.0281],[101.58,3.0283],[101.5805,3.0286]],[[101.5931,3.0662],[101.5931,3.0656],[101.5931,3.0652],[101.5931,3.0646],[101.5931,3.0637],[101.5931,3.0635],[101.5931,3.0623],[101.5929,3.061],[101.5922,3.0591],[101.5921,3.0572],[101.5921,3.0568],[101.5921,3.0567],[101.5921,3.0553],[101.5921,3.0552],[101.5921,3.0549],[101.5921,3.0507],[101.5912,3.0488],[101.5899,3.0473],[101.5893,3.0466],[101.5892,3.0465],[101.5883,3.0452],[101.5882,3.0431],[101.5882,3.043],[101.5882,3.0426],[101.5882,3.0405],[101.5883,3.0401],[101.5883,3.0388],[101.5882,3.0379],[101.5882,3.034],[101.5882,3.0338]],[[101.5881,3.0421],[101.5881,3.0439]]]},"properties":{"name":"Persiaran Kewajipan","kind":"Primary road"}},
{"type":"Feature","geometry":{"type":"MultiLineString","coordinates":[[[101.661,3.0557],[101.6583,3.0554],[101.6561,3.0544],[101.65,3.0515],[101.6496,3.0514],[101.6494,3.0513],[101.648,3.0512],[101.6475,3.0512],[101.646,3.0511],[101.6438,3.0502],[101.6425,3.0496],[101.6418,3.0494],[101.6416,3.0493],[101.6414,3.0493],[101.6376,3.0492],[101.6365,3.0492],[101.636,3.0492],[101.6344,3.0494],[101.6339,3.0494],[101.6338,3.0494],[101.6334,3.0495],[101.6331,3.0495],[101.6323,3.0495],[101.6319,3.0495],[101.6291,3.0497],[101.6285,3.0498],[101.6279,3.0499],[101.6273,3.05]],[[101.6288,3.0499],[101.6293,3.0498],[101.6299,3.0498],[101.6302,3.0497],[101.6306,3.0497],[101.632,3.0496],[101.633,3.0496],[101.6345,3.0495],[101.6348,3.0494],[101.6352,3.0494],[101.6361,3.0494],[101.6386,3.0493],[101.6391,3.0493],[101.6393,3.0493],[101.6395,3.0493],[101.6397,3.0493],[101.6415,3.0495],[101.6419,3.0496],[101.6433,3.0501],[101.6437,3.0503],[101.6458,3.0512],[101.6475,3.0513],[101.648,3.0514],[101.6497,3.0515],[101.65,3.0516],[101.6532,3.0533],[101.654,3.0536],[101.6544,3.0538],[101.655,3.0541],[101.6554,3.0543],[101.6569,3.055],[101.6587,3.0557],[101.6596,3.0558]]]},"properties":{"name":"Lebuhraya Bukit Jalil","kind":"Trunk road","ref":"217"}},
{"type":"Feature","geometry":{"type":"MultiLineString","coordinates":[[[101.6223,2.9289],[101.6215,2.9327],[101.6187,2.9356],[101.6185,2.9375],[101.6185,2.9378],[101.6184,2.9379],[101.6184,2.9382],[101.6169,2.9457],[101.6169,2.9482],[101.6169,2.9496],[101.6169,2.9504],[101.6169,2.9516],[101.6169,2.9521],[101.6169,2.958],[101.6176,2.9618],[101.6171,2.9631],[101.6171,2.9632],[101.6154,2.9654],[101.6146,2.9662],[101.6138,2.9685],[101.6137,2.9687],[101.6137,2.9688],[101.6136,2.969],[101.6117,2.9747],[101.6126,2.9779],[101.6145,2.9802],[101.6146,2.9803],[101.6147,2.9805],[101.6157,2.9819],[101.6158,2.982],[101.6178,2.9859],[101.6185,2.9879],[101.618,2.9895],[101.618,2.9901],[101.6183,2.9907],[101.6186,2.9915],[101.6189,2.9919],[101.6188,2.9916],[101.6183,2.9907],[101.6182,2.9905],[101.6186,2.9879],[101.6179,2.9859],[101.6159,2.9819],[101.6158,2.9818],[101.6147,2.9803],[101.6146,2.9802],[101.6127,2.9778],[101.6118,2.9747],[101.6138,2.9688],[101.6142,2.9676],[101.6155,2.9655],[101.6172,2.9632],[101.6173,2.9631],[101.6177,2.962],[101.617,2.9569],[101.617,2.952],[101.617,2.9515],[101.617,2.9504],[101.617,2.9482],[101.617,2.9481],[101.617,2.9455],[101.6186,2.9381],[101.6186,2.9379],[101.6186,2.9378],[101.6186,2.9376],[101.619,2.9354],[101.6216,2.9328],[101.6219,2.9316],[101.622,2.9312],[101.6225,2.9289]],[[101.6132,3.0203],[101.6133,3.0199],[101.6133,3.0198],[101.6132,3.0197],[101.6132,3.0196],[101.613,3.0183],[101.6129,3.0178],[101.6128,3.0177],[101.6128,3.0176],[101.6122,3.0139],[101.6126,3.0132],[101.6132,3.012],[101.6132,3.0119],[101.6142,3.0098],[101.6143,3.0097],[101.6149,3.0088],[101.6151,3.0087],[101.6153,3.0085],[101.6169,3.0069],[101.619,3.0057],[101.6188,3.004],[101.6188,3.0025],[101.619,3.0017],[101.6191,3.0014],[101.6191,3.0012],[101.6188,2.9996],[101.6189,2.9992],[101.6192,2.9987],[101.6207,2.997],[101.6208,2.9968],[101.6209,2.9966],[101.6209,2.9965],[101.6209,2.9963],[101.6206,2.9956],[101.6204,2.9951],[101.6203,2.9948],[101.6197,2.9937],[101.6194,2.9932],[101.619,2.9922],[101.6189,2.992],[101.6189,2.9919],[101.619,2.9921],[101.6191,2.9921],[101.619,2.9922],[101.6192,2.9924],[101.6195,2.9931],[101.6204,2.9948],[101.621,2.9962],[101.621,2.9965],[101.6209,2.9968],[101.6208,2.997],[101.6194,2.9985],[101.6189,2.9993],[101.6191,3.0005],[101.6192,3.0012],[101.6192,3.0014],[101.6191,3.0017],[101.6191,3.0018],[101.6189,3.0038],[101.6189,3.004],[101.619,3.0043],[101.6191,3.0057],[101.6173,3.0067],[101.6154,3.0086],[101.6153,3.0086],[101.6151,3.0088],[101.6144,3.0097],[101.6143,3.0099],[101.6133,3.0119],[101.6133,3.012],[101.6124,3.0138],[101.6126,3.0156],[101.6128,3.0165],[101.6129,3.0171],[101.613,3.0174],[101.613,3.0176],[101.6131,3.0179],[101.6133,3.0196],[101.6134,3.0198],[101.6134,3.0199],[101.6136,3.0208]],[[101.6494,3.0645],[101.6479,3.0631],[101.6471,3.0622],[101.6467,3.0619],[101.6424,3.0594],[101.642,3.0592],[101.6416,3.059],[101.6409,3.0586],[101.6383,3.0583],[101.6311,3.0574],[101.6295,3.0571],[101.6277,3.0564],[101.6266,3.0555],[101.6256,3.0543],[101.6246,3.0531],[101.6243,3.0527],[101.6239,3.0522]],[[101.6483,3.0632],[101.6468,3.0618],[101.6428,3.0595],[101.6425,3.0593],[101.6416,3.0588],[101.6407,3.0584],[101.6404,3.0583],[101.64,3.0583],[101.6387,3.0582],[101.6381,3.0581],[101.6322,3.0574],[101.6299,3.057],[101.6286,3.0567],[101.6267,3.0554],[101.6256,3.0542],[101.6251,3.0535],[101.6246,3.0527],[101.6244,3.0522]]]},"properties":{"name":"Jalan Puchong","kind":"Primary road","ref":"B11"}},
{"type":"Feature","geometry":{"type":"MultiLineString","coordinates":[[[101.6254,2.9146],[101.6256,2.9148],[101.6277,2.9164],[101.6299,2.9182],[101.6301,2.9183],[101.6303,2.9186],[101.631,2.9192],[101.6311,2.9193],[101.6313,2.9195],[101.6333,2.9209],[101.6334,2.921],[101.6351,2.9216],[101.6356,2.9216],[101.6359,2.9216],[101.6363,2.9216],[101.6365,2.9216],[101.6372,2.9217],[101.6376,2.9217],[101.6377,2.9217],[101.6396,2.9221],[101.6397,2.9222],[101.6399,2.9223],[101.6415,2.9227],[101.642,2.9228],[101.6421,2.9228],[101.6425,2.9228],[101.6467,2.9218],[101.6468,2.9218],[101.6478,2.9215],[101.6489,2.9213],[101.65,2.9213],[101.6504,2.9213],[101.6517,2.9216],[101.6523,2.9218],[101.6524,2.9218],[101.653,2.9219],[101.6543,2.9222],[101.6548,2.9224],[101.6551,2.9224],[101.6552,2.9225],[101.6555,2.9226],[101.657,2.9229],[101.6581,2.9232],[101.6582,2.9232]],[[101.6582,2.9231],[101.6581,2.9231],[101.6569,2.9228],[101.6554,2.9224],[101.6552,2.9223],[101.6551,2.9223],[101.6547,2.9222],[101.6533,2.9219],[101.6524,2.9217],[101.6523,2.9216],[101.6504,2.9212],[101.65,2.9212],[101.6489,2.9212],[101.6468,2.9217],[101.6467,2.9217],[101.6461,2.9219],[101.6431,2.9227],[101.6421,2.9227],[101.642,2.9227],[101.6399,2.9222],[101.6396,2.9221],[101.6382,2.9216],[101.6377,2.9216],[101.6376,2.9216],[101.637,2.9215],[101.6363,2.9215],[101.6357,2.9215],[101.6355,2.9215],[101.6337,2.921],[101.6335,2.9209],[101.6334,2.9208],[101.6314,2.9194],[101.6311,2.9192],[101.6277,2.9163],[101.6256,2.9144]],[[101.6595,2.9234],[101.6626,2.9237]],[[101.6626,2.9238],[101.6588,2.9234]]]},"properties":{"name":"Persiaran Multimedia","kind":"Primary road"}},
{"type":"Feature","geometry":{"type":"MultiLineString","coordinates":[[[101.757,3.1532],[101.7559,3.1537],[101.7549,3.1542],[101.7548,3.1547],[101.7553,3.1559],[101.7551,3.1572],[101.7532,3.159],[101.7519,3.1623],[101.7516,3.1629],[101.7508,3.1635],[101.7502,3.1639],[101.7493,3.1642],[101.7482,3.1645],[101.7467,3.1648],[101.745,3.1655],[101.7429,3.1655],[101.7397,3.1656],[101.7378,3.1657],[101.7359,3.165],[101.7357,3.1649],[101.7353,3.1647],[101.7348,3.1645],[101.7343,3.1644]],[[101.7549,3.1544],[101.7548,3.1546],[101.755,3.1549],[101.7554,3.156],[101.7554,3.1569],[101.7551,3.1575],[101.7533,3.159],[101.752,3.1624],[101.7517,3.1629],[101.7506,3.1639],[101.7499,3.1642],[101.7488,3.1645],[101.7483,3.1646],[101.7457,3.1654],[101.744,3.1661],[101.7428,3.166],[101.7417,3.1658],[101.7381,3.1661],[101.7364,3.1655],[101.7354,3.1649],[101.7351,3.1648],[101.7348,3.1647],[101.7339,3.1646]]]},"properties":{"name":"Lebuhraya Bertingkat Ampang - Kuala Lumpur","kind":"Expressway","ref":"E12"}},
{"type":"Feature","geometry":{"type":"MultiLineString","coordinates":[[[101.4415,3.1125],[101.4415,3.1128],[101.4414,3.1153],[101.4416,3.1133],[101.4416,3.1125]],[[101.4394,3.1363],[101.4395,3.1362],[101.4395,3.136],[101.4396,3.1344],[101.4393,3.136],[101.4393,3.1362],[101.4393,3.1363]],[[101.4396,3.1344],[101.4396,3.1341],[101.4397,3.1339],[101.4408,3.1249],[101.4411,3.1204],[101.4412,3.1194],[101.4412,3.1193],[101.4413,3.1187],[101.4413,3.1183],[101.4413,3.1176],[101.4413,3.1169],[101.4414,3.1162],[101.4414,3.1154],[101.4414,3.1153]],[[101.4413,3.1176],[101.4412,3.1178],[101.4412,3.1183],[101.4412,3.1187],[101.4411,3.1193],[101.4412,3.1194]]]},"properties":{"name":"Jalan Meru","kind":"Primary road","ref":"3217"}},
{"type":"Feature","geometry":{"type":"MultiLineString","coordinates":[[[101.4492,3.0494],[101.4501,3.0517],[101.4502,3.0522],[101.4503,3.0529],[101.4504,3.0529],[101.4509,3.055],[101.451,3.0553],[101.4514,3.057],[101.4518,3.0585],[101.4524,3.0611],[101.4524,3.0613],[101.4525,3.062],[101.4523,3.0626],[101.4521,3.0631],[101.452,3.0635],[101.4516,3.0648],[101.4516,3.0651],[101.4515,3.0653],[101.4513,3.0659],[101.4513,3.066],[101.4509,3.0675],[101.4506,3.0684],[101.4505,3.069],[101.4502,3.0699],[101.4502,3.07],[101.4501,3.0702],[101.4498,3.0714],[101.4496,3.0727],[101.4494,3.0731],[101.4494,3.0733],[101.4493,3.0737],[101.4492,3.0738],[101.4481,3.0777],[101.4477,3.0788],[101.4477,3.0789],[101.447,3.0812],[101.4467,3.0825],[101.4463,3.0838],[101.4456,3.086],[101.4455,3.0863],[101.4451,3.0878],[101.4451,3.0879],[101.4448,3.089],[101.4433,3.0949],[101.4424,3.1027],[101.4423,3.1033],[101.4422,3.1042],[101.4423,3.1057],[101.4423,3.1063],[101.4424,3.107],[101.4422,3.1082],[101.4419,3.109],[101.4418,3.1096],[101.4416,3.1104],[101.4415,3.1121],[101.4415,3.1124],[101.4415,3.1125]],[[101.4416,3.1125],[101.4416,3.1124],[101.4417,3.1105],[101.4418,3.11],[101.4418,3.1098],[101.442,3.1089],[101.4424,3.107],[101.4424,3.1063],[101.4424,3.103],[101.4426,3.1012],[101.443,3.0978],[101.4435,3.0941],[101.4438,3.0932],[101.4442,3.0913],[101.4445,3.0903],[101.445,3.0888],[101.4451,3.0883],[101.4464,3.0838],[101.4468,3.0825],[101.4471,3.0813],[101.4474,3.0802],[101.4479,3.0789],[101.4481,3.0778],[101.4491,3.0746],[101.4493,3.0738],[101.4496,3.0728],[101.4496,3.0727],[101.45,3.0713],[101.4501,3.071],[101.4503,3.0701],[101.4503,3.07],[101.4505,3.0694],[101.4508,3.0684],[101.451,3.0675],[101.4514,3.0662],[101.4514,3.066],[101.4515,3.0659],[101.4516,3.0656],[101.4516,3.0653],[101.4519,3.0644],[101.4525,3.0622],[101.4525,3.0611],[101.4515,3.057],[101.4515,3.0568],[101.4505,3.0532],[101.4507,3.0527]],[[101.4449,3.0881],[101.4451,3.0872]],[[101.445,3.0878],[101.4448,3.0887],[101.4448,3.089]]]},"properties":{"name":"Jalan Meru","kind":"Trunk road","ref":"3217"}},
{"type":"Feature","geometry":{"type":"MultiLineString","coordinates":[[[101.7551,3.134],[101.7544,3.134],[101.7503,3.133],[101.7481,3.1324],[101.7477,3.1323],[101.7474,3.1322],[101.7464,3.1319],[101.746,3.1318],[101.7452,3.1316],[101.7442,3.1314],[101.7405,3.1301],[101.7401,3.1299],[101.7365,3.1279]],[[101.7553,3.134],[101.7544,3.1341],[101.7503,3.1331],[101.7491,3.1328],[101.7487,3.1327],[101.7483,3.1325],[101.7477,3.1324],[101.747,3.1322],[101.7466,3.1321],[101.7464,3.132],[101.7462,3.132],[101.7457,3.1318],[101.7451,3.1317],[101.7442,3.1315],[101.7409,3.1304],[101.7404,3.1302],[101.7398,3.1298],[101.7395,3.1297],[101.7369,3.1282]]]},"properties":{"name":"Lebuhraya Sungai Besi (Hubungan Pandan Indah)","kind":"Expressway","ref":"E9"}},
{"type":"Feature","geometry":{"type":"MultiLineString","coordinates":[[[101.656,2.9555],[101.6561,2.955],[101.6562,2.9546],[101.6562,2.9543],[101.6563,2.9537],[101.6564,2.9535],[101.6564,2.9532],[101.6563,2.9526],[101.6563,2.952],[101.6563,2.9517],[101.6563,2.9516],[101.6563,2.9514],[101.6559,2.9484],[101.6568,2.9468],[101.6586,2.9459],[101.6609,2.9443],[101.661,2.9443],[101.6612,2.9441],[101.6629,2.9421],[101.6642,2.9408],[101.6646,2.94],[101.6646,2.9387],[101.6642,2.9377],[101.6615,2.9352],[101.6609,2.9335],[101.6611,2.9319],[101.6611,2.9318],[101.6611,2.931],[101.6609,2.9306],[101.6608,2.9304],[101.6607,2.9303],[101.6606,2.93],[101.6585,2.9291],[101.6572,2.927],[101.658,2.9238],[101.6582,2.9232],[101.6582,2.9231],[101.6584,2.9224],[101.6586,2.9198],[101.6581,2.9179],[101.6574,2.9151],[101.6564,2.913],[101.6559,2.9114],[101.6559,2.9112]],[[101.6559,2.9549],[101.6561,2.9542],[101.6562,2.952],[101.6562,2.9517],[101.6562,2.9516],[101.6562,2.9513],[101.6561,2.9506],[101.6561,2.9502],[101.6558,2.9487],[101.6559,2.9475],[101.6568,2.9467],[101.6581,2.946],[101.6608,2.9442],[101.6608,2.9441],[101.6626,2.9421],[101.6628,2.942],[101.6629,2.9418],[101.664,2.9408],[101.6645,2.9394],[101.6639,2.9376],[101.6615,2.9355],[101.6606,2.9336],[101.6609,2.9313],[101.6609,2.9309],[101.6608,2.9308],[101.6607,2.9306],[101.6606,2.9304],[101.6605,2.9303],[101.6603,2.9301],[101.6598,2.9298],[101.6577,2.9288],[101.6576,2.9287],[101.657,2.9268],[101.6572,2.9258],[101.6579,2.9237],[101.6581,2.9232],[101.6581,2.9231],[101.6583,2.9224],[101.6584,2.9194],[101.658,2.918],[101.658,2.9179],[101.6573,2.9151],[101.6563,2.9131],[101.6558,2.9114],[101.6558,2.9112]]]},"properties":{"name":"Persiaran APEC","kind":"Primary road"}},
{"type":"Feature","geometry":{"type":"MultiLineString","coordinates":[[[101.6582,2.8943],[101.6588,2.8943],[101.6629,2.8941]],[[101.6626,2.8943],[101.6588,2.8945],[101.6581,2.8945]]]},"properties":{"name":"Persiaran Selatan","kind":"Primary road"}},
{"type":"Feature","geometry":{"type":"MultiLineString","coordinates":[[[101.6735,2.9241],[101.6715,2.9263],[101.6693,2.9273],[101.669,2.9274],[101.6663,2.9282],[101.6656,2.9284],[101.6636,2.929],[101.6611,2.9304],[101.6606,2.9308],[101.6586,2.933],[101.6572,2.9353],[101.656,2.938],[101.6544,2.9407],[101.6541,2.9411],[101.6522,2.9429],[101.649,2.9452],[101.6473,2.9461],[101.6445,2.947],[101.6415,2.9473],[101.6375,2.9467],[101.635,2.9457],[101.632,2.9437]],[[101.6319,2.9434],[101.633,2.9442],[101.6351,2.9456],[101.6376,2.9466],[101.6415,2.9472],[101.6445,2.9469],[101.6483,2.9455],[101.6521,2.9428],[101.6539,2.9411],[101.654,2.941],[101.6543,2.9406],[101.6552,2.9393],[101.6558,2.9382],[101.6575,2.9344],[101.6602,2.9309],[101.6605,2.9306],[101.661,2.9302],[101.6611,2.9302],[101.6631,2.9291],[101.6656,2.9283],[101.6663,2.9281],[101.6694,2.9271],[101.6706,2.9267]]]},"properties":{"name":"Putrajaya Link","kind":"Expressway","ref":"E6"}},
{"type":"Feature","geometry":{"type":"MultiLineString","coordinates":[[[101.6396,3.1075],[101.6397,3.1078],[101.6399,3.108],[101.6398,3.1084],[101.6391,3.1088],[101.638,3.1093],[101.6377,3.1094],[101.6373,3.1097],[101.6347,3.1123],[101.6342,3.1127],[101.6341,3.1129],[101.634,3.113],[101.6339,3.1131],[101.6304,3.1166],[101.6301,3.1169],[101.6298,3.1172]],[[101.6298,3.1173],[101.6302,3.117],[101.6336,3.1135],[101.6339,3.1132],[101.6343,3.1128],[101.6375,3.1096],[101.6382,3.1093],[101.6385,3.1092],[101.6386,3.1092],[101.6394,3.1087],[101.64,3.1085],[101.641,3.1092]]]},"properties":{"name":"Jalan Professor Khoo Kay Kim","kind":"Primary road"}},
{"type":"Feature","geometry":{"type":"MultiLineString","coordinates":[[[101.6557,2.9602],[101.6554,2.9601],[101.6549,2.9596],[101.6544,2.9592],[101.6537,2.9586],[101.6534,2.9584],[101.653,2.9577],[101.653,2.9571],[101.6527,2.9568],[101.6524,2.9568],[101.6519,2.9572],[101.6511,2.9574],[101.6489,2.9572],[101.6468,2.9566],[101.6456,2.9574],[101.6455,2.9574],[101.6448,2.9605],[101.6448,2.9606],[101.6448,2.9607],[101.6449,2.9619],[101.6447,2.9625],[101.6438,2.9635],[101.6435,2.9642],[101.6433,2.966],[101.6429,2.9671],[101.6417,2.9693],[101.6407,2.9698],[101.6406,2.9698],[101.6405,2.9698],[101.6395,2.97],[101.6392,2.9698],[101.6384,2.9688],[101.6361,2.9678],[101.6354,2.9678],[101.6336,2.9684],[101.6331,2.9683],[101.632,2.968],[101.6303,2.9692],[101.6304,2.9672],[101.6285,2.9673],[101.6284,2.9673],[101.6266,2.9681],[101.6244,2.9658],[101.6247,2.9638],[101.6247,2.961],[101.6243,2.9604]],[[101.6171,2.9632],[101.6172,2.9632],[101.6184,2.9627],[101.6187,2.9628],[101.619,2.9636],[101.6191,2.9642],[101.6186,2.9657],[101.6194,2.9668],[101.6195,2.9668],[101.6207,2.9643],[101.6212,2.9639],[101.6215,2.9636],[101.6217,2.9634],[101.6218,2.9633],[101.6242,2.9605]],[[101.6243,2.9605],[101.6246,2.961],[101.6246,2.9637],[101.6243,2.9658],[101.6265,2.9682],[101.6284,2.9674],[101.6285,2.9674],[101.6303,2.9672],[101.6302,2.9693],[101.6303,2.9693],[101.6317,2.9682],[101.6333,2.9685],[101.6336,2.9685],[101.6355,2.9679],[101.6384,2.9689],[101.6391,2.9699],[101.6395,2.9701],[101.6401,2.9701],[101.6406,2.97],[101.6407,2.9699],[101.6412,2.9697],[101.6419,2.9691],[101.6432,2.9667],[101.6434,2.9663],[101.6436,2.9645],[101.6439,2.9635],[101.6448,2.9625],[101.645,2.9621],[101.6449,2.961],[101.6449,2.9606],[101.6449,2.9604],[101.6456,2.9575],[101.6457,2.9575],[101.6468,2.9567],[101.6491,2.9573],[101.651,2.9575],[101.6516,2.9574],[101.6524,2.9569],[101.653,2.9571],[101.6531,2.9581],[101.6534,2.9585],[101.6536,2.9587],[101.6544,2.9592],[101.6549,2.9597],[101.6557,2.9603]],[[101.6241,2.9604],[101.6224,2.9622],[101.6216,2.9634],[101.6215,2.9635],[101.6212,2.9638],[101.6206,2.9643],[101.6194,2.9668],[101.6187,2.9657],[101.6191,2.9642],[101.6189,2.9629],[101.6187,2.9626],[101.6184,2.9626],[101.6173,2.9631],[101.6171,2.9631]],[[101.6558,2.9602],[101.6557,2.9582]],[[101.6569,2.9588],[101.6559,2.9602]],[[101.6195,2.9669],[101.6195,2.9668]],[[101.6194,2.9668],[101.6195,2.9669]]]},"properties":{"name":"Jalan Pulau Meranti","kind":"Primary road"}},
{"type":"Feature","geometry":{"type":"MultiLineString","coordinates":[[[101.4393,3.1363],[101.4393,3.1364],[101.4392,3.1366],[101.4391,3.138],[101.4379,3.1474],[101.436,3.1608],[101.4358,3.1618]],[[101.4358,3.1631],[101.4355,3.1663],[101.4352,3.1694],[101.435,3.1719]],[[101.4394,3.1363],[101.4394,3.1364],[101.4394,3.1365],[101.4394,3.1366],[101.4361,3.1609],[101.436,3.1618]]]},"properties":{"name":"Jalan Meru Tambahan","kind":"Primary road","ref":"B1"}},
{"type":"Feature","geometry":{"type":"MultiLineString","coordinates":[[[101.4423,3.2153],[101.4396,3.2112],[101.4395,3.2083],[101.4389,3.2065],[101.4387,3.2046],[101.4391,3.2026],[101.4379,3.2008],[101.4374,3.2002],[101.4372,3.2],[101.4363,3.1993],[101.434,3.1984],[101.4336,3.1978],[101.4332,3.1898],[101.4331,3.1886],[101.4331,3.1884],[101.4331,3.1883],[101.4331,3.1881],[101.4344,3.176],[101.4344,3.1758],[101.4344,3.1755],[101.4358,3.1618]],[[101.436,3.1618],[101.4358,3.1631]],[[101.435,3.1719],[101.4346,3.1753],[101.4345,3.1758],[101.4332,3.1882],[101.4332,3.1883],[101.4332,3.1884],[101.4332,3.1898]]]},"properties":{"name":"Jalan Bukit Cerakah","kind":"Primary road","ref":"B1"}},
{"type":"Feature","geometry":{"type":"MultiLineString","coordinates":[[[101.6513,3.0815],[101.6474,3.0817],[101.6471,3.0817],[101.6466,3.0818],[101.6463,3.0819],[101.6457,3.082],[101.6448,3.0821],[101.643,3.0824],[101.6405,3.0829],[101.6396,3.083],[101.6388,3.0831],[101.638,3.0833],[101.6374,3.0834],[101.6369,3.0834],[101.6336,3.0839],[101.6321,3.0839],[101.6315,3.084],[101.63,3.0844]],[[101.6472,3.0819],[101.6503,3.0817],[101.6507,3.0817],[101.651,3.0817]]]},"properties":{"name":"Lebuhraya Baru Pantai","kind":"Expressway","ref":"E10;B14"}},
{"type":"Feature","geometry":{"type":"MultiLineString","coordinates":[[[101.7424,2.9428],[101.7427,2.9429],[101.7452,2.9428],[101.7454,2.9428],[101.7472,2.9428],[101.7473,2.9427],[101.7474,2.9427],[101.7475,2.9427],[101.7477,2.9427]],[[101.7424,2.9429],[101.7427,2.9429]]]},"properties":{"name":"Jalan Ayer Hitam","kind":"Primary road","ref":"B13"}},
{"type":"Feature","geometry":{"type":"MultiLineString","coordinates":[[[101.7424,2.9429],[101.7401,2.9436]],[[101.733,2.9529],[101.7337,2.9497],[101.7349,2.9484],[101.7373,2.9478],[101.7383,2.9469],[101.74,2.9435],[101.7424,2.9428]],[[101.732,2.9606],[101.7321,2.9607]],[[101.7298,2.9583],[101.7298,2.9582],[101.7299,2.958]],[[101.7299,2.9583],[101.7299,2.9582],[101.7299,2.9581]]]},"properties":{"name":"Jalan Sungai Merab - Bangi","kind":"Primary road","ref":"B13"}},
{"type":"Feature","geometry":{"type":"MultiLineString","coordinates":[[[101.7519,2.963],[101.7518,2.963]],[[101.7517,2.9629],[101.7518,2.9629]]]},"properties":{"name":"Persiaran Jaya","kind":"Primary road"}},
{"type":"Feature","geometry":{"type":"MultiLineString","coordinates":[[[101.6389,3.2865],[101.6405,3.2865],[101.6421,3.286],[101.644,3.2833],[101.649,3.2795],[101.6497,3.2786],[101.6502,3.2765],[101.652,3.2738],[101.6521,3.2724],[101.6499,3.2668],[101.6499,3.2666],[101.6492,3.2626],[101.6486,3.2609],[101.6462,3.2576],[101.646,3.2573],[101.6447,3.2533],[101.6447,3.2521],[101.6457,3.2506],[101.6466,3.2501],[101.6499,3.2496],[101.652,3.249],[101.6528,3.2486],[101.6541,3.2476],[101.6551,3.2468],[101.6555,3.2465],[101.6585,3.245],[101.6588,3.2448],[101.6593,3.2445],[101.6595,3.2443],[101.6617,3.2434],[101.6647,3.243],[101.6662,3.2421]],[[101.6615,3.2433],[101.661,3.2435],[101.6603,3.2437],[101.659,3.2445],[101.6586,3.2448],[101.6581,3.2451],[101.6574,3.2455],[101.6555,3.2465],[101.6551,3.2467],[101.655,3.2468],[101.6547,3.247],[101.6536,3.2479],[101.6509,3.2493],[101.6496,3.2495],[101.6488,3.2496],[101.6474,3.2498],[101.6462,3.2501],[101.6454,3.2507],[101.6448,3.2516],[101.6446,3.253],[101.6457,3.2568],[101.6458,3.257],[101.6462,3.2577],[101.6463,3.2579],[101.6483,3.2607],[101.6491,3.2626],[101.6497,3.2663],[101.652,3.2725],[101.6519,3.2738],[101.6502,3.2762],[101.6496,3.2786],[101.6489,3.2794],[101.6443,3.2829],[101.6419,3.286],[101.6405,3.2864],[101.6403,3.2864],[101.6398,3.2864],[101.6394,3.2864],[101.6391,3.2864]]]},"properties":{"name":"Jalan Ipoh","kind":"Trunk road","ref":"1"}},
{"type":"Feature","geometry":{"type":"MultiLineString","coordinates":[[[101.6161,3.2974],[101.6183,3.2982],[101.619,3.2982],[101.6198,3.298],[101.6224,3.2963],[101.6241,3.2951],[101.628,3.2932],[101.6306,3.2918],[101.632,3.2909],[101.6334,3.2899],[101.6347,3.2886],[101.6355,3.2878],[101.6358,3.2875],[101.6389,3.2865]],[[101.6391,3.2864],[101.6389,3.2864],[101.6359,3.2872],[101.633,3.2902],[101.6294,3.2922],[101.6288,3.2925],[101.6245,3.2947],[101.6237,3.2952],[101.6233,3.2955],[101.6221,3.2961],[101.6201,3.2978],[101.619,3.2981],[101.6183,3.2981],[101.6158,3.2972],[101.6152,3.2968],[101.6143,3.2964]]]},"properties":{"name":"Lebuhraya Rawang","kind":"Trunk road","ref":"1"}},
{"type":"Feature","geometry":{"type":"MultiLineString","coordinates":[[[101.3881,3.0141],[101.3854,3.0169],[101.3832,3.0183],[101.3814,3.0188],[101.3774,3.0187],[101.3745,3.0181],[101.373,3.0176],[101.3706,3.0167],[101.369,3.0155],[101.3681,3.0156],[101.3679,3.0157],[101.3675,3.016],[101.3672,3.0163],[101.3669,3.0166]],[[101.3879,3.014],[101.3847,3.0173],[101.3816,3.0185],[101.3794,3.0184],[101.3779,3.0175],[101.3759,3.0157],[101.3741,3.0144],[101.3717,3.0142]]]},"properties":{"name":"Jalan Pelabuhan Utara","kind":"Primary road","ref":"103"}},
{"type":"Feature","geometry":{"type":"MultiLineString","coordinates":[[[101.662,2.911],[101.6618,2.9111],[101.6616,2.9111],[101.6613,2.9113],[101.6612,2.9113],[101.6604,2.9117],[101.6603,2.9117],[101.6597,2.9119],[101.6591,2.912],[101.6559,2.9112],[101.6558,2.9112],[101.6513,2.9112],[101.6511,2.9112],[101.6508,2.9112],[101.6489,2.9109],[101.6486,2.9108],[101.6485,2.9107]],[[101.6621,2.9112],[101.6619,2.9112],[101.6614,2.9115],[101.6612,2.9115],[101.6605,2.9118],[101.6603,2.9119],[101.6597,2.9121],[101.6594,2.9121],[101.6591,2.9121],[101.659,2.9121],[101.6559,2.9114],[101.6558,2.9114],[101.6513,2.9114],[101.6511,2.9114],[101.6488,2.9109],[101.6485,2.9109],[101.6484,2.9108]]]},"properties":{"name":"Persiaran Rimba Permai","kind":"Primary road"}},
{"type":"Feature","geometry":{"type":"MultiLineString","coordinates":[[[101.849,2.9444],[101.8512,2.9449],[101.8525,2.9459],[101.8532,2.9462],[101.8541,2.9462],[101.857,2.9447],[101.8577,2.9448],[101.8582,2.9449],[101.8582,2.945],[101.8585,2.9451],[101.8602,2.9458],[101.8626,2.9461],[101.8654,2.9453],[101.8666,2.9452],[101.8685,2.9462],[101.8694,2.9464],[101.8701,2.9463],[101.8714,2.9456],[101.8715,2.9454],[101.8717,2.9453],[101.8719,2.9451],[101.8731,2.9437],[101.8731,2.9435],[101.8732,2.9435],[101.8732,2.9433],[101.8744,2.942],[101.8773,2.941],[101.8802,2.9391],[101.882,2.9384],[101.8892,2.9373],[101.892,2.9394],[101.8926,2.9396],[101.896,2.9389],[101.8987,2.9391],[101.9003,2.9387],[101.8984,2.939],[101.8954,2.9388],[101.8952,2.9388],[101.8926,2.9393]],[[101.892,2.9392],[101.89,2.9374],[101.8892,2.9372],[101.8821,2.9381],[101.8807,2.9386],[101.8775,2.9406],[101.8741,2.9419],[101.873,2.9434],[101.873,2.9435],[101.8718,2.945],[101.8716,2.9452],[101.8714,2.9454],[101.8706,2.946],[101.8694,2.9463],[101.8672,2.9453],[101.8666,2.9451],[101.8656,2.9451],[101.8644,2.9455],[101.8643,2.9455],[101.8626,2.946],[101.8597,2.9456],[101.8583,2.9448],[101.8582,2.9448],[101.8566,2.9447],[101.8544,2.9459],[101.8533,2.9461],[101.8526,2.9458],[101.8517,2.945],[101.8507,2.9446],[101.8488,2.9442]]]},"properties":{"name":"Jalan Broga","kind":"Primary road","ref":"B34"}},
{"type":"Feature","geometry":{"type":"MultiLineString","coordinates":[[[101.6158,2.982],[101.6159,2.9819],[101.62,2.9798],[101.6212,2.9787],[101.622,2.9774],[101.6221,2.9771]],[[101.6303,2.9692],[101.6302,2.9693],[101.6277,2.9702],[101.6267,2.9706],[101.6262,2.9708],[101.6257,2.9711],[101.6255,2.9712],[101.6245,2.9718],[101.6232,2.9731],[101.6231,2.9734],[101.623,2.9735],[101.6229,2.9737],[101.622,2.9769]],[[101.6303,2.9692],[101.6303,2.9693],[101.6277,2.9703],[101.6263,2.9709],[101.6257,2.9712],[101.6256,2.9712],[101.6246,2.9719],[101.6231,2.9734],[101.6231,2.9735],[101.6221,2.9767],[101.6221,2.977]],[[101.6219,2.9771],[101.6214,2.9783],[101.6199,2.9798],[101.6158,2.9818],[101.6157,2.9819]]]},"properties":{"name":"Lebuh Bukit Puchong","kind":"Primary road"}},
{"type":"Feature","geometry":{"type":"MultiLineString","coordinates":[[[101.5124,3.2208],[101.5133,3.2197]],[[101.5689,3.2085],[101.5729,3.2084],[101.5735,3.2084],[101.5739,3.2083],[101.5749,3.2084],[101.5758,3.2078],[101.5764,3.2072]],[[101.5134,3.2198],[101.5125,3.2208]],[[101.5689,3.2084],[101.5748,3.2083],[101.5753,3.2081],[101.5764,3.2071]],[[101.5665,3.2086],[101.565,3.2088],[101.5647,3.2088]]]},"properties":{"name":"Jalan Kuala Selangor-Kepong","kind":"Trunk road","ref":"54"}},
{"type":"Feature","geometry":{"type":"LineString","coordinates":[[101.6465,3.0937],[101.6466,3.0935],[101.6465,3.0933],[101.6463,3.0932],[101.6461,3.0933],[101.646,3.0935],[101.6461,3.0937],[101.6463,3.0938],[101.6465,3.0937]]},"properties":{"name":"Bulatan Assunta","kind":"Primary road"}},
{"type":"Feature","geometry":{"type":"LineString","coordinates":[[101.641,3.0955],[101.641,3.0953],[101.6405,3.0953],[101.6406,3.0955],[101.641,3.0955]]},"properties":{"name":"Bulatan Penchala","kind":"Primary road"}},
{"type":"Feature","geometry":{"type":"MultiLineString","coordinates":[[[101.5248,3.0405],[101.5252,3.0379],[101.5252,3.0375],[101.5253,3.0374],[101.5253,3.0372],[101.5253,3.0366],[101.5252,3.0343],[101.5249,3.0308],[101.5257,3.0287],[101.5297,3.0266],[101.531,3.0244],[101.5315,3.0232],[101.5319,3.0218]],[[101.5246,3.0405],[101.5247,3.0399],[101.5251,3.0376],[101.5251,3.0373],[101.5248,3.0303],[101.5252,3.029],[101.5257,3.0286],[101.5285,3.0271],[101.5299,3.0256],[101.531,3.0235],[101.5317,3.0218]]]},"properties":{"name":"Lebuhraya Kemuning-Shah Alam","kind":"Expressway","ref":"E13"}},
{"type":"Feature","geometry":{"type":"MultiLineString","coordinates":[[[101.6429,3.1286],[101.6444,3.1278],[101.6463,3.1279],[101.6465,3.128],[101.6466,3.1281]],[[101.6275,3.1395],[101.6265,3.1409],[101.6263,3.1412],[101.6256,3.1417]],[[101.6297,3.1372],[101.6292,3.1376],[101.629,3.1378]],[[101.6242,3.1417],[101.625,3.1417],[101.6264,3.1407],[101.6266,3.1404],[101.6269,3.1399],[101.6276,3.1389],[101.6278,3.1385]],[[101.6375,3.1311],[101.6359,3.132],[101.6352,3.1322]],[[101.6283,3.138],[101.6297,3.1368]]]},"properties":{"name":"Jalan Damansara","kind":"Primary road"}},
{"type":"Feature","geometry":{"type":"MultiLineString","coordinates":[[[101.375,3.3045],[101.3752,3.3009],[101.376,3.2978],[101.3779,3.2948],[101.3801,3.293],[101.3834,3.2918],[101.3856,3.2915],[101.3875,3.2913],[101.3889,3.2911],[101.3898,3.291],[101.3921,3.2908],[101.393,3.2907],[101.3931,3.2907],[101.4036,3.2893],[101.4178,3.2878],[101.4209,3.2879],[101.4283,3.2884],[101.4337,3.2887],[101.436,3.2881],[101.4375,3.2875],[101.4424,3.2842],[101.453,3.2771],[101.4547,3.276],[101.4575,3.2743],[101.4593,3.2735],[101.4629,3.2722],[101.464,3.272],[101.4646,3.2719],[101.4672,3.2715],[101.4684,3.2714],[101.4688,3.2714],[101.4705,3.2714],[101.471,3.2714],[101.4743,3.2718],[101.4753,3.2718],[101.4882,3.2732],[101.4923,3.2732],[101.4953,3.2728],[101.5017,3.271],[101.5036,3.2706],[101.511,3.2703],[101.5131,3.2702],[101.5145,3.2702],[101.5158,3.2702],[101.5198,3.2698],[101.521,3.2696],[101.5215,3.2695],[101.5245,3.2694],[101.5247,3.2694],[101.5264,3.2696],[101.5304,3.2706],[101.5306,3.2707],[101.5363,3.2715],[101.537,3.2716],[101.5383,3.2716],[101.5393,3.2716],[101.5395,3.2715],[101.5403,3.2714],[101.5419,3.2711],[101.5437,3.2705],[101.5456,3.2696],[101.5461,3.2693],[101.5489,3.2672],[101.5491,3.267],[101.5505,3.266],[101.5507,3.2659],[101.5509,3.2658],[101.5513,3.2656],[101.5547,3.2649],[101.5556,3.2649],[101.5587,3.266],[101.5593,3.2664],[101.5607,3.2677],[101.5619,3.2699],[101.562,3.2702],[101.5622,3.2706],[101.5628,3.274],[101.5639,3.2766],[101.5654,3.2784],[101.5716,3.283],[101.5772,3.2865],[101.5796,3.2878],[101.5819,3.2886],[101.5821,3.2886],[101.5856,3.2887],[101.5922,3.2885],[101.5943,3.2888],[101.5973,3.2902],[101.6001,3.2924],[101.6019,3.2952],[101.6028,3.2962],[101.6037,3.2966],[101.6042,3.2969],[101.6048,3.2973]],[[101.6055,3.2977],[101.6023,3.2956],[101.6005,3.2926],[101.5971,3.29],[101.5943,3.2888],[101.5921,3.2884],[101.5846,3.2886],[101.5821,3.2883],[101.582,3.2883],[101.5792,3.2874],[101.5774,3.2865],[101.5718,3.2831],[101.5655,3.2785],[101.5642,3.2769],[101.563,3.2743],[101.5623,3.2706],[101.5621,3.2702],[101.562,3.2699],[101.5613,3.2685],[101.5601,3.267],[101.5592,3.2662],[101.5586,3.2659],[101.5556,3.2648],[101.5546,3.2648],[101.5514,3.2654],[101.551,3.2656],[101.5508,3.2657],[101.5505,3.2659],[101.5501,3.2661],[101.5498,3.2664],[101.5491,3.2669],[101.5489,3.2671],[101.546,3.2692],[101.5459,3.2692],[101.5456,3.2694],[101.5455,3.2695],[101.5452,3.2697],[101.5421,3.2709],[101.5397,3.2714],[101.5395,3.2714],[101.5386,3.2715],[101.5374,3.2715],[101.5354,3.2713],[101.5266,3.2696],[101.5247,3.2693],[101.5244,3.2693],[101.5215,3.2694],[101.5211,3.2695],[101.5209,3.2695],[101.5172,3.27],[101.5145,3.2701],[101.513,3.2702],[101.5118,3.2702],[101.5049,3.2704],[101.5021,3.2708],[101.4965,3.2724],[101.4922,3.2731],[101.4882,3.2732],[101.4798,3.2722],[101.4762,3.2716],[101.476,3.2716],[101.4709,3.2714],[101.4705,3.2713],[101.4701,3.2713],[101.4694,3.2713],[101.4671,3.2714],[101.4662,3.2715],[101.4644,3.2718],[101.4631,3.2721],[101.4592,3.2733],[101.4546,3.2759],[101.453,3.277],[101.4424,3.2841],[101.4387,3.2866],[101.436,3.288],[101.4337,3.2886],[101.4283,3.2883],[101.4215,3.2878],[101.4178,3.2877],[101.4058,3.289],[101.3963,3.2901],[101.3931,3.2904],[101.3929,3.2904],[101.3903,3.2909],[101.3894,3.291],[101.3847,3.2915],[101.3817,3.2922],[101.3801,3.293],[101.379,3.2937],[101.3772,3.2955],[101.3759,3.2977],[101.3753,3.2996],[101.3749,3.3042]]]},"properties":{"name":"Lebuhraya Kuala Lumpur–Kuala Selangor","kind":"Expressway","ref":"E25"}},
{"type":"Feature","geometry":{"type":"MultiLineString","coordinates":[[[101.5773,3.3164],[101.5789,3.3187],[101.5791,3.3195],[101.5804,3.3249],[101.5804,3.325],[101.5805,3.3266],[101.5805,3.3272],[101.5805,3.325]],[[101.5778,3.3155],[101.5776,3.316],[101.5789,3.3186],[101.5793,3.3197],[101.5798,3.3213],[101.5805,3.3249]]]},"properties":{"name":"Jalan Pintas Bandar Rawang","kind":"Primary road","ref":"1"}},
{"type":"Feature","geometry":{"type":"MultiLineString","coordinates":[[[100.9962,3.8035],[100.9956,3.7993],[100.9955,3.7986],[100.9953,3.7979],[100.9952,3.7971],[100.9952,3.7967],[100.9949,3.7946],[100.9932,3.7894],[100.9925,3.7842],[100.9924,3.7835],[100.9922,3.7808],[100.9934,3.7773],[100.9935,3.7769],[100.9937,3.7766],[100.9939,3.7761],[100.9942,3.7753],[100.9944,3.7749],[100.9949,3.7729],[100.9949,3.772],[100.9945,3.7707],[100.9926,3.7687],[100.9923,3.7685],[100.9884,3.7653],[100.9875,3.7646],[100.987,3.7643],[100.9854,3.7633],[100.983,3.7623],[100.9817,3.7617],[100.9803,3.7613],[100.9795,3.7611],[100.9788,3.7609],[100.977,3.7605],[100.9745,3.7591],[100.974,3.757],[100.9744,3.755],[100.9752,3.7513],[100.9758,3.7487],[100.9759,3.748],[100.9761,3.7476],[100.9761,3.7474],[100.9761,3.7472],[100.9762,3.7471],[100.9763,3.7464],[100.9766,3.7448],[100.9768,3.7438],[100.9776,3.7401],[100.9772,3.7379],[100.9752,3.734],[100.9732,3.73],[100.9729,3.7295],[100.9726,3.729],[100.9724,3.7286],[100.9723,3.7283],[100.9701,3.7239],[100.9694,3.7225],[100.9692,3.7222]],[[100.9867,3.678],[100.986,3.6786],[100.9857,3.6788],[100.9842,3.68],[100.9834,3.6806],[100.9833,3.6807],[100.9826,3.6811],[100.9825,3.6812],[100.9801,3.6831],[100.979,3.684],[100.976,3.6869],[100.9693,3.6933],[100.9674,3.6954],[100.9666,3.6963],[100.9655,3.6975],[100.9653,3.6978],[100.965,3.6982],[100.9646,3.6986],[100.9642,3.6991],[100.9627,3.7008],[100.9611,3.7032],[100.9611,3.7035],[100.9609,3.7054],[100.9614,3.7072],[100.9667,3.7175]],[[100.9885,3.6768],[100.9905,3.6751],[100.9932,3.6728],[100.9978,3.6691],[100.9981,3.6688],[101.0016,3.665],[101.0064,3.6575],[101.0088,3.6553],[101.0124,3.6529],[101.0174,3.6498],[101.0243,3.6442],[101.03,3.6396],[101.0338,3.6379],[101.0341,3.6378],[101.0388,3.6357],[101.041,3.6339],[101.0529,3.6244],[101.054,3.6232],[101.0589,3.6172],[101.0608,3.6124],[101.0658,3.5983],[101.0671,3.5949],[101.07,3.5882],[101.0748,3.5744],[101.0752,3.571],[101.0759,3.5682],[101.0761,3.5675],[101.0864,3.5336],[101.0866,3.5332],[101.0874,3.5317],[101.088,3.5305],[101.0914,3.5236],[101.0945,3.5176],[101.095,3.5169],[101.1,3.5095],[101.1005,3.5091]],[[101.1351,3.4667],[101.1298,3.4722],[101.1272,3.475],[101.1246,3.4777],[101.1195,3.4831],[101.1193,3.4833],[101.1185,3.4843],[101.1129,3.4917],[101.1104,3.4953],[101.1056,3.5017],[101.1038,3.5042],[101.1005,3.5088],[101.1,3.5095]],[[100.996,3.8035],[100.9953,3.7993],[100.9952,3.7986],[100.9951,3.7979],[100.995,3.7972],[100.995,3.7968],[100.9946,3.7942],[100.9931,3.7894],[100.9923,3.7842],[100.9922,3.7837],[100.9922,3.7833],[100.992,3.7814],[100.9925,3.7793],[100.9933,3.7773],[100.9936,3.7765],[100.9936,3.7763],[100.9939,3.7756],[100.9942,3.7749],[100.9947,3.7736],[100.9947,3.7717],[100.9943,3.7706],[100.9925,3.7688],[100.9922,3.7686],[100.9886,3.7657],[100.9874,3.7647],[100.9869,3.7644],[100.9856,3.7635],[100.9816,3.7618],[100.9803,3.7614],[100.9795,3.7612],[100.9787,3.761],[100.9772,3.7607],[100.9747,3.7595],[100.9739,3.7575],[100.9743,3.7549],[100.9751,3.7512],[100.9758,3.748],[100.9759,3.7475],[100.9759,3.7471],[100.976,3.747],[100.976,3.7467],[100.9761,3.7465],[100.9762,3.7461],[100.9765,3.7447],[100.9767,3.7438],[100.9774,3.7406],[100.9773,3.7382],[100.9751,3.7338],[100.9729,3.7296],[100.9726,3.729],[100.9722,3.7283],[100.9699,3.7239],[100.9696,3.7232],[100.9693,3.7226]],[[100.9884,3.6767],[100.9905,3.675],[100.9932,3.6727],[100.9979,3.6689],[101.0013,3.6653],[101.0063,3.6575],[101.007,3.6566],[101.0084,3.6554],[101.0087,3.6552],[101.0123,3.6528],[101.0173,3.6498],[101.0243,3.6441],[101.0299,3.6395],[101.0337,3.6378],[101.034,3.6377],[101.0379,3.636],[101.04,3.6347],[101.05,3.6266],[101.0534,3.6238],[101.0589,3.6172],[101.0611,3.6112],[101.0666,3.5955],[101.0699,3.5882],[101.0742,3.5756],[101.0746,3.5742],[101.0752,3.57],[101.076,3.5675],[101.0763,3.5667],[101.08,3.5542],[101.0801,3.5538],[101.0809,3.5515],[101.0865,3.5332],[101.0867,3.5327],[101.0913,3.5236],[101.0941,3.518],[101.0949,3.5169],[101.0954,3.5162],[101.0999,3.5095],[101.1022,3.5061],[101.1026,3.5056]],[[100.9612,3.7035],[100.9612,3.7033],[100.9628,3.7009],[100.9642,3.6992],[100.9647,3.6987],[100.9653,3.6981],[100.9655,3.6979],[100.9657,3.6976],[100.9662,3.697],[100.9667,3.6964],[100.9675,3.6954],[100.9689,3.6939],[100.9761,3.687],[100.9792,3.6842],[100.9802,3.6831],[100.9826,3.6812],[100.9827,3.6812],[100.9835,3.6807],[100.9843,3.6802],[100.9855,3.6793],[100.9861,3.6788],[100.9869,3.6782]],[[101.1298,3.4721],[101.1271,3.4749],[101.1251,3.4769],[101.1248,3.4773],[101.1245,3.4777],[101.1194,3.483],[101.1193,3.4832],[101.1192,3.4833],[101.1184,3.4842],[101.1128,3.4916],[101.1103,3.4952],[101.1055,3.5017],[101.1037,3.5042],[101.1004,3.5088],[101.0999,3.5095]],[[101.1383,3.4633],[101.1401,3.4615],[101.1403,3.4612],[101.1404,3.4611],[101.144,3.4574],[101.1461,3.4552],[101.1467,3.4546],[101.1469,3.4543],[101.1494,3.4528],[101.1591,3.4426],[101.1598,3.4412],[101.1599,3.4392],[101.1599,3.439],[101.1599,3.4337],[101.1599,3.4338],[101.16,3.439],[101.16,3.4392],[101.16,3.4407],[101.1596,3.442],[101.1589,3.4429],[101.1511,3.4511],[101.1495,3.4529],[101.147,3.4544],[101.1468,3.4546],[101.1458,3.4557],[101.1405,3.4612],[101.1404,3.4613],[101.1402,3.4615]],[[101.2892,3.2999],[101.2892,3.3],[101.2891,3.3001],[101.2885,3.301],[101.2877,3.3021],[101.2848,3.3062],[101.278,3.3128],[101.2738,3.3177],[101.2726,3.3182],[101.2705,3.3182],[101.2699,3.3182],[101.2695,3.3185],[101.2676,3.3203],[101.2674,3.3205],[101.2671,3.3207],[101.2669,3.3209],[101.2668,3.3211],[101.2666,3.3213],[101.2632,3.3245],[101.2631,3.3246],[101.2599,3.3278],[101.2581,3.3296],[101.2579,3.3298],[101.2573,3.3304],[101.2571,3.3306],[101.2568,3.3309],[101.2564,3.3313],[101.2561,3.3317],[101.2557,3.332],[101.2544,3.3334],[101.2523,3.3355],[101.2518,3.3359],[101.2498,3.3385],[101.2498,3.3388],[101.2498,3.339],[101.2498,3.3392],[101.2498,3.3393],[101.2499,3.3395],[101.2502,3.3398],[101.2511,3.3403],[101.2543,3.3412],[101.2561,3.3421],[101.2566,3.3436],[101.2565,3.3442],[101.2564,3.3446],[101.2563,3.345],[101.2562,3.3451],[101.2561,3.3455],[101.2553,3.3477],[101.2552,3.3481],[101.2546,3.3499],[101.2542,3.3512],[101.2534,3.3537],[101.2532,3.3542],[101.2531,3.3545],[101.2527,3.3554],[101.2523,3.3561],[101.2522,3.3563],[101.2524,3.3561],[101.2529,3.3553],[101.253,3.355],[101.2532,3.3546],[101.2533,3.3544],[101.2535,3.3537],[101.2538,3.3526],[101.2547,3.3499],[101.256,3.346],[101.2563,3.3452],[101.2563,3.3451],[101.2565,3.3446],[101.2567,3.3436],[101.2561,3.342],[101.2544,3.3411],[101.2511,3.3401],[101.2502,3.3398],[101.2499,3.3391],[101.2499,3.3387],[101.2516,3.3363],[101.2519,3.336],[101.2536,3.3343],[101.254,3.3339],[101.2545,3.3333],[101.2546,3.3333],[101.256,3.3319],[101.2561,3.3317],[101.2563,3.3316],[101.2566,3.3313],[101.2569,3.331],[101.257,3.3308],[101.2575,3.3303],[101.2577,3.3301],[101.258,3.3299],[101.2601,3.3278],[101.2603,3.3276],[101.263,3.3249],[101.2632,3.3247],[101.2633,3.3246],[101.2647,3.3232],[101.2655,3.3224],[101.2656,3.3223],[101.2658,3.3221],[101.266,3.322],[101.2662,3.3218],[101.2666,3.3214],[101.2687,3.3193],[101.2689,3.3192],[101.2694,3.3188],[101.2699,3.3184],[101.2729,3.3183],[101.2739,3.3177],[101.278,3.313],[101.278,3.3129],[101.2848,3.3063],[101.2886,3.301],[101.2889,3.3006],[101.2891,3.3002]],[[101.1784,3.4247],[101.1814,3.4247],[101.1843,3.4232],[101.1817,3.4245],[101.1786,3.4246],[101.1784,3.4246],[101.1783,3.4246],[101.1752,3.4247],[101.1744,3.4247],[101.1731,3.4247],[101.1723,3.4247],[101.1722,3.4247],[101.1701,3.4249],[101.1694,3.425],[101.1689,3.425],[101.1685,3.425],[101.1677,3.4251],[101.1673,3.4253],[101.1647,3.4276],[101.1632,3.4285],[101.1627,3.4286],[101.1619,3.4289],[101.1601,3.4309],[101.16,3.4311],[101.1599,3.4328],[101.1599,3.4337]],[[101.1744,3.4248],[101.1752,3.4248],[101.1783,3.4247],[101.1784,3.4247]],[[100.9849,3.6797],[100.9894,3.676],[100.9905,3.6751]],[[101.1601,3.4311],[101.1602,3.4309],[101.1605,3.4305],[101.1609,3.4301],[101.1614,3.4295],[101.1616,3.4293],[101.1647,3.4278],[101.1673,3.4254],[101.1685,3.4251],[101.1694,3.4251],[101.1696,3.425],[101.1701,3.425],[101.1713,3.4249],[101.1723,3.4249],[101.1725,3.4248],[101.1744,3.4248]],[[101.2474,3.3624],[101.247,3.363],[101.2469,3.3631],[101.2468,3.3632],[101.2446,3.3662],[101.2369,3.3762],[101.2338,3.3801],[101.2336,3.3802],[101.2324,3.3813],[101.2259,3.3871],[101.2248,3.388],[101.2234,3.3892],[101.2225,3.39],[101.2208,3.3914],[101.2207,3.3915],[101.216,3.3953],[101.2158,3.3954],[101.2145,3.3965],[101.2147,3.3964],[101.2151,3.3961],[101.2154,3.3958],[101.2157,3.3956],[101.2158,3.3955],[101.2159,3.3955],[101.2162,3.3952],[101.2208,3.3916],[101.2226,3.39],[101.2235,3.3893],[101.2248,3.3881],[101.2259,3.3871],[101.2325,3.3814],[101.2337,3.3803],[101.2339,3.3801],[101.2351,3.3787],[101.237,3.3762],[101.2454,3.3653],[101.2456,3.3651],[101.2461,3.3644],[101.2465,3.3637],[101.2467,3.3635],[101.2468,3.3634],[101.2469,3.3632],[101.2471,3.3631],[101.2476,3.3624],[101.2483,3.3613],[101.2476,3.3621],[101.2475,3.3623],[101.2474,3.3624]],[[101.2483,3.3613],[101.2522,3.3563]],[[101.1857,3.4224],[101.1859,3.422],[101.1859,3.4214],[101.1861,3.4193],[101.1863,3.4191],[101.1864,3.419],[101.1866,3.4189],[101.1867,3.4188],[101.1868,3.4187],[101.1871,3.4185],[101.1873,3.4183],[101.1876,3.4181],[101.1878,3.4179],[101.1879,3.4178],[101.1895,3.4165],[101.1899,3.4161],[101.1912,3.4151],[101.1899,3.4161],[101.1895,3.4164],[101.1881,3.4175],[101.1878,3.4178],[101.1873,3.4181],[101.1871,3.4183],[101.1865,3.4188],[101.1863,3.4189],[101.186,3.4192],[101.1858,3.4195],[101.1857,3.4198],[101.1858,3.4214],[101.1858,3.4215],[101.1857,3.4224],[101.1843,3.4232]],[[101.1948,3.4126],[101.196,3.4116],[101.1967,3.411],[101.1982,3.4096],[101.1984,3.4094],[101.1998,3.4081],[101.2016,3.4067],[101.2018,3.4066],[101.2028,3.4058],[101.203,3.4056],[101.2044,3.4045],[101.2045,3.4044],[101.2043,3.4045],[101.2029,3.4055],[101.2029,3.4056],[101.2027,3.4057],[101.2024,3.406],[101.2019,3.4064],[101.2018,3.4065],[101.1982,3.4095],[101.1967,3.4109],[101.196,3.4115],[101.1958,3.4117],[101.195,3.4124],[101.1948,3.4126],[101.1946,3.4128],[101.1912,3.4151]],[[101.2045,3.4044],[101.2045,3.4043],[101.2079,3.4017],[101.2114,3.3989],[101.2079,3.4017]],[[101.16,3.4315],[101.1601,3.4311]],[[101.1599,3.4328],[101.16,3.4315]],[[100.9893,3.676],[100.9849,3.6796],[100.9834,3.6806]],[[101.2145,3.3965],[101.2141,3.3968],[101.2139,3.3969],[101.2115,3.3988],[101.2114,3.3989]],[[100.9835,3.6807],[100.9849,3.6797]],[[100.9905,3.675],[100.9893,3.676]]]},"properties":{"name":"Jalan Kuala Selangor-Teluk Intan","kind":"Trunk road","ref":"5"}},
{"type":"Feature","geometry":{"type":"MultiLineString","coordinates":[[[101.8096,3.0007],[101.806,3.0048],[101.8056,3.0054],[101.8054,3.0057],[101.8039,3.0072],[101.8023,3.0083],[101.8009,3.0091],[101.8006,3.0093],[101.8,3.0098],[101.7994,3.0103],[101.7985,3.0112],[101.7983,3.0114],[101.7978,3.0118],[101.7964,3.0122],[101.7943,3.0121],[101.7942,3.0121],[101.7928,3.0118],[101.792,3.0116],[101.7914,3.0113],[101.7896,3.01],[101.7886,3.0088],[101.7872,3.0068],[101.7868,3.0063],[101.786,3.0056],[101.785,3.0048]],[[101.7849,3.0049],[101.7865,3.0062],[101.7873,3.0073],[101.7875,3.0075],[101.7885,3.0089],[101.7889,3.0094],[101.7891,3.0097],[101.7897,3.0103],[101.7899,3.0105],[101.7904,3.0109],[101.7907,3.0111],[101.7912,3.0114],[101.7917,3.0116],[101.792,3.0117],[101.793,3.012],[101.7932,3.0121],[101.7933,3.0121],[101.794,3.0122],[101.7954,3.0122],[101.7964,3.0123],[101.7974,3.0121],[101.7983,3.0115],[101.7985,3.0113],[101.7995,3.0104],[101.8001,3.0099],[101.8007,3.0093],[101.803,3.008],[101.8048,3.0066],[101.8049,3.0064],[101.8052,3.0061],[101.806,3.0051],[101.8066,3.0043],[101.8097,3.0007]]]},"properties":{"name":"Persiaran Saujana Impian","kind":"Trunk road"}},
{"type":"Feature","geometry":{"type":"MultiLineString","coordinates":[[[101.5134,3.2699],[101.5134,3.2702],[101.5134,3.2703],[101.5135,3.2703],[101.5136,3.2705],[101.5137,3.2708],[101.5142,3.272],[101.5143,3.2721],[101.5143,3.2722],[101.5146,3.274],[101.5167,3.2759],[101.5161,3.2775],[101.5147,3.2794],[101.5152,3.2799],[101.5163,3.2808],[101.5152,3.2799]],[[101.5136,3.2699],[101.5136,3.2701],[101.5136,3.2702],[101.5136,3.2703],[101.5137,3.2706],[101.5138,3.2707],[101.514,3.2709],[101.5142,3.2713],[101.5142,3.2716],[101.5143,3.2719],[101.5143,3.2721]],[[101.5184,3.2866],[101.5183,3.2863],[101.5175,3.2852],[101.517,3.282],[101.5166,3.2811],[101.5163,3.2808]]]},"properties":{"name":"Jalan Besar Kundang","kind":"Primary road","ref":"B149"}},
{"type":"Feature","geometry":null,"properties":{"name":"Bulatan Batu Caves","kind":"Trunk road"}},
{"type":"Feature","geometry":{"type":"MultiLineString","coordinates":[[[101.6143,3.2964],[101.614,3.2961],[101.6131,3.296],[101.6123,3.2964],[101.6116,3.297],[101.6113,3.2978],[101.6113,3.298],[101.6113,3.2983],[101.6113,3.2985],[101.6109,3.2993],[101.6106,3.2997],[101.6097,3.3],[101.6091,3.3002],[101.6087,3.3003],[101.6083,3.3004],[101.605,3.3013],[101.6012,3.3013],[101.6007,3.3015],[101.5999,3.302],[101.5991,3.3027],[101.5986,3.303],[101.5976,3.3036],[101.5975,3.3036],[101.5957,3.3042],[101.5953,3.3043],[101.5924,3.3053],[101.5919,3.3055],[101.5885,3.3067],[101.5872,3.3072],[101.5864,3.3075],[101.5844,3.3088],[101.5832,3.31],[101.5821,3.3111],[101.5796,3.3136],[101.5789,3.3143]],[[101.5785,3.3148],[101.5798,3.3135],[101.5818,3.3115],[101.5821,3.3113],[101.5823,3.311],[101.5844,3.309],[101.5847,3.3088],[101.5862,3.3077],[101.5909,3.3059],[101.5924,3.3054],[101.593,3.3052],[101.5976,3.3037],[101.5977,3.3037],[101.598,3.3035],[101.599,3.303],[101.6,3.3021],[101.6005,3.3017],[101.603,3.3014],[101.6047,3.3015],[101.6081,3.3005],[101.6091,3.3003],[101.61,3.3],[101.6106,3.2997],[101.6112,3.2989],[101.6123,3.2968],[101.614,3.2963]]]},"properties":{"name":"Lebuhraya Rawang","kind":"Primary road","ref":"1"}},
{"type":"Feature","geometry":{"type":"MultiLineString","coordinates":[[[101.3819,3.371],[101.4016,3.3792],[101.4085,3.3776],[101.4094,3.3778],[101.4104,3.3784]],[[101.2603,3.3276],[101.2605,3.3276],[101.2612,3.3278],[101.2634,3.3284],[101.2648,3.3288],[101.265,3.3289],[101.2653,3.329],[101.2654,3.329],[101.2655,3.329],[101.2661,3.3293],[101.2759,3.3381],[101.2839,3.3455],[101.2847,3.3466],[101.2887,3.3518],[101.2927,3.357],[101.2947,3.3583],[101.3023,3.3607],[101.3087,3.363],[101.3107,3.3623],[101.3109,3.3622],[101.321,3.3573],[101.3247,3.3575],[101.3312,3.3583],[101.3399,3.3591],[101.3491,3.3599],[101.3544,3.3604],[101.3554,3.3605],[101.3674,3.3652]],[[101.4104,3.3783],[101.4097,3.3779],[101.4094,3.3778]],[[101.2654,3.3291],[101.2661,3.3293]],[[101.265,3.3289],[101.2652,3.329],[101.2654,3.3291]]]},"properties":{"name":"Jalan Rawang","kind":"Primary road","ref":"B33"}},
{"type":"Feature","geometry":{"type":"MultiLineString","coordinates":[[[101.3149,3.1954],[101.3149,3.1955],[101.315,3.197],[101.3151,3.2008],[101.3152,3.2037],[101.3151,3.2074],[101.3151,3.2088],[101.3149,3.2111],[101.3148,3.2145],[101.3148,3.2173],[101.315,3.225],[101.315,3.2253],[101.315,3.2254],[101.315,3.2256],[101.3151,3.227],[101.3151,3.2272],[101.3151,3.2276],[101.3151,3.2283],[101.3152,3.2333],[101.3154,3.2437],[101.3155,3.2456]],[[101.3155,3.2457],[101.3155,3.2438],[101.3153,3.2332],[101.3152,3.2283],[101.3151,3.2276],[101.3151,3.2272],[101.3151,3.2254],[101.3151,3.2253],[101.3149,3.2173],[101.3149,3.2145],[101.315,3.2111],[101.3151,3.2088],[101.3152,3.2075],[101.3152,3.2074],[101.3153,3.2037],[101.3152,3.2008],[101.3151,3.197],[101.315,3.1955],[101.315,3.1954]],[[101.1402,3.4615],[101.1351,3.4667]],[[101.1298,3.4721],[101.1383,3.4633]],[[100.9612,3.7035],[100.961,3.7047],[100.9616,3.7072],[100.9665,3.7167],[100.9692,3.7222]],[[100.9693,3.7226],[100.9667,3.7175]]]},"properties":{"name":"Jalan Klang - Sabak Bernam","kind":"Trunk road","ref":"5"}},
{"type":"Feature","geometry":{"type":"MultiLineString","coordinates":[[[101.593,3.0673],[101.593,3.0657]],[[101.5916,3.0869],[101.5917,3.0889]],[[101.5931,3.0662],[101.5931,3.0673]]]},"properties":{"name":"Subang-Kelana Link","kind":"Primary road"}},
{"type":"Feature","geometry":{"type":"MultiLineString","coordinates":[[[101.6398,3.103],[101.6396,3.1035],[101.6394,3.1039],[101.6393,3.1043],[101.6392,3.1052],[101.6392,3.1054],[101.6392,3.1058],[101.6393,3.1064],[101.6394,3.1067],[101.6394,3.1068],[101.6394,3.1069],[101.6395,3.1071],[101.6396,3.1075],[101.6402,3.1084],[101.6405,3.1088],[101.641,3.1092],[101.642,3.1096],[101.6423,3.1097],[101.6439,3.1094],[101.6449,3.1091],[101.6464,3.1077],[101.6465,3.1076],[101.6467,3.1074],[101.6468,3.1072],[101.647,3.1067]],[[101.6396,3.1032],[101.6394,3.1036],[101.6393,3.1038],[101.6392,3.1046],[101.6392,3.1052]],[[101.6469,3.1067],[101.6469,3.1068],[101.6467,3.1072],[101.6465,3.1076]]]},"properties":{"name":"Jalan Utara","kind":"Primary road"}},
{"type":"Feature","geometry":{"type":"MultiLineString","coordinates":[[[101.8097,3.0007],[101.8099,3.0005],[101.8113,2.9993],[101.8114,2.9992],[101.8118,2.9989],[101.8119,2.9989],[101.8122,2.9986],[101.8125,2.9984],[101.8139,2.997],[101.8152,2.9957],[101.8157,2.9952],[101.8159,2.995],[101.8161,2.9948],[101.8164,2.9945],[101.8165,2.9943],[101.8176,2.9931],[101.8186,2.9921],[101.8189,2.9918],[101.8193,2.9914],[101.82,2.9908],[101.8234,2.9883],[101.8236,2.9881],[101.8238,2.9879]],[[101.8096,3.0007],[101.8099,3.0004],[101.8102,3.0001],[101.8107,2.9996],[101.8115,2.9989],[101.8122,2.9983],[101.8123,2.9982],[101.8124,2.9981],[101.8127,2.9979],[101.8131,2.9975],[101.8136,2.9971],[101.8142,2.9966],[101.8145,2.9963],[101.8162,2.9945],[101.8164,2.9943],[101.8174,2.9932],[101.819,2.9915],[101.8193,2.9911],[101.8198,2.9906],[101.8206,2.9901],[101.8215,2.9896],[101.822,2.9892],[101.8225,2.9888],[101.8229,2.9885],[101.8236,2.988],[101.8238,2.9878]]]},"properties":{"name":"Pintasan Kajang-Semenyih","kind":"Trunk road"}},
{"type":"Feature","geometry":{"type":"MultiLineString","coordinates":[[[101.4245,3.065],[101.4247,3.0649],[101.4249,3.0648],[101.4253,3.0647],[101.4255,3.0647],[101.4274,3.0644],[101.4275,3.0643],[101.4285,3.0641],[101.4286,3.064],[101.4327,3.0631],[101.4329,3.0631],[101.4352,3.0626],[101.4369,3.0616],[101.4372,3.0614],[101.4416,3.0582],[101.4418,3.058],[101.4428,3.0572],[101.4445,3.055],[101.4428,3.0572]],[[101.4458,3.0528],[101.4456,3.0532],[101.4452,3.0539],[101.4445,3.055]],[[101.4245,3.065],[101.4247,3.0649],[101.4249,3.0648]],[[101.4459,3.0528],[101.4457,3.0531],[101.4456,3.0532]],[[101.4286,3.064],[101.4275,3.0642],[101.4274,3.0642],[101.4255,3.0647]]]},"properties":{"name":"Jalan Goh Hock Huat","kind":"Primary road"}},
{"type":"Feature","geometry":{"type":"LineString","coordinates":[[101.4532,3.0492],[101.4529,3.05],[101.452,3.0517],[101.451,3.0526],[101.4507,3.0527],[101.4504,3.0529]]},"properties":{"name":"Jalan Sireh","kind":"Trunk road"}},
{"type":"Feature","geometry":{"type":"MultiLineString","coordinates":[[[101.7209,3.2443],[101.7208,3.2442],[101.7206,3.2441],[101.7199,3.2438],[101.7182,3.2438],[101.7166,3.2448],[101.7154,3.245],[101.7147,3.2447],[101.714,3.2437],[101.714,3.2407],[101.7141,3.24],[101.7145,3.2355],[101.7141,3.2342],[101.7139,3.234],[101.7134,3.2337],[101.7129,3.2335],[101.712,3.2328],[101.7119,3.2327],[101.7119,3.2326],[101.7118,3.2324],[101.7119,3.2317],[101.7138,3.2286],[101.7139,3.2272],[101.7142,3.2237],[101.714,3.2232],[101.714,3.223],[101.7139,3.2228],[101.7131,3.2208],[101.713,3.2192],[101.713,3.2154],[101.713,3.215],[101.7129,3.2147]],[[101.7128,3.2149],[101.7129,3.215],[101.7129,3.2192],[101.713,3.2208],[101.7139,3.2231],[101.7139,3.2232],[101.7142,3.2238],[101.7138,3.2271],[101.7136,3.2287],[101.7125,3.2307],[101.7118,3.2319],[101.7118,3.2324],[101.7118,3.2327],[101.7119,3.2329],[101.7121,3.2331],[101.7123,3.2333],[101.7137,3.234],[101.7144,3.2353],[101.7141,3.2393],[101.7141,3.2398],[101.7139,3.2407],[101.7137,3.2423],[101.7137,3.2429],[101.7139,3.2438],[101.7147,3.2448],[101.7154,3.2451],[101.7162,3.2451],[101.7185,3.2438],[101.7203,3.2441],[101.7205,3.2442],[101.7207,3.2444],[101.7209,3.2444]]]},"properties":{"name":"Jalan Gombak","kind":"Primary road","ref":"68"}},
{"type":"Feature","geometry":{"type":"MultiLineString","coordinates":[[[101.7165,3.2404],[101.7142,3.2404],[101.7139,3.2404],[101.7121,3.2403],[101.7117,3.2403],[101.7093,3.2402],[101.7076,3.2401]],[[101.7197,3.2406],[101.7185,3.2406],[101.7142,3.2405],[101.7138,3.2405],[101.7121,3.2404],[101.7118,3.2404],[101.7066,3.2402],[101.7053,3.24]]]},"properties":{"name":"Jalan Lingkaran Tengah 2","kind":"Trunk road","ref":"28;2"}},
{"type":"Feature","geometry":{"type":"MultiLineString","coordinates":[[[101.6392,3.2227],[101.6329,3.2168],[101.6327,3.2166],[101.6322,3.216],[101.6321,3.2158],[101.632,3.2158],[101.6319,3.2156],[101.6313,3.2143],[101.6313,3.2141],[101.6312,3.2139],[101.6308,3.2128],[101.6307,3.2123],[101.6307,3.212]],[[101.6305,3.212],[101.6305,3.2122],[101.6305,3.2123],[101.6305,3.2124],[101.6305,3.2125],[101.631,3.2139],[101.6311,3.214],[101.6312,3.2143],[101.6313,3.2148],[101.6318,3.2157],[101.6319,3.2159],[101.632,3.2161],[101.6327,3.2168],[101.6329,3.217],[101.639,3.223],[101.6391,3.2231]]]},"properties":{"name":"Jalan Besar Kepong Selayang","kind":"Primary road"}},
{"type":"Feature","geometry":{"type":"MultiLineString","coordinates":[[[101.629,3.208],[101.6295,3.2095],[101.6298,3.2102],[101.63,3.2106],[101.6302,3.211],[101.6303,3.2112],[101.6304,3.2114],[101.6308,3.2118],[101.6315,3.2124]],[[101.6316,3.2123],[101.6308,3.2117],[101.6305,3.2113],[101.6303,3.211],[101.63,3.2102],[101.6299,3.2097],[101.6297,3.2093],[101.6295,3.2086]],[[101.632,3.2127],[101.6329,3.2132],[101.6332,3.2134]],[[101.6307,3.212],[101.6305,3.212]]]},"properties":{"name":"Jalan Kepong","kind":"Primary road"}},
{"type":"Feature","geometry":{"type":"MultiLineString","coordinates":[[[101.3749,3.3042],[101.3747,3.306],[101.3744,3.3102],[101.3742,3.3118],[101.3737,3.3133],[101.3736,3.3134],[101.3731,3.3157]],[[101.375,3.3045],[101.3748,3.306],[101.3745,3.3102],[101.3744,3.3118],[101.374,3.3133],[101.3739,3.3134],[101.3733,3.3158]]]},"properties":{"name":"Kuala Lumpur – Kuala Selangor Expressway","kind":"Expressway","ref":"E25"}},
{"type":"Feature","geometry":{"type":"MultiLineString","coordinates":[[[101.7029,3.2378],[101.7028,3.2374],[101.7027,3.2372],[101.7027,3.2368],[101.7026,3.2365],[101.7025,3.2363],[101.7025,3.2362],[101.7022,3.2356],[101.7016,3.2342],[101.7016,3.2341],[101.7013,3.2334],[101.7012,3.2332],[101.7003,3.2314],[101.7003,3.2313],[101.6998,3.2306],[101.698,3.2278],[101.6977,3.2275],[101.6976,3.2273],[101.6973,3.2269],[101.6969,3.2262],[101.6958,3.2245]],[[101.7031,3.2371],[101.7026,3.2361],[101.7024,3.2356],[101.7013,3.2332],[101.701,3.2325],[101.7003,3.2312],[101.6999,3.2305],[101.6993,3.2296],[101.6992,3.2295],[101.6984,3.2282],[101.6983,3.2281],[101.697,3.2262],[101.697,3.2261],[101.6964,3.2252]]]},"properties":{"name":"Lebuhraya DUKE","kind":"Expressway","ref":"E33;2"}},
{"type":"Feature","geometry":{"type":"MultiLineString","coordinates":[[[101.5912,3.0887],[101.5911,3.0873],[101.5929,3.0852],[101.593,3.085],[101.593,3.0848],[101.593,3.0831],[101.593,3.0809],[101.593,3.0792],[101.593,3.0774],[101.593,3.0743],[101.593,3.0673]],[[101.5931,3.0673],[101.5931,3.0743],[101.5931,3.0752],[101.5931,3.0766],[101.5931,3.0787]]]},"properties":{"name":"Subang - Kelana Link","kind":"Primary road","ref":"15"}},
{"type":"Feature","geometry":{"type":"LineString","coordinates":[[101.4946,2.9036],[101.4928,2.9027],[101.4846,2.8995],[101.4836,2.8991],[101.48,2.8977],[101.4782,2.897],[101.485,2.8995],[101.4907,2.9018],[101.492,2.9023],[101.4928,2.9027],[101.4947,2.9036]]},"properties":{"name":"E26","kind":"Expressway","ref":"E26"}},
{"type":"Feature","geometry":{"type":"MultiLineString","coordinates":[[[101.5761,3.1115],[101.5752,3.1118]],[[101.5751,3.1117],[101.5761,3.1113]]]},"properties":{"name":"15","kind":"Primary road","ref":"15"}},
{"type":"Feature","geometry":{"type":"MultiLineString","coordinates":[[[101.5906,3.0953],[101.5904,3.0958],[101.5902,3.0961],[101.59,3.0967],[101.5898,3.0973],[101.5886,3.1002],[101.5883,3.1011],[101.5879,3.1019],[101.5873,3.1034],[101.5872,3.1037],[101.5864,3.1056],[101.5854,3.1075],[101.5844,3.1083],[101.5817,3.1094],[101.5761,3.1113]],[[101.5905,3.0962],[101.5899,3.0975],[101.5897,3.098],[101.5895,3.0986],[101.5875,3.1034],[101.5873,3.1038],[101.587,3.1046],[101.5868,3.1051],[101.5865,3.1057],[101.586,3.1069],[101.5851,3.1081],[101.5844,3.1085],[101.5835,3.1089],[101.583,3.1091],[101.5815,3.1097],[101.5812,3.1098],[101.5804,3.11],[101.58,3.1102],[101.5791,3.1105],[101.5761,3.1115]]]},"properties":{"name":"Jalan Lapangan Terbang","kind":"Primary road","ref":"15"}},
{"type":"Feature","geometry":{"type":"LineString","coordinates":[[101.3869,3.0409],[101.389,3.0433],[101.3873,3.0415]]},"properties":{"name":"Lebuhraya Baru Selat Klang Utara","kind":"Trunk road","ref":"E30"}},
{"type":"Feature","geometry":{"type":"MultiLineString","coordinates":[[[101.5751,3.3171],[101.5747,3.3171],[101.5737,3.3171],[101.5722,3.317],[101.5714,3.3169],[101.571,3.3168],[101.5697,3.3161],[101.5696,3.3158],[101.5698,3.316],[101.571,3.3167],[101.5714,3.3167],[101.5747,3.317],[101.5751,3.317]],[[101.4761,3.3667],[101.4762,3.3663],[101.477,3.3627],[101.4789,3.3591],[101.48,3.3581],[101.4813,3.3587],[101.4815,3.3573],[101.4807,3.3558],[101.4809,3.3545],[101.4819,3.3541],[101.4827,3.3553],[101.4835,3.3547],[101.4842,3.3511],[101.4858,3.3505],[101.486,3.3472],[101.4871,3.3454],[101.4871,3.3443],[101.489,3.344],[101.4891,3.3405],[101.4907,3.3395],[101.4924,3.3376],[101.4933,3.3357],[101.4959,3.3344],[101.4973,3.3334],[101.4992,3.3305],[101.5006,3.33],[101.5016,3.3311],[101.5026,3.3304],[101.5025,3.3287],[101.5051,3.3278],[101.5063,3.3259],[101.5067,3.3239],[101.5067,3.3219],[101.508,3.3213],[101.5102,3.322],[101.5116,3.3215],[101.5118,3.3212],[101.512,3.3208],[101.5128,3.3199],[101.5148,3.3189],[101.515,3.3188],[101.5156,3.3187],[101.5159,3.3188],[101.5161,3.3189],[101.5164,3.319],[101.5165,3.3191],[101.5177,3.3197],[101.5189,3.3204],[101.519,3.3204],[101.5207,3.3214],[101.5223,3.3215],[101.5247,3.3208],[101.525,3.3207],[101.5255,3.3206],[101.5258,3.3205],[101.5259,3.3204],[101.5268,3.3201],[101.5273,3.3197],[101.5281,3.3188],[101.5287,3.3182],[101.5291,3.318],[101.5296,3.3177],[101.5304,3.3174],[101.5307,3.3172],[101.5305,3.3172],[101.5297,3.3175],[101.5296,3.3176],[101.5294,3.3176],[101.5287,3.318],[101.5267,3.3199],[101.5259,3.3203],[101.5258,3.3203],[101.5254,3.3205],[101.5251,3.3205],[101.5247,3.3207],[101.5225,3.3213],[101.521,3.3213],[101.519,3.3203],[101.5189,3.3202],[101.5183,3.3199],[101.5177,3.3197]],[[101.5696,3.3158],[101.5688,3.314],[101.5672,3.3126],[101.5653,3.3103],[101.5642,3.3103],[101.5637,3.3105],[101.5633,3.3107],[101.563,3.3108],[101.5622,3.3111],[101.5611,3.3111],[101.5607,3.3111],[101.5606,3.311],[101.5602,3.3109],[101.5585,3.3105],[101.5572,3.3106],[101.5568,3.3105],[101.5555,3.3101],[101.5535,3.309],[101.5518,3.3087],[101.5472,3.3065],[101.5453,3.306],[101.5451,3.306],[101.545,3.306],[101.5448,3.3061],[101.5447,3.3061],[101.5429,3.3074],[101.5427,3.3075],[101.5424,3.3077],[101.5411,3.3088],[101.541,3.3089],[101.5408,3.3091],[101.5407,3.3094],[101.5406,3.3098],[101.5402,3.3107],[101.5397,3.3111],[101.537,3.3125],[101.5365,3.313],[101.5364,3.3131],[101.5363,3.3132],[101.536,3.3135],[101.5357,3.3139],[101.5347,3.3149],[101.5355,3.3139],[101.5362,3.3131],[101.5364,3.3129],[101.5373,3.3122],[101.538,3.3117],[101.5401,3.3107],[101.5404,3.3099],[101.5408,3.3088],[101.5409,3.3088],[101.541,3.3087],[101.5419,3.3079],[101.5447,3.306],[101.5448,3.3059],[101.5451,3.3059],[101.5453,3.3058],[101.5473,3.3064],[101.5518,3.3086],[101.5531,3.3087],[101.5543,3.3092],[101.5568,3.3104],[101.5585,3.3105],[101.5606,3.3109],[101.5607,3.311],[101.5611,3.3111]],[[101.5307,3.3172],[101.5308,3.3171],[101.5312,3.3169],[101.5332,3.3161],[101.5347,3.3149]],[[101.5373,3.3122],[101.537,3.3125]],[[101.5116,3.3215],[101.5103,3.3219],[101.5086,3.3212],[101.5068,3.3216],[101.5064,3.3221],[101.5064,3.3228],[101.5067,3.3239]]]},"properties":{"name":"Jalan Batu Arang","kind":"Primary road","ref":"B27"}},
{"type":"Feature","geometry":{"type":"MultiLineString","coordinates":[[[101.4518,3.0729],[101.4515,3.0731],[101.4513,3.0731],[101.4505,3.0734]],[[101.4518,3.073],[101.4517,3.0731],[101.4514,3.0732],[101.4512,3.0733]],[[101.4735,3.0615],[101.4732,3.0625],[101.4723,3.0641],[101.4719,3.0646]]]},"properties":{"name":"Lebuhraya Pintasan Selat Klang Utara","kind":"Trunk road","ref":"20"}},
{"type":"Feature","geometry":{"type":"MultiLineString","coordinates":[[[101.4715,3.0646],[101.4729,3.0628],[101.4732,3.0621],[101.4734,3.0615],[101.4742,3.0589],[101.4742,3.0588],[101.4744,3.0582],[101.4746,3.0578],[101.4749,3.0572],[101.4756,3.0568],[101.4758,3.0566],[101.4759,3.0565]],[[101.474,3.0602],[101.4744,3.0589],[101.4746,3.0583],[101.4747,3.0581],[101.4748,3.0577],[101.4749,3.0574],[101.4756,3.0569],[101.4758,3.0567],[101.4759,3.0567],[101.476,3.0566]]]},"properties":{"name":"Lebuhraya Pintasan Selat Klang Utara","kind":"Trunk road","ref":"20;E30"}},
{"type":"Feature","geometry":{"type":"MultiLineString","coordinates":[[[101.6875,2.7589],[101.6864,2.7613],[101.6808,2.7708],[101.6774,2.7757],[101.6753,2.7797],[101.6747,2.7811],[101.6736,2.7855],[101.6734,2.7869],[101.6731,2.7889],[101.6722,2.7953],[101.6715,2.8003]],[[101.6873,2.7589],[101.6858,2.7619],[101.681,2.7702],[101.6782,2.7741],[101.6763,2.777],[101.6758,2.7779],[101.6757,2.7781],[101.674,2.7827],[101.6734,2.7857],[101.6732,2.7869],[101.6718,2.797],[101.6713,2.8003]]]},"properties":{"name":"Lebuh Madani","kind":"Trunk road","ref":"26"}},
{"type":"Feature","geometry":{"type":"MultiLineString","coordinates":[[[101.4921,2.7987],[101.4921,2.7988],[101.4928,2.8002],[101.4931,2.8008],[101.4931,2.8009],[101.4931,2.801],[101.4932,2.8012],[101.4935,2.8019],[101.4936,2.8021],[101.4939,2.8028],[101.4942,2.8036],[101.4944,2.8041],[101.4945,2.8043],[101.4952,2.806],[101.4952,2.8061],[101.4955,2.8067],[101.4955,2.8068],[101.4956,2.8069],[101.4958,2.8075],[101.4958,2.8076],[101.4969,2.81],[101.497,2.8102],[101.4976,2.8117],[101.4977,2.8119],[101.4977,2.8122],[101.4977,2.8123]],[[101.4978,2.812],[101.4971,2.8102],[101.497,2.81],[101.4959,2.8075],[101.4956,2.8067],[101.4956,2.8066],[101.4953,2.8061],[101.4953,2.806],[101.4951,2.8056],[101.4948,2.8049],[101.4948,2.8048],[101.4946,2.8043],[101.4946,2.8042],[101.4945,2.8041],[101.4945,2.804],[101.494,2.8028],[101.4937,2.8021],[101.4932,2.801],[101.4929,2.8003],[101.4929,2.8001],[101.4925,2.7991],[101.4922,2.7987],[101.4922,2.7986]]]},"properties":{"name":"Jalan Sultan Alam Shah","kind":"Trunk road","ref":"5"}},
{"type":"Feature","geometry":{"type":"LineString","coordinates":[[101.5785,3.3148],[101.5778,3.3155]]},"properties":{"name":"Jalan Pintas Bandar Rawang","kind":"Primary road"}},
{"type":"Feature","geometry":{"type":"LineString","coordinates":[[101.7083,3.0254],[101.7085,3.0256]]},"properties":{"name":"Jalan Besar","kind":"Primary road"}},
{"type":"Feature","geometry":{"type":"MultiLineString","coordinates":[[[101.4761,3.3667],[101.4755,3.3704],[101.4746,3.3715],[101.4717,3.3721],[101.4696,3.372],[101.4682,3.3726],[101.4659,3.3743],[101.4632,3.3747],[101.4617,3.3756],[101.4605,3.3777],[101.4601,3.3804],[101.4592,3.381],[101.4566,3.3814],[101.4518,3.3842],[101.4502,3.387],[101.4488,3.3911],[101.4482,3.394],[101.4467,3.3964],[101.4465,3.3975],[101.444,3.3998],[101.4425,3.3996],[101.4405,3.3976],[101.4376,3.393],[101.4369,3.3891],[101.4364,3.3882],[101.4344,3.3871],[101.424,3.3836],[101.4223,3.3815],[101.421,3.3806],[101.4164,3.3805],[101.4151,3.3803]],[[101.4151,3.3803],[101.4164,3.3805]]]},"properties":{"name":"Jalan Rawang","kind":"Primary road","ref":"B27"}},
{"type":"Feature","geometry":{"type":"MultiLineString","coordinates":[[[101.4719,3.0646],[101.4702,3.0654],[101.468,3.0658]],[[101.4672,3.0658],[101.4692,3.0656],[101.4715,3.0646]]]},"properties":{"name":"Lebuhraya Baru Selat Klang Utara","kind":"Expressway","ref":"20"}},
{"type":"Feature","geometry":{"type":"MultiLineString","coordinates":[[[101.4114,3.3788],[101.4116,3.3789]],[[101.4113,3.3789],[101.4115,3.379]],[[101.4151,3.3803],[101.4138,3.3801]],[[101.4138,3.38],[101.4151,3.3803]]]},"properties":{"name":"B27","kind":"Primary road","ref":"B27"}},
{"type":"Feature","geometry":{"type":"MultiLineString","coordinates":[[[101.4138,3.3801],[101.4115,3.379]],[[101.4105,3.3783],[101.4114,3.3788]],[[101.4116,3.3789],[101.4138,3.38]],[[101.4113,3.3789],[101.4104,3.3784]]]},"properties":{"name":"Jalan Rawang - Bestari Jaya","kind":"Primary road","ref":"B27"}},
{"type":"Feature","geometry":{"type":"MultiLineString","coordinates":[[[101.5114,3.0738],[101.5119,3.072],[101.5141,3.0695],[101.5152,3.0689],[101.5164,3.069],[101.5168,3.0691],[101.517,3.0691],[101.5171,3.0691]],[[101.5109,3.0737],[101.5118,3.072],[101.5141,3.0694],[101.5148,3.0689],[101.5158,3.0688],[101.5165,3.0689],[101.5168,3.069],[101.517,3.069],[101.5171,3.0691]],[[101.5333,3.0738],[101.5329,3.0732],[101.5326,3.0707],[101.5322,3.0697],[101.5321,3.0697],[101.5312,3.0688],[101.5293,3.0686],[101.5286,3.0685],[101.5284,3.0685],[101.5257,3.0688],[101.5251,3.069],[101.525,3.069],[101.5246,3.0692],[101.5236,3.0696],[101.5227,3.0699],[101.5225,3.0699],[101.5224,3.0699]],[[101.533,3.0739],[101.5323,3.0701],[101.5308,3.0688],[101.5285,3.0686],[101.5254,3.069],[101.5252,3.0691],[101.5251,3.0691],[101.5247,3.0693],[101.5236,3.0697],[101.5227,3.07],[101.5225,3.07],[101.5224,3.07]]]},"properties":{"name":"Persiaran Dato Menteri","kind":"Primary road"}},
{"type":"Feature","geometry":{"type":"LineString","coordinates":[[101.5381,3.069],[101.538,3.0695],[101.538,3.0698],[101.5388,3.0701],[101.539,3.07],[101.5394,3.0695],[101.5395,3.0692],[101.5396,3.0686],[101.5395,3.0685],[101.5388,3.0682],[101.5386,3.0682],[101.5383,3.0686],[101.5381,3.069]]},"properties":{"name":"Bulatan Melawati","kind":"Primary road"}},
{"type":"Feature","geometry":{"type":"MultiLineString","coordinates":[[[101.3351,2.9112],[101.34,2.905],[101.3426,2.9014],[101.3431,2.9007],[101.352,2.8885],[101.3573,2.8814],[101.3608,2.8768],[101.361,2.8765],[101.3626,2.8744],[101.3639,2.8732],[101.3661,2.8721],[101.37,2.8716],[101.3703,2.8716],[101.4079,2.8723],[101.41,2.8723],[101.4207,2.8725],[101.4235,2.8729],[101.4262,2.8743],[101.4275,2.8755],[101.4295,2.8782],[101.4297,2.8786],[101.432,2.8851],[101.4328,2.8867],[101.435,2.8884],[101.4388,2.8891],[101.4392,2.8891],[101.44,2.8892],[101.4414,2.8894],[101.4459,2.8899],[101.4491,2.8906],[101.4514,2.8918],[101.4543,2.8925],[101.4575,2.8922]],[[101.3347,2.9116],[101.3399,2.9047],[101.3426,2.9014]]]},"properties":{"name":"Lebuhraya Lembah Klang Selatan","kind":"Expressway"}},
{"type":"Feature","geometry":{"type":"MultiLineString","coordinates":[[[101.6956,3.0124],[101.6947,3.0119],[101.6944,3.0104],[101.6945,3.0085],[101.6944,3.0079],[101.6942,3.0043],[101.6936,3.0033],[101.6918,3.0025],[101.6909,3.0023],[101.6908,3.0022],[101.6895,3.0019],[101.6873,3.0009],[101.685,2.9988],[101.6848,2.9986],[101.6833,2.9973],[101.683,2.9971],[101.6828,2.9969],[101.6818,2.9964],[101.6793,2.9956],[101.6783,2.9953],[101.6769,2.9946],[101.6755,2.9932],[101.6752,2.9928],[101.6751,2.9927],[101.6747,2.9922],[101.6729,2.99],[101.6711,2.9878],[101.6707,2.9873],[101.6704,2.9869],[101.6698,2.9861],[101.6694,2.9856],[101.6676,2.9841],[101.6661,2.9839],[101.6649,2.9844],[101.6644,2.9845],[101.6643,2.9845]],[[101.6643,2.9847],[101.6644,2.9846],[101.6649,2.9845],[101.6673,2.9841],[101.6686,2.9849],[101.6692,2.9857],[101.6696,2.9862],[101.6703,2.987],[101.6709,2.9877],[101.6715,2.9885],[101.6735,2.9909],[101.6741,2.9917],[101.6743,2.9919],[101.675,2.9928],[101.6751,2.9928],[101.6753,2.9932],[101.6758,2.9937],[101.676,2.994],[101.6771,2.9949],[101.6779,2.9953],[101.6782,2.9954],[101.6787,2.9956],[101.682,2.9965],[101.683,2.9971],[101.6832,2.9973],[101.6834,2.9975],[101.6838,2.9979],[101.6845,2.9986],[101.685,2.999],[101.6853,2.9992],[101.6863,3.0002],[101.6875,3.0011],[101.6879,3.0014],[101.6881,3.0015],[101.6882,3.0015],[101.6888,3.0018],[101.69,3.0022],[101.6905,3.0023],[101.6908,3.0023],[101.6908,3.0024],[101.6918,3.0026],[101.6935,3.0033],[101.6943,3.0053],[101.6943,3.0059],[101.6943,3.0062],[101.6943,3.0072],[101.6943,3.0075],[101.6943,3.0078],[101.6943,3.0082],[101.6943,3.0086],[101.6944,3.0089],[101.6944,3.0095],[101.6944,3.0097],[101.6944,3.0104]]]},"properties":{"name":"Jalan Putra Permai","kind":"Primary road","ref":"3215"}},
{"type":"Feature","geometry":{"type":"MultiLineString","coordinates":[[[101.757,2.7879],[101.7561,2.7864],[101.7548,2.7866],[101.7525,2.7863],[101.752,2.7862],[101.7525,2.7863]],[[101.7519,2.7858],[101.752,2.7862],[101.7518,2.7865]]]},"properties":{"name":"3265","kind":"Primary road","ref":"3265"}},
{"type":"Feature","geometry":{"type":"MultiLineString","coordinates":[[[101.5962,3.3537],[101.5967,3.3536],[101.5969,3.3535],[101.5994,3.3527],[101.6006,3.3519],[101.6014,3.3503],[101.6015,3.3459],[101.6007,3.3434],[101.5994,3.3416],[101.598,3.3389],[101.5966,3.3346],[101.5965,3.3308],[101.5972,3.3274],[101.5973,3.3223],[101.5983,3.3188],[101.5994,3.3168],[101.6003,3.3152],[101.601,3.3129],[101.6012,3.3091],[101.6026,3.3068],[101.6037,3.3041],[101.6047,3.3027],[101.6059,3.3018],[101.6067,3.3014],[101.6082,3.3006],[101.6092,3.3001],[101.6099,3.2998],[101.6101,3.2997],[101.6103,3.2996],[101.6104,3.2996],[101.6111,3.2989],[101.6113,3.2983],[101.6117,3.2974],[101.6121,3.2968],[101.6131,3.2963],[101.614,3.2963],[101.6161,3.2974]],[[101.5961,3.3536],[101.5968,3.3534],[101.5982,3.353],[101.5997,3.3524],[101.6007,3.3516],[101.6012,3.3502],[101.6012,3.3487],[101.5992,3.3415],[101.5979,3.339],[101.5965,3.335],[101.5964,3.3298],[101.5972,3.3268],[101.5971,3.3228],[101.5976,3.3204],[101.5993,3.3167],[101.6002,3.3151],[101.6008,3.3128],[101.6007,3.3102],[101.6015,3.308],[101.6028,3.3061],[101.6037,3.3037],[101.6045,3.3026],[101.6058,3.3017],[101.6079,3.3007],[101.6087,3.3003],[101.6099,3.2997],[101.6102,3.2995],[101.6104,3.2994],[101.6109,3.2989],[101.6112,3.2982],[101.6114,3.2977],[101.6116,3.2974],[101.612,3.2967],[101.6128,3.2963],[101.6137,3.2962],[101.6143,3.2964]]]},"properties":{"name":"Pintasan Rawang","kind":"Trunk road","ref":"37"}},
{"type":"Feature","geometry":{"type":"LineString","coordinates":[[101.6463,3.1279],[101.6461,3.1278],[101.6458,3.1277],[101.6456,3.1276],[101.6452,3.1276],[101.6448,3.1276],[101.6446,3.1276],[101.6443,3.1277],[101.6431,3.1283],[101.6429,3.1284],[101.6428,3.1285],[101.6427,3.1285],[101.6421,3.1288]]},"properties":{"name":"Jalan 16/11","kind":"Primary road"}},
{"type":"Feature","geometry":{"type":"MultiLineString","coordinates":[[[101.892,2.9392],[101.8926,2.9393]],[[101.8486,2.9443],[101.8487,2.9443],[101.849,2.9444]]]},"properties":{"name":"Jalan Broga","kind":"Primary road"}},
{"type":"Feature","geometry":{"type":"MultiLineString","coordinates":[[[101.7366,3.178],[101.7365,3.1777],[101.736,3.1771],[101.7358,3.1766],[101.7351,3.1748],[101.7351,3.1746],[101.7349,3.1735],[101.7348,3.1732],[101.7348,3.1722],[101.7349,3.1713]],[[101.735,3.172],[101.735,3.1726],[101.735,3.1729],[101.7355,3.1753],[101.7359,3.1763],[101.7366,3.1777],[101.7369,3.1782]]]},"properties":{"name":"Jalan Jelatek","kind":"Primary road"}},
{"type":"Feature","geometry":{"type":"MultiLineString","coordinates":[[[101.7692,2.9247],[101.7691,2.9247]],[[101.7665,2.9068],[101.7668,2.9066]],[[101.7857,2.9414],[101.7857,2.9415],[101.7856,2.9418],[101.7855,2.9425]],[[101.7691,2.9246],[101.7692,2.9246]],[[101.7838,2.9369],[101.7842,2.9373]],[[101.7854,2.9427],[101.7855,2.9422],[101.7856,2.9415],[101.7856,2.9414],[101.7856,2.9413],[101.7856,2.9412]]]},"properties":{"name":"Jalan Bangi","kind":"Primary road","ref":"B17"}},
{"type":"Feature","geometry":{"type":"MultiLineString","coordinates":[[[101.7692,2.9247],[101.7715,2.9259],[101.7763,2.9293],[101.7766,2.9296],[101.777,2.9302],[101.7772,2.9303],[101.7773,2.9305],[101.7794,2.9326],[101.7816,2.9344],[101.783,2.936],[101.7832,2.9363],[101.7834,2.9366],[101.7851,2.9387],[101.7857,2.9402],[101.7856,2.9412]],[[101.7678,2.9024],[101.7669,2.9044],[101.7669,2.9047],[101.7669,2.905],[101.7668,2.9066]],[[101.7665,2.9068],[101.7658,2.9069],[101.7642,2.909],[101.7645,2.9098],[101.7633,2.9116],[101.7613,2.9124],[101.7608,2.9136],[101.7599,2.9136],[101.7597,2.9134],[101.7595,2.9134],[101.7582,2.9141],[101.7577,2.9161],[101.7586,2.9172],[101.7595,2.9179],[101.7597,2.918],[101.763,2.9205],[101.7643,2.9233],[101.7652,2.9238],[101.7667,2.9238],[101.7691,2.9247]],[[101.7692,2.9246],[101.7715,2.9258],[101.7755,2.9284],[101.777,2.93],[101.7771,2.9301],[101.7772,2.9302],[101.7779,2.931],[101.7817,2.9344],[101.7831,2.936],[101.7833,2.9362],[101.7835,2.9365],[101.7838,2.9369]],[[101.7691,2.9246],[101.7668,2.9237],[101.7644,2.9233],[101.7631,2.9205],[101.7597,2.9179],[101.7594,2.9176],[101.7586,2.9172]],[[101.7842,2.9373],[101.7851,2.9386],[101.7857,2.9396],[101.7858,2.9402],[101.7857,2.9414]]]},"properties":{"name":"Jalan Bangi - Kajang","kind":"Primary road","ref":"B17"}},
{"type":"Feature","geometry":{"type":"MultiLineString","coordinates":[[[101.5493,2.9648],[101.5494,2.9647],[101.5496,2.9635],[101.5494,2.9561],[101.5492,2.9551],[101.5475,2.9526],[101.5477,2.9494],[101.5474,2.9479]],[[101.547,2.948],[101.5475,2.9491],[101.5474,2.9526],[101.5492,2.9556],[101.5495,2.9624],[101.5492,2.9647],[101.5492,2.9648]]]},"properties":{"name":"Persiaran Rimbayu","kind":"Primary road"}},
{"type":"Feature","geometry":{"type":"MultiLineString","coordinates":[[[101.6288,2.9025],[101.6294,2.9061],[101.6292,2.908],[101.6285,2.91],[101.6267,2.9132],[101.6256,2.9143]],[[101.6255,2.9141],[101.6267,2.913],[101.6284,2.91],[101.6293,2.9063],[101.6286,2.9026]]]},"properties":{"name":"Persiaran Cyber Valley 3","kind":"Primary road"}},
{"type":"Feature","geometry":{"type":"MultiLineString","coordinates":[[[101.4782,2.897],[101.4714,2.8943],[101.4695,2.8936],[101.4652,2.8918],[101.4628,2.8915],[101.4575,2.8922]],[[101.6078,3.0592],[101.6084,3.059]],[[101.6156,3.1602],[101.6154,3.159],[101.6154,3.1582]]]},"properties":{"name":"Expressway","kind":"Expressway"}},
{"type":"Feature","geometry":{"type":"MultiLineString","coordinates":[[[101.4948,3.2269],[101.4949,3.2266]],[[101.4911,3.2344],[101.4915,3.2338],[101.4917,3.2334],[101.4918,3.233],[101.4918,3.2324],[101.4919,3.2322],[101.4919,3.233],[101.4916,3.2339],[101.4914,3.2342],[101.4912,3.2345]]]},"properties":{"name":"54","kind":"Trunk road","ref":"54"}},
{"type":"Feature","geometry":{"type":"LineString","coordinates":[[101.5223,3.2177],[101.5218,3.2169],[101.5213,3.2168],[101.5206,3.217],[101.5195,3.2175]]},"properties":{"name":"Jalan Kepong - Kuala Selangor","kind":"Trunk road"}},
{"type":"Feature","geometry":{"type":"MultiLineString","coordinates":[[[101.4345,3.0954],[101.4342,3.0956],[101.4318,3.0966],[101.4317,3.0966],[101.4312,3.0968],[101.4263,3.0989],[101.4234,3.1004],[101.4204,3.1025],[101.4166,3.1063],[101.4143,3.1093],[101.4132,3.1114],[101.4122,3.1135],[101.4068,3.1241],[101.4057,3.1263],[101.4021,3.1322],[101.4012,3.1343],[101.4006,3.1374],[101.4005,3.1392],[101.402,3.1522],[101.4025,3.1556],[101.4035,3.159],[101.404,3.1604],[101.4046,3.1628],[101.4047,3.1648],[101.4041,3.1678],[101.402,3.1723],[101.4009,3.1761],[101.4004,3.1797],[101.4003,3.1839],[101.4003,3.1885],[101.4001,3.1924],[101.3993,3.1976],[101.3993,3.1979],[101.3971,3.2052],[101.3936,3.2138],[101.3922,3.2168],[101.3909,3.2189],[101.3894,3.2209],[101.3859,3.2249],[101.3843,3.2283],[101.384,3.23],[101.3843,3.2327],[101.3859,3.2358],[101.3876,3.2378],[101.3913,3.2415],[101.3929,3.2435],[101.3932,3.244],[101.3939,3.246],[101.3941,3.2471],[101.3941,3.2513],[101.3945,3.2537],[101.3973,3.2625],[101.3975,3.2628],[101.3987,3.2666],[101.3992,3.2694],[101.3992,3.2713],[101.3988,3.2736],[101.3981,3.2758],[101.3968,3.2781],[101.3912,3.2846],[101.3883,3.2891],[101.3868,3.2923],[101.3863,3.2935],[101.3862,3.2937],[101.3846,3.2971],[101.384,3.2985],[101.3815,3.3039],[101.38,3.3072],[101.3783,3.3108],[101.3766,3.3147]],[[101.5573,2.8366],[101.5563,2.8419],[101.5558,2.846],[101.5559,2.8515],[101.5563,2.8542],[101.5596,2.8669],[101.5606,2.87],[101.5622,2.8766],[101.5626,2.8803],[101.5623,2.8834],[101.5619,2.8857],[101.5611,2.8882],[101.5591,2.8921],[101.557,2.8948],[101.5549,2.8969],[101.5489,2.9015],[101.5474,2.9029],[101.5407,2.9105],[101.5367,2.9147],[101.5326,2.9189],[101.5267,2.9248],[101.5184,2.9321],[101.5164,2.934],[101.5143,2.9364],[101.5125,2.9389],[101.5105,2.9418],[101.506,2.9481],[101.5052,2.9494],[101.5042,2.9516],[101.5026,2.9563],[101.5015,2.9588],[101.4934,2.977],[101.4913,2.9818],[101.4904,2.9839],[101.4895,2.9859]],[[101.5572,2.8365],[101.556,2.8427],[101.5557,2.8463],[101.5557,2.8505],[101.5561,2.8538],[101.559,2.865],[101.5594,2.8669],[101.5605,2.87],[101.5621,2.8766],[101.5624,2.8802],[101.5622,2.8834],[101.5618,2.8857],[101.5602,2.8899],[101.5583,2.8931],[101.5568,2.8949],[101.5544,2.8972],[101.5504,2.9001],[101.5484,2.9017],[101.5466,2.9036],[101.5406,2.9104],[101.5366,2.9146],[101.5325,2.9188],[101.5266,2.9247],[101.523,2.9279],[101.5216,2.9291],[101.5163,2.9339],[101.5151,2.9351],[101.5125,2.9389],[101.5104,2.9418],[101.5063,2.9475],[101.5051,2.9493],[101.5041,2.9516],[101.5031,2.9546],[101.5023,2.9567],[101.4984,2.9654],[101.4933,2.977],[101.4912,2.9817],[101.4903,2.9838],[101.4898,2.9848]],[[101.4344,3.0953],[101.4344,3.0954],[101.4317,3.0965],[101.4316,3.0966],[101.4311,3.0968],[101.4262,3.0988],[101.4233,3.1004],[101.4204,3.1024],[101.4165,3.1062],[101.4143,3.1093],[101.4132,3.1113],[101.4121,3.1135],[101.4061,3.1253],[101.4046,3.1279],[101.402,3.1322],[101.4011,3.1343],[101.4004,3.1374],[101.4005,3.1392],[101.4018,3.1523],[101.4021,3.1543],[101.4034,3.159],[101.4039,3.1604],[101.4046,3.1632],[101.4046,3.1647],[101.404,3.1678],[101.4024,3.171],[101.4012,3.1742],[101.4008,3.1761],[101.4002,3.1797],[101.4002,3.1839],[101.4002,3.1885],[101.4,3.1924],[101.3992,3.1976],[101.3992,3.1979],[101.3988,3.1996],[101.397,3.2052],[101.3931,3.2147],[101.3908,3.2188],[101.3893,3.2208],[101.3861,3.2244],[101.385,3.2261],[101.3842,3.2282],[101.3839,3.23],[101.3842,3.2327],[101.3852,3.235],[101.3858,3.2359],[101.3875,3.2378],[101.3912,3.2415],[101.3928,3.2435],[101.3938,3.246],[101.394,3.2479],[101.394,3.2513],[101.3944,3.2537],[101.3972,3.2624],[101.3973,3.2628],[101.3985,3.2665],[101.3991,3.2694],[101.399,3.2713],[101.3989,3.2729],[101.3975,3.2768],[101.3954,3.2796],[101.3911,3.2845],[101.3882,3.2891],[101.3867,3.2922],[101.3861,3.2935],[101.3861,3.2937],[101.3846,3.2969],[101.3838,3.2986],[101.3799,3.307],[101.3781,3.3109],[101.3756,3.3164]]]},"properties":{"name":"Lebuhraya Pesisiran Pantai Barat","kind":"Expressway","ref":"E32"}},
{"type":"Feature","geometry":{"type":"LineString","coordinates":[[101.6466,3.1],[101.647,3.1002],[101.647,3.1001],[101.6469,3.0999],[101.6467,3.0999],[101.6466,3.1]]},"properties":{"name":"Bulatan Sultan","kind":"Primary road"}},
{"type":"Feature","geometry":{"type":"MultiLineString","coordinates":[[[101.6873,2.7589],[101.6883,2.7561],[101.6888,2.7546]],[[101.6875,2.7589],[101.6882,2.7573],[101.6889,2.7546]]]},"properties":{"name":"Lebuh Madani","kind":"Primary road"}},
{"type":"Feature","geometry":{"type":"MultiLineString","coordinates":[[[101.8062,3.1497],[101.8066,3.1481],[101.8067,3.1452],[101.8072,3.1438],[101.8105,3.1397],[101.8114,3.1356],[101.8114,3.1311],[101.8103,3.1289],[101.8078,3.1266],[101.8072,3.1262],[101.8062,3.1252],[101.8056,3.1234],[101.8055,3.1223],[101.8052,3.1197],[101.8056,3.1178],[101.8066,3.1166],[101.8098,3.1136],[101.8115,3.1117],[101.8124,3.1102],[101.8128,3.108],[101.8127,3.1069],[101.8102,3.1018],[101.81,3.0997],[101.8116,3.0954],[101.812,3.0943],[101.8128,3.0922],[101.815,3.089],[101.8154,3.0856],[101.816,3.0843],[101.8165,3.0834],[101.8169,3.0826],[101.817,3.0824],[101.8174,3.0809],[101.8173,3.0788],[101.817,3.0777],[101.8153,3.074],[101.8148,3.0715],[101.8146,3.07],[101.8145,3.0694],[101.8136,3.0668],[101.8135,3.064],[101.8137,3.0617],[101.8147,3.0591],[101.8156,3.0566],[101.8161,3.054],[101.816,3.0524],[101.815,3.049],[101.8158,3.0433],[101.8159,3.0417],[101.8155,3.0407],[101.8143,3.0393],[101.8133,3.0378],[101.8133,3.0355],[101.8151,3.0332],[101.8171,3.0305],[101.8181,3.029],[101.8206,3.0259],[101.8223,3.0239],[101.8221,3.0221],[101.8207,3.0209]],[[101.8067,3.1486],[101.8069,3.1448],[101.8076,3.1434],[101.8104,3.1403],[101.8115,3.1365],[101.8115,3.1312],[101.8105,3.1288],[101.8078,3.1266],[101.8073,3.1261],[101.8064,3.1252],[101.8057,3.1234],[101.8056,3.1223],[101.8053,3.1197],[101.8058,3.1178],[101.8067,3.1167],[101.8099,3.1137],[101.8116,3.1117],[101.8128,3.1094],[101.8129,3.108],[101.8128,3.1069],[101.8124,3.106],[101.8103,3.1017],[101.8101,3.0997],[101.8118,3.0952],[101.8122,3.0943],[101.8131,3.092],[101.8148,3.0897],[101.8153,3.0881],[101.8155,3.0856],[101.8161,3.0843],[101.8166,3.0835],[101.817,3.0826],[101.8171,3.0823],[101.8174,3.0813],[101.8175,3.0799],[101.8171,3.0777],[101.8154,3.074],[101.8149,3.0715],[101.8149,3.0711],[101.8147,3.0698],[101.8146,3.0692],[101.8138,3.0669],[101.8137,3.064],[101.8138,3.0617],[101.8148,3.0592],[101.8158,3.0566],[101.8162,3.0539],[101.8162,3.0526],[101.8152,3.049],[101.8153,3.0468],[101.8159,3.0433],[101.8159,3.0414],[101.8154,3.0404],[101.8144,3.0392],[101.8136,3.0382],[101.8133,3.036],[101.8139,3.0347],[101.8152,3.0333],[101.8172,3.0305],[101.8182,3.0291],[101.8207,3.026],[101.8224,3.0239],[101.8224,3.0223],[101.8196,3.0197]]]},"properties":{"name":"Lebuhraya Lembah Klang Timur","kind":"Expressway","ref":"E27"}},
{"type":"Feature","geometry":{"type":"LineString","coordinates":[[101.7865,2.9933],[101.7869,2.9919]]},"properties":{"name":"Jalan Mendaling","kind":"Primary road","ref":"B17"}},
{"type":"Feature","geometry":{"type":"LineString","coordinates":[[101.7878,2.9933],[101.7878,2.9934]]},"properties":{"name":"Jalan Cheras","kind":"Primary road","ref":"B17"}},
{"type":"Feature","geometry":{"type":"LineString","coordinates":[[101.449,3.0485],[101.4488,3.0487],[101.4488,3.0488],[101.4488,3.0489],[101.4488,3.0492],[101.449,3.0494],[101.4492,3.0494],[101.4493,3.0492],[101.4493,3.0491],[101.4493,3.0488],[101.4493,3.0486],[101.449,3.0485]]},"properties":{"name":"Bulatan Kota","kind":"Trunk road","ref":"5"}},
{"type":"Feature","geometry":{"type":"MultiLineString","coordinates":[[[101.7561,2.7399],[101.757,2.7399],[101.7573,2.7399],[101.7575,2.7399],[101.7595,2.7401],[101.7637,2.7398]],[[101.7561,2.74],[101.7573,2.74],[101.7575,2.74],[101.7594,2.7402],[101.7637,2.74]]]},"properties":{"name":"Jalan LBJ","kind":"Trunk road","ref":"1266"}},
{"type":"Feature","geometry":{"type":"MultiLineString","coordinates":[[[101.6975,2.8946],[101.6966,2.8945]],[[101.6966,2.8944],[101.6975,2.8945]]]},"properties":{"name":"Persiaran Timur","kind":"Primary road"}},
{"type":"Feature","geometry":{"type":"MultiLineString","coordinates":[[[101.7099,2.9296],[101.71,2.9281],[101.7113,2.9222],[101.7119,2.9206],[101.7125,2.9197],[101.7158,2.9164],[101.717,2.9139],[101.717,2.9118],[101.7152,2.9061],[101.7147,2.9046],[101.7131,2.9014],[101.7119,2.9003],[101.7089,2.898],[101.7073,2.8969],[101.7055,2.8956],[101.7031,2.8948],[101.6975,2.8946]],[[101.7112,2.9336],[101.7103,2.9305],[101.7101,2.9282],[101.7113,2.9225],[101.7117,2.9212],[101.7129,2.9195],[101.7159,2.9164],[101.717,2.9144],[101.7172,2.9127],[101.7166,2.91],[101.7162,2.9087],[101.7153,2.9059],[101.7148,2.9045],[101.7137,2.902],[101.7126,2.9007],[101.709,2.8979],[101.7074,2.8967],[101.706,2.8957],[101.7032,2.8947],[101.6975,2.8945]]]},"properties":{"name":"Persiaran Timur","kind":"Primary road","ref":"30"}},
{"type":"Feature","geometry":{"type":"LineString","coordinates":[[101.5916,3.0869],[101.5929,3.0856],[101.5931,3.085],[101.5931,3.083],[101.5931,3.0787]]},"properties":{"name":"Subang-Kelana Link","kind":"Primary road","ref":"15"}},
{"type":"Feature","geometry":{"type":"LineString","coordinates":[[101.8595,2.9242],[101.8593,2.9243],[101.8588,2.9246],[101.8586,2.9248]]},"properties":{"name":"Jalan Semenyih","kind":"Primary road"}},
{"type":"Feature","geometry":{"type":"LineString","coordinates":[[101.4482,3.0533],[101.4479,3.0533],[101.4473,3.0533],[101.4471,3.0533],[101.4469,3.0533]]},"properties":{"name":"Jalan Mantin","kind":"Trunk road","ref":"5"}},
{"type":"Feature","geometry":{"type":"MultiLineString","coordinates":[[[101.4104,3.3783],[101.4105,3.3783]],[[101.3819,3.371],[101.3676,3.3653],[101.3674,3.3652]]]},"properties":{"name":"B33","kind":"Primary road","ref":"B33"}},
{"type":"Feature","geometry":{"type":"LineString","coordinates":[[101.4806,3.0591],[101.4806,3.059],[101.4807,3.0588],[101.4807,3.0586]]},"properties":{"name":"Jalan Sungai Rasa","kind":"Primary road"}},
{"type":"Feature","geometry":{"type":"LineString","coordinates":[[101.4526,3.2298],[101.4525,3.2297]]},"properties":{"name":"Jalan Bukit Cerakah","kind":"Primary road"}},
{"type":"Feature","geometry":{"type":"LineString","coordinates":[[101.4635,3.2029],[101.4638,3.2023],[101.464,3.2019],[101.464,3.2018],[101.4647,3.199]]},"properties":{"name":"B49","kind":"Primary road","ref":"B49"}},
{"type":"Feature","geometry":{"type":"LineString","coordinates":[[101.608,3.1126],[101.6076,3.1126],[101.6067,3.1127]]},"properties":{"name":"Lebuhraya Damansara-Puchong","kind":"Expressway","ref":"E11"}},
{"type":"Feature","geometry":{"type":"MultiLineString","coordinates":[[[101.4275,3.0643],[101.4275,3.0642],[101.4265,3.0601],[101.4254,3.0574],[101.426,3.0557],[101.4279,3.0537]],[[101.4278,3.0537],[101.4259,3.0557],[101.4253,3.0574],[101.4266,3.0608],[101.4274,3.0642],[101.4274,3.0644]]]},"properties":{"name":"Jalan Tanjung Syawal","kind":"Primary road"}},
{"type":"Feature","geometry":{"type":"LineString","coordinates":[[101.5023,3.0524],[101.5023,3.0525]]},"properties":{"name":"Jalan Cengkih 16/10","kind":"Primary road"}},
{"type":"Feature","geometry":{"type":"MultiLineString","coordinates":[[[101.706,3.0391],[101.706,3.0393],[101.706,3.0401],[101.7059,3.0408],[101.7058,3.0416],[101.7055,3.0445],[101.7054,3.049]],[[101.7056,3.0394],[101.7055,3.0401],[101.7055,3.0407],[101.7055,3.0412],[101.7055,3.0417],[101.7055,3.0424],[101.7055,3.0431],[101.7053,3.0467],[101.7052,3.049]]]},"properties":{"name":"Lebuhraya Kuala Lumpur–Seremban","kind":"Expressway","ref":"E37"}},
{"type":"Feature","geometry":{"type":"MultiLineString","coordinates":[[[101.604,3.1339],[101.6041,3.1339]],[[101.6041,3.1341],[101.604,3.1341]]]},"properties":{"name":"Lebuhraya Sprint","kind":"Expressway","ref":"E23"}},
{"type":"Feature","geometry":{"type":"LineString","coordinates":[[101.7878,2.9918],[101.7878,2.9933]]},"properties":{"name":"Jalan Besar","kind":"Primary road","ref":"B17"}},
{"type":"Feature","geometry":{"type":"MultiLineString","coordinates":[[[101.7849,3.0049],[101.7846,3.0047]],[[101.7847,3.0046],[101.785,3.0048]]]},"properties":{"name":"Persiaran Saujana Impian","kind":"Trunk road","ref":"E7"}},
{"type":"Feature","geometry":{"type":"MultiLineString","coordinates":[[[101.7359,3.1768],[101.7351,3.1746],[101.7349,3.1738],[101.7349,3.173],[101.7348,3.1721],[101.7349,3.1707],[101.735,3.1685],[101.735,3.1675],[101.735,3.1652],[101.735,3.1638],[101.735,3.1635],[101.7352,3.1624],[101.7363,3.1589],[101.737,3.1562],[101.7369,3.1543],[101.7364,3.1522],[101.7362,3.1504]],[[101.736,3.1482],[101.7364,3.1518],[101.737,3.1543],[101.7371,3.1554],[101.737,3.1568],[101.7351,3.1632],[101.7351,3.1637],[101.7351,3.1644],[101.7351,3.1657],[101.7351,3.1667],[101.735,3.1731],[101.7355,3.1756],[101.736,3.1768],[101.7374,3.1792],[101.7393,3.1841],[101.7404,3.1888]]]},"properties":{"name":"Lebuhraya SPE","kind":"Expressway","ref":"E39"}},
{"type":"Feature","geometry":{"type":"MultiLineString","coordinates":[[[101.6891,3.2354],[101.6891,3.235],[101.6891,3.2343],[101.6891,3.2337],[101.6891,3.2331],[101.6893,3.2284]],[[101.689,3.2354],[101.689,3.2351],[101.689,3.2337],[101.689,3.2331],[101.6891,3.2327],[101.6891,3.2308],[101.6892,3.2281]]]},"properties":{"name":"Jalan Sri Batu Caves","kind":"Primary road"}},
{"type":"Feature","geometry":{"type":"MultiLineString","coordinates":[[[101.72,2.9685],[101.7199,2.9683],[101.7197,2.9677],[101.7195,2.9665],[101.7187,2.9639],[101.7186,2.9634],[101.7179,2.961],[101.717,2.9595],[101.7163,2.9588],[101.7139,2.9579]],[[101.7199,2.9677],[101.7196,2.9665],[101.7195,2.9659],[101.7192,2.9649],[101.7186,2.9631],[101.7181,2.9611],[101.7173,2.9595],[101.7163,2.9585],[101.7158,2.9583],[101.7148,2.9579]]]},"properties":{"name":"Persiaran Utara","kind":"Primary road"}},
{"type":"Feature","geometry":{"type":"MultiLineString","coordinates":[[[101.6586,2.9802],[101.66,2.9795]],[[101.6594,2.98],[101.6586,2.9803]]]},"properties":{"name":"Lebuhraya Damansara‒Puchong ‒ Putrajaya dan Cyberjaya","kind":"Expressway","ref":"E11"}},
{"type":"Feature","geometry":{"type":"MultiLineString","coordinates":[[[101.4962,3.1363],[101.4961,3.1384],[101.4955,3.1405],[101.4958,3.1462],[101.4961,3.1467],[101.4972,3.148],[101.5014,3.1489],[101.5076,3.1497],[101.5127,3.1509],[101.5169,3.1509],[101.5181,3.1512],[101.5196,3.1524],[101.52,3.1527],[101.5203,3.153],[101.5208,3.1536],[101.5215,3.1546],[101.5216,3.1548],[101.5218,3.1552],[101.5234,3.1573],[101.5253,3.1582],[101.5276,3.1588],[101.5279,3.1589],[101.528,3.1589],[101.5327,3.1601],[101.5333,3.16],[101.5348,3.1597],[101.5361,3.159],[101.5397,3.1562],[101.5403,3.1558],[101.5415,3.1552],[101.545,3.1546],[101.5486,3.154],[101.5502,3.1539],[101.5515,3.1539],[101.5532,3.1539],[101.5541,3.154],[101.5576,3.1542],[101.5593,3.1542],[101.5602,3.154],[101.561,3.1536],[101.5614,3.1531],[101.5664,3.148],[101.5675,3.1477],[101.5697,3.1493],[101.5709,3.1495],[101.572,3.1493],[101.5737,3.1499],[101.5742,3.1513],[101.5747,3.152],[101.575,3.1521],[101.5752,3.1522],[101.5754,3.1522],[101.5756,3.1522],[101.5767,3.1526],[101.5784,3.154],[101.58,3.1547],[101.581,3.1548],[101.5842,3.1547],[101.5847,3.1547],[101.5851,3.1547],[101.5859,3.1549],[101.5865,3.1552],[101.5869,3.1554],[101.5875,3.1558],[101.5884,3.1562],[101.5897,3.1562],[101.5935,3.1568],[101.5966,3.1576],[101.599,3.1581],[101.5995,3.1582],[101.6007,3.1599],[101.6007,3.1634],[101.6008,3.164],[101.6015,3.1647],[101.6021,3.1649],[101.6039,3.1649],[101.6054,3.1643],[101.6066,3.1645],[101.6082,3.1656],[101.6087,3.1655],[101.6102,3.1648],[101.6119,3.1648],[101.6125,3.1649]],[[101.6145,3.165],[101.6104,3.1646],[101.6086,3.1654],[101.6078,3.1653],[101.6067,3.1643],[101.6057,3.1641],[101.6038,3.1647],[101.6021,3.1648],[101.601,3.164],[101.6008,3.1634],[101.6008,3.1599],[101.5996,3.1581],[101.5989,3.1579],[101.5966,3.1573],[101.5951,3.157],[101.5879,3.1559],[101.5869,3.1552],[101.5866,3.1551],[101.5864,3.155],[101.5843,3.1546],[101.581,3.1547],[101.58,3.1546],[101.5785,3.1539],[101.5766,3.1524],[101.5763,3.1522],[101.5761,3.1521],[101.5758,3.1521],[101.5754,3.1521],[101.5751,3.152],[101.5748,3.1519],[101.5743,3.1511],[101.5738,3.1498],[101.5722,3.1491],[101.5708,3.1493],[101.5695,3.1489],[101.5684,3.1479],[101.5679,3.1477],[101.5676,3.1476],[101.5663,3.1479],[101.5618,3.1525],[101.5604,3.1538],[101.5589,3.1541],[101.5576,3.154],[101.5541,3.1538],[101.5532,3.1538],[101.5502,3.1538],[101.5486,3.1539],[101.5449,3.1545],[101.542,3.1549],[101.5416,3.155],[101.5411,3.1552],[101.5406,3.1554],[101.5402,3.1557],[101.5397,3.156],[101.5366,3.1584],[101.5358,3.1591],[101.5348,3.1596],[101.5334,3.1599],[101.5327,3.1599],[101.5319,3.1598],[101.5255,3.1582],[101.5249,3.158],[101.5241,3.1576],[101.5235,3.1572],[101.5225,3.156],[101.5215,3.1545],[101.5214,3.1542],[101.5209,3.1536],[101.5201,3.1527],[101.5177,3.1509],[101.5115,3.1506],[101.5076,3.1496],[101.503,3.1488],[101.498,3.1481],[101.4967,3.1473],[101.4964,3.1469],[101.496,3.1461],[101.4956,3.1401],[101.4963,3.1383],[101.4963,3.136],[101.4963,3.1356],[101.4963,3.1351]]]},"properties":{"name":"Lebuhraya DASH","kind":"Expressway","ref":"E31"}},
{"type":"Feature","geometry":{"type":"LineString","coordinates":[[101.4465,3.0393],[101.4465,3.0392]]},"properties":{"name":"Jalan Tengku Kelana","kind":"Trunk road","ref":"5"}},
{"type":"Feature","geometry":{"type":"LineString","coordinates":[[101.7539,2.9423],[101.7538,2.9423],[101.7535,2.9423],[101.7528,2.9421],[101.7526,2.9421]]},"properties":{"name":"Jalan Bandar Baru Bangi - Serdang","kind":"Primary road","ref":"B13"}},
{"type":"Feature","geometry":{"type":"MultiLineString","coordinates":[[[101.7425,3.1366],[101.7432,3.1369],[101.7437,3.1371]],[[101.7437,3.1372],[101.7425,3.1367]]]},"properties":{"name":"Jalan Pandan 1","kind":"Expressway","ref":"E9"}},
{"type":"Feature","geometry":{"type":"LineString","coordinates":[[101.7869,2.9919],[101.7876,2.9917]]},"properties":{"name":"Jalan Tukang","kind":"Primary road","ref":"B17"}},
{"type":"Feature","geometry":{"type":"LineString","coordinates":[[101.7661,2.9799],[101.7671,2.9798]]},"properties":{"name":"Lebuhraya Lingkaran Penyuraian Trafik Kajang","kind":"Expressway","ref":"1807"}},
{"type":"Feature","geometry":{"type":"LineString","coordinates":[[101.5538,3.1537],[101.5541,3.1537]]},"properties":{"name":"287","kind":"Trunk road","ref":"287"}},
{"type":"Feature","geometry":{"type":"LineString","coordinates":[[101.5542,3.154],[101.5539,3.154]]},"properties":{"name":"15","kind":"Trunk road","ref":"15"}},
{"type":"Feature","geometry":{"type":"LineString","coordinates":[[101.7857,2.9932],[101.7859,2.9933],[101.786,2.9933],[101.7862,2.9933],[101.7865,2.9933],[101.7869,2.9933],[101.7873,2.9933],[101.7878,2.9933]]},"properties":{"name":"Jalan Hishamuddin","kind":"Primary road","ref":"B11"}},
{"type":"Feature","geometry":{"type":"LineString","coordinates":[[101.4168,3.3142],[101.4169,3.3143],[101.4169,3.3152],[101.4157,3.325],[101.4156,3.3255],[101.4155,3.326],[101.4155,3.3262],[101.4154,3.3264],[101.415,3.331],[101.4149,3.3313],[101.4149,3.3318],[101.4148,3.3327],[101.4147,3.3335],[101.4144,3.3357],[101.4144,3.3362],[101.4143,3.3367],[101.4142,3.3375],[101.4141,3.3382],[101.4136,3.3431],[101.4125,3.3507],[101.4125,3.3511],[101.4124,3.3514],[101.4114,3.3608],[101.411,3.3626],[101.4102,3.3692],[101.4096,3.3743],[101.4102,3.3774],[101.4103,3.3777],[101.4104,3.3783],[101.4104,3.3784],[101.4105,3.3783],[101.4097,3.3743],[101.41,3.3709],[101.4101,3.3705],[101.4101,3.3703],[101.411,3.364],[101.4111,3.3637],[101.4112,3.3629],[101.4112,3.3627],[101.4112,3.3625],[101.4126,3.3507],[101.4143,3.3378],[101.4143,3.3374],[101.4144,3.3372],[101.4144,3.337],[101.4149,3.3336],[101.415,3.3329],[101.415,3.3327],[101.4154,3.3276],[101.4155,3.3274],[101.4156,3.3263],[101.4156,3.3262],[101.4156,3.326],[101.4168,3.3167],[101.4168,3.3166],[101.4169,3.3161],[101.4169,3.3158],[101.417,3.3156],[101.417,3.3153],[101.417,3.315],[101.417,3.3148],[101.417,3.3143],[101.4169,3.3142]]},"properties":{"name":"Jalan Bukit Badong","kind":"Trunk road","ref":"B35"}},
{"type":"Feature","geometry":{"type":"LineString","coordinates":[[101.816,2.9164],[101.8161,2.9166]]},"properties":{"name":"31","kind":"Primary road","ref":"31"}},
{"type":"Feature","geometry":{"type":"MultiLineString","coordinates":[[[101.3611,2.9666],[101.3613,2.9668],[101.3616,2.9673],[101.3661,2.9729],[101.3666,2.9736]],[[101.3615,2.9674],[101.366,2.973],[101.3665,2.9737]]]},"properties":{"name":"Lebuhraya Pulau Indah","kind":"Primary road"}},
{"type":"Feature","geometry":{"type":"LineString","coordinates":[[101.474,3.0602],[101.4735,3.0615]]},"properties":{"name":"Lebuhraya Pintasan Selat Klang Utara","kind":"Trunk road","ref":"E20"}},
{"type":"Feature","geometry":{"type":"LineString","coordinates":[[101.5309,3.0077],[101.5319,3.0089]]},"properties":{"name":"Jalan Kebun Tambahan","kind":"Expressway","ref":"E5"}},
{"type":"Feature","geometry":{"type":"LineString","coordinates":[[101.6273,3.0844],[101.6272,3.0844]]},"properties":{"name":"Jalan Klang Lama","kind":"Primary road"}},
{"type":"Feature","geometry":{"type":"MultiLineString","coordinates":[[[101.7501,2.6862],[101.7519,2.6907],[101.752,2.6908]],[[101.7521,2.6907],[101.752,2.6904],[101.7506,2.6868],[101.7499,2.6859]]]},"properties":{"name":"5","kind":"Primary road","ref":"5"}},
{"type":"Feature","geometry":{"type":"MultiLineString","coordinates":[[[101.7558,3.1721],[101.7538,3.1686],[101.7535,3.1658],[101.7532,3.165],[101.7527,3.1641],[101.7523,3.163],[101.7532,3.1598],[101.7549,3.1582],[101.7562,3.1563],[101.7589,3.1548],[101.7595,3.1541],[101.7597,3.1521],[101.7608,3.1505],[101.764,3.1485],[101.7695,3.1458],[101.7718,3.1438],[101.7732,3.1434],[101.7768,3.1433],[101.7789,3.1426],[101.78,3.1413],[101.7802,3.1377],[101.7789,3.1322],[101.7786,3.1288],[101.7781,3.1272],[101.7766,3.1249],[101.7764,3.1236],[101.7767,3.1214],[101.7757,3.1187],[101.775,3.1167],[101.7747,3.114],[101.7724,3.1103],[101.7719,3.1096],[101.7706,3.109],[101.7683,3.1082],[101.7657,3.1053],[101.7635,3.1036],[101.7595,3.0992],[101.7588,3.0985],[101.7574,3.0971],[101.7569,3.0954],[101.7569,3.0932],[101.756,3.0918],[101.7532,3.0893],[101.7526,3.0888],[101.7521,3.0883],[101.7517,3.0879],[101.7504,3.0872],[101.7489,3.087],[101.7478,3.0863],[101.7474,3.0843],[101.7493,3.0823],[101.7498,3.0807],[101.7492,3.0788],[101.7491,3.0784],[101.7491,3.0782],[101.7491,3.078],[101.7491,3.0774],[101.7492,3.0762],[101.7492,3.0759]],[[101.757,3.1756],[101.7567,3.175],[101.7566,3.1748],[101.7565,3.1746],[101.7564,3.1744],[101.7563,3.1737],[101.756,3.1729],[101.7538,3.1691],[101.7534,3.1659],[101.7531,3.165],[101.7523,3.1635],[101.7522,3.1632],[101.7522,3.163],[101.7525,3.1618],[101.7527,3.1614],[101.7531,3.1597],[101.7548,3.158],[101.7562,3.156],[101.7587,3.1548],[101.7594,3.1538],[101.7596,3.152],[101.7606,3.1506],[101.7619,3.1496],[101.7694,3.1457],[101.7713,3.1439],[101.772,3.1435],[101.7731,3.1433],[101.7767,3.1432],[101.7789,3.1424],[101.7799,3.1413],[101.78,3.138],[101.7786,3.1322],[101.7785,3.1288],[101.7782,3.1277],[101.7767,3.1252],[101.7763,3.1236],[101.7765,3.1214],[101.7751,3.1179],[101.7748,3.1148],[101.7723,3.1103],[101.7712,3.1094],[101.7695,3.1091],[101.7682,3.1084],[101.7655,3.1054],[101.7638,3.104],[101.7635,3.1037],[101.7616,3.1019],[101.7594,3.0992],[101.7578,3.0978],[101.7569,3.0962],[101.7567,3.0933],[101.756,3.092],[101.7533,3.0896],[101.7526,3.089],[101.7509,3.0875],[101.7488,3.0871],[101.7479,3.0866],[101.7471,3.0849],[101.7477,3.0834],[101.7493,3.0819],[101.7496,3.0808],[101.7494,3.08],[101.7492,3.0792],[101.749,3.0785],[101.749,3.0781],[101.749,3.0778],[101.749,3.0774],[101.749,3.0772],[101.7488,3.0752],[101.7468,3.0741],[101.7419,3.0738]]]},"properties":{"name":"Lebuhraya Bertingkat Sungai Besi–Ulu Klang","kind":"Expressway","ref":"E19"}},
{"type":"Feature","geometry":{"type":"MultiLineString","coordinates":[[[101.6308,3.2103],[101.6306,3.2106],[101.6306,3.2109]],[[101.6314,3.2101],[101.6307,3.211]]]},"properties":{"name":"Jalan Taman Kepong","kind":"Primary road"}},
{"type":"Feature","geometry":{"type":"LineString","coordinates":[[101.5532,3.0877],[101.5528,3.0874],[101.5524,3.0872],[101.5522,3.0871],[101.5519,3.0868],[101.5516,3.0866],[101.5513,3.0865],[101.5511,3.0863],[101.551,3.0862],[101.5509,3.0862]]},"properties":{"name":"Jalan Subang Lama","kind":"Primary road","ref":"B9"}},
{"type":"Feature","geometry":{"type":"MultiLineString","coordinates":[[[101.5711,3.1714],[101.5712,3.1717],[101.5739,3.1761],[101.5749,3.1771]],[[101.571,3.1712],[101.5713,3.1716],[101.574,3.176],[101.5754,3.1773]]]},"properties":{"name":"Jalan Sungai Buloh - Subang","kind":"Trunk road"}},
{"type":"Feature","geometry":{"type":"LineString","coordinates":[[101.5706,3.029],[101.5705,3.0291]]},"properties":{"name":"Persiaran Kuala Selangor","kind":"Primary road","ref":"3214"}},
{"type":"Feature","geometry":{"type":"MultiLineString","coordinates":[[[101.4418,3.11],[101.4429,3.1096],[101.4443,3.1095],[101.4459,3.1092],[101.4464,3.1091],[101.4469,3.109],[101.4478,3.1089],[101.4484,3.1088],[101.4497,3.1086],[101.4513,3.1083],[101.452,3.1083],[101.4528,3.1082],[101.4566,3.1076],[101.4592,3.1069],[101.4613,3.1063],[101.4621,3.1061],[101.4625,3.106],[101.4635,3.1058],[101.4643,3.1056],[101.4655,3.1053],[101.4701,3.1044],[101.4739,3.1025],[101.4745,3.1015],[101.4759,3.0999],[101.4775,3.0996],[101.4787,3.0996],[101.4802,3.0996],[101.4816,3.0992]],[[101.4424,3.103],[101.4425,3.1048],[101.4427,3.106],[101.4428,3.1078],[101.4437,3.1094],[101.4474,3.1088],[101.4484,3.1086],[101.4507,3.1083],[101.4512,3.1082],[101.4525,3.108],[101.4565,3.1074],[101.459,3.1068],[101.4607,3.1063],[101.4612,3.1062],[101.4657,3.105],[101.4686,3.1046],[101.4732,3.1028],[101.4737,3.1024],[101.4747,3.1008],[101.4762,3.0996],[101.4775,3.0994],[101.4786,3.0994],[101.4792,3.0994],[101.4796,3.0994],[101.4801,3.0994],[101.4804,3.0994],[101.4815,3.0991]]]},"properties":{"name":"Persiaran Setia Alam","kind":"Trunk road"}},
{"type":"Feature","geometry":{"type":"LineString","coordinates":[[101.4671,3.0664],[101.4672,3.0665]]},"properties":{"name":"Lebuhraya Shapadu","kind":"Expressway","ref":"E30"}},
{"type":"Feature","geometry":{"type":"LineString","coordinates":[[101.5805,3.3249],[101.5805,3.325]]},"properties":{"name":"1","kind":"Primary road","ref":"1"}},
{"type":"Feature","geometry":{"type":"LineString","coordinates":[[101.7477,2.9427],[101.7502,2.9423],[101.7503,2.9423],[101.7504,2.9423],[101.7518,2.9421],[101.7522,2.9421],[101.7526,2.9421]]},"properties":{"name":"Jalan Bangi-Putrajaya","kind":"Primary road","ref":"B13"}},
{"type":"Feature","geometry":{"type":"MultiLineString","coordinates":[[[101.4466,3.2213],[101.4466,3.2214]],[[101.4448,3.2189],[101.4449,3.2189]],[[101.4448,3.219],[101.4447,3.2189]]]},"properties":{"name":"Laluan 1210","kind":"Primary road","ref":"1210"}},
{"type":"Feature","geometry":{"type":"LineString","coordinates":[[101.7402,3.1888],[101.7394,3.1856],[101.7387,3.1843],[101.7376,3.1799],[101.7367,3.1781],[101.7362,3.1772],[101.7359,3.1768]]},"properties":{"name":"Lebuhraya Setiawangsa–Pantai","kind":"Expressway"}},
{"type":"Feature","geometry":{"type":"LineString","coordinates":[[101.5449,3.1544],[101.5461,3.1542]]},"properties":{"name":"Jalan Sungai Buloh","kind":"Trunk road","ref":"15"}},
{"type":"Feature","geometry":{"type":"LineString","coordinates":[[101.5751,3.317],[101.576,3.3174],[101.5762,3.3175]]},"properties":{"name":"Jalan Batu Arang","kind":"Primary road"}}
]}