{"type":"FeatureCollection", "features": [
{"type":"Feature","geometry":{"type":"LineString","coordinates":[[101.70519,2.86102],[101.70673,2.8589],[101.7078,2.85731],[101.70852,2.85606],[101.70907,2.85499],[101.71019,2.85243],[101.71077,2.85079],[101.71119,2.84912],[101.71146,2.84766],[101.71174,2.84559],[101.71183,2.84459],[101.71318,2.82821]]},"properties":{"name":"ERL","kind":"KTM / rail","feature":"line"}},
{"type":"Feature","geometry":{"type":"LineString","coordinates":[[101.72522,2.99211],[101.724,2.99112],[101.72259,2.99028],[101.72189,2.98996],[101.72053,2.98949]]},"properties":{"name":"ERL","kind":"KTM / rail","feature":"line"}},
{"type":"Feature","geometry":{"type":"LineString","coordinates":[[101.7084,3.07136],[101.70796,3.06732],[101.70783,3.06628],[101.70769,3.0646],[101.70733,3.06115],[101.7069,3.05772],[101.7068,3.0568],[101.70672,3.05539],[101.70652,3.05122],[101.70642,3.04868],[101.70645,3.04791],[101.70662,3.0468],[101.70676,3.04624],[101.70749,3.04413],[101.70781,3.04291],[101.70802,3.04158],[101.70808,3.04081],[101.70806,3.03935],[101.70792,3.03683],[101.70786,3.03538],[101.70797,3.03429],[101.70823,3.0333],[101.70843,3.03278],[101.70879,3.03213],[101.70923,3.03151],[101.70975,3.03094],[101.71057,3.03027],[101.71161,3.02958],[101.71227,3.02901],[101.71268,3.02855],[101.71308,3.02795],[101.71382,3.02657]]},"properties":{"name":"ERL","kind":"KTM / rail","feature":"line"}},
{"type":"Feature","geometry":{"type":"LineString","coordinates":[[101.70451,2.97831],[101.70057,2.9775],[101.69924,2.97725],[101.69779,2.97692],[101.69672,2.97656],[101.69568,2.97613],[101.69469,2.97563],[101.69363,2.975],[101.69108,2.97336],[101.68964,2.97259],[101.68849,2.97212],[101.68741,2.97181],[101.68572,2.97151],[101.68503,2.97145],[101.68366,2.97147],[101.68244,2.97162],[101.67936,2.97211],[101.678,2.97225],[101.67711,2.97228],[101.67564,2.97222],[101.67429,2.97204],[101.67297,2.97176],[101.67192,2.97146],[101.67012,2.97077],[101.6688,2.97008],[101.66783,2.96948],[101.6669,2.96882],[101.66601,2.96809],[101.66357,2.96568],[101.66252,2.96462],[101.66157,2.96358],[101.66081,2.96267],[101.66022,2.96178],[101.65973,2.96087],[101.65926,2.95978],[101.65893,2.95879],[101.65858,2.95717],[101.65848,2.95613],[101.65845,2.95508],[101.65862,2.95348],[101.65875,2.95281],[101.65911,2.95151],[101.65936,2.95081],[101.66017,2.94919],[101.66089,2.94808],[101.66146,2.94736],[101.66223,2.94657],[101.66332,2.94562],[101.6671,2.94275],[101.6677,2.94225],[101.66861,2.94137],[101.66942,2.94041],[101.67001,2.93944],[101.67068,2.938],[101.67105,2.93658],[101.67119,2.93503],[101.67117,2.93457],[101.67116,2.9341]]},"properties":{"name":"ERL","kind":"KTM / rail","feature":"line"}},
{"type":"Feature","geometry":{"type":"LineString","coordinates":[[101.72807,2.99717],[101.72789,2.99646],[101.72757,2.99558],[101.72709,2.99461],[101.72652,2.99367],[101.72591,2.99288],[101.72522,2.99211]]},"properties":{"name":"ERL","kind":"KTM / rail","feature":"line"}},
{"type":"Feature","geometry":{"type":"LineString","coordinates":[[101.67252,3.11531],[101.67296,3.11409],[101.67438,3.11065],[101.67455,3.10986],[101.67453,3.10912],[101.6744,3.10843],[101.67409,3.10767],[101.67342,3.10653],[101.67305,3.10582],[101.67267,3.10489],[101.67073,3.09824],[101.67025,3.09665],[101.66947,3.09304],[101.66939,3.09216],[101.6695,3.09121],[101.66976,3.09],[101.66977,3.0895],[101.66966,3.08905],[101.66947,3.08862],[101.6692,3.08827],[101.66879,3.08792],[101.66837,3.08771],[101.66611,3.08686],[101.66285,3.08567],[101.66125,3.08511],[101.66054,3.0849],[101.6579,3.08396],[101.65653,3.08346],[101.65398,3.08257]]},"properties":{"name":"KTM","kind":"KTM / rail","feature":"line"}},
{"type":"Feature","geometry":{"type":"LineString","coordinates":[[101.65393,3.08255],[101.65311,3.08231],[101.65217,3.0821],[101.65136,3.08198],[101.65021,3.08188],[101.64933,3.08187],[101.64778,3.08201],[101.64141,3.083],[101.6332,3.0843],[101.62932,3.08489]]},"properties":{"name":"KTM","kind":"KTM / rail","feature":"line"}},
{"type":"Feature","geometry":{"type":"LineString","coordinates":[[101.72769,3.00336],[101.72818,3.0015],[101.72831,3.00054],[101.72834,2.99996]]},"properties":{"name":"ERL","kind":"KTM / rail","feature":"line"}},
{"type":"Feature","geometry":{"type":"LineString","coordinates":[[101.70656,2.7511],[101.70599,2.75222]]},"properties":{"name":"APM","kind":"Monorail","feature":"line"}},
{"type":"Feature","geometry":{"type":"LineString","coordinates":[[101.71127,2.74644],[101.7108,2.74614],[101.71034,2.74607],[101.70993,2.74622],[101.70963,2.74652],[101.70895,2.74755]]},"properties":{"name":"APM","kind":"Monorail","feature":"line"}},
{"type":"Feature","geometry":{"type":"LineString","coordinates":[[101.70801,2.74893],[101.70702,2.75036]]},"properties":{"name":"APM","kind":"Monorail","feature":"line"}},
{"type":"Feature","geometry":{"type":"LineString","coordinates":[[101.39078,3.00103],[101.39089,3.00043],[101.39117,2.99992]]},"properties":{"name":"Pelabuhan Klang - West Port","kind":"KTM / rail","feature":"line"}},
{"type":"Feature","geometry":{"type":"LineString","coordinates":[[101.33303,2.96119],[101.33244,2.96091],[101.3266,2.95753],[101.32564,2.95703],[101.32465,2.95666],[101.3235,2.95638],[101.32281,2.95628],[101.32196,2.95625],[101.32011,2.95635],[101.31836,2.95642]]},"properties":{"name":"Port Klang - West Port","kind":"KTM / rail","feature":"line"}},
{"type":"Feature","geometry":{"type":"LineString","coordinates":[[101.68797,2.88519],[101.68963,2.88475],[101.6905,2.88439],[101.6914,2.88397],[101.69214,2.88352],[101.69329,2.88264],[101.69397,2.88202],[101.6951,2.88069],[101.69553,2.88003]]},"properties":{"name":"ERL","kind":"KTM / rail","feature":"line"}},
{"type":"Feature","geometry":{"type":"LineString","coordinates":[[101.68726,2.88529],[101.68797,2.88519]]},"properties":{"name":"ERL","kind":"KTM / rail","feature":"line"}},
{"type":"Feature","geometry":{"type":"LineString","coordinates":[[101.61357,3.08346],[101.61228,3.08319],[101.6106,3.08294],[101.60965,3.08286],[101.60782,3.08282],[101.6069,3.08284]]},"properties":{"name":"KTM","kind":"KTM / rail","feature":"line"}},
{"type":"Feature","geometry":{"type":"LineString","coordinates":[[101.61685,3.08398],[101.61476,3.08368],[101.61263,3.08334],[101.6097,3.08296],[101.60524,3.08282]]},"properties":{"name":"KTM","kind":"KTM / rail","feature":"line"}},
{"type":"Feature","geometry":{"type":"LineString","coordinates":[[101.56471,3.0766],[101.56354,3.07678],[101.56215,3.0768],[101.56131,3.07663],[101.55997,3.07608],[101.55818,3.07518]]},"properties":{"name":"KTM","kind":"KTM / rail","feature":"line"}},
{"type":"Feature","geometry":{"type":"LineString","coordinates":[[101.60484,3.08281],[101.60141,3.08273],[101.60067,3.08275],[101.59878,3.08299],[101.59326,3.08418],[101.59235,3.08434],[101.59084,3.0845]]},"properties":{"name":"KTM","kind":"KTM / rail","feature":"line"}},
{"type":"Feature","geometry":{"type":"LineString","coordinates":[[101.60524,3.08282],[101.60484,3.08281]]},"properties":{"name":"KTM","kind":"KTM / rail","feature":"line"}},
{"type":"Feature","geometry":{"type":"LineString","coordinates":[[101.74704,3.135],[101.75263,3.13825],[101.75432,3.1393],[101.75786,3.14141],[101.75872,3.14213],[101.75934,3.1429],[101.75975,3.14365],[101.75991,3.14414],[101.75994,3.14514],[101.75978,3.14673],[101.75988,3.14875]]},"properties":{"name":"Ampang Line","kind":"LRT","feature":"line"}},
{"type":"Feature","geometry":{"type":"LineString","coordinates":[[101.66965,2.92678],[101.66899,2.92455],[101.66855,2.92317],[101.66817,2.92181],[101.66766,2.92032]]},"properties":{"name":"ERL","kind":"KTM / rail","feature":"line"}},
{"type":"Feature","geometry":{"type":"LineString","coordinates":[[101.66766,2.92032],[101.66718,2.91915]]},"properties":{"name":"ERL","kind":"KTM / rail","feature":"line"}},
{"type":"Feature","geometry":{"type":"LineString","coordinates":[[101.66718,2.91915],[101.66674,2.91825],[101.66606,2.91707],[101.66548,2.91619],[101.66418,2.91436],[101.66142,2.91036],[101.66078,2.90937],[101.66039,2.90864],[101.65983,2.90736],[101.65954,2.90646],[101.65926,2.90518],[101.65911,2.90382],[101.65911,2.9025],[101.65924,2.90121],[101.6595,2.89997],[101.65973,2.89924],[101.66014,2.89819],[101.66094,2.89668],[101.66163,2.89569],[101.66246,2.89472],[101.66342,2.89382],[101.66583,2.89185],[101.66837,2.88981],[101.6698,2.88878],[101.67084,2.88819],[101.67184,2.88771],[101.67271,2.88736],[101.67391,2.88697],[101.67559,2.88663],[101.67994,2.88615],[101.68332,2.88576],[101.68567,2.88551],[101.68726,2.88529]]},"properties":{"name":"ERL","kind":"KTM / rail","feature":"line"}},
{"type":"Feature","geometry":{"type":"LineString","coordinates":[[101.71375,2.98655],[101.71313,2.98593],[101.71225,2.98482],[101.71063,2.98242]]},"properties":{"name":"ERL","kind":"KTM / rail","feature":"line"}},
{"type":"Feature","geometry":{"type":"LineString","coordinates":[[101.72053,2.98949],[101.72,2.98932]]},"properties":{"name":"ERL","kind":"KTM / rail","feature":"line"}},
{"type":"Feature","geometry":{"type":"LineString","coordinates":[[101.63315,3.50743],[101.63327,3.50667]]},"properties":{"name":"KTM","kind":"KTM / rail","feature":"line"}},
{"type":"Feature","geometry":{"type":"LineString","coordinates":[[101.65398,3.08257],[101.65393,3.08255]]},"properties":{"name":"KTM","kind":"KTM / rail","feature":"line"}},
{"type":"Feature","geometry":{"type":"LineString","coordinates":[[101.52843,3.67453],[101.52877,3.67405]]},"properties":{"name":"KTM","kind":"KTM / rail","feature":"line"}},
{"type":"Feature","geometry":{"type":"LineString","coordinates":[[101.52877,3.67405],[101.53612,3.66344],[101.53968,3.65834],[101.54081,3.65708],[101.54395,3.65409],[101.54554,3.6527],[101.54804,3.65066],[101.5517,3.64772],[101.55299,3.64645],[101.55531,3.64364],[101.55753,3.6409],[101.55875,3.63915],[101.5597,3.63746],[101.56085,3.63511],[101.56116,3.63454],[101.56196,3.63329],[101.56252,3.63255],[101.56591,3.62836],[101.56647,3.62772],[101.5687,3.62529],[101.57,3.62382],[101.57171,3.62173],[101.57231,3.62105],[101.57313,3.62029],[101.57379,3.61978],[101.57499,3.61899],[101.57647,3.61814],[101.57785,3.61721],[101.57881,3.61638],[101.58575,3.60999],[101.58682,3.60898],[101.58739,3.60832],[101.58822,3.60715],[101.58899,3.60585],[101.59,3.60403],[101.59054,3.60321],[101.59091,3.60275],[101.5917,3.60191],[101.5924,3.60133],[101.59352,3.60063],[101.59453,3.60015],[101.59544,3.59986],[101.59659,3.59963],[101.59819,3.59945]]},"properties":{"name":"KTM","kind":"KTM / rail","feature":"line"}},
{"type":"Feature","geometry":{"type":"LineString","coordinates":[[101.6219,3.08454],[101.61685,3.08398]]},"properties":{"name":"KTM","kind":"KTM / rail","feature":"line"}},
{"type":"Feature","geometry":{"type":"LineString","coordinates":[[101.79016,2.89483],[101.79153,2.89407]]},"properties":{"name":"KTM","kind":"KTM / rail","feature":"line"}},
{"type":"Feature","geometry":{"type":"LineString","coordinates":[[101.79153,2.89407],[101.79287,2.89332],[101.79358,2.89285],[101.79705,2.88982],[101.80044,2.88678],[101.80137,2.88602],[101.80247,2.8855],[101.80318,2.88533],[101.80718,2.88491],[101.80823,2.88459],[101.80875,2.88433],[101.80926,2.88398],[101.81397,2.88007],[101.81486,2.87922],[101.81533,2.87864],[101.81586,2.8778],[101.81624,2.87699],[101.81667,2.87569],[101.81904,2.86829],[101.81931,2.8673],[101.81937,2.86677],[101.81921,2.86543],[101.81914,2.86454],[101.81932,2.86354],[101.81964,2.86256],[101.82064,2.85903],[101.82201,2.85427],[101.82245,2.85261],[101.824,2.8473],[101.82454,2.84537],[101.82503,2.84379]]},"properties":{"name":"KTM","kind":"KTM / rail","feature":"line"}},
{"type":"Feature","geometry":{"type":"LineString","coordinates":[[101.60298,3.2004],[101.6031,3.20034]]},"properties":{"name":"KTM","kind":"KTM / rail","feature":"line"}},
{"type":"Feature","geometry":{"type":"LineString","coordinates":[[101.6031,3.20034],[101.60362,3.20011],[101.60459,3.19977],[101.60593,3.19954],[101.60676,3.19954],[101.60774,3.19964],[101.609,3.2],[101.60998,3.20045],[101.61089,3.20106]]},"properties":{"name":"KTM","kind":"KTM / rail","feature":"line"}},
{"type":"Feature","geometry":{"type":"LineString","coordinates":[[101.4737,3.04265],[101.47264,3.04056]]},"properties":{"name":"KTM","kind":"KTM / rail","feature":"line"}},
{"type":"Feature","geometry":{"type":"LineString","coordinates":[[101.47264,3.04056],[101.47061,3.03669],[101.46995,3.03552],[101.46957,3.03505],[101.46865,3.03427],[101.46792,3.03388],[101.46726,3.03364],[101.46613,3.03347],[101.46487,3.0336],[101.46065,3.0344],[101.45889,3.03479],[101.45792,3.03515],[101.45722,3.03553],[101.4566,3.03595],[101.45605,3.03641],[101.45536,3.03713],[101.4542,3.0387],[101.45233,3.04134],[101.45155,3.04225],[101.45078,3.0428],[101.44998,3.04316],[101.44886,3.04358],[101.44731,3.04422],[101.44681,3.04454],[101.44608,3.04515],[101.44577,3.04539],[101.4454,3.04566],[101.44472,3.04606],[101.44371,3.04647],[101.44279,3.04672],[101.44206,3.04681],[101.44123,3.04683],[101.44034,3.04675],[101.43938,3.04654],[101.43863,3.04626],[101.43771,3.04579],[101.43658,3.04493],[101.43022,3.03899],[101.42428,3.03344],[101.42155,3.03095],[101.41511,3.02492]]},"properties":{"name":"KTM","kind":"KTM / rail","feature":"line"}},
{"type":"Feature","geometry":{"type":"LineString","coordinates":[[101.4909,3.05237],[101.48224,3.05264],[101.48099,3.05267],[101.48003,3.0526],[101.47897,3.05236],[101.47829,3.05213],[101.47729,3.05161],[101.47443,3.04973],[101.4741,3.04943],[101.47375,3.04892],[101.47359,3.04846],[101.47353,3.04773],[101.47363,3.04728],[101.47419,3.04538],[101.47425,3.04473],[101.47416,3.04385],[101.47397,3.04323],[101.4737,3.04265]]},"properties":{"name":"KTM","kind":"KTM / rail","feature":"line"}},
{"type":"Feature","geometry":{"type":"LineString","coordinates":[[101.55506,3.07357],[101.55413,3.0731]]},"properties":{"name":"KTM","kind":"KTM / rail","feature":"line"}},
{"type":"Feature","geometry":{"type":"LineString","coordinates":[[101.36958,3.01454],[101.36861,3.01474],[101.3676,3.01513],[101.36641,3.01573],[101.36577,3.01617],[101.36515,3.01673],[101.36251,3.01931]]},"properties":{"name":"KTM","kind":"KTM / rail","feature":"line"}},
{"type":"Feature","geometry":{"type":"LineString","coordinates":[[101.37591,3.01566],[101.378,3.01742]]},"properties":{"name":"KTM","kind":"KTM / rail","feature":"line"}},
{"type":"Feature","geometry":{"type":"LineString","coordinates":[[101.378,3.01742],[101.37889,3.01807],[101.37959,3.01836],[101.38024,3.01847],[101.38145,3.01844],[101.38201,3.01835],[101.383,3.01809],[101.38405,3.0176],[101.38464,3.01718],[101.38516,3.01673],[101.3877,3.01402],[101.38909,3.01258],[101.39166,3.01034],[101.39275,3.0095],[101.39351,3.00924],[101.39472,3.0091],[101.39535,3.00917],[101.39608,3.00935],[101.39728,3.00984],[101.40046,3.0117]]},"properties":{"name":"KTM","kind":"KTM / rail","feature":"line"}},
{"type":"Feature","geometry":{"type":"LineString","coordinates":[[101.36238,3.02781],[101.36233,3.02688],[101.36242,3.02633],[101.36255,3.02476],[101.36254,3.02325],[101.36246,3.02216],[101.36249,3.02177],[101.36286,3.02055],[101.36322,3.01987],[101.36349,3.01953],[101.3641,3.01894],[101.36435,3.01856],[101.36459,3.01767],[101.3651,3.01689],[101.36594,3.01619],[101.36708,3.01544],[101.36822,3.01494],[101.36958,3.01454],[101.37201,3.01398],[101.37301,3.01395],[101.37372,3.01413],[101.37418,3.01433],[101.3749,3.01481],[101.37591,3.01566]]},"properties":{"name":"KTM","kind":"KTM / rail","feature":"line"}},
{"type":"Feature","geometry":{"type":"LineString","coordinates":[[101.57492,3.31637],[101.57492,3.31585]]},"properties":{"name":"KTM","kind":"KTM / rail","feature":"line"}},
{"type":"Feature","geometry":{"type":"LineString","coordinates":[[101.57492,3.31585],[101.57508,3.30327],[101.57498,3.30183],[101.57482,3.3001],[101.57485,3.29931],[101.57513,3.29735],[101.57512,3.29672],[101.575,3.2961],[101.5746,3.29449],[101.57427,3.29357],[101.57389,3.29269],[101.57263,3.29045],[101.57217,3.28979],[101.57047,3.2877],[101.57007,3.28711],[101.56907,3.28522],[101.56845,3.28424],[101.56722,3.28309],[101.56681,3.28253],[101.56524,3.27991],[101.56478,3.27925],[101.56437,3.27888],[101.56332,3.27817],[101.56254,3.27732],[101.56224,3.27678],[101.56201,3.27587],[101.56195,3.27456],[101.56184,3.27392],[101.56135,3.27288],[101.56068,3.27202],[101.56021,3.27128],[101.55999,3.27066],[101.55925,3.26715],[101.55911,3.26666],[101.55864,3.26545],[101.55795,3.26425]]},"properties":{"name":"KTM","kind":"KTM / rail","feature":"line"}},
{"type":"Feature","geometry":{"type":"LineString","coordinates":[[101.62907,3.2086],[101.62965,3.2085],[101.62976,3.20849]]},"properties":{"name":"KTM","kind":"KTM / rail","feature":"line"}},
{"type":"Feature","geometry":{"type":"LineString","coordinates":[[101.69361,2.7901],[101.6936,2.78958]]},"properties":{"name":"ERL","kind":"KTM / rail","feature":"line"}},
{"type":"Feature","geometry":{"type":"LineString","coordinates":[[101.69373,2.78709],[101.69384,2.78625],[101.69409,2.78515],[101.69461,2.78346],[101.69502,2.7825],[101.69556,2.78141],[101.69632,2.78016],[101.69762,2.77826],[101.69986,2.77492],[101.70296,2.77028],[101.70608,2.76564],[101.70714,2.76401],[101.70827,2.76235],[101.70872,2.76133],[101.70886,2.7606],[101.7088,2.75933],[101.70853,2.75842],[101.70801,2.75756],[101.70769,2.75718],[101.70712,2.75665],[101.7061,2.75586],[101.70281,2.75362],[101.7019,2.75301],[101.70032,2.75194],[101.69933,2.75135],[101.6982,2.75083]]},"properties":{"name":"ERL","kind":"KTM / rail","feature":"line"}},
{"type":"Feature","geometry":{"type":"LineString","coordinates":[[101.69682,2.87747],[101.69717,2.87678],[101.69811,2.87464],[101.69959,2.87135],[101.7021,2.86587],[101.70292,2.86436],[101.7041,2.86255],[101.70519,2.86102]]},"properties":{"name":"ERL","kind":"KTM / rail","feature":"line"}},
{"type":"Feature","geometry":{"type":"LineString","coordinates":[[101.69553,2.88003],[101.696,2.87922],[101.69682,2.87747]]},"properties":{"name":"ERL","kind":"KTM / rail","feature":"line"}},
{"type":"Feature","geometry":{"type":"LineString","coordinates":[[101.60801,3.58982],[101.60835,3.58934]]},"properties":{"name":"KTM","kind":"KTM / rail","feature":"line"}},
{"type":"Feature","geometry":{"type":"LineString","coordinates":[[101.61385,3.57463],[101.6143,3.57356],[101.6147,3.57294],[101.61531,3.57221],[101.61758,3.5697],[101.61845,3.56882],[101.61902,3.56832],[101.62105,3.56683],[101.62436,3.56446],[101.62542,3.56382],[101.62795,3.56272],[101.63253,3.56084],[101.63513,3.55979],[101.63586,3.55946],[101.63646,3.55911],[101.6371,3.55861],[101.63776,3.55795],[101.63856,3.55681],[101.63899,3.55582],[101.63927,3.55468],[101.63941,3.55386]]},"properties":{"name":"KTM","kind":"KTM / rail","feature":"line"}},
{"type":"Feature","geometry":{"type":"LineString","coordinates":[[101.6786,3.2337],[101.67838,3.23352]]},"properties":{"name":"KTM","kind":"KTM / rail","feature":"line"}},
{"type":"Feature","geometry":{"type":"LineString","coordinates":[[101.31836,2.95642],[101.31691,2.95648]]},"properties":{"name":"Port Klang - West Port","kind":"KTM / rail","feature":"line"}},
{"type":"Feature","geometry":{"type":"LineString","coordinates":[[101.31691,2.95648],[101.31564,2.95653],[101.31468,2.95643],[101.31373,2.95611],[101.31288,2.95555],[101.31212,2.95466],[101.3111,2.953],[101.30759,2.94695],[101.30744,2.94623],[101.3075,2.94552],[101.30743,2.94496],[101.30678,2.94374],[101.3035,2.9381],[101.30258,2.9364]]},"properties":{"name":"Port Klang - West Port","kind":"KTM / rail","feature":"line"}},
{"type":"Feature","geometry":{"type":"LineString","coordinates":[[101.39125,2.97975],[101.38644,2.98744]]},"properties":{"name":"Port Klang - West Port","kind":"KTM / rail","feature":"line"}},
{"type":"Feature","geometry":{"type":"LineString","coordinates":[[101.35763,2.96407],[101.3567,2.96346]]},"properties":{"name":"Port Klang - West Port","kind":"KTM / rail","feature":"line"}},
{"type":"Feature","geometry":{"type":"LineString","coordinates":[[101.38644,2.98744],[101.38521,2.98937],[101.38488,2.98982],[101.38418,2.9905],[101.38376,2.99077],[101.38287,2.99116],[101.38199,2.99133],[101.381,2.99128],[101.38048,2.99113],[101.37959,2.99071],[101.37882,2.9901],[101.37789,2.98894],[101.36347,2.97049],[101.3602,2.96632],[101.35936,2.96534],[101.35878,2.96484],[101.35763,2.96407]]},"properties":{"name":"Port Klang - West Port","kind":"KTM / rail","feature":"line"}},
{"type":"Feature","geometry":{"type":"LineString","coordinates":[[101.78679,2.99062],[101.78735,2.99037]]},"properties":{"name":"KTM","kind":"KTM / rail","feature":"line"}},
{"type":"Feature","geometry":{"type":"LineString","coordinates":[[101.78689,2.94052],[101.78713,2.94026]]},"properties":{"name":"KTM","kind":"KTM / rail","feature":"line"}},
{"type":"Feature","geometry":{"type":"LineString","coordinates":[[101.79161,2.96353],[101.79254,2.96066],[101.79281,2.95939],[101.79283,2.95801],[101.79274,2.95745],[101.79241,2.95632],[101.79175,2.95491],[101.78908,2.94966],[101.78839,2.94829]]},"properties":{"name":"KTM","kind":"KTM / rail","feature":"line"}},
{"type":"Feature","geometry":{"type":"LineString","coordinates":[[101.78713,2.94026],[101.78989,2.93807],[101.79081,2.93742],[101.79332,2.93548],[101.79389,2.93489],[101.79431,2.93414],[101.7945,2.93359],[101.79459,2.93274],[101.79454,2.93217],[101.79436,2.93121],[101.79378,2.92851],[101.79373,2.92792],[101.79376,2.92744],[101.79391,2.92679],[101.79438,2.92579],[101.79544,2.92432],[101.79582,2.92343],[101.79595,2.92274],[101.79672,2.91746],[101.79683,2.91614],[101.79673,2.91536],[101.79652,2.91461],[101.79559,2.9116],[101.79472,2.90901],[101.79432,2.90825],[101.79399,2.90785],[101.79352,2.90744],[101.79274,2.90703],[101.79234,2.9069],[101.78911,2.9063],[101.78844,2.9061],[101.78749,2.90558],[101.78689,2.90503],[101.78625,2.90406],[101.78523,2.90193],[101.78477,2.90073]]},"properties":{"name":"KTM","kind":"KTM / rail","feature":"line"}},
{"type":"Feature","geometry":{"type":"LineString","coordinates":[[101.69158,2.74861],[101.69063,2.7482],[101.68988,2.74775],[101.68786,2.74636],[101.68641,2.74544],[101.68513,2.74459]]},"properties":{"name":"ERL","kind":"KTM / rail","feature":"line"}},
{"type":"Feature","geometry":{"type":"LineString","coordinates":[[101.63463,3.53665],[101.63414,3.53491],[101.63379,3.53399],[101.63307,3.53264],[101.63225,3.53146],[101.63085,3.52954],[101.63048,3.5289],[101.63013,3.52805],[101.62984,3.52697],[101.62916,3.52223],[101.62892,3.52082],[101.62878,3.51941],[101.62874,3.51843],[101.6288,3.51755],[101.62895,3.51686]]},"properties":{"name":"KTM","kind":"KTM / rail","feature":"line"}},
{"type":"Feature","geometry":{"type":"LineString","coordinates":[[101.638,3.46966],[101.6379,3.46908]]},"properties":{"name":"KTM","kind":"KTM / rail","feature":"line"}},
{"type":"Feature","geometry":{"type":"LineString","coordinates":[[101.63481,3.53729],[101.63463,3.53665]]},"properties":{"name":"KTM","kind":"KTM / rail","feature":"line"}},
{"type":"Feature","geometry":{"type":"LineString","coordinates":[[101.7113,2.7464],[101.71094,2.74617],[101.71046,2.74602],[101.71011,2.74608],[101.70983,2.74625],[101.70959,2.74652],[101.7089,2.74752]]},"properties":{"name":"APM","kind":"Monorail","feature":"line"}},
{"type":"Feature","geometry":{"type":"LineString","coordinates":[[101.70797,2.74891],[101.70699,2.75034]]},"properties":{"name":"APM","kind":"Monorail","feature":"line"}},
{"type":"Feature","geometry":{"type":"LineString","coordinates":[[101.70588,2.75216],[101.70652,2.75107]]},"properties":{"name":"APM","kind":"Monorail","feature":"line"}},
{"type":"Feature","geometry":{"type":"LineString","coordinates":[[101.56054,3.24264],[101.56033,3.23944],[101.55953,3.23385],[101.55946,3.23286],[101.55951,3.23212],[101.5597,3.23103],[101.56055,3.22822],[101.56087,3.22728],[101.56143,3.22601],[101.56207,3.22488],[101.56243,3.22441],[101.56814,3.21689],[101.56903,3.21587],[101.57223,3.21245]]},"properties":{"name":"KTM","kind":"KTM / rail","feature":"line"}},
{"type":"Feature","geometry":{"type":"LineString","coordinates":[[101.61089,3.20106],[101.61125,3.20136]]},"properties":{"name":"KTM","kind":"KTM / rail","feature":"line"}},
{"type":"Feature","geometry":{"type":"LineString","coordinates":[[101.61125,3.20136],[101.61154,3.20162],[101.6153,3.20548],[101.61632,3.20654]]},"properties":{"name":"KTM","kind":"KTM / rail","feature":"line"}},
{"type":"Feature","geometry":{"type":"LineString","coordinates":[[101.69544,2.79656],[101.69498,2.79564]]},"properties":{"name":"ERL","kind":"KTM / rail","feature":"line"}},
{"type":"Feature","geometry":{"type":"LineString","coordinates":[[101.69498,2.79564],[101.69455,2.79458],[101.6942,2.79352],[101.69389,2.79213],[101.69361,2.7901]]},"properties":{"name":"ERL","kind":"KTM / rail","feature":"line"}},
{"type":"Feature","geometry":{"type":"LineString","coordinates":[[101.5721,3.00756],[101.57214,3.00469],[101.57232,3.00386],[101.57274,3.00262],[101.57288,3.00188],[101.57293,2.9994],[101.57302,2.99811],[101.57319,2.99764],[101.57366,2.99719],[101.57493,2.99652]]},"properties":{"name":"Laluan Kelana Jaya","kind":"LRT","feature":"line"}},
{"type":"Feature","geometry":{"type":"LineString","coordinates":[[101.57208,3.00786],[101.57206,3.01096],[101.57194,3.01187],[101.57168,3.01312],[101.5717,3.01422]]},"properties":{"name":"Laluan Kelana Jaya","kind":"LRT","feature":"line"}},
{"type":"Feature","geometry":{"type":"LineString","coordinates":[[101.57173,3.01421],[101.57169,3.01347],[101.57178,3.01283],[101.57199,3.01187]]},"properties":{"name":"Laluan Kelana Jaya","kind":"LRT","feature":"line"}},
{"type":"Feature","geometry":{"type":"LineString","coordinates":[[101.57199,3.01187],[101.57218,3.01071],[101.57216,3.00827],[101.5721,3.00756]]},"properties":{"name":"Laluan Kelana Jaya","kind":"LRT","feature":"line"}},
{"type":"Feature","geometry":{"type":"LineString","coordinates":[[101.59206,3.05566],[101.59206,3.0532],[101.59202,3.05067],[101.5918,3.04974],[101.59116,3.04885],[101.59043,3.04807],[101.58866,3.04605],[101.5884,3.04565],[101.58815,3.04469],[101.58813,3.03978],[101.58815,3.03354],[101.58805,3.03268],[101.58787,3.03224],[101.5875,3.03173],[101.58706,3.03137],[101.58635,3.03108],[101.58535,3.03087],[101.58358,3.03072],[101.58258,3.03029],[101.58088,3.02899],[101.58022,3.02879],[101.5798,3.0289],[101.5784,3.02993],[101.57743,3.03027],[101.57535,3.03049],[101.57345,3.03028],[101.57293,3.03012],[101.57263,3.0299],[101.5722,3.02928],[101.57212,3.02878],[101.57206,3.02541]]},"properties":{"name":"Laluan Kelana Jaya","kind":"LRT","feature":"line"}},
{"type":"Feature","geometry":{"type":"LineString","coordinates":[[101.57206,3.02541],[101.5721,3.02228],[101.57202,3.02125]]},"properties":{"name":"Laluan Kelana Jaya","kind":"LRT","feature":"line"}},
{"type":"Feature","geometry":{"type":"LineString","coordinates":[[101.58614,3.06878],[101.58621,3.06808],[101.58623,3.06623],[101.58615,3.06491],[101.58616,3.06399],[101.58634,3.06344],[101.58678,3.06302],[101.58709,3.06291],[101.59095,3.06279],[101.592,3.06283],[101.59235,3.0628],[101.5926,3.06269],[101.59301,3.06236],[101.59319,3.06197],[101.59315,3.06132],[101.59222,3.0587],[101.59207,3.05794],[101.59204,3.05734],[101.59206,3.05566]]},"properties":{"name":"Laluan Kelana Jaya","kind":"LRT","feature":"line"}},
{"type":"Feature","geometry":{"type":"LineString","coordinates":[[101.58563,3.08466],[101.58448,3.08405],[101.58379,3.08356],[101.58363,3.08324],[101.58359,3.08305],[101.58356,3.08276],[101.58371,3.08223],[101.58481,3.08013],[101.58589,3.07837]]},"properties":{"name":"Laluan Kelana Jaya","kind":"LRT","feature":"line"}},
{"type":"Feature","geometry":{"type":"LineString","coordinates":[[101.58589,3.07837],[101.58609,3.07799],[101.58622,3.07719],[101.5862,3.07492],[101.58615,3.07422],[101.58612,3.0695],[101.58614,3.06878]]},"properties":{"name":"Laluan Kelana Jaya","kind":"LRT","feature":"line"}},
{"type":"Feature","geometry":{"type":"LineString","coordinates":[[101.58599,3.10595],[101.5859,3.10667],[101.58693,3.10929]]},"properties":{"name":"Laluan Kelana Jaya","kind":"LRT","feature":"line"}},
{"type":"Feature","geometry":{"type":"LineString","coordinates":[[101.5917,3.11173],[101.5923,3.11133],[101.59278,3.11118],[101.5942,3.11101],[101.59509,3.11111],[101.59569,3.11138],[101.59681,3.11206],[101.59793,3.11239],[101.59943,3.1133],[101.5999,3.11345],[101.6003,3.11343],[101.60261,3.11293]]},"properties":{"name":"Laluan Kelana Jaya","kind":"LRT","feature":"line"}},
{"type":"Feature","geometry":{"type":"LineString","coordinates":[[101.62904,3.51658],[101.62928,3.51591],[101.62986,3.51488],[101.63048,3.51412],[101.63159,3.51284],[101.63216,3.51191],[101.63247,3.51121],[101.63276,3.51004]]},"properties":{"name":"KTM","kind":"KTM / rail","feature":"line"}},
{"type":"Feature","geometry":{"type":"LineString","coordinates":[[101.62895,3.51686],[101.62904,3.51658]]},"properties":{"name":"KTM","kind":"KTM / rail","feature":"line"}},
{"type":"Feature","geometry":{"type":"LineString","coordinates":[[101.78846,2.98988],[101.78929,2.98934],[101.78983,2.98875],[101.79019,2.98815],[101.79044,2.9875],[101.79058,2.98666],[101.79053,2.98534],[101.79051,2.98351]]},"properties":{"name":"KTM","kind":"KTM / rail","feature":"line"}},
{"type":"Feature","geometry":{"type":"LineString","coordinates":[[101.79155,2.9637],[101.79161,2.96353]]},"properties":{"name":"KTM","kind":"KTM / rail","feature":"line"}},
{"type":"Feature","geometry":{"type":"LineString","coordinates":[[101.76231,2.99069],[101.76248,2.99072]]},"properties":{"name":"KTM","kind":"KTM / rail","feature":"line"}},
{"type":"Feature","geometry":{"type":"LineString","coordinates":[[101.76248,2.99072],[101.76325,2.9909],[101.76398,2.99115],[101.76488,2.99158],[101.76599,2.99237],[101.76799,2.99414],[101.76922,2.99499],[101.77037,2.9955],[101.77168,2.99585],[101.77283,2.99594],[101.77364,2.99589],[101.77462,2.9957],[101.77524,2.99552],[101.78376,2.99191],[101.78529,2.99126],[101.78679,2.99062]]},"properties":{"name":"KTM","kind":"KTM / rail","feature":"line"}},
{"type":"Feature","geometry":{"type":"LineString","coordinates":[[101.39747,2.9893],[101.39807,2.98811],[101.39824,2.98753],[101.39827,2.98641],[101.39777,2.98162],[101.39763,2.98087],[101.39742,2.9803],[101.39713,2.9798],[101.39641,2.97902],[101.39588,2.97868],[101.3953,2.97842],[101.39448,2.97825],[101.39389,2.97825],[101.39288,2.97848],[101.39237,2.97874],[101.3917,2.97923],[101.39125,2.97975]]},"properties":{"name":"Pelabuhan Klang - West Port","kind":"KTM / rail","feature":"line"}},
{"type":"Feature","geometry":{"type":"LineString","coordinates":[[101.39677,2.9906],[101.39747,2.9893]]},"properties":{"name":"Pelabuhan Klang - West Port","kind":"KTM / rail","feature":"line"}},
{"type":"Feature","geometry":{"type":"LineString","coordinates":[[101.41511,3.02492],[101.4148,3.02464]]},"properties":{"name":"KTM","kind":"KTM / rail","feature":"line"}},
{"type":"Feature","geometry":{"type":"LineString","coordinates":[[101.4148,3.02464],[101.41238,3.02238],[101.40741,3.01774],[101.40397,3.01458],[101.40085,3.01165],[101.39988,3.01069],[101.39904,3.00992],[101.39545,3.00656],[101.39431,3.00548],[101.392,3.00335],[101.39124,3.00249],[101.39089,3.00179],[101.39078,3.00103]]},"properties":{"name":"KTM","kind":"KTM / rail","feature":"line"}},
{"type":"Feature","geometry":{"type":"LineString","coordinates":[[101.6061,3.3685],[101.60506,3.36804],[101.6027,3.36723],[101.59484,3.36468],[101.59373,3.36433],[101.59244,3.36403],[101.59151,3.36389],[101.58481,3.36277]]},"properties":{"name":"KTM","kind":"KTM / rail","feature":"line"}},
{"type":"Feature","geometry":{"type":"LineString","coordinates":[[101.6065,3.36873],[101.6061,3.3685]]},"properties":{"name":"KTM","kind":"KTM / rail","feature":"line"}},
{"type":"Feature","geometry":{"type":"LineString","coordinates":[[101.78839,2.94829],[101.78822,2.94793]]},"properties":{"name":"KTM","kind":"KTM / rail","feature":"line"}},
{"type":"Feature","geometry":{"type":"LineString","coordinates":[[101.78822,2.94793],[101.78638,2.94434],[101.78613,2.94361],[101.78606,2.94309],[101.78605,2.94261],[101.78617,2.94187],[101.78633,2.94144],[101.78664,2.94085],[101.78689,2.94052]]},"properties":{"name":"KTM","kind":"KTM / rail","feature":"line"}},
{"type":"Feature","geometry":{"type":"LineString","coordinates":[[101.52317,3.68024],[101.52394,3.67951]]},"properties":{"name":"KTM","kind":"KTM / rail","feature":"line"}},
{"type":"Feature","geometry":{"type":"LineString","coordinates":[[101.52394,3.67951],[101.52586,3.67771],[101.52673,3.6768],[101.52756,3.67577],[101.52843,3.67453]]},"properties":{"name":"KTM","kind":"KTM / rail","feature":"line"}},
{"type":"Feature","geometry":{"type":"LineString","coordinates":[[101.72554,3.11962],[101.72492,3.11866],[101.72474,3.11825],[101.72465,3.11773],[101.72479,3.11702],[101.72507,3.11651],[101.72549,3.11615],[101.72699,3.11534],[101.72815,3.11465],[101.72871,3.11417],[101.72906,3.11356],[101.73144,3.10577],[101.73175,3.10516],[101.73318,3.10313],[101.73538,3.10078],[101.73776,3.09808],[101.73815,3.0975],[101.7384,3.09694],[101.73889,3.09537],[101.73952,3.09385],[101.73988,3.09284],[101.74091,3.08963],[101.74142,3.08794],[101.74172,3.08665],[101.74205,3.08541],[101.74212,3.08493],[101.74222,3.08185],[101.74232,3.08141],[101.74267,3.08072],[101.74327,3.07996],[101.74373,3.07956],[101.74442,3.07932],[101.74616,3.07907],[101.74755,3.07898],[101.74947,3.07866],[101.75022,3.07846],[101.75603,3.07641],[101.75725,3.07608],[101.75991,3.07561],[101.76073,3.07527],[101.76109,3.07495],[101.76142,3.07447],[101.76196,3.07341],[101.76245,3.07267],[101.76355,3.07166],[101.7657,3.06988],[101.76681,3.06889],[101.76827,3.06765],[101.76934,3.06678],[101.76987,3.06605],[101.7711,3.06449],[101.77299,3.06219],[101.77364,3.06132],[101.77391,3.06078],[101.77419,3.05996],[101.77436,3.05838],[101.77403,3.05688],[101.77396,3.05637],[101.77394,3.053],[101.77401,3.0525],[101.77429,3.05172],[101.77491,3.05047],[101.77509,3.04945],[101.77502,3.0475],[101.77508,3.0459],[101.7749,3.04488],[101.77461,3.04419],[101.7739,3.04287],[101.77285,3.03968],[101.77259,3.03914],[101.77185,3.03804],[101.77139,3.03699],[101.77094,3.0357],[101.77066,3.03508],[101.7696,3.03347],[101.76933,3.03294],[101.76919,3.03232],[101.76917,3.03187],[101.7693,3.03109],[101.7695,3.03064],[101.77008,3.02968],[101.77026,3.02917],[101.77059,3.02787],[101.77141,3.02575],[101.77197,3.02445],[101.77246,3.02298],[101.77327,3.02075],[101.77344,3.02002],[101.77358,3.01857],[101.77384,3.01628],[101.77407,3.01537],[101.77425,3.01492],[101.77625,3.01051],[101.77753,3.0081],[101.77788,3.0072],[101.77823,3.00608],[101.77876,3.00509],[101.77944,3.00452],[101.78013,3.0042],[101.78135,3.00391],[101.78165,3.00379],[101.78236,3.00316],[101.78333,3.00176],[101.78547,2.9992],[101.78626,2.99833],[101.78671,2.99752],[101.78684,2.99684],[101.78685,2.99635],[101.78671,2.99564],[101.78643,2.99476],[101.78608,2.99335],[101.78597,2.99258],[101.78596,2.99219],[101.78605,2.99169],[101.78635,2.99105],[101.78647,2.9909],[101.78665,2.99072],[101.78684,2.99056],[101.78701,2.99044],[101.78723,2.9903],[101.7884,2.98985],[101.78897,2.98948],[101.78939,2.98909],[101.78975,2.98864],[101.79017,2.98782],[101.7903,2.98739],[101.79045,2.98626],[101.79046,2.98556],[101.79038,2.98245]]},"properties":{"name":"Laluan Kajang","kind":"MRT","feature":"line"}},
{"type":"Feature","geometry":{"type":"LineString","coordinates":[[101.67909,3.23406],[101.6786,3.2337]]},"properties":{"name":"KTM","kind":"KTM / rail","feature":"line"}},
{"type":"Feature","geometry":{"type":"LineString","coordinates":[[101.68013,3.2349],[101.67909,3.23406]]},"properties":{"name":"KTM","kind":"KTM / rail","feature":"line"}},
{"type":"Feature","geometry":{"type":"LineString","coordinates":[[101.69457,2.74937],[101.69589,2.74975],[101.69702,2.75024],[101.69934,2.75132],[101.70036,2.75191],[101.70234,2.75325],[101.70242,2.7533],[101.70351,2.75385],[101.70618,2.75568],[101.70733,2.7566],[101.70785,2.75714],[101.70815,2.75756],[101.70858,2.7584],[101.70886,2.75932],[101.70892,2.76061],[101.70877,2.76135],[101.70832,2.76239],[101.70719,2.76404],[101.70613,2.76568],[101.70301,2.77031],[101.69991,2.77495],[101.69767,2.7783],[101.69637,2.78019],[101.69561,2.78144],[101.69507,2.78252],[101.69467,2.78348],[101.69415,2.78516],[101.6939,2.78626],[101.69379,2.78709]]},"properties":{"name":"ERL","kind":"KTM / rail","feature":"line"}},
{"type":"Feature","geometry":{"type":"LineString","coordinates":[[101.64237,3.12945],[101.64167,3.12987],[101.64095,3.13017],[101.64018,3.13042],[101.6391,3.13094],[101.63803,3.1315],[101.637,3.13214],[101.63629,3.1325],[101.6345,3.1331],[101.63401,3.1333],[101.63326,3.13382],[101.63185,3.13507],[101.63078,3.13606],[101.62919,3.13744],[101.6284,3.138],[101.62804,3.13835],[101.62638,3.14088],[101.62571,3.14145],[101.62515,3.14167],[101.62411,3.14183],[101.62333,3.14215],[101.62289,3.14249],[101.62147,3.14377],[101.62045,3.14425],[101.62011,3.14449],[101.61975,3.1449],[101.61874,3.1467],[101.61548,3.1522],[101.61452,3.15387],[101.61382,3.15467],[101.61304,3.1551],[101.61227,3.15523],[101.60874,3.15519],[101.60575,3.15517],[101.60515,3.15512],[101.60464,3.15498],[101.6039,3.15458],[101.60329,3.15394],[101.60208,3.15184],[101.60158,3.1512],[101.60024,3.14993],[101.59987,3.14966],[101.59924,3.14939],[101.59875,3.14931],[101.59756,3.14932],[101.59601,3.14954],[101.58294,3.15006],[101.57869,3.15018],[101.57768,3.15025],[101.57686,3.1505],[101.57638,3.15077],[101.57597,3.15113],[101.57567,3.15151],[101.57324,3.15518],[101.57286,3.15598],[101.57252,3.157],[101.57233,3.15742],[101.57195,3.15794],[101.57154,3.15828],[101.56983,3.15951],[101.56939,3.15989],[101.56447,3.16537],[101.56414,3.16582],[101.56392,3.16626],[101.56376,3.16691],[101.56374,3.16733],[101.56386,3.16809],[101.56411,3.16865],[101.56701,3.17362]]},"properties":{"name":"Laluan Kajang","kind":"MRT","feature":"line"}},
{"type":"Feature","geometry":{"type":"LineString","coordinates":[[101.72448,3.23073],[101.72435,3.22944]]},"properties":{"name":"LRT","kind":"LRT","feature":"line"}},
{"type":"Feature","geometry":{"type":"LineString","coordinates":[[101.63946,3.10456],[101.63879,3.10444],[101.63714,3.10422],[101.6361,3.10412]]},"properties":{"name":"Laluan Kelana Jaya","kind":"LRT","feature":"line"}},
{"type":"Feature","geometry":{"type":"LineString","coordinates":[[101.60638,3.11199],[101.60335,3.11264],[101.60259,3.11289]]},"properties":{"name":"Laluan Kelana Jaya","kind":"LRT","feature":"line"}},
{"type":"Feature","geometry":{"type":"LineString","coordinates":[[101.58996,3.09718],[101.59023,3.09661],[101.59091,3.09485],[101.59111,3.09366],[101.59105,3.09302]]},"properties":{"name":"Laluan Kelana Jaya","kind":"LRT","feature":"line"}},
{"type":"Feature","geometry":{"type":"LineString","coordinates":[[101.58911,3.08475],[101.58631,3.08488],[101.58563,3.08466]]},"properties":{"name":"Laluan Kelana Jaya","kind":"LRT","feature":"line"}},
{"type":"Feature","geometry":{"type":"LineString","coordinates":[[101.58924,3.08463],[101.58733,3.08479],[101.5864,3.08471],[101.5857,3.08448],[101.58519,3.08422],[101.58435,3.0837]]},"properties":{"name":"KTM","kind":"KTM / rail","feature":"line"}},
{"type":"Feature","geometry":{"type":"LineString","coordinates":[[101.57697,3.08153],[101.57426,3.08118],[101.5735,3.08096],[101.5731,3.08071],[101.57281,3.08044],[101.57236,3.07991],[101.57207,3.07933],[101.57159,3.07812],[101.57119,3.07746],[101.57054,3.07679],[101.5701,3.07651],[101.5695,3.07626]]},"properties":{"name":"KTM","kind":"KTM / rail","feature":"line"}},
{"type":"Feature","geometry":{"type":"LineString","coordinates":[[101.45833,2.97759],[101.45768,2.97848],[101.45194,2.98476],[101.45126,2.98544],[101.44938,2.98761],[101.44869,2.98832],[101.44763,2.99005],[101.44714,2.99113],[101.44633,2.99231],[101.44588,2.99324],[101.44439,2.99691],[101.44292,3.0003],[101.44243,3.00157],[101.44205,3.00301],[101.44182,3.00441],[101.44184,3.00638],[101.44177,3.00706],[101.44159,3.00736],[101.44051,3.00882],[101.44021,3.00934],[101.44002,3.00987],[101.43993,3.01044],[101.43978,3.01257],[101.4399,3.0139],[101.44006,3.01437],[101.4404,3.01501],[101.44085,3.0165],[101.44269,3.02303],[101.44282,3.02423],[101.44275,3.02499],[101.44211,3.0278],[101.44202,3.02835],[101.44183,3.0318],[101.4416,3.03295],[101.4416,3.0333],[101.44181,3.0339],[101.4426,3.03508],[101.44347,3.03651],[101.44359,3.0372],[101.44351,3.03758],[101.44304,3.03871],[101.44282,3.03952],[101.44272,3.04059],[101.44274,3.04213],[101.44283,3.04268],[101.44318,3.04333],[101.44357,3.04368],[101.44461,3.04409],[101.44516,3.04444],[101.44547,3.04481],[101.44707,3.04687],[101.44846,3.04869],[101.44955,3.04982],[101.44981,3.05037],[101.45057,3.05338],[101.45184,3.05828],[101.45255,3.06122],[101.45256,3.06214],[101.45146,3.06618],[101.45108,3.06701],[101.45057,3.06883],[101.45055,3.06919],[101.45071,3.06972],[101.45095,3.07003],[101.45141,3.07032],[101.4521,3.07052],[101.45249,3.07052],[101.45297,3.07036],[101.45326,3.07014],[101.45355,3.06967],[101.45379,3.06886],[101.45399,3.06851],[101.45442,3.06812],[101.45633,3.06703],[101.45711,3.06678],[101.45964,3.06644],[101.46033,3.06612],[101.46175,3.0646],[101.4623,3.0641],[101.46362,3.06309],[101.46432,3.06281],[101.4652,3.06274],[101.46697,3.06276],[101.46777,3.06271],[101.47058,3.0624],[101.47128,3.06261],[101.47199,3.06312],[101.47504,3.06544],[101.47738,3.06726],[101.47955,3.06887],[101.48013,3.06908],[101.48055,3.06906],[101.48106,3.06887],[101.48134,3.06866],[101.48201,3.0678],[101.4825,3.06748],[101.48298,3.0674],[101.4901,3.06754],[101.49061,3.06749],[101.491,3.06731],[101.49123,3.06711],[101.49156,3.06652],[101.49158,3.0657],[101.49183,3.06485],[101.49227,3.0643],[101.49308,3.06388],[101.49486,3.06352],[101.49811,3.0629],[101.49862,3.06285],[101.50074,3.06286],[101.50402,3.06272],[101.50472,3.06278],[101.50776,3.06319],[101.50839,3.06331],[101.51496,3.06521],[101.51588,3.06565],[101.5175,3.06697],[101.51783,3.06757],[101.51804,3.06838],[101.51817,3.06867],[101.5185,3.06912],[101.51946,3.06969],[101.52008,3.06989],[101.52246,3.06996],[101.52313,3.06984],[101.52474,3.0692],[101.52635,3.06835],[101.5271,3.06816],[101.52813,3.06822]]},"properties":{"name":"LRT 3","kind":"LRT","feature":"line"}},
{"type":"Feature","geometry":{"type":"LineString","coordinates":[[101.72437,3.23178],[101.72437,3.23171]]},"properties":{"name":"Laluan Kelana Jaya","kind":"LRT","feature":"line"}},
{"type":"Feature","geometry":{"type":"LineString","coordinates":[[101.72592,3.16434],[101.72729,3.16464],[101.72868,3.1649],[101.73108,3.16512],[101.73305,3.16501],[101.73435,3.16488],[101.73478,3.16497],[101.73513,3.16525],[101.7353,3.16566],[101.73527,3.16732],[101.73529,3.16862],[101.73519,3.17103],[101.73516,3.17284]]},"properties":{"name":"Laluan Kelana Jaya","kind":"LRT","feature":"line"}},
{"type":"Feature","geometry":{"type":"LineString","coordinates":[[101.73816,3.18021],[101.73784,3.17956],[101.73639,3.17683],[101.73595,3.17573],[101.73542,3.17427],[101.73528,3.17366],[101.7352,3.17284]]},"properties":{"name":"Laluan Kelana Jaya","kind":"LRT","feature":"line"}},
{"type":"Feature","geometry":{"type":"LineString","coordinates":[[101.73516,3.17284],[101.73522,3.1737],[101.73548,3.17476],[101.73621,3.17672],[101.73675,3.17765],[101.73811,3.18024]]},"properties":{"name":"Laluan Kelana Jaya","kind":"LRT","feature":"line"}},
{"type":"Feature","geometry":{"type":"LineString","coordinates":[[101.65807,3.11076],[101.65738,3.10906],[101.65702,3.10836],[101.65648,3.10775],[101.65615,3.1075],[101.65441,3.10636],[101.65352,3.10581],[101.65111,3.10442],[101.65015,3.10383],[101.64936,3.10366],[101.64807,3.10383],[101.64616,3.1039],[101.64463,3.10415],[101.64176,3.10471],[101.64113,3.10477],[101.63946,3.10456]]},"properties":{"name":"Laluan Kelana Jaya","kind":"LRT","feature":"line"}},
{"type":"Feature","geometry":{"type":"LineString","coordinates":[[101.58603,3.10596],[101.58635,3.10509],[101.58812,3.10055],[101.58856,3.09985],[101.58917,3.09903],[101.58929,3.0988],[101.58953,3.0982],[101.58984,3.09744],[101.58996,3.09718]]},"properties":{"name":"Laluan Kelana Jaya","kind":"LRT","feature":"line"}},
{"type":"Feature","geometry":{"type":"LineString","coordinates":[[101.58708,3.10924],[101.58604,3.10671],[101.58603,3.10596]]},"properties":{"name":"Laluan Kelana Jaya","kind":"LRT","feature":"line"}},
{"type":"Feature","geometry":{"type":"LineString","coordinates":[[101.58765,3.11079],[101.58708,3.10924]]},"properties":{"name":"Laluan Kelana Jaya","kind":"LRT","feature":"line"}},
{"type":"Feature","geometry":{"type":"LineString","coordinates":[[101.62769,3.20599],[101.62809,3.2069],[101.62826,3.2072],[101.62853,3.20767],[101.62914,3.20872],[101.62944,3.2096],[101.6296,3.21084],[101.62979,3.21133],[101.63015,3.21182],[101.6306,3.21219],[101.63269,3.21327],[101.63311,3.21345],[101.63384,3.21361],[101.63566,3.21378],[101.638,3.21421],[101.63931,3.21449],[101.64112,3.21468],[101.64207,3.21461],[101.64267,3.21441],[101.6454,3.21331],[101.64601,3.21301],[101.64878,3.21142],[101.65128,3.20977],[101.65208,3.20943],[101.65308,3.20933],[101.6554,3.20958],[101.65712,3.20969],[101.6582,3.2095],[101.65893,3.20918],[101.66078,3.2082],[101.66151,3.2079],[101.66208,3.2078],[101.66395,3.20785],[101.66469,3.20769],[101.66707,3.20655],[101.66777,3.20629],[101.66866,3.20623],[101.66948,3.20646],[101.67158,3.20737],[101.67237,3.20757],[101.67325,3.20753],[101.67394,3.20727],[101.67466,3.20668],[101.67574,3.20541],[101.67607,3.20488],[101.67624,3.20437],[101.67642,3.20249],[101.67659,3.20195],[101.67813,3.19937],[101.67891,3.19801]]},"properties":{"name":"Laluan Putrajaya","kind":"MRT","feature":"line"}},
{"type":"Feature","geometry":{"type":"LineString","coordinates":[[101.74494,3.13377],[101.74582,3.13428]]},"properties":{"name":"Ampang Line","kind":"LRT","feature":"line"}},
{"type":"Feature","geometry":{"type":"LineString","coordinates":[[101.73683,3.12898],[101.73898,3.13027],[101.74494,3.13377]]},"properties":{"name":"Ampang Line","kind":"LRT","feature":"line"}},
{"type":"Feature","geometry":{"type":"LineString","coordinates":[[101.39166,2.99905],[101.39216,2.99848],[101.39296,2.99788],[101.39323,2.99753],[101.39407,2.99607],[101.39449,2.99496],[101.39492,2.99363],[101.39632,2.99142]]},"properties":{"name":"Pelabuhan Klang - West Port","kind":"KTM / rail","feature":"line"}},
{"type":"Feature","geometry":{"type":"LineString","coordinates":[[101.68124,3.23703],[101.68121,3.23635],[101.68107,3.23593],[101.68074,3.23546],[101.68013,3.2349]]},"properties":{"name":"KTM","kind":"KTM / rail","feature":"line"}},
{"type":"Feature","geometry":{"type":"LineString","coordinates":[[101.63809,3.47014],[101.638,3.46966]]},"properties":{"name":"KTM","kind":"KTM / rail","feature":"line"}},
{"type":"Feature","geometry":{"type":"LineString","coordinates":[[101.63433,3.49961],[101.6354,3.49254],[101.63588,3.49097],[101.63628,3.48999],[101.63859,3.48561],[101.63913,3.48422],[101.63941,3.48331],[101.63962,3.48224],[101.63973,3.48087],[101.63965,3.47925],[101.639,3.47527],[101.63809,3.47014]]},"properties":{"name":"KTM","kind":"KTM / rail","feature":"line"}},
{"type":"Feature","geometry":{"type":"LineString","coordinates":[[101.78735,2.99037],[101.78815,2.99003]]},"properties":{"name":"KTM","kind":"KTM / rail","feature":"line"}},
{"type":"Feature","geometry":{"type":"LineString","coordinates":[[101.78815,2.99003],[101.78846,2.98988]]},"properties":{"name":"KTM","kind":"KTM / rail","feature":"line"}},
{"type":"Feature","geometry":{"type":"LineString","coordinates":[[101.71324,2.82809],[101.71262,2.83573],[101.71242,2.83813],[101.71222,2.84074],[101.71192,2.84418],[101.71178,2.84559],[101.7115,2.84767],[101.71123,2.84913],[101.71081,2.8508],[101.71023,2.85244],[101.70911,2.855],[101.70856,2.85608],[101.70784,2.85733],[101.70676,2.85892],[101.70522,2.86104]]},"properties":{"name":"ERL","kind":"KTM / rail","feature":"line"}},
{"type":"Feature","geometry":{"type":"LineString","coordinates":[[101.3567,2.96346],[101.35555,2.96274],[101.35457,2.96235],[101.35129,2.96175],[101.34989,2.96146],[101.34435,2.96042],[101.34368,2.96042],[101.34167,2.96073],[101.34004,2.96094],[101.33658,2.96155]]},"properties":{"name":"Port Klang - West Port","kind":"KTM / rail","feature":"line"}},
{"type":"Feature","geometry":{"type":"LineString","coordinates":[[101.70718,3.06044],[101.70694,3.05994],[101.70681,3.05895],[101.70668,3.05628],[101.70647,3.05319],[101.70628,3.05249],[101.70522,3.04976],[101.70504,3.04914],[101.70502,3.04861],[101.70517,3.04689],[101.70526,3.04449],[101.70525,3.04325],[101.70475,3.04008],[101.70475,3.03957],[101.70495,3.03841],[101.7053,3.03715],[101.7055,3.0362],[101.70582,3.03281],[101.70595,3.03174],[101.70617,3.03095],[101.70653,3.03005],[101.70757,3.02852],[101.70846,3.02734],[101.70879,3.02676],[101.70892,3.02632],[101.70895,3.02577],[101.70883,3.02413],[101.70889,3.02282],[101.70907,3.02076],[101.7092,3.01982],[101.70936,3.01949],[101.7103,3.01807]]},"properties":{"name":"Laluan Putrajaya","kind":"MRT","feature":"line"}},
{"type":"Feature","geometry":{"type":"LineString","coordinates":[[101.63862,3.45926],[101.63916,3.45755],[101.6396,3.456],[101.63978,3.45511],[101.63989,3.45404],[101.6399,3.45305],[101.63981,3.45178],[101.63966,3.4509],[101.63892,3.44685],[101.63806,3.44204],[101.63765,3.44032],[101.63735,3.43945],[101.63676,3.43813],[101.63595,3.43686],[101.62928,3.42844],[101.6269,3.42544]]},"properties":{"name":"KTM","kind":"KTM / rail","feature":"line"}},
{"type":"Feature","geometry":{"type":"LineString","coordinates":[[101.6379,3.46908],[101.63766,3.46773]]},"properties":{"name":"KTM","kind":"KTM / rail","feature":"line"}},
{"type":"Feature","geometry":{"type":"LineString","coordinates":[[101.72692,3.00595],[101.72721,3.00496]]},"properties":{"name":"ERL","kind":"KTM / rail","feature":"line"}},
{"type":"Feature","geometry":{"type":"LineString","coordinates":[[101.72721,3.00496],[101.72769,3.00336]]},"properties":{"name":"ERL","kind":"KTM / rail","feature":"line"}},
{"type":"Feature","geometry":{"type":"LineString","coordinates":[[101.71059,3.07581],[101.70995,3.07493],[101.70937,3.07385],[101.70911,3.07312],[101.70881,3.07183],[101.70818,3.06688],[101.7074,3.06058],[101.70694,3.05677],[101.70689,3.05612],[101.70676,3.05245],[101.70667,3.05086],[101.7066,3.04796],[101.70679,3.04687],[101.70703,3.04621],[101.70759,3.04508],[101.70795,3.04388],[101.7082,3.04139],[101.70872,3.03913],[101.70879,3.03825],[101.70875,3.03753],[101.70836,3.03552],[101.70834,3.03422],[101.70844,3.03356],[101.70887,3.03246],[101.70929,3.03172],[101.70973,3.03116],[101.71096,3.03017],[101.71197,3.02952],[101.7128,3.02875],[101.71316,3.0283],[101.71405,3.02667]]},"properties":{"name":"KTM","kind":"KTM / rail","feature":"line"}},
{"type":"Feature","geometry":{"type":"LineString","coordinates":[[101.68513,2.74459],[101.68358,2.7435]]},"properties":{"name":"ERL","kind":"KTM / rail","feature":"line"}},
{"type":"Feature","geometry":{"type":"LineString","coordinates":[[101.6936,2.78958],[101.69363,2.78802],[101.69373,2.78709]]},"properties":{"name":"ERL","kind":"KTM / rail","feature":"line"}},
{"type":"Feature","geometry":{"type":"LineString","coordinates":[[101.70047,2.80223],[101.6996,2.80159],[101.69885,2.80096],[101.69801,2.80016],[101.69683,2.7988],[101.69598,2.79754],[101.69544,2.79656]]},"properties":{"name":"ERL","kind":"KTM / rail","feature":"line"}},
{"type":"Feature","geometry":{"type":"LineString","coordinates":[[101.614,3.37558],[101.6086,3.3702],[101.60706,3.36904],[101.6065,3.36873]]},"properties":{"name":"KTM","kind":"KTM / rail","feature":"line"}},
{"type":"Feature","geometry":{"type":"LineString","coordinates":[[101.61493,3.37652],[101.614,3.37558]]},"properties":{"name":"KTM","kind":"KTM / rail","feature":"line"}},
{"type":"Feature","geometry":{"type":"LineString","coordinates":[[101.62932,3.08489],[101.62802,3.08502],[101.62668,3.08501],[101.62509,3.08484]]},"properties":{"name":"KTM","kind":"KTM / rail","feature":"line"}},
{"type":"Feature","geometry":{"type":"LineString","coordinates":[[101.59168,3.1117],[101.59093,3.1122]]},"properties":{"name":"Laluan Kelana Jaya","kind":"LRT","feature":"line"}},
{"type":"Feature","geometry":{"type":"LineString","coordinates":[[101.59093,3.1122],[101.59045,3.11253],[101.58991,3.11269],[101.58907,3.1126],[101.58863,3.11239],[101.58808,3.11177],[101.58765,3.11079]]},"properties":{"name":"Laluan Kelana Jaya","kind":"LRT","feature":"line"}},
{"type":"Feature","geometry":{"type":"LineString","coordinates":[[101.67867,3.19833],[101.67717,3.20092],[101.67659,3.20186],[101.67633,3.20276],[101.67627,3.20369],[101.67617,3.20427],[101.67596,3.2048],[101.67567,3.20524],[101.67442,3.20671],[101.67393,3.20709],[101.67318,3.20741],[101.67218,3.20747],[101.67158,3.20732],[101.66906,3.20624],[101.66826,3.20612],[101.66735,3.20628],[101.66641,3.20671],[101.66472,3.20753],[101.6639,3.20779],[101.66332,3.20781],[101.66209,3.20776],[101.6617,3.20781],[101.66077,3.20815],[101.65889,3.20914],[101.65791,3.20949],[101.65729,3.20955],[101.65649,3.20952],[101.65367,3.20932],[101.65259,3.2093],[101.65155,3.20957],[101.65015,3.21046],[101.64593,3.21288],[101.64533,3.21318],[101.64261,3.21428],[101.64177,3.21452],[101.64121,3.21453],[101.63879,3.21428],[101.63567,3.21375],[101.63379,3.21356],[101.63312,3.21341],[101.6327,3.21322],[101.63062,3.21214],[101.63019,3.21178],[101.62977,3.21117],[101.62959,3.21062],[101.62947,3.20942],[101.62939,3.20902],[101.62925,3.20863],[101.62917,3.20846],[101.62909,3.20829],[101.62805,3.20653],[101.62776,3.20595]]},"properties":{"name":"Laluan Putrajaya","kind":"MRT","feature":"line"}},
{"type":"Feature","geometry":{"type":"LineString","coordinates":[[101.68295,3.06103],[101.68254,3.06106],[101.68186,3.06123],[101.67693,3.06295],[101.67659,3.06305],[101.67579,3.06313],[101.67535,3.06308],[101.67262,3.06253],[101.67148,3.06219],[101.66996,3.06187],[101.66884,3.06187],[101.66153,3.06192],[101.66081,3.06181],[101.66015,3.06147],[101.65976,3.06106],[101.6595,3.06056],[101.65939,3.06016],[101.65938,3.05877],[101.65941,3.05703],[101.65935,3.05652],[101.65898,3.05584],[101.65842,3.05548],[101.65299,3.05309],[101.65027,3.05162],[101.64965,3.05141],[101.64919,3.05135],[101.6464,3.05114],[101.6459,3.05106],[101.64512,3.05082],[101.64233,3.04959],[101.64177,3.04944],[101.64139,3.04941],[101.63268,3.04952],[101.62844,3.04972],[101.62612,3.05007],[101.62531,3.05038],[101.62425,3.05105],[101.62391,3.0512],[101.62325,3.05119],[101.6226,3.05073],[101.62192,3.0497],[101.62061,3.0472],[101.61914,3.04448],[101.61875,3.04368],[101.61812,3.0417],[101.61789,3.03997],[101.61728,3.03772],[101.6166,3.03445],[101.61639,3.03386],[101.61558,3.03211],[101.61492,3.03058],[101.61478,3.02959],[101.61478,3.0286],[101.61473,3.02802],[101.61426,3.02587],[101.6139,3.02397],[101.61318,3.02139],[101.61308,3.02083],[101.61309,3.02032],[101.61324,3.01877],[101.61321,3.01813],[101.61266,3.01511],[101.61268,3.01407],[101.61289,3.0131],[101.61293,3.0125],[101.61284,3.01211],[101.61193,3.01046],[101.61154,3.0101],[101.61122,3.00995],[101.61069,3.00989],[101.60939,3.00988],[101.60866,3.00968],[101.6082,3.00931],[101.60723,3.00833],[101.60688,3.00805],[101.60632,3.00784],[101.60592,3.00781],[101.601,3.0078],[101.59943,3.00792],[101.59888,3.00788],[101.59843,3.00764],[101.59818,3.00736],[101.59802,3.00692],[101.59802,3.00638],[101.59828,3.0046],[101.5983,3.00416],[101.59812,3.00331],[101.59505,2.99524],[101.59494,2.99498],[101.59457,2.99457],[101.59389,2.99435],[101.59339,2.99442],[101.59154,2.99482],[101.59065,2.99494],[101.58473,2.99522],[101.58371,2.99513],[101.58294,2.99487],[101.58136,2.9939],[101.58098,2.99375],[101.58049,2.99366],[101.58006,2.99368],[101.57962,2.99378],[101.57922,2.99396],[101.57643,2.99544]]},"properties":{"name":"Sri Petaling Line","kind":"LRT","feature":"line"}},
{"type":"Feature","geometry":{"type":"LineString","coordinates":[[101.5751,2.99639],[101.57364,2.99717],[101.57316,2.99764],[101.573,2.99811],[101.57287,2.99988],[101.57283,3.00188],[101.5727,3.00263],[101.57221,3.00404],[101.57207,3.00502],[101.57208,3.00786]]},"properties":{"name":"Laluan Kelana Jaya","kind":"LRT","feature":"line"}},
{"type":"Feature","geometry":{"type":"LineString","coordinates":[[101.74582,3.13428],[101.74632,3.13457]]},"properties":{"name":"Ampang Line","kind":"LRT","feature":"line"}},
{"type":"Feature","geometry":{"type":"LineString","coordinates":[[101.74632,3.13457],[101.74704,3.135]]},"properties":{"name":"Ampang Line","kind":"LRT","feature":"line"}},
{"type":"Feature","geometry":{"type":"LineString","coordinates":[[101.7352,3.17284],[101.73523,3.17094],[101.73533,3.16871],[101.73534,3.16571],[101.73519,3.1653],[101.73495,3.16502],[101.73458,3.16487],[101.73431,3.16484],[101.73323,3.16496],[101.73108,3.1651],[101.72866,3.16486],[101.7279,3.16473],[101.72565,3.16423],[101.72473,3.16432]]},"properties":{"name":"Laluan Kelana Jaya","kind":"LRT","feature":"line"}},
{"type":"Feature","geometry":{"type":"LineString","coordinates":[[101.79051,2.98351],[101.79049,2.98226]]},"properties":{"name":"KTM","kind":"KTM / rail","feature":"line"}},
{"type":"Feature","geometry":{"type":"LineString","coordinates":[[101.79049,2.98226],[101.79043,2.9787],[101.79038,2.97671],[101.7903,2.972]]},"properties":{"name":"KTM","kind":"KTM / rail","feature":"line"}},
{"type":"Feature","geometry":{"type":"LineString","coordinates":[[101.33658,2.96155],[101.33558,2.96168],[101.33443,2.96162],[101.33343,2.96138],[101.33249,2.96099],[101.3261,2.95732],[101.32561,2.95708]]},"properties":{"name":"Port Klang - West Port","kind":"KTM / rail","feature":"line"}},
{"type":"Feature","geometry":{"type":"LineString","coordinates":[[101.57608,2.99567],[101.57924,2.99399],[101.57963,2.99381],[101.5802,2.9937],[101.58086,2.99375],[101.58135,2.99393],[101.58269,2.99476],[101.58317,2.99499],[101.58371,2.99515],[101.58474,2.99525],[101.59065,2.99497],[101.59154,2.99486],[101.5934,2.99445],[101.59389,2.99439],[101.59445,2.99454],[101.59479,2.99482],[101.59502,2.99525],[101.59808,3.00333],[101.59826,3.00415],[101.59824,3.00459],[101.59799,3.00637],[101.59798,3.00692],[101.59823,3.00748],[101.59862,3.00781],[101.59887,3.00791],[101.59943,3.00795],[101.601,3.00784],[101.60592,3.00784],[101.6065,3.00791],[101.6072,3.00836],[101.60818,3.00933],[101.60883,3.00981],[101.60939,3.00992],[101.61069,3.00992],[101.61121,3.00999],[101.61165,3.01022],[101.61201,3.01066],[101.61264,3.0118],[101.61287,3.01253],[101.61283,3.01302],[101.61254,3.01441],[101.61253,3.01526],[101.61305,3.01815],[101.61313,3.01899],[101.613,3.02024],[101.61309,3.02127],[101.61376,3.02361],[101.61469,3.02802],[101.61475,3.0286],[101.61475,3.02959],[101.61484,3.03041],[101.61503,3.03094],[101.61641,3.03402],[101.61663,3.03477],[101.61725,3.03772],[101.61781,3.03974],[101.61793,3.04038],[101.61805,3.04147],[101.61823,3.04224],[101.61862,3.04343],[101.61911,3.0445],[101.62057,3.04722],[101.62202,3.04993],[101.62258,3.05075],[101.6231,3.05116],[101.62337,3.05125],[101.62392,3.05123],[101.62427,3.05108],[101.62533,3.05041],[101.62612,3.05011],[101.62807,3.04979],[101.62866,3.04974],[101.63269,3.04956],[101.6381,3.04949],[101.64119,3.04944],[101.64197,3.04951],[101.64248,3.04968],[101.64511,3.05085],[101.64621,3.05115],[101.64918,3.05138],[101.64964,3.05145],[101.65044,3.05175],[101.65299,3.05311],[101.65841,3.05552],[101.65905,3.05598],[101.65932,3.05652],[101.65938,3.05702],[101.65935,3.06002],[101.65946,3.06057],[101.65964,3.06095],[101.66001,3.06139],[101.66062,3.06178],[101.66153,3.06196],[101.66884,3.0619],[101.66929,3.06193],[101.67062,3.06216],[101.67535,3.06311],[101.67595,3.06316],[101.6766,3.06308],[101.67695,3.06298],[101.68187,3.06126],[101.68255,3.06109],[101.68296,3.06107]]},"properties":{"name":"Sri Petaling Line","kind":"LRT","feature":"line"}},
{"type":"Feature","geometry":{"type":"LineString","coordinates":[[101.56082,3.2287],[101.56208,3.22594],[101.56224,3.22547],[101.56243,3.22441]]},"properties":{"name":"KTM","kind":"KTM / rail","feature":"line"}},
{"type":"Feature","geometry":{"type":"LineString","coordinates":[[101.57179,3.17611],[101.56974,3.17555],[101.56885,3.1753],[101.56807,3.17493],[101.56762,3.17442]]},"properties":{"name":"Laluan Putrajaya","kind":"MRT","feature":"line"}},
{"type":"Feature","geometry":{"type":"LineString","coordinates":[[101.56766,3.17439],[101.56799,3.17478],[101.56842,3.17505],[101.56888,3.17522],[101.56977,3.17548],[101.57183,3.17606]]},"properties":{"name":"Laluan Putrajaya","kind":"MRT","feature":"line"}},
{"type":"Feature","geometry":{"type":"LineString","coordinates":[[101.56706,3.1736],[101.56414,3.16864],[101.5639,3.16808],[101.56378,3.16732],[101.56389,3.1665],[101.56418,3.16584],[101.5645,3.16539],[101.56659,3.16306],[101.56943,3.15992],[101.56986,3.15956],[101.57158,3.1583],[101.57216,3.15777],[101.57247,3.15724],[101.57288,3.15599],[101.57326,3.15519],[101.5757,3.15153],[101.576,3.15115],[101.57662,3.15066],[101.57768,3.1503],[101.5787,3.15023],[101.58295,3.1501],[101.59602,3.14957],[101.59757,3.14936],[101.59847,3.14933],[101.59944,3.14951],[101.60004,3.14984],[101.60155,3.15123],[101.60203,3.15185],[101.60295,3.15346],[101.60343,3.15419],[101.60388,3.15461],[101.60462,3.15501],[101.60514,3.15516],[101.60575,3.1552],[101.60873,3.15521],[101.612,3.15527],[101.61281,3.15521],[101.61344,3.15499],[101.61385,3.15471],[101.61456,3.15389],[101.61551,3.15221],[101.61878,3.14671],[101.61979,3.14491],[101.62001,3.14464],[101.62047,3.14429],[101.6215,3.1438],[101.6232,3.14227],[101.62411,3.14186],[101.62516,3.1417],[101.62573,3.14148],[101.62641,3.1409],[101.62796,3.13852],[101.62822,3.13821],[101.62944,3.13727],[101.6308,3.13608],[101.6333,3.13386],[101.63378,3.13349],[101.63452,3.13313],[101.63632,3.13253],[101.63772,3.13178],[101.63987,3.13067],[101.64146,3.13014],[101.64247,3.12962]]},"properties":{"name":"Laluan Kajang","kind":"MRT","feature":"line"}},
{"type":"Feature","geometry":{"type":"LineString","coordinates":[[101.57677,3.17983],[101.57705,3.18039]]},"properties":{"name":"MRT","kind":"MRT","feature":"line"}},
{"type":"Feature","geometry":{"type":"LineString","coordinates":[[101.70712,3.06046],[101.70689,3.05997],[101.70675,3.05856],[101.70663,3.05629],[101.70643,3.05319],[101.70624,3.0525],[101.70515,3.04976],[101.70498,3.04915],[101.70495,3.04861],[101.7051,3.04688],[101.7052,3.04448],[101.7052,3.04382],[101.705,3.04265],[101.70462,3.04003],[101.70465,3.03946],[101.70488,3.0384],[101.70537,3.03668],[101.70553,3.03572],[101.70558,3.03497],[101.7059,3.03172],[101.70602,3.03107],[101.70639,3.03011],[101.70687,3.02926],[101.70745,3.02843],[101.70841,3.02717],[101.7088,3.02631],[101.70885,3.02577],[101.70872,3.0236],[101.70896,3.02068],[101.70914,3.01979],[101.71026,3.01805]]},"properties":{"name":"Laluan Putrajaya","kind":"MRT","feature":"line"}},
{"type":"Feature","geometry":{"type":"LineString","coordinates":[[101.79024,2.98245],[101.79027,2.98388],[101.79039,2.98536],[101.79039,2.98626],[101.79025,2.98738],[101.79002,2.98807],[101.78971,2.98861],[101.78915,2.98927],[101.78838,2.9898],[101.78724,2.99027],[101.7868,2.99054],[101.78659,2.99073],[101.78645,2.99088],[101.78632,2.99102],[101.78609,2.99148],[101.78598,2.99188],[101.78594,2.9922],[101.78594,2.99259],[101.78604,2.99337],[101.78637,2.99477],[101.78677,2.99612],[101.7868,2.9966],[101.78665,2.99751],[101.78623,2.9983],[101.78544,2.99916],[101.78301,3.0021],[101.78232,3.00314],[101.7816,3.00375],[101.78133,3.00386],[101.78011,3.00416],[101.77941,3.00448],[101.77872,3.00507],[101.77819,3.00608],[101.7777,3.00755],[101.77748,3.00808],[101.7762,3.01049],[101.77575,3.01143],[101.77491,3.01335],[101.77419,3.0149],[101.77391,3.0157],[101.77377,3.01628],[101.77352,3.01855],[101.77338,3.02002],[101.77308,3.02115],[101.77241,3.02297],[101.77193,3.02443],[101.77108,3.02643],[101.77054,3.02786],[101.77022,3.02915],[101.77003,3.02965],[101.76946,3.03062],[101.76927,3.03108],[101.76913,3.03186],[101.76914,3.03233],[101.76936,3.03314],[101.76956,3.03349],[101.77061,3.0351],[101.7709,3.03571],[101.77135,3.03701],[101.77169,3.03782],[101.77266,3.03936],[101.77293,3.04006],[101.77363,3.0423],[101.77386,3.0429],[101.77458,3.04426],[101.77484,3.04488],[101.77504,3.04589],[101.77498,3.0475],[101.77504,3.04945],[101.77486,3.05045],[101.77403,3.05222],[101.77389,3.05325],[101.77392,3.05637],[101.77394,3.05664],[101.77429,3.0581],[101.77427,3.05905],[101.77414,3.05994],[101.77397,3.06051],[101.7736,3.0613],[101.77296,3.06216],[101.76983,3.06603],[101.76931,3.06676],[101.76623,3.06929],[101.76562,3.06975],[101.76344,3.07154],[101.76266,3.07225],[101.76192,3.07339],[101.76123,3.07469],[101.7609,3.07508],[101.76049,3.07537],[101.75991,3.07557],[101.75724,3.07603],[101.75644,3.07623],[101.75021,3.07842],[101.74947,3.07861],[101.74798,3.07888],[101.74615,3.07902],[101.74441,3.07927],[101.74389,3.07944],[101.74323,3.07993],[101.74263,3.08069],[101.74239,3.08114],[101.74216,3.08203],[101.74207,3.08492],[101.74201,3.0854],[101.74168,3.08663],[101.74138,3.08793],[101.74086,3.08962],[101.73984,3.09282],[101.73948,3.09383],[101.73903,3.09487],[101.73834,3.09691],[101.73819,3.09729],[101.73772,3.09805],[101.7351,3.10103],[101.73314,3.10311],[101.73291,3.10339],[101.7317,3.10514],[101.7314,3.10576],[101.7309,3.10743],[101.72902,3.11353],[101.72868,3.11415],[101.72831,3.11449],[101.72697,3.1153],[101.72547,3.11612],[101.72493,3.11663],[101.72474,3.11701],[101.72462,3.11773],[101.7247,3.11825],[101.72488,3.11868],[101.72549,3.11966]]},"properties":{"name":"Laluan Kajang","kind":"MRT","feature":"line"}},
{"type":"Feature","geometry":{"type":"LineString","coordinates":[[101.52391,3.67946],[101.52583,3.67769],[101.52667,3.67682],[101.52712,3.67627],[101.52839,3.6745]]},"properties":{"name":"KTM","kind":"KTM / rail","feature":"line"}},
{"type":"Feature","geometry":{"type":"LineString","coordinates":[[101.52313,3.68022],[101.52391,3.67946]]},"properties":{"name":"KTM","kind":"KTM / rail","feature":"line"}},
{"type":"Feature","geometry":{"type":"LineString","coordinates":[[101.52839,3.6745],[101.52872,3.67402]]},"properties":{"name":"KTM","kind":"KTM / rail","feature":"line"}},
{"type":"Feature","geometry":{"type":"LineString","coordinates":[[101.52872,3.67402],[101.53609,3.66341],[101.53964,3.65832],[101.54077,3.65705],[101.54388,3.65409],[101.54551,3.65267],[101.54801,3.65063],[101.55167,3.64768],[101.55219,3.64722],[101.55296,3.64642],[101.5553,3.6436],[101.55738,3.64103],[101.55826,3.63982],[101.55877,3.63905],[101.55968,3.63743],[101.56081,3.6351],[101.56113,3.63451],[101.5619,3.63329],[101.56249,3.63253],[101.5659,3.62831],[101.56644,3.6277],[101.5694,3.62446],[101.57168,3.6217],[101.57243,3.62088],[101.5731,3.62026],[101.57376,3.61975],[101.57497,3.61896],[101.57715,3.61768],[101.57783,3.61718],[101.57931,3.61586],[101.58109,3.6142],[101.58573,3.60996],[101.58679,3.60895],[101.58737,3.60828],[101.58818,3.60715],[101.58997,3.60399],[101.59088,3.6027],[101.59202,3.60157],[101.59288,3.60096],[101.5935,3.60059],[101.59451,3.60011],[101.5954,3.59982],[101.59659,3.59959],[101.59819,3.59939]]},"properties":{"name":"KTM","kind":"KTM / rail","feature":"line"}},
{"type":"Feature","geometry":{"type":"LineString","coordinates":[[101.61381,3.57462],[101.61427,3.57354],[101.61467,3.57291],[101.61528,3.57218],[101.61695,3.57037],[101.61755,3.56968],[101.61878,3.56845],[101.62028,3.56735],[101.62433,3.56443],[101.62538,3.56379],[101.62757,3.56283],[101.63221,3.56092],[101.6351,3.55975],[101.63582,3.55943],[101.63644,3.55906],[101.63708,3.55857],[101.63774,3.55791],[101.63852,3.55677],[101.63894,3.55581],[101.63924,3.5546],[101.63937,3.55386]]},"properties":{"name":"KTM","kind":"KTM / rail","feature":"line"}},
{"type":"Feature","geometry":{"type":"LineString","coordinates":[[101.60798,3.5898],[101.60832,3.58931]]},"properties":{"name":"KTM","kind":"KTM / rail","feature":"line"}},
{"type":"Feature","geometry":{"type":"LineString","coordinates":[[101.63477,3.53731],[101.63459,3.53667]]},"properties":{"name":"KTM","kind":"KTM / rail","feature":"line"}},
{"type":"Feature","geometry":{"type":"LineString","coordinates":[[101.63459,3.53667],[101.63409,3.53493],[101.63373,3.53401],[101.63336,3.53321],[101.63304,3.53266],[101.63082,3.52955],[101.63045,3.52893],[101.63008,3.52806],[101.62981,3.52698],[101.62912,3.52224],[101.62888,3.52083],[101.62874,3.51941],[101.62869,3.51833],[101.62876,3.51756],[101.62891,3.51684]]},"properties":{"name":"KTM","kind":"KTM / rail","feature":"line"}},
{"type":"Feature","geometry":{"type":"LineString","coordinates":[[101.62899,3.51657],[101.62924,3.51589],[101.62983,3.51486],[101.63044,3.51409],[101.63156,3.51282],[101.63212,3.51188],[101.63243,3.51118],[101.63271,3.51003]]},"properties":{"name":"KTM","kind":"KTM / rail","feature":"line"}},
{"type":"Feature","geometry":{"type":"LineString","coordinates":[[101.62891,3.51684],[101.62899,3.51657]]},"properties":{"name":"KTM","kind":"KTM / rail","feature":"line"}},
{"type":"Feature","geometry":{"type":"LineString","coordinates":[[101.63311,3.50743],[101.63323,3.50666]]},"properties":{"name":"KTM","kind":"KTM / rail","feature":"line"}},
{"type":"Feature","geometry":{"type":"LineString","coordinates":[[101.63429,3.49961],[101.63536,3.49251],[101.63585,3.49086],[101.63624,3.48995],[101.63853,3.48561],[101.63908,3.48425],[101.63938,3.48328],[101.63958,3.48228],[101.63969,3.48086],[101.63962,3.47923],[101.63895,3.47527],[101.63804,3.47015]]},"properties":{"name":"KTM","kind":"KTM / rail","feature":"line"}},
{"type":"Feature","geometry":{"type":"LineString","coordinates":[[101.63761,3.46773],[101.6374,3.46613],[101.63735,3.46526],[101.63739,3.46409],[101.63761,3.46258],[101.63844,3.45971]]},"properties":{"name":"KTM","kind":"KTM / rail","feature":"line"}},
{"type":"Feature","geometry":{"type":"LineString","coordinates":[[101.63804,3.47015],[101.63796,3.46967]]},"properties":{"name":"KTM","kind":"KTM / rail","feature":"line"}},
{"type":"Feature","geometry":{"type":"LineString","coordinates":[[101.63766,3.46773],[101.63745,3.46612],[101.63741,3.46527],[101.63744,3.4641],[101.63765,3.46259],[101.63849,3.45973]]},"properties":{"name":"KTM","kind":"KTM / rail","feature":"line"}},
{"type":"Feature","geometry":{"type":"LineString","coordinates":[[101.62564,3.41705],[101.62649,3.41534],[101.62675,3.41459],[101.62703,3.41352],[101.6272,3.41259],[101.62782,3.40862],[101.62801,3.40725],[101.62805,3.406],[101.62801,3.40529],[101.62785,3.40377],[101.62778,3.40207],[101.62828,3.39683],[101.6283,3.39544],[101.62819,3.3943],[101.62808,3.39358],[101.62763,3.39149],[101.62728,3.39039],[101.62683,3.38936],[101.62633,3.38848],[101.62515,3.38681],[101.62464,3.38629],[101.61491,3.37653]]},"properties":{"name":"KTM","kind":"KTM / rail","feature":"line"}},
{"type":"Feature","geometry":{"type":"LineString","coordinates":[[101.63849,3.45973],[101.63862,3.45926]]},"properties":{"name":"KTM","kind":"KTM / rail","feature":"line"}},
{"type":"Feature","geometry":{"type":"LineString","coordinates":[[101.63844,3.45971],[101.63859,3.45924]]},"properties":{"name":"KTM","kind":"KTM / rail","feature":"line"}},
{"type":"Feature","geometry":{"type":"LineString","coordinates":[[101.60608,3.36854],[101.60508,3.3681],[101.60273,3.36729],[101.60083,3.36668],[101.59484,3.36471],[101.59338,3.36428],[101.59242,3.36406],[101.5915,3.36392],[101.58481,3.3628]]},"properties":{"name":"KTM","kind":"KTM / rail","feature":"line"}},
{"type":"Feature","geometry":{"type":"LineString","coordinates":[[101.60648,3.36876],[101.60608,3.36854]]},"properties":{"name":"KTM","kind":"KTM / rail","feature":"line"}},
{"type":"Feature","geometry":{"type":"LineString","coordinates":[[101.5711,3.33365],[101.56998,3.33235],[101.56947,3.33155],[101.56923,3.33104],[101.56897,3.32999],[101.56896,3.3292],[101.56906,3.32863],[101.56931,3.32788],[101.56995,3.3268],[101.57072,3.32579]]},"properties":{"name":"KTM","kind":"KTM / rail","feature":"line"}},
{"type":"Feature","geometry":{"type":"LineString","coordinates":[[101.57114,3.33363],[101.56994,3.33219],[101.56953,3.33155],[101.56928,3.33104],[101.56905,3.33022],[101.569,3.32941],[101.56909,3.32867],[101.56935,3.32792],[101.56998,3.32683],[101.57077,3.32582]]},"properties":{"name":"KTM","kind":"KTM / rail","feature":"line"}},
{"type":"Feature","geometry":{"type":"LineString","coordinates":[[101.57265,3.33942],[101.57268,3.33888]]},"properties":{"name":"KTM","kind":"KTM / rail","feature":"line"}},
{"type":"Feature","geometry":{"type":"LineString","coordinates":[[101.57269,3.33942],[101.57272,3.33888]]},"properties":{"name":"KTM","kind":"KTM / rail","feature":"line"}},
{"type":"Feature","geometry":{"type":"LineString","coordinates":[[101.57487,3.31637],[101.57488,3.31585]]},"properties":{"name":"KTM","kind":"KTM / rail","feature":"line"}},
{"type":"Feature","geometry":{"type":"LineString","coordinates":[[101.57488,3.31585],[101.57502,3.30326],[101.57493,3.30183],[101.57478,3.30011],[101.57482,3.29929],[101.57509,3.29735],[101.57507,3.29673],[101.57496,3.29611],[101.57455,3.2945],[101.57423,3.29358],[101.57385,3.29271],[101.57259,3.29047],[101.57214,3.28982],[101.57044,3.28773],[101.57003,3.28712],[101.56903,3.28523],[101.56857,3.28446],[101.568,3.28384],[101.56718,3.28311],[101.56676,3.28253],[101.5652,3.27993],[101.56475,3.2793],[101.56436,3.27893],[101.56331,3.2782],[101.56261,3.27752],[101.56221,3.27681],[101.56196,3.27587],[101.5619,3.27456],[101.5618,3.27394],[101.56132,3.27291],[101.56065,3.27206],[101.56017,3.27129],[101.55996,3.27072],[101.55926,3.26744],[101.55886,3.26607],[101.55859,3.26545],[101.55791,3.26427]]},"properties":{"name":"KTM","kind":"KTM / rail","feature":"line"}},
{"type":"Feature","geometry":{"type":"LineString","coordinates":[[101.57491,3.31684],[101.57486,3.31758]]},"properties":{"name":"KTM","kind":"KTM / rail","feature":"line"}},
{"type":"Feature","geometry":{"type":"LineString","coordinates":[[101.57161,3.32458],[101.5713,3.32507]]},"properties":{"name":"KTM","kind":"KTM / rail","feature":"line"}},
{"type":"Feature","geometry":{"type":"LineString","coordinates":[[101.57482,3.31759],[101.57482,3.31636]]},"properties":{"name":"KTM","kind":"KTM / rail","feature":"line"}},
{"type":"Feature","geometry":{"type":"LineString","coordinates":[[101.57483,3.31585],[101.57483,3.3152]]},"properties":{"name":"KTM","kind":"KTM / rail","feature":"line"}},
{"type":"Feature","geometry":{"type":"LineString","coordinates":[[101.57482,3.31636],[101.57483,3.31585]]},"properties":{"name":"KTM","kind":"KTM / rail","feature":"line"}},
{"type":"Feature","geometry":{"type":"LineString","coordinates":[[101.57482,3.31636],[101.57486,3.31674]]},"properties":{"name":"KTM","kind":"KTM / rail","feature":"line"}},
{"type":"Feature","geometry":{"type":"LineString","coordinates":[[101.57101,3.32548],[101.57072,3.32579]]},"properties":{"name":"KTM","kind":"KTM / rail","feature":"line"}},
{"type":"Feature","geometry":{"type":"LineString","coordinates":[[101.57237,3.32362],[101.57268,3.32327],[101.57442,3.32079],[101.57479,3.31981],[101.57485,3.31947],[101.5749,3.31824],[101.57488,3.31786]]},"properties":{"name":"KTM","kind":"KTM / rail","feature":"line"}},
{"type":"Feature","geometry":{"type":"LineString","coordinates":[[101.57487,3.31711],[101.57482,3.31759]]},"properties":{"name":"KTM","kind":"KTM / rail","feature":"line"}},
{"type":"Feature","geometry":{"type":"LineString","coordinates":[[101.57481,3.31814],[101.57479,3.31921],[101.57461,3.32011],[101.5743,3.32075],[101.57207,3.32385],[101.57191,3.32416]]},"properties":{"name":"KTM","kind":"KTM / rail","feature":"line"}},
{"type":"Feature","geometry":{"type":"LineString","coordinates":[[101.5605,3.24264],[101.56029,3.23945],[101.5595,3.23383],[101.55943,3.23287],[101.55948,3.23213],[101.55967,3.23103],[101.56043,3.22845],[101.56074,3.22749],[101.56146,3.22589],[101.56204,3.22485],[101.56815,3.21683],[101.56952,3.21529],[101.5722,3.21243]]},"properties":{"name":"KTM","kind":"KTM / rail","feature":"line"}},
{"type":"Feature","geometry":{"type":"LineString","coordinates":[[101.55477,3.25361],[101.55484,3.25334]]},"properties":{"name":"KTM","kind":"KTM / rail","feature":"line"}},
{"type":"Feature","geometry":{"type":"LineString","coordinates":[[101.55481,3.25363],[101.55487,3.25335]]},"properties":{"name":"KTM","kind":"KTM / rail","feature":"line"}},
{"type":"Feature","geometry":{"type":"LineString","coordinates":[[101.55491,3.25336],[101.55514,3.25241]]},"properties":{"name":"KTM","kind":"KTM / rail","feature":"line"}},
{"type":"Feature","geometry":{"type":"LineString","coordinates":[[101.55485,3.25364],[101.55491,3.25336]]},"properties":{"name":"KTM","kind":"KTM / rail","feature":"line"}},
{"type":"Feature","geometry":{"type":"LineString","coordinates":[[101.55514,3.25938],[101.55492,3.25882],[101.55464,3.25751],[101.55451,3.25642],[101.55449,3.25574],[101.55453,3.25489],[101.55474,3.25359]]},"properties":{"name":"KTM","kind":"KTM / rail","feature":"line"}},
{"type":"Feature","geometry":{"type":"LineString","coordinates":[[101.5548,3.25333],[101.5551,3.2524]]},"properties":{"name":"KTM","kind":"KTM / rail","feature":"line"}},
{"type":"Feature","geometry":{"type":"LineString","coordinates":[[101.55474,3.25359],[101.5548,3.25333]]},"properties":{"name":"KTM","kind":"KTM / rail","feature":"line"}},
{"type":"Feature","geometry":{"type":"LineString","coordinates":[[101.60308,3.20032],[101.60367,3.20005],[101.60457,3.19974],[101.60592,3.19951],[101.60721,3.19953],[101.6082,3.19971],[101.60901,3.19996],[101.60967,3.20025],[101.61091,3.20103]]},"properties":{"name":"KTM","kind":"KTM / rail","feature":"line"}},
{"type":"Feature","geometry":{"type":"LineString","coordinates":[[101.60296,3.20037],[101.60308,3.20032]]},"properties":{"name":"KTM","kind":"KTM / rail","feature":"line"}},
{"type":"Feature","geometry":{"type":"LineString","coordinates":[[101.61127,3.20133],[101.61156,3.20161],[101.61634,3.20652]]},"properties":{"name":"KTM","kind":"KTM / rail","feature":"line"}},
{"type":"Feature","geometry":{"type":"LineString","coordinates":[[101.61091,3.20103],[101.61127,3.20133]]},"properties":{"name":"KTM","kind":"KTM / rail","feature":"line"}},
{"type":"Feature","geometry":{"type":"LineString","coordinates":[[101.62907,3.20857],[101.62976,3.20846]]},"properties":{"name":"KTM","kind":"KTM / rail","feature":"line"}},
{"type":"Feature","geometry":{"type":"LineString","coordinates":[[101.70452,2.97827],[101.70057,2.97746],[101.69925,2.97721],[101.6978,2.97688],[101.69673,2.97653],[101.69569,2.9761],[101.69471,2.9756],[101.69366,2.97497],[101.6911,2.97332],[101.68966,2.97255],[101.6885,2.97208],[101.68742,2.97177],[101.68573,2.97147],[101.68503,2.97141],[101.68366,2.97143],[101.68243,2.97158],[101.67935,2.97207],[101.678,2.97221],[101.67711,2.97224],[101.67564,2.97218],[101.67429,2.972],[101.67298,2.97172],[101.67194,2.97142],[101.67014,2.97073],[101.66882,2.97005],[101.66785,2.96945],[101.66693,2.96879],[101.66603,2.96806],[101.6636,2.96565],[101.66255,2.96459],[101.6616,2.96355],[101.66084,2.96264],[101.66025,2.96176],[101.65977,2.96085],[101.6593,2.95977],[101.65897,2.95878],[101.65862,2.95717],[101.65852,2.95613],[101.6585,2.95508],[101.65866,2.95348],[101.65879,2.95282],[101.65915,2.95152],[101.6594,2.95083],[101.6602,2.94921],[101.66092,2.94811],[101.66149,2.94739],[101.66225,2.9466],[101.66335,2.94566],[101.66712,2.94278],[101.66772,2.94228],[101.66864,2.9414],[101.66945,2.94043],[101.67005,2.93946],[101.67072,2.93801],[101.67109,2.93659],[101.67123,2.93503],[101.67121,2.93456]]},"properties":{"name":"ERL","kind":"KTM / rail","feature":"line"}},
{"type":"Feature","geometry":{"type":"LineString","coordinates":[[101.71067,2.9824],[101.70972,2.98119],[101.70894,2.98041],[101.70778,2.97956],[101.70727,2.97926]]},"properties":{"name":"ERL","kind":"KTM / rail","feature":"line"}},
{"type":"Feature","geometry":{"type":"LineString","coordinates":[[101.71378,2.98652],[101.71316,2.9859],[101.71229,2.9848],[101.71067,2.9824]]},"properties":{"name":"ERL","kind":"KTM / rail","feature":"line"}},
{"type":"Feature","geometry":{"type":"LineString","coordinates":[[101.72001,2.98929],[101.71777,2.98864],[101.7168,2.98832],[101.71585,2.98792],[101.71493,2.98741],[101.71378,2.98652]]},"properties":{"name":"ERL","kind":"KTM / rail","feature":"line"}},
{"type":"Feature","geometry":{"type":"LineString","coordinates":[[101.72054,2.98945],[101.72001,2.98929]]},"properties":{"name":"ERL","kind":"KTM / rail","feature":"line"}},
{"type":"Feature","geometry":{"type":"LineString","coordinates":[[101.72525,2.99208],[101.72403,2.99108],[101.72261,2.99024],[101.7219,2.98992],[101.72054,2.98945]]},"properties":{"name":"ERL","kind":"KTM / rail","feature":"line"}},
{"type":"Feature","geometry":{"type":"LineString","coordinates":[[101.72811,2.99716],[101.72793,2.99645],[101.7276,2.99556],[101.72713,2.99459],[101.72656,2.99364],[101.72595,2.99285],[101.72525,2.99208]]},"properties":{"name":"ERL","kind":"KTM / rail","feature":"line"}},
{"type":"Feature","geometry":{"type":"LineString","coordinates":[[101.72822,2.9977],[101.72811,2.99716]]},"properties":{"name":"ERL","kind":"KTM / rail","feature":"line"}},
{"type":"Feature","geometry":{"type":"LineString","coordinates":[[101.72838,2.99996],[101.72838,2.99888],[101.72822,2.9977]]},"properties":{"name":"ERL","kind":"KTM / rail","feature":"line"}},
{"type":"Feature","geometry":{"type":"LineString","coordinates":[[101.72773,3.00338],[101.72822,3.0015],[101.72836,3.00055],[101.72838,2.99996]]},"properties":{"name":"ERL","kind":"KTM / rail","feature":"line"}},
{"type":"Feature","geometry":{"type":"LineString","coordinates":[[101.72725,3.00497],[101.72773,3.00338]]},"properties":{"name":"ERL","kind":"KTM / rail","feature":"line"}},
{"type":"Feature","geometry":{"type":"LineString","coordinates":[[101.72696,3.00596],[101.72725,3.00497]]},"properties":{"name":"ERL","kind":"KTM / rail","feature":"line"}},
{"type":"Feature","geometry":{"type":"LineString","coordinates":[[101.71394,3.02644],[101.71634,3.02188],[101.71727,3.02018],[101.71803,3.01908],[101.71861,3.0184],[101.71938,3.01767],[101.72057,3.01669],[101.72189,3.01552],[101.72249,3.0149],[101.72313,3.01406],[101.72367,3.01318],[101.7254,3.00982],[101.72592,3.00872],[101.72666,3.00689],[101.72696,3.00596]]},"properties":{"name":"ERL","kind":"KTM / rail","feature":"line"}},
{"type":"Feature","geometry":{"type":"LineString","coordinates":[[101.71386,3.02659],[101.71394,3.02644]]},"properties":{"name":"ERL","kind":"KTM / rail","feature":"line"}},
{"type":"Feature","geometry":{"type":"LineString","coordinates":[[101.70844,3.07136],[101.708,3.06732],[101.70787,3.06627],[101.70773,3.0646],[101.70737,3.06114],[101.70688,3.05726],[101.70676,3.05538],[101.70656,3.05122],[101.70646,3.04868],[101.70649,3.04791],[101.70665,3.04681],[101.7068,3.04625],[101.70753,3.04414],[101.70785,3.04292],[101.70806,3.04158],[101.70812,3.04081],[101.7081,3.03935],[101.70796,3.03683],[101.7079,3.03538],[101.70801,3.0343],[101.70827,3.03332],[101.70847,3.0328],[101.70883,3.03215],[101.70926,3.03154],[101.70978,3.03097],[101.7106,3.0303],[101.71163,3.02961],[101.7123,3.02904],[101.71271,3.02857],[101.71312,3.02797],[101.71386,3.02659]]},"properties":{"name":"ERL","kind":"KTM / rail","feature":"line"}},
{"type":"Feature","geometry":{"type":"LineString","coordinates":[[101.7139,3.02642],[101.71631,3.02186],[101.71734,3.01996],[101.71799,3.01905],[101.71841,3.01854],[101.71905,3.0179],[101.72054,3.01666],[101.72186,3.0155],[101.72245,3.01488],[101.7231,3.01403],[101.72363,3.01316],[101.72537,3.0098],[101.72588,3.0087],[101.72662,3.00687],[101.72692,3.00595]]},"properties":{"name":"ERL","kind":"KTM / rail","feature":"line"}},
{"type":"Feature","geometry":{"type":"LineString","coordinates":[[101.71382,3.02657],[101.7139,3.02642]]},"properties":{"name":"ERL","kind":"KTM / rail","feature":"line"}},
{"type":"Feature","geometry":{"type":"LineString","coordinates":[[101.72818,2.9977],[101.72807,2.99717]]},"properties":{"name":"ERL","kind":"KTM / rail","feature":"line"}},
{"type":"Feature","geometry":{"type":"LineString","coordinates":[[101.72834,2.99996],[101.72834,2.99888],[101.72818,2.9977]]},"properties":{"name":"ERL","kind":"KTM / rail","feature":"line"}},
{"type":"Feature","geometry":{"type":"LineString","coordinates":[[101.72,2.98932],[101.71776,2.98868],[101.71678,2.98836],[101.71583,2.98795],[101.71491,2.98744],[101.71375,2.98655]]},"properties":{"name":"ERL","kind":"KTM / rail","feature":"line"}},
{"type":"Feature","geometry":{"type":"LineString","coordinates":[[101.71063,2.98242],[101.70969,2.98121],[101.70891,2.98044],[101.70776,2.97959],[101.70725,2.9793]]},"properties":{"name":"ERL","kind":"KTM / rail","feature":"line"}},
{"type":"Feature","geometry":{"type":"LineString","coordinates":[[101.66969,2.92677],[101.66903,2.92453],[101.66859,2.92316],[101.66821,2.9218],[101.6677,2.92031]]},"properties":{"name":"ERL","kind":"KTM / rail","feature":"line"}},
{"type":"Feature","geometry":{"type":"LineString","coordinates":[[101.6677,2.92031],[101.66722,2.91913]]},"properties":{"name":"ERL","kind":"KTM / rail","feature":"line"}},
{"type":"Feature","geometry":{"type":"LineString","coordinates":[[101.66722,2.91913],[101.66678,2.91824],[101.66609,2.91705],[101.66552,2.91617],[101.66422,2.91433],[101.66146,2.91034],[101.66081,2.90935],[101.66043,2.90862],[101.65987,2.90735],[101.65958,2.90644],[101.6593,2.90517],[101.65915,2.90381],[101.65915,2.9025],[101.65928,2.90121],[101.65954,2.89998],[101.65977,2.89925],[101.66017,2.8982],[101.66097,2.8967],[101.66166,2.89572],[101.66249,2.89475],[101.66345,2.89385],[101.66585,2.89188],[101.6684,2.88984],[101.66983,2.88882],[101.67086,2.88823],[101.67185,2.88775],[101.67273,2.8874],[101.67392,2.88701],[101.6756,2.88667],[101.67994,2.88619],[101.68333,2.8858],[101.68567,2.88555],[101.68727,2.88533]]},"properties":{"name":"ERL","kind":"KTM / rail","feature":"line"}},
{"type":"Feature","geometry":{"type":"LineString","coordinates":[[101.68727,2.88533],[101.68798,2.88523]]},"properties":{"name":"ERL","kind":"KTM / rail","feature":"line"}},
{"type":"Feature","geometry":{"type":"LineString","coordinates":[[101.68798,2.88523],[101.68851,2.88512],[101.68964,2.88479],[101.69052,2.88443],[101.69142,2.884],[101.69216,2.88356],[101.69331,2.88267],[101.694,2.88205],[101.69513,2.88071],[101.69557,2.88006]]},"properties":{"name":"ERL","kind":"KTM / rail","feature":"line"}},
{"type":"Feature","geometry":{"type":"LineString","coordinates":[[101.69557,2.88006],[101.69603,2.87924],[101.69685,2.87749]]},"properties":{"name":"ERL","kind":"KTM / rail","feature":"line"}},
{"type":"Feature","geometry":{"type":"LineString","coordinates":[[101.69685,2.87749],[101.69721,2.87679],[101.69814,2.87465],[101.69963,2.87137],[101.70213,2.86589],[101.70296,2.86438],[101.70414,2.86258],[101.70522,2.86104]]},"properties":{"name":"ERL","kind":"KTM / rail","feature":"line"}},
{"type":"Feature","geometry":{"type":"LineString","coordinates":[[101.69366,2.78958],[101.69369,2.78802],[101.69379,2.78709]]},"properties":{"name":"ERL","kind":"KTM / rail","feature":"line"}},
{"type":"Feature","geometry":{"type":"LineString","coordinates":[[101.69367,2.7901],[101.69366,2.78958]]},"properties":{"name":"ERL","kind":"KTM / rail","feature":"line"}},
{"type":"Feature","geometry":{"type":"LineString","coordinates":[[101.69503,2.79561],[101.69461,2.79456],[101.69426,2.79351],[101.69395,2.79212],[101.69367,2.7901]]},"properties":{"name":"ERL","kind":"KTM / rail","feature":"line"}},
{"type":"Feature","geometry":{"type":"LineString","coordinates":[[101.69549,2.79653],[101.69503,2.79561]]},"properties":{"name":"ERL","kind":"KTM / rail","feature":"line"}},
{"type":"Feature","geometry":{"type":"LineString","coordinates":[[101.7005,2.80218],[101.69963,2.80155],[101.69889,2.80092],[101.69805,2.80012],[101.69688,2.79877],[101.69603,2.7975],[101.69549,2.79653]]},"properties":{"name":"ERL","kind":"KTM / rail","feature":"line"}},
{"type":"Feature","geometry":{"type":"LineString","coordinates":[[101.71255,2.81263],[101.71174,2.81109],[101.71126,2.81032],[101.7102,2.80891],[101.70931,2.80794],[101.7083,2.80699],[101.70746,2.80634],[101.70643,2.80564],[101.70501,2.80482],[101.70132,2.80271],[101.7005,2.80218]]},"properties":{"name":"ERL","kind":"KTM / rail","feature":"line"}},
{"type":"Feature","geometry":{"type":"LineString","coordinates":[[101.71279,2.81323],[101.71255,2.81263]]},"properties":{"name":"ERL","kind":"KTM / rail","feature":"line"}},
{"type":"Feature","geometry":{"type":"LineString","coordinates":[[101.71371,2.82191],[101.71386,2.81958],[101.71384,2.81816],[101.71366,2.81661],[101.71324,2.81475],[101.71274,2.81325]]},"properties":{"name":"ERL","kind":"KTM / rail","feature":"line"}},
{"type":"Feature","geometry":{"type":"LineString","coordinates":[[101.71249,2.81266],[101.71168,2.81112],[101.71121,2.81035],[101.71015,2.80895],[101.70927,2.80798],[101.70826,2.80704],[101.70743,2.80639],[101.7064,2.80569],[101.70498,2.80487],[101.70129,2.80276],[101.70047,2.80223]]},"properties":{"name":"ERL","kind":"KTM / rail","feature":"line"}},
{"type":"Feature","geometry":{"type":"LineString","coordinates":[[101.71274,2.81325],[101.71249,2.81266]]},"properties":{"name":"ERL","kind":"KTM / rail","feature":"line"}},
{"type":"Feature","geometry":{"type":"LineString","coordinates":[[101.71493,3.07954],[101.7143,3.07879],[101.71357,3.07823],[101.71171,3.0769],[101.71081,3.07601],[101.70997,3.07489],[101.70942,3.07383],[101.70895,3.07239],[101.70872,3.07093],[101.70795,3.0646],[101.70769,3.06275],[101.70728,3.0592],[101.70697,3.05677],[101.70692,3.05608],[101.70679,3.05245],[101.7067,3.05087],[101.70663,3.04795],[101.70673,3.04724],[101.70699,3.04637],[101.70761,3.04508],[101.70798,3.04387],[101.70806,3.04324],[101.70823,3.04139],[101.70869,3.03943],[101.70881,3.03865],[101.70878,3.03754],[101.70838,3.03551],[101.70837,3.03423],[101.70847,3.03357],[101.70888,3.03247],[101.70932,3.03172],[101.70975,3.03117],[101.71101,3.03017],[101.712,3.02953],[101.71282,3.02877],[101.71318,3.02833],[101.71393,3.02699]]},"properties":{"name":"KTM","kind":"KTM / rail","feature":"line"}},
{"type":"Feature","geometry":{"type":"LineString","coordinates":[[101.76247,2.99076],[101.7632,2.99092],[101.76398,2.99119],[101.76487,2.99161],[101.76593,2.99237],[101.76799,2.99417],[101.76881,2.99477],[101.76966,2.99524],[101.77034,2.99553],[101.77168,2.99587],[101.77283,2.99596],[101.77364,2.99591],[101.77463,2.99573],[101.77524,2.99555],[101.78094,2.99315],[101.78353,2.99204],[101.78636,2.99088],[101.78681,2.9907]]},"properties":{"name":"KTM","kind":"KTM / rail","feature":"line"}},
{"type":"Feature","geometry":{"type":"LineString","coordinates":[[101.7623,2.99073],[101.76247,2.99076]]},"properties":{"name":"KTM","kind":"KTM / rail","feature":"line"}},
{"type":"Feature","geometry":{"type":"LineString","coordinates":[[101.78737,2.99045],[101.78822,2.99008]]},"properties":{"name":"KTM","kind":"KTM / rail","feature":"line"}},
{"type":"Feature","geometry":{"type":"LineString","coordinates":[[101.78681,2.9907],[101.78737,2.99045]]},"properties":{"name":"KTM","kind":"KTM / rail","feature":"line"}},
{"type":"Feature","geometry":{"type":"LineString","coordinates":[[101.78851,2.98995],[101.78932,2.98937],[101.78985,2.98879],[101.79022,2.98817],[101.79047,2.98751],[101.79061,2.98665],[101.79059,2.98558],[101.79062,2.98499],[101.79051,2.97948],[101.79047,2.97898],[101.79033,2.97201]]},"properties":{"name":"KTM","kind":"KTM / rail","feature":"line"}},
{"type":"Feature","geometry":{"type":"LineString","coordinates":[[101.78822,2.99008],[101.78851,2.98995]]},"properties":{"name":"KTM","kind":"KTM / rail","feature":"line"}},
{"type":"Feature","geometry":{"type":"LineString","coordinates":[[101.79033,2.97179],[101.79026,2.96839],[101.79033,2.96768],[101.79062,2.96657],[101.79158,2.96371]]},"properties":{"name":"KTM","kind":"KTM / rail","feature":"line"}},
{"type":"Feature","geometry":{"type":"LineString","coordinates":[[101.79033,2.97201],[101.79033,2.97179]]},"properties":{"name":"KTM","kind":"KTM / rail","feature":"line"}},
{"type":"Feature","geometry":{"type":"LineString","coordinates":[[101.7903,2.9718],[101.79028,2.97013],[101.79024,2.96839],[101.79029,2.96768],[101.79058,2.96657],[101.79155,2.9637]]},"properties":{"name":"KTM","kind":"KTM / rail","feature":"line"}},
{"type":"Feature","geometry":{"type":"LineString","coordinates":[[101.7903,2.972],[101.7903,2.9718]]},"properties":{"name":"KTM","kind":"KTM / rail","feature":"line"}},
{"type":"Feature","geometry":{"type":"LineString","coordinates":[[101.79164,2.96354],[101.79257,2.96068],[101.79285,2.95939],[101.79288,2.95864],[101.79286,2.95802],[101.79277,2.95745],[101.79244,2.95631],[101.79213,2.95558],[101.79007,2.95155],[101.78842,2.94827]]},"properties":{"name":"KTM","kind":"KTM / rail","feature":"line"}},
{"type":"Feature","geometry":{"type":"LineString","coordinates":[[101.79158,2.96371],[101.79164,2.96354]]},"properties":{"name":"KTM","kind":"KTM / rail","feature":"line"}},
{"type":"Feature","geometry":{"type":"LineString","coordinates":[[101.78842,2.94827],[101.78824,2.94792]]},"properties":{"name":"KTM","kind":"KTM / rail","feature":"line"}},
{"type":"Feature","geometry":{"type":"LineString","coordinates":[[101.78824,2.94792],[101.78663,2.9448],[101.78627,2.94404],[101.7861,2.94337],[101.78607,2.94261],[101.78615,2.94203],[101.78635,2.94144],[101.78667,2.94086],[101.78691,2.94054]]},"properties":{"name":"KTM","kind":"KTM / rail","feature":"line"}},
{"type":"Feature","geometry":{"type":"LineString","coordinates":[[101.78716,2.94027],[101.78991,2.93808],[101.79083,2.93743],[101.79297,2.93581],[101.79361,2.93524],[101.7939,2.9349],[101.79434,2.93415],[101.79452,2.9336],[101.79461,2.93275],[101.79456,2.93216],[101.79438,2.93121],[101.7938,2.9285],[101.79374,2.92791],[101.79393,2.9268],[101.7944,2.9258],[101.79523,2.92468],[101.79557,2.92413],[101.79585,2.92343],[101.79598,2.92274],[101.79675,2.91746],[101.79684,2.91667],[101.79682,2.91573],[101.79654,2.9146],[101.79538,2.91086],[101.79474,2.90901],[101.79434,2.90823],[101.79381,2.90763],[101.79354,2.90742],[101.79276,2.90701],[101.79236,2.90687],[101.78908,2.90626],[101.78847,2.90608],[101.78751,2.90554],[101.78692,2.90501],[101.78644,2.90432],[101.78616,2.90377]]},"properties":{"name":"KTM","kind":"KTM / rail","feature":"line"}},
{"type":"Feature","geometry":{"type":"LineString","coordinates":[[101.78691,2.94054],[101.78716,2.94027]]},"properties":{"name":"KTM","kind":"KTM / rail","feature":"line"}},
{"type":"Feature","geometry":{"type":"LineString","coordinates":[[101.60832,3.58931],[101.60909,3.58817],[101.61039,3.58631],[101.61166,3.58441],[101.61233,3.58315],[101.61257,3.58262],[101.61298,3.5814],[101.61324,3.58028],[101.61335,3.57937],[101.61344,3.57742]]},"properties":{"name":"KTM","kind":"KTM / rail","feature":"line"}},
{"type":"Feature","geometry":{"type":"LineString","coordinates":[[101.61368,3.57509],[101.61381,3.57462]]},"properties":{"name":"KTM","kind":"KTM / rail","feature":"line"}},
{"type":"Feature","geometry":{"type":"LineString","coordinates":[[101.60835,3.58934],[101.60912,3.58817],[101.61042,3.58633],[101.6117,3.58444],[101.61237,3.58318],[101.61261,3.58263],[101.61303,3.5814],[101.61328,3.58028],[101.61339,3.57937],[101.61348,3.57742]]},"properties":{"name":"KTM","kind":"KTM / rail","feature":"line"}},
{"type":"Feature","geometry":{"type":"LineString","coordinates":[[101.61372,3.5751],[101.61385,3.57463]]},"properties":{"name":"KTM","kind":"KTM / rail","feature":"line"}},
{"type":"Feature","geometry":{"type":"LineString","coordinates":[[101.57855,3.20667],[101.57934,3.20639],[101.58004,3.20618],[101.58133,3.20578],[101.58232,3.20537],[101.58437,3.20417],[101.5849,3.2039]]},"properties":{"name":"KTM","kind":"KTM / rail","feature":"line"}},
{"type":"Feature","geometry":{"type":"LineString","coordinates":[[101.57856,3.20669],[101.57917,3.20654],[101.58006,3.20627],[101.58133,3.20589],[101.58236,3.20547],[101.58442,3.20425],[101.58492,3.20393]]},"properties":{"name":"KTM","kind":"KTM / rail","feature":"line"}},
{"type":"Feature","geometry":{"type":"LineString","coordinates":[[101.65595,2.95387],[101.65647,2.95248],[101.65682,2.95132],[101.65776,2.94872],[101.65824,2.94677],[101.65874,2.94593],[101.659,2.94567],[101.66007,2.94497],[101.66091,2.94426],[101.66132,2.94385],[101.66243,2.94254],[101.66321,2.94171],[101.66431,2.94067],[101.66495,2.93998],[101.66662,2.93768],[101.66715,2.93721],[101.67033,2.93537],[101.67106,2.93481],[101.67116,2.9347],[101.67126,2.93455],[101.67135,2.93443],[101.67151,2.93415],[101.67175,2.93344],[101.67176,2.93242],[101.67139,2.93061]]},"properties":{"name":"Laluan Putrajaya","kind":"MRT","feature":"line"}},
{"type":"Feature","geometry":{"type":"LineString","coordinates":[[101.65592,2.95386],[101.65653,2.95214],[101.65724,2.94975],[101.6577,2.94839],[101.65804,2.94696],[101.65825,2.94647],[101.65856,2.94602],[101.65909,2.94553],[101.66004,2.94492],[101.66062,2.94446],[101.66127,2.94381],[101.66238,2.94251],[101.6631,2.94174],[101.66401,2.94088],[101.66488,2.93987],[101.66624,2.93796],[101.66687,2.93733],[101.66751,2.93692],[101.67032,2.93532],[101.67097,2.93476],[101.67107,2.93463],[101.67119,2.93446],[101.67137,2.93414],[101.67156,2.93368],[101.67164,2.93267],[101.67123,2.93065]]},"properties":{"name":"Laluan Putrajaya","kind":"MRT","feature":"line"}},
{"type":"Feature","geometry":{"type":"LineString","coordinates":[[101.6919,3.00086],[101.69001,3.00043],[101.68885,3.00008],[101.68749,2.99962]]},"properties":{"name":"Laluan Putrajaya","kind":"MRT","feature":"line"}},
{"type":"Feature","geometry":{"type":"LineString","coordinates":[[101.69191,3.00081],[101.69002,3.00038],[101.68815,2.99981],[101.6875,2.99957]]},"properties":{"name":"Laluan Putrajaya","kind":"MRT","feature":"line"}},
{"type":"Feature","geometry":{"type":"LineString","coordinates":[[101.39143,2.99948],[101.39166,2.99913]]},"properties":{"name":"Pelabuhan Klang - West Port","kind":"KTM / rail","feature":"line"}},
{"type":"Feature","geometry":{"type":"LineString","coordinates":[[101.39117,2.99992],[101.39143,2.99948]]},"properties":{"name":"Pelabuhan Klang - West Port","kind":"KTM / rail","feature":"line"}},
{"type":"Feature","geometry":{"type":"LineString","coordinates":[[101.39641,2.99129],[101.39677,2.9906]]},"properties":{"name":"Pelabuhan Klang - West Port","kind":"KTM / rail","feature":"line"}},
{"type":"Feature","geometry":{"type":"LineString","coordinates":[[101.39632,2.99142],[101.39641,2.99129]]},"properties":{"name":"Pelabuhan Klang - West Port","kind":"KTM / rail","feature":"line"}},
{"type":"Feature","geometry":{"type":"LineString","coordinates":[[101.3624,3.02908],[101.36244,3.02836],[101.36238,3.02781]]},"properties":{"name":"KTM","kind":"KTM / rail","feature":"line"}},
{"type":"Feature","geometry":{"type":"LineString","coordinates":[[101.72437,3.23171],[101.72436,3.23122]]},"properties":{"name":"Laluan Kelana Jaya","kind":"LRT","feature":"line"}},
{"type":"Feature","geometry":{"type":"LineString","coordinates":[[101.72449,3.23171],[101.72449,3.23122]]},"properties":{"name":"Laluan Kelana Jaya","kind":"LRT","feature":"line"}},
{"type":"Feature","geometry":{"type":"LineString","coordinates":[[101.72449,3.23177],[101.72449,3.23171]]},"properties":{"name":"Laluan Kelana Jaya","kind":"LRT","feature":"line"}},
{"type":"Feature","geometry":{"type":"LineString","coordinates":[[101.67837,3.23356],[101.67856,3.23372]]},"properties":{"name":"KTM","kind":"KTM / rail","feature":"line"}},
{"type":"Feature","geometry":{"type":"LineString","coordinates":[[101.67856,3.23372],[101.67897,3.23402]]},"properties":{"name":"KTM","kind":"KTM / rail","feature":"line"}},
{"type":"Feature","geometry":{"type":"LineString","coordinates":[[101.67897,3.23402],[101.6801,3.23494]]},"properties":{"name":"KTM","kind":"KTM / rail","feature":"line"}},
{"type":"Feature","geometry":{"type":"LineString","coordinates":[[101.6801,3.23494],[101.6809,3.23572],[101.68112,3.23611],[101.6812,3.23703]]},"properties":{"name":"KTM","kind":"KTM / rail","feature":"line"}},
{"type":"Feature","geometry":{"type":"LineString","coordinates":[[101.6725,3.1153],[101.67294,3.11408],[101.67377,3.11205],[101.6743,3.1108],[101.67452,3.10985],[101.6745,3.10912],[101.67442,3.10867],[101.67406,3.10768],[101.67338,3.10654],[101.67302,3.10584],[101.67264,3.1049],[101.67069,3.09824],[101.67022,3.09667],[101.66944,3.09305],[101.66936,3.09216],[101.66939,3.09167],[101.66973,3.08999],[101.66973,3.08949],[101.66958,3.0889],[101.66918,3.08829],[101.66878,3.08795],[101.66834,3.08773],[101.65398,3.08259]]},"properties":{"name":"KTM","kind":"KTM / rail","feature":"line"}},
{"type":"Feature","geometry":{"type":"LineString","coordinates":[[101.62509,3.08484],[101.62471,3.08481]]},"properties":{"name":"KTM","kind":"KTM / rail","feature":"line"}},
{"type":"Feature","geometry":{"type":"LineString","coordinates":[[101.62472,3.08484],[101.6219,3.08454]]},"properties":{"name":"KTM","kind":"KTM / rail","feature":"line"}},
{"type":"Feature","geometry":{"type":"LineString","coordinates":[[101.62509,3.08488],[101.62472,3.08484]]},"properties":{"name":"KTM","kind":"KTM / rail","feature":"line"}},
{"type":"Feature","geometry":{"type":"LineString","coordinates":[[101.65392,3.08257],[101.6531,3.08233],[101.65217,3.08212],[101.65135,3.082],[101.65021,3.0819],[101.64933,3.0819],[101.64779,3.08203],[101.64142,3.08302],[101.63228,3.08448],[101.62932,3.08492],[101.62803,3.08505],[101.62669,3.08504],[101.62509,3.08488]]},"properties":{"name":"KTM","kind":"KTM / rail","feature":"line"}},
{"type":"Feature","geometry":{"type":"LineString","coordinates":[[101.65398,3.08259],[101.65392,3.08257]]},"properties":{"name":"KTM","kind":"KTM / rail","feature":"line"}},
{"type":"Feature","geometry":{"type":"LineString","coordinates":[[101.61357,3.08346],[101.61263,3.08331],[101.60974,3.08292],[101.60856,3.08287],[101.6069,3.08284]]},"properties":{"name":"KTM","kind":"KTM / rail","feature":"line"}},
{"type":"Feature","geometry":{"type":"LineString","coordinates":[[101.60524,3.08279],[101.60484,3.08278]]},"properties":{"name":"KTM","kind":"KTM / rail","feature":"line"}},
{"type":"Feature","geometry":{"type":"LineString","coordinates":[[101.57806,3.0816],[101.57488,3.08125],[101.57396,3.08107],[101.5735,3.08092],[101.57311,3.08068],[101.57239,3.07989],[101.57209,3.07931],[101.57162,3.0781],[101.5714,3.07768],[101.57074,3.07692],[101.57,3.07643],[101.56913,3.07611],[101.56861,3.07603],[101.56739,3.07606],[101.56467,3.07657]]},"properties":{"name":"KTM","kind":"KTM / rail","feature":"line"}},
{"type":"Feature","geometry":{"type":"LineString","coordinates":[[101.59083,3.08446],[101.59021,3.08448],[101.58829,3.08466],[101.58736,3.08472],[101.58644,3.08464],[101.58574,3.08443],[101.58438,3.08366]]},"properties":{"name":"KTM","kind":"KTM / rail","feature":"line"}},
{"type":"Feature","geometry":{"type":"LineString","coordinates":[[101.59084,3.0845],[101.58988,3.08461],[101.58735,3.08481],[101.58645,3.08475],[101.58602,3.08464],[101.58541,3.08438],[101.58435,3.0837]]},"properties":{"name":"KTM","kind":"KTM / rail","feature":"line"}},
{"type":"Feature","geometry":{"type":"LineString","coordinates":[[101.71414,3.02663],[101.71435,3.02629],[101.71667,3.02194],[101.71717,3.02092]]},"properties":{"name":"KTM","kind":"KTM / rail","feature":"line"}},
{"type":"Feature","geometry":{"type":"LineString","coordinates":[[101.71412,3.02654],[101.71432,3.02611],[101.71727,3.02054],[101.7177,3.01978],[101.71819,3.01912]]},"properties":{"name":"KTM","kind":"KTM / rail","feature":"line"}},
{"type":"Feature","geometry":{"type":"LineString","coordinates":[[101.79053,2.98534],[101.79049,2.98477],[101.79037,2.98023],[101.79043,2.9787]]},"properties":{"name":"KTM","kind":"KTM / rail","feature":"line"}},
{"type":"Feature","geometry":{"type":"LineString","coordinates":[[101.79059,2.98558],[101.79047,2.97898]]},"properties":{"name":"KTM","kind":"KTM / rail","feature":"line"}},
{"type":"Feature","geometry":{"type":"LineString","coordinates":[[101.56467,3.07657],[101.56362,3.0767],[101.56266,3.07676],[101.5616,3.07663],[101.5606,3.07628],[101.55872,3.07536],[101.55822,3.07515]]},"properties":{"name":"KTM","kind":"KTM / rail","feature":"line"}},
{"type":"Feature","geometry":{"type":"LineString","coordinates":[[101.56471,3.0766],[101.56378,3.07679],[101.56242,3.07685],[101.56167,3.07675],[101.56061,3.0764],[101.5597,3.07598],[101.55818,3.07518]]},"properties":{"name":"KTM","kind":"KTM / rail","feature":"line"}},
{"type":"Feature","geometry":{"type":"LineString","coordinates":[[101.55508,3.07353],[101.55414,3.07307]]},"properties":{"name":"KTM","kind":"KTM / rail","feature":"line"}},
{"type":"Feature","geometry":{"type":"LineString","coordinates":[[101.55414,3.07307],[101.55352,3.07271],[101.5528,3.07218],[101.55175,3.07122],[101.55126,3.07061],[101.5507,3.0697],[101.54943,3.06719],[101.54889,3.06622],[101.54846,3.06568],[101.54761,3.06485],[101.5455,3.06316],[101.54495,3.06279],[101.54427,3.06222],[101.54371,3.06185],[101.54246,3.06141],[101.53929,3.06087],[101.53786,3.0605],[101.53232,3.05874],[101.5297,3.05784],[101.5285,3.05748],[101.52249,3.05558],[101.52051,3.05504],[101.51573,3.05353]]},"properties":{"name":"KTM","kind":"KTM / rail","feature":"line"}},
{"type":"Feature","geometry":{"type":"LineString","coordinates":[[101.53006,3.05808],[101.52754,3.05729],[101.52327,3.05596],[101.52218,3.05561]]},"properties":{"name":"KTM","kind":"KTM / rail","feature":"line"}},
{"type":"Feature","geometry":{"type":"LineString","coordinates":[[101.55413,3.0731],[101.5535,3.07275],[101.55276,3.0722],[101.55191,3.07142],[101.5515,3.07098],[101.55097,3.07024],[101.55065,3.06968],[101.5494,3.0672],[101.54887,3.06624],[101.54805,3.0653],[101.54733,3.06465],[101.54549,3.06318],[101.54492,3.0628],[101.54394,3.06202],[101.54347,3.06178],[101.54242,3.06145],[101.53929,3.0609],[101.53848,3.06071],[101.53627,3.06003],[101.53006,3.05808],[101.529,3.05767],[101.52364,3.05598],[101.52218,3.05561],[101.52125,3.05531],[101.51572,3.05357]]},"properties":{"name":"KTM","kind":"KTM / rail","feature":"line"}},
{"type":"Feature","geometry":{"type":"LineString","coordinates":[[101.51572,3.05357],[101.51539,3.05346]]},"properties":{"name":"KTM","kind":"KTM / rail","feature":"line"}},
{"type":"Feature","geometry":{"type":"LineString","coordinates":[[101.51573,3.05353],[101.5154,3.05343]]},"properties":{"name":"KTM","kind":"KTM / rail","feature":"line"}},
{"type":"Feature","geometry":{"type":"LineString","coordinates":[[101.49091,3.05234],[101.48409,3.05256],[101.481,3.05264],[101.47969,3.05251],[101.47898,3.05234],[101.47812,3.05202],[101.47732,3.0516],[101.47462,3.04983],[101.47405,3.04932],[101.47379,3.04892],[101.47357,3.04822],[101.47356,3.04774],[101.47366,3.04728],[101.47418,3.04554],[101.47427,3.0447],[101.47413,3.04364],[101.474,3.04322],[101.47373,3.04264]]},"properties":{"name":"KTM","kind":"KTM / rail","feature":"line"}},
{"type":"Feature","geometry":{"type":"LineString","coordinates":[[101.49771,3.05217],[101.49692,3.05222],[101.49267,3.05236],[101.4909,3.05237]]},"properties":{"name":"KTM","kind":"KTM / rail","feature":"line"}},
{"type":"Feature","geometry":{"type":"LineString","coordinates":[[101.49758,3.05213],[101.49687,3.05212],[101.49163,3.05226],[101.49091,3.05234]]},"properties":{"name":"KTM","kind":"KTM / rail","feature":"line"}},
{"type":"Feature","geometry":{"type":"LineString","coordinates":[[101.47373,3.04264],[101.47267,3.04054]]},"properties":{"name":"KTM","kind":"KTM / rail","feature":"line"}},
{"type":"Feature","geometry":{"type":"LineString","coordinates":[[101.47267,3.04054],[101.47102,3.03737],[101.47025,3.03594],[101.46962,3.03505],[101.46895,3.03443],[101.46789,3.03382],[101.467,3.03354],[101.46647,3.03345],[101.46568,3.03344],[101.46487,3.03355],[101.46019,3.03445],[101.45907,3.0347],[101.45842,3.0349],[101.45755,3.03529],[101.45682,3.03574],[101.45602,3.03637],[101.4554,3.03702],[101.45475,3.03786],[101.45227,3.04136],[101.45156,3.04219],[101.45106,3.04259],[101.45045,3.04292],[101.44752,3.04407],[101.44677,3.04452],[101.44621,3.04497],[101.44578,3.04533],[101.44526,3.04571],[101.44446,3.04613],[101.44347,3.04651],[101.44211,3.04677],[101.4411,3.0468],[101.43981,3.04662],[101.43887,3.04632],[101.43771,3.04576],[101.4367,3.04499],[101.43166,3.04029],[101.42851,3.03734],[101.42428,3.0334],[101.42157,3.03092],[101.4191,3.02863],[101.41878,3.02831],[101.41657,3.02625],[101.41513,3.0249]]},"properties":{"name":"KTM","kind":"KTM / rail","feature":"line"}},
{"type":"Feature","geometry":{"type":"LineString","coordinates":[[101.4542,3.0387],[101.45405,3.03896],[101.45343,3.0399],[101.45194,3.04197],[101.45134,3.04254],[101.45064,3.04296],[101.44931,3.04343],[101.44886,3.04358]]},"properties":{"name":"KTM","kind":"KTM / rail","feature":"line"}},
{"type":"Feature","geometry":{"type":"LineString","coordinates":[[101.45405,3.03896],[101.45351,3.03986],[101.45192,3.04205],[101.45129,3.04262],[101.45076,3.04294],[101.45004,3.04323],[101.44931,3.04343]]},"properties":{"name":"KTM","kind":"KTM / rail","feature":"line"}},
{"type":"Feature","geometry":{"type":"LineString","coordinates":[[101.41513,3.0249],[101.41483,3.02461]]},"properties":{"name":"KTM","kind":"KTM / rail","feature":"line"}},
{"type":"Feature","geometry":{"type":"LineString","coordinates":[[101.40039,3.01111],[101.39764,3.00856],[101.39544,3.00648],[101.39202,3.00329],[101.39123,3.00238],[101.39086,3.00159],[101.39082,3.00103],[101.39097,3.00044],[101.39146,2.99963],[101.39164,2.9992]]},"properties":{"name":"KTM","kind":"KTM / rail","feature":"line"}},
{"type":"Feature","geometry":{"type":"LineString","coordinates":[[101.40522,3.01562],[101.40477,3.01515],[101.40083,3.01147],[101.40039,3.01111]]},"properties":{"name":"KTM","kind":"KTM / rail","feature":"line"}},
{"type":"Feature","geometry":{"type":"LineString","coordinates":[[101.40741,3.01774],[101.40422,3.01487],[101.40143,3.01226],[101.40046,3.0117]]},"properties":{"name":"KTM","kind":"KTM / rail","feature":"line"}},
{"type":"Feature","geometry":{"type":"LineString","coordinates":[[101.40046,3.0117],[101.40013,3.01145],[101.39958,3.01061],[101.3988,3.00977],[101.39701,3.00813],[101.39409,3.00539],[101.39158,3.00301],[101.39104,3.00231],[101.39083,3.00177],[101.39072,3.00099],[101.39087,3.00035],[101.39151,2.99929],[101.39166,2.99905]]},"properties":{"name":"KTM","kind":"KTM / rail","feature":"line"}},
{"type":"Feature","geometry":{"type":"LineString","coordinates":[[101.39104,3.00231],[101.39078,3.00173],[101.39068,3.00106],[101.39071,3.00072],[101.39096,3.00008],[101.39151,2.99929]]},"properties":{"name":"KTM","kind":"KTM / rail","feature":"line"}},
{"type":"Feature","geometry":{"type":"LineString","coordinates":[[101.72919,3.12452],[101.73208,3.1262],[101.73414,3.12736],[101.73684,3.12895],[101.739,3.13023],[101.74495,3.13374],[101.7513,3.13746],[101.75306,3.13847],[101.75524,3.13982],[101.75774,3.1413],[101.75867,3.14203],[101.75941,3.14294],[101.75965,3.14337],[101.75989,3.14396],[101.75999,3.14492],[101.75982,3.14658],[101.75994,3.14917]]},"properties":{"name":"Ampang Line","kind":"LRT","feature":"line"}},
{"type":"Feature","geometry":{"type":"LineString","coordinates":[[101.54302,3.07898],[101.54761,3.0793],[101.54845,3.07963],[101.55248,3.082],[101.55299,3.08222],[101.55346,3.08231],[101.55504,3.08235],[101.5641,3.08235],[101.56546,3.08234],[101.56682,3.08216],[101.56753,3.08235],[101.56865,3.08326],[101.56896,3.08336],[101.56994,3.0834],[101.57044,3.08359],[101.57089,3.08432],[101.57112,3.08496],[101.57138,3.08596],[101.5718,3.08679],[101.57252,3.08767],[101.57344,3.0883],[101.57662,3.09019],[101.57912,3.09116],[101.58041,3.09175],[101.58104,3.09187],[101.58201,3.0918],[101.58275,3.09191],[101.58353,3.09226],[101.58557,3.09337],[101.58628,3.09371],[101.58775,3.09425],[101.58831,3.0947],[101.58944,3.09612],[101.58987,3.09694],[101.58992,3.09729],[101.58992,3.09756],[101.58959,3.09883],[101.58957,3.09935],[101.58962,3.10063],[101.58963,3.1021],[101.58979,3.10312],[101.59003,3.10367],[101.59107,3.10504],[101.59119,3.10544],[101.59121,3.10688],[101.59119,3.10826],[101.59136,3.10903],[101.59165,3.10969],[101.59197,3.1107],[101.59216,3.11206],[101.59237,3.11394],[101.59261,3.11577],[101.59289,3.11742],[101.5939,3.12157],[101.59438,3.12335],[101.59529,3.12652],[101.59538,3.12694],[101.59546,3.12825],[101.59583,3.13147],[101.59598,3.13225],[101.59614,3.13266],[101.59662,3.13337],[101.59724,3.1338],[101.59799,3.13409],[101.59849,3.13413],[101.6029,3.13365],[101.60369,3.1336],[101.60575,3.13339],[101.6076,3.13307],[101.60805,3.13317],[101.60868,3.1335],[101.60933,3.13364],[101.61041,3.13349],[101.61422,3.13306],[101.61495,3.133],[101.61538,3.13304],[101.61584,3.13328],[101.61638,3.13405],[101.61716,3.13609],[101.61741,3.1374],[101.61748,3.13822],[101.61748,3.13928],[101.6173,3.14035],[101.61715,3.14262],[101.61717,3.14305],[101.61745,3.14369],[101.61886,3.14491]]},"properties":{"name":"LRT 3","kind":"LRT","feature":"line"}},
{"type":"Feature","geometry":{"type":"LineString","coordinates":[[101.52813,3.06822],[101.53069,3.06846],[101.53118,3.0686],[101.53171,3.06916],[101.53234,3.0702],[101.53257,3.07073],[101.53267,3.07137],[101.53263,3.07249],[101.5329,3.07377],[101.53296,3.0746],[101.53316,3.07517],[101.53386,3.07583],[101.53427,3.07609],[101.53676,3.07731],[101.53761,3.07781],[101.53815,3.07794],[101.5389,3.07781],[101.53921,3.07785],[101.5408,3.07854],[101.54167,3.07874],[101.54302,3.07898]]},"properties":{"name":"LRT 3","kind":"LRT","feature":"line"}},
{"type":"Feature","geometry":{"type":"LineString","coordinates":[[101.56885,3.1753],[101.56931,3.17539],[101.56977,3.17548]]},"properties":{"name":"Laluan Putrajaya","kind":"MRT","feature":"line"}},
{"type":"Feature","geometry":{"type":"LineString","coordinates":[[101.56974,3.17555],[101.56931,3.17539],[101.56888,3.17522]]},"properties":{"name":"Laluan Putrajaya","kind":"MRT","feature":"line"}},
{"type":"Feature","geometry":{"type":"LineString","coordinates":[[101.57202,3.02125],[101.57204,3.01993],[101.57206,3.0172]]},"properties":{"name":"Laluan Kelana Jaya","kind":"LRT","feature":"line"}},
{"type":"Feature","geometry":{"type":"LineString","coordinates":[[101.57199,3.02126],[101.57199,3.02417],[101.57203,3.02541],[101.57205,3.0283],[101.57207,3.02903],[101.57219,3.02943],[101.57251,3.0299],[101.5728,3.03012],[101.57351,3.03034],[101.57533,3.03054],[101.57747,3.03032],[101.57815,3.0301],[101.57864,3.02983],[101.57988,3.02891],[101.5803,3.02886],[101.58084,3.02906],[101.58259,3.03037],[101.58322,3.03067],[101.58404,3.03083],[101.58529,3.03091],[101.58663,3.03123],[101.58735,3.03164],[101.58783,3.03225],[101.58807,3.03301],[101.5881,3.03659],[101.58809,3.0389],[101.58811,3.0447],[101.58818,3.04519],[101.58856,3.046],[101.59157,3.04943],[101.59181,3.04991],[101.59198,3.05077],[101.59194,3.05484],[101.592,3.05796],[101.5922,3.05879],[101.59262,3.05993],[101.59309,3.06131],[101.59315,3.06196],[101.59289,3.06244],[101.59235,3.06276],[101.592,3.06279],[101.59041,3.06275],[101.58718,3.06285],[101.58671,3.06301],[101.5863,3.06342],[101.58616,3.06372],[101.58611,3.0642],[101.5861,3.07297],[101.58611,3.07424],[101.58611,3.07713],[101.586,3.07794],[101.58566,3.07867],[101.5847,3.08027],[101.58376,3.08204],[101.58357,3.08249],[101.58352,3.0828],[101.58355,3.08303],[101.58359,3.08325],[101.58377,3.08358],[101.58436,3.08401],[101.5856,3.0847]]},"properties":{"name":"Laluan Kelana Jaya","kind":"LRT","feature":"line"}},
{"type":"Feature","geometry":{"type":"LineString","coordinates":[[101.59062,3.08715],[101.59098,3.08638],[101.59099,3.08581],[101.59077,3.08531],[101.59046,3.08501],[101.58987,3.08474],[101.58911,3.08475]]},"properties":{"name":"Laluan Kelana Jaya","kind":"LRT","feature":"line"}},
{"type":"Feature","geometry":{"type":"LineString","coordinates":[[101.5856,3.0847],[101.58613,3.08496],[101.58642,3.085],[101.58911,3.08479],[101.58979,3.08477],[101.59041,3.08501],[101.59075,3.08535],[101.59096,3.08582],[101.59096,3.08637],[101.59058,3.08714]]},"properties":{"name":"Laluan Kelana Jaya","kind":"LRT","feature":"line"}},
{"type":"Feature","geometry":{"type":"LineString","coordinates":[[101.5907,3.09125],[101.59019,3.08889],[101.59018,3.08842],[101.59028,3.08788],[101.59062,3.08715]]},"properties":{"name":"Laluan Kelana Jaya","kind":"LRT","feature":"line"}},
{"type":"Feature","geometry":{"type":"LineString","coordinates":[[101.59102,3.09304],[101.59104,3.0938],[101.59074,3.095],[101.59038,3.09591],[101.59024,3.09628],[101.5899,3.09716],[101.58954,3.09808],[101.58912,3.09903],[101.58819,3.10034],[101.58799,3.10078],[101.58599,3.10595]]},"properties":{"name":"Laluan Kelana Jaya","kind":"LRT","feature":"line"}},
{"type":"Feature","geometry":{"type":"LineString","coordinates":[[101.60259,3.11289],[101.60031,3.1134],[101.59991,3.11342],[101.59945,3.11327],[101.59794,3.11235],[101.59683,3.11203],[101.59534,3.11117],[101.59461,3.111],[101.59416,3.11098],[101.59266,3.11116],[101.59229,3.1113],[101.59209,3.11141],[101.59168,3.1117]]},"properties":{"name":"Laluan Kelana Jaya","kind":"LRT","feature":"line"}},
{"type":"Feature","geometry":{"type":"LineString","coordinates":[[101.60261,3.11293],[101.6052,3.11236],[101.60686,3.11192],[101.61103,3.11105],[101.61272,3.11072],[101.61506,3.11021],[101.6155,3.11008],[101.61625,3.1096],[101.62026,3.10658],[101.62089,3.10612],[101.62318,3.10471],[101.62443,3.10382],[101.62505,3.10354],[101.62717,3.10328],[101.62777,3.10325],[101.6299,3.10346],[101.63398,3.10394],[101.63609,3.10417]]},"properties":{"name":"Laluan Kelana Jaya","kind":"LRT","feature":"line"}},
{"type":"Feature","geometry":{"type":"LineString","coordinates":[[101.6361,3.10412],[101.63398,3.10391],[101.63008,3.10344],[101.62777,3.10322],[101.62707,3.10325],[101.62521,3.10348],[101.62445,3.10377],[101.62362,3.10438],[101.62249,3.10512],[101.62087,3.10608],[101.6182,3.10807],[101.61612,3.10966],[101.61549,3.11005],[101.61508,3.11018],[101.61271,3.11068],[101.61102,3.11101],[101.60736,3.11179],[101.60638,3.11199]]},"properties":{"name":"Laluan Kelana Jaya","kind":"LRT","feature":"line"}},
{"type":"Feature","geometry":{"type":"LineString","coordinates":[[101.63609,3.10417],[101.63831,3.10449],[101.6391,3.10456],[101.64067,3.10476],[101.64142,3.10478],[101.64218,3.10466],[101.64397,3.10431],[101.64615,3.10394],[101.64807,3.10386],[101.64936,3.10369],[101.65017,3.10387],[101.65085,3.10433],[101.65268,3.10537],[101.65425,3.1063],[101.65628,3.10763],[101.65677,3.10809],[101.65717,3.10867],[101.65805,3.11076]]},"properties":{"name":"Laluan Kelana Jaya","kind":"LRT","feature":"line"}},
{"type":"Feature","geometry":{"type":"LineString","coordinates":[[101.57676,2.99556],[101.57776,2.9951]]},"properties":{"name":"LRT","kind":"LRT","feature":"line"}},
{"type":"Feature","geometry":{"type":"LineString","coordinates":[[101.58438,3.08366],[101.58419,3.08353],[101.58352,3.08306],[101.5825,3.08249],[101.58128,3.08205],[101.5803,3.08185],[101.57806,3.0816]]},"properties":{"name":"KTM","kind":"KTM / rail","feature":"line"}},
{"type":"Feature","geometry":{"type":"LineString","coordinates":[[101.58435,3.0837],[101.58351,3.08309],[101.58249,3.08251],[101.58128,3.08208],[101.58029,3.08188],[101.57806,3.08162]]},"properties":{"name":"KTM","kind":"KTM / rail","feature":"line"}},
{"type":"Feature","geometry":{"type":"LineString","coordinates":[[101.59084,3.0845],[101.58924,3.08463]]},"properties":{"name":"KTM","kind":"KTM / rail","feature":"line"}},
{"type":"Feature","geometry":{"type":"LineString","coordinates":[[101.60484,3.08278],[101.6014,3.0827],[101.60068,3.08272],[101.59961,3.08282],[101.59878,3.08295],[101.59359,3.08407],[101.5925,3.08429],[101.59083,3.08446]]},"properties":{"name":"KTM","kind":"KTM / rail","feature":"line"}},
{"type":"Feature","geometry":{"type":"LineString","coordinates":[[101.57806,3.08162],[101.57722,3.08155]]},"properties":{"name":"KTM","kind":"KTM / rail","feature":"line"}},
{"type":"Feature","geometry":{"type":"LineString","coordinates":[[101.57722,3.08155],[101.57697,3.08153]]},"properties":{"name":"KTM","kind":"KTM / rail","feature":"line"}},
{"type":"Feature","geometry":{"type":"LineString","coordinates":[[101.59083,3.08446],[101.5883,3.08469],[101.58734,3.08475],[101.58644,3.08468],[101.58572,3.08446],[101.58498,3.08406],[101.58438,3.08366]]},"properties":{"name":"KTM","kind":"KTM / rail","feature":"line"}},
{"type":"Feature","geometry":{"type":"LineString","coordinates":[[101.57191,3.32416],[101.57433,3.32075],[101.57464,3.32012],[101.5748,3.31947],[101.57486,3.31758],[101.57487,3.31711]]},"properties":{"name":"KTM","kind":"KTM / rail","feature":"line"}},
{"type":"Feature","geometry":{"type":"LineString","coordinates":[[101.57481,3.31814],[101.57482,3.31759]]},"properties":{"name":"KTM","kind":"KTM / rail","feature":"line"}},
{"type":"Feature","geometry":{"type":"LineString","coordinates":[[101.57487,3.31711],[101.57486,3.31674],[101.57487,3.31637]]},"properties":{"name":"KTM","kind":"KTM / rail","feature":"line"}},
{"type":"Feature","geometry":{"type":"LineString","coordinates":[[101.55514,3.25938],[101.55481,3.25818],[101.55461,3.257],[101.55454,3.25614],[101.55456,3.25514],[101.55463,3.25437],[101.55477,3.25361]]},"properties":{"name":"KTM","kind":"KTM / rail","feature":"line"}},
{"type":"Feature","geometry":{"type":"LineString","coordinates":[[101.55484,3.25334],[101.5551,3.2524]]},"properties":{"name":"KTM","kind":"KTM / rail","feature":"line"}},
{"type":"Feature","geometry":{"type":"LineString","coordinates":[[101.5849,3.2039],[101.58637,3.20304],[101.5871,3.20269],[101.58792,3.20239],[101.59398,3.20061]]},"properties":{"name":"KTM","kind":"KTM / rail","feature":"line"}},
{"type":"Feature","geometry":{"type":"LineString","coordinates":[[101.57855,3.20667],[101.58134,3.20582],[101.58234,3.2054],[101.5849,3.2039]]},"properties":{"name":"KTM","kind":"KTM / rail","feature":"line"}},
{"type":"Feature","geometry":{"type":"LineString","coordinates":[[101.55818,3.07518],[101.55658,3.07438],[101.55506,3.07357]]},"properties":{"name":"KTM","kind":"KTM / rail","feature":"line"}},
{"type":"Feature","geometry":{"type":"LineString","coordinates":[[101.5695,3.07626],[101.56913,3.07613],[101.56832,3.07605],[101.56738,3.07608],[101.56471,3.0766]]},"properties":{"name":"KTM / rail","kind":"KTM / rail","feature":"line"}},
{"type":"Feature","geometry":{"type":"LineString","coordinates":[[101.49771,3.05217],[101.4909,3.05237]]},"properties":{"name":"KTM","kind":"KTM / rail","feature":"line"}},
{"type":"Feature","geometry":{"type":"LineString","coordinates":[[101.51118,3.05216],[101.50984,3.05183],[101.50883,3.05165],[101.50705,3.05144],[101.50532,3.05141],[101.50373,3.05149],[101.50276,3.0516],[101.49901,3.05209],[101.49771,3.05217]]},"properties":{"name":"KTM","kind":"KTM / rail","feature":"line"}},
{"type":"Feature","geometry":{"type":"LineString","coordinates":[[101.40522,3.01562],[101.40039,3.01111]]},"properties":{"name":"KTM","kind":"KTM / rail","feature":"line"}},
{"type":"Feature","geometry":{"type":"LineString","coordinates":[[101.41483,3.02461],[101.408,3.01825],[101.4067,3.01705],[101.40522,3.01562]]},"properties":{"name":"KTM","kind":"KTM / rail","feature":"line"}},
{"type":"Feature","geometry":{"type":"LineString","coordinates":[[101.49758,3.05213],[101.49091,3.05234]]},"properties":{"name":"KTM","kind":"KTM / rail","feature":"line"}},
{"type":"Feature","geometry":{"type":"LineString","coordinates":[[101.51119,3.05212],[101.51043,3.05193],[101.509,3.05164],[101.50702,3.05141],[101.50574,3.05137],[101.50441,3.05141],[101.50292,3.05155],[101.49852,3.05209],[101.49758,3.05213]]},"properties":{"name":"KTM","kind":"KTM / rail","feature":"line"}},
{"type":"Feature","geometry":{"type":"LineString","coordinates":[[101.55822,3.07515],[101.5566,3.07434],[101.55508,3.07353]]},"properties":{"name":"KTM","kind":"KTM / rail","feature":"line"}},
{"type":"Feature","geometry":{"type":"LineString","coordinates":[[101.56467,3.07657],[101.56356,3.07675],[101.56267,3.07679],[101.56159,3.07666],[101.56061,3.07633],[101.55822,3.07515]]},"properties":{"name":"KTM","kind":"KTM / rail","feature":"line"}},
{"type":"Feature","geometry":{"type":"LineString","coordinates":[[101.6069,3.08284],[101.60524,3.08279]]},"properties":{"name":"KTM","kind":"KTM / rail","feature":"line"}},
{"type":"Feature","geometry":{"type":"LineString","coordinates":[[101.62471,3.08481],[101.61685,3.08394],[101.61357,3.08346]]},"properties":{"name":"KTM","kind":"KTM / rail","feature":"line"}},
{"type":"Feature","geometry":{"type":"LineString","coordinates":[[101.57856,3.20669],[101.57863,3.20667],[101.58005,3.20624],[101.58135,3.20585],[101.58235,3.20544],[101.58492,3.20393]]},"properties":{"name":"KTM","kind":"KTM / rail","feature":"line"}},
{"type":"Feature","geometry":{"type":"LineString","coordinates":[[101.58492,3.20393],[101.58639,3.20305],[101.5871,3.20271],[101.5879,3.20242],[101.59267,3.20105],[101.59398,3.20065]]},"properties":{"name":"KTM","kind":"KTM / rail","feature":"line"}},
{"type":"Feature","geometry":{"type":"LineString","coordinates":[[101.57488,3.31786],[101.57491,3.31684],[101.57492,3.31637]]},"properties":{"name":"KTM","kind":"KTM / rail","feature":"line"}},
{"type":"Feature","geometry":{"type":"LineString","coordinates":[[101.57237,3.32362],[101.57268,3.32313],[101.57435,3.32076],[101.57452,3.32046],[101.57477,3.3198],[101.57486,3.31908],[101.57488,3.31786]]},"properties":{"name":"KTM","kind":"KTM / rail","feature":"line"}},
{"type":"Feature","geometry":{"type":"LineString","coordinates":[[101.71412,3.02654],[101.71543,3.02407],[101.71592,3.02319],[101.71712,3.02091],[101.71783,3.01965],[101.71819,3.01912]]},"properties":{"name":"KTM","kind":"KTM / rail","feature":"line"}},
{"type":"Feature","geometry":{"type":"LineString","coordinates":[[101.71819,3.01912],[101.71877,3.01843],[101.71939,3.01787],[101.7216,3.01602],[101.7223,3.0154],[101.72298,3.01457],[101.72335,3.01401],[101.72432,3.01218],[101.72606,3.00898],[101.72628,3.0085],[101.72669,3.00736],[101.727,3.00666],[101.72728,3.00616],[101.72772,3.00565],[101.72864,3.00498],[101.72948,3.00462],[101.7321,3.00396],[101.73308,3.00361],[101.7339,3.00305],[101.74009,2.99671],[101.7411,2.99573],[101.74231,2.99474],[101.7432,2.99415],[101.74421,2.99357],[101.74532,2.99306],[101.74684,2.99252],[101.7483,2.99219],[101.74983,2.99197],[101.7542,2.99143],[101.76003,2.99072],[101.7613,2.99061],[101.76231,2.99069]]},"properties":{"name":"KTM","kind":"KTM / rail","feature":"line"}},
{"type":"Feature","geometry":{"type":"LineString","coordinates":[[101.71412,3.02662],[101.71717,3.02092]]},"properties":{"name":"KTM","kind":"KTM / rail","feature":"line"}},
{"type":"Feature","geometry":{"type":"LineString","coordinates":[[101.71717,3.02092],[101.71783,3.01971],[101.71875,3.0185],[101.71925,3.01803],[101.72161,3.01606],[101.72231,3.01542],[101.72266,3.01504],[101.72337,3.01404],[101.72435,3.01218],[101.72509,3.01085],[101.7263,3.00853],[101.72702,3.00667],[101.72731,3.00617],[101.72774,3.00567],[101.72866,3.005],[101.72948,3.00466],[101.73211,3.00399],[101.7331,3.00365],[101.73357,3.00337],[101.7342,3.00281],[101.74012,2.99673],[101.74123,2.99566],[101.74235,2.99475],[101.74299,2.99432],[101.74422,2.99359],[101.74534,2.99308],[101.74685,2.99255],[101.74834,2.99221],[101.74983,2.992],[101.75421,2.99146],[101.76058,2.99069],[101.76132,2.99065],[101.7623,2.99073]]},"properties":{"name":"KTM","kind":"KTM / rail","feature":"line"}},
{"type":"Feature","geometry":{"type":"LineString","coordinates":[[101.57552,2.99592],[101.57368,2.9969],[101.57319,2.99726]]},"properties":{"name":"Sri Petaling Line","kind":"LRT","feature":"line"}},
{"type":"Feature","geometry":{"type":"LineString","coordinates":[[101.57323,2.9973],[101.57407,2.99673],[101.57554,2.99596]]},"properties":{"name":"Sri Petaling Line","kind":"LRT","feature":"line"}},
{"type":"Feature","geometry":{"type":"LineString","coordinates":[[101.57563,2.99615],[101.57676,2.99556],[101.57775,2.99504]]},"properties":{"name":"Laluan Kelana Jaya","kind":"LRT","feature":"line"}},
{"type":"Feature","geometry":{"type":"LineString","coordinates":[[101.57773,2.99498],[101.57562,2.99612]]},"properties":{"name":"Laluan Kelana Jaya","kind":"LRT","feature":"line"}},
{"type":"Feature","geometry":{"type":"LineString","coordinates":[[101.57206,3.0172],[101.57203,3.01579],[101.57173,3.01421]]},"properties":{"name":"Laluan Kelana Jaya","kind":"LRT","feature":"line"}},
{"type":"Feature","geometry":{"type":"LineString","coordinates":[[101.57202,3.01721],[101.57199,3.02126]]},"properties":{"name":"Laluan Kelana Jaya","kind":"LRT","feature":"line"}},
{"type":"Feature","geometry":{"type":"LineString","coordinates":[[101.5717,3.01422],[101.57199,3.01578],[101.57202,3.01721]]},"properties":{"name":"Laluan Kelana Jaya","kind":"LRT","feature":"line"}},
{"type":"Feature","geometry":{"type":"LineString","coordinates":[[101.71358,2.82351],[101.71343,2.82566],[101.71324,2.82809]]},"properties":{"name":"ERL","kind":"KTM / rail","feature":"line"}},
{"type":"Feature","geometry":{"type":"LineString","coordinates":[[101.71357,2.82358],[101.71358,2.82351],[101.71371,2.82191]]},"properties":{"name":"ERL","kind":"KTM / rail","feature":"line"}},
{"type":"Feature","geometry":{"type":"LineString","coordinates":[[101.71318,2.82821],[101.71333,2.8266],[101.71357,2.82358]]},"properties":{"name":"ERL","kind":"KTM / rail","feature":"line"}},
{"type":"Feature","geometry":{"type":"LineString","coordinates":[[101.71279,2.81323],[101.71329,2.81473],[101.71372,2.8166],[101.7139,2.81816],[101.71392,2.81958],[101.71383,2.82107],[101.71358,2.82351]]},"properties":{"name":"ERL","kind":"KTM / rail","feature":"line"}},
{"type":"Feature","geometry":{"type":"LineString","coordinates":[[101.69386,3.00122],[101.69196,3.00082]]},"properties":{"name":"Laluan Putrajaya","kind":"MRT","feature":"line"}},
{"type":"Feature","geometry":{"type":"LineString","coordinates":[[101.69626,3.00231],[101.69584,3.002],[101.69521,3.00166],[101.6941,3.00132],[101.69195,3.00087]]},"properties":{"name":"Laluan Putrajaya","kind":"MRT","feature":"line"}},
{"type":"Feature","geometry":{"type":"LineString","coordinates":[[101.69876,3.00728],[101.69856,3.00688],[101.69768,3.00434],[101.69731,3.0035],[101.69692,3.00292],[101.69629,3.00228]]},"properties":{"name":"Laluan Putrajaya","kind":"MRT","feature":"line"}},
{"type":"Feature","geometry":{"type":"LineString","coordinates":[[101.69629,3.00228],[101.6954,3.00169],[101.69497,3.00151],[101.69386,3.00122]]},"properties":{"name":"Laluan Putrajaya","kind":"MRT","feature":"line"}},
{"type":"Feature","geometry":{"type":"LineString","coordinates":[[101.69874,3.00729],[101.69833,3.00638],[101.69754,3.00408],[101.69719,3.00339],[101.69685,3.00291],[101.69626,3.00231]]},"properties":{"name":"Laluan Putrajaya","kind":"MRT","feature":"line"}},
{"type":"Feature","geometry":{"type":"LineString","coordinates":[[101.69196,3.00082],[101.69191,3.00081]]},"properties":{"name":"Laluan Putrajaya","kind":"MRT","feature":"line"}},
{"type":"Feature","geometry":{"type":"LineString","coordinates":[[101.70204,3.00869],[101.70136,3.00871],[101.70062,3.00861],[101.69971,3.00825],[101.69906,3.00771],[101.69874,3.00729]]},"properties":{"name":"Laluan Putrajaya","kind":"MRT","feature":"line"}},
{"type":"Feature","geometry":{"type":"LineString","coordinates":[[101.70203,3.00855],[101.70104,3.00857],[101.70026,3.00843],[101.69965,3.00815],[101.69905,3.00765],[101.69876,3.00728]]},"properties":{"name":"Laluan Putrajaya","kind":"MRT","feature":"line"}},
{"type":"Feature","geometry":{"type":"LineString","coordinates":[[101.70497,3.00845],[101.70203,3.00855]]},"properties":{"name":"Laluan Putrajaya","kind":"MRT","feature":"line"}},
{"type":"Feature","geometry":{"type":"LineString","coordinates":[[101.70498,3.0086],[101.70204,3.00869]]},"properties":{"name":"Laluan Putrajaya","kind":"MRT","feature":"line"}},
{"type":"Feature","geometry":{"type":"LineString","coordinates":[[101.7061,3.00856],[101.70498,3.0086]]},"properties":{"name":"Laluan Putrajaya","kind":"MRT","feature":"line"}},
{"type":"Feature","geometry":{"type":"LineString","coordinates":[[101.70609,3.00841],[101.70497,3.00845]]},"properties":{"name":"Laluan Putrajaya","kind":"MRT","feature":"line"}},
{"type":"Feature","geometry":{"type":"LineString","coordinates":[[101.70929,3.01024],[101.70875,3.00942],[101.70833,3.00904],[101.70748,3.00864],[101.70691,3.00854],[101.7061,3.00856]]},"properties":{"name":"Laluan Putrajaya","kind":"MRT","feature":"line"}},
{"type":"Feature","geometry":{"type":"LineString","coordinates":[[101.70932,3.01023],[101.70894,3.00955],[101.70839,3.00897],[101.70809,3.00876],[101.70732,3.00846],[101.70609,3.00841]]},"properties":{"name":"Laluan Putrajaya","kind":"MRT","feature":"line"}},
{"type":"Feature","geometry":{"type":"LineString","coordinates":[[101.69195,3.00087],[101.6919,3.00086]]},"properties":{"name":"Laluan Putrajaya","kind":"MRT","feature":"line"}},
{"type":"Feature","geometry":{"type":"LineString","coordinates":[[101.6875,2.99957],[101.68608,2.999]]},"properties":{"name":"Laluan Putrajaya","kind":"MRT","feature":"line"}},
{"type":"Feature","geometry":{"type":"LineString","coordinates":[[101.68749,2.99962],[101.68607,2.99904]]},"properties":{"name":"Laluan Putrajaya","kind":"MRT","feature":"line"}},
{"type":"Feature","geometry":{"type":"LineString","coordinates":[[101.68296,2.9968],[101.68225,2.99637],[101.68119,2.99589],[101.68049,2.99568],[101.67877,2.99527],[101.67834,2.99514]]},"properties":{"name":"Laluan Putrajaya","kind":"MRT","feature":"line"}},
{"type":"Feature","geometry":{"type":"LineString","coordinates":[[101.68294,2.99684],[101.6821,2.99634],[101.68149,2.99605],[101.68049,2.99572],[101.67874,2.99531],[101.67833,2.99519]]},"properties":{"name":"Laluan Putrajaya","kind":"MRT","feature":"line"}},
{"type":"Feature","geometry":{"type":"LineString","coordinates":[[101.68607,2.99904],[101.68517,2.99859],[101.68317,2.99701]]},"properties":{"name":"Laluan Putrajaya","kind":"MRT","feature":"line"}},
{"type":"Feature","geometry":{"type":"LineString","coordinates":[[101.68608,2.999],[101.68554,2.99876],[101.68489,2.99833],[101.68319,2.99697]]},"properties":{"name":"Laluan Putrajaya","kind":"MRT","feature":"line"}},
{"type":"Feature","geometry":{"type":"LineString","coordinates":[[101.68319,2.99697],[101.68296,2.9968]]},"properties":{"name":"Laluan Putrajaya","kind":"MRT","feature":"line"}},
{"type":"Feature","geometry":{"type":"LineString","coordinates":[[101.68317,2.99701],[101.68294,2.99684]]},"properties":{"name":"Laluan Putrajaya","kind":"MRT","feature":"line"}},
{"type":"Feature","geometry":{"type":"LineString","coordinates":[[101.67834,2.99514],[101.67813,2.99506]]},"properties":{"name":"Laluan Putrajaya","kind":"MRT","feature":"line"}},
{"type":"Feature","geometry":{"type":"LineString","coordinates":[[101.67833,2.99519],[101.67811,2.99511]]},"properties":{"name":"Laluan Putrajaya","kind":"MRT","feature":"line"}},
{"type":"Feature","geometry":{"type":"LineString","coordinates":[[101.67811,2.99511],[101.67751,2.99482],[101.67675,2.9943],[101.67619,2.99378],[101.67543,2.99287]]},"properties":{"name":"Laluan Putrajaya","kind":"MRT","feature":"line"}},
{"type":"Feature","geometry":{"type":"LineString","coordinates":[[101.67813,2.99506],[101.67738,2.99469],[101.67648,2.99401],[101.67546,2.99285]]},"properties":{"name":"Laluan Putrajaya","kind":"MRT","feature":"line"}},
{"type":"Feature","geometry":{"type":"LineString","coordinates":[[101.67543,2.99287],[101.67504,2.99238]]},"properties":{"name":"Laluan Putrajaya","kind":"MRT","feature":"line"}},
{"type":"Feature","geometry":{"type":"LineString","coordinates":[[101.67546,2.99285],[101.67508,2.99235]]},"properties":{"name":"Laluan Putrajaya","kind":"MRT","feature":"line"}},
{"type":"Feature","geometry":{"type":"LineString","coordinates":[[101.67504,2.99238],[101.67373,2.9908]]},"properties":{"name":"Laluan Putrajaya","kind":"MRT","feature":"line"}},
{"type":"Feature","geometry":{"type":"LineString","coordinates":[[101.67508,2.99235],[101.67378,2.99076]]},"properties":{"name":"Laluan Putrajaya","kind":"MRT","feature":"line"}},
{"type":"Feature","geometry":{"type":"LineString","coordinates":[[101.67373,2.9908],[101.67287,2.98981]]},"properties":{"name":"Laluan Putrajaya","kind":"MRT","feature":"line"}},
{"type":"Feature","geometry":{"type":"LineString","coordinates":[[101.67378,2.99076],[101.67299,2.98972]]},"properties":{"name":"Laluan Putrajaya","kind":"MRT","feature":"line"}},
{"type":"Feature","geometry":{"type":"LineString","coordinates":[[101.67287,2.98981],[101.67217,2.98896]]},"properties":{"name":"Laluan Putrajaya","kind":"MRT","feature":"line"}},
{"type":"Feature","geometry":{"type":"LineString","coordinates":[[101.67299,2.98972],[101.67229,2.98887]]},"properties":{"name":"Laluan Putrajaya","kind":"MRT","feature":"line"}},
{"type":"Feature","geometry":{"type":"LineString","coordinates":[[101.67091,2.98725],[101.66967,2.9857],[101.66872,2.98466],[101.66822,2.98424],[101.66771,2.98397]]},"properties":{"name":"Laluan Putrajaya","kind":"MRT","feature":"line"}},
{"type":"Feature","geometry":{"type":"LineString","coordinates":[[101.67088,2.98729],[101.66948,2.98555],[101.66868,2.98469],[101.66805,2.98419],[101.66769,2.98402]]},"properties":{"name":"Laluan Putrajaya","kind":"MRT","feature":"line"}},
{"type":"Feature","geometry":{"type":"LineString","coordinates":[[101.67229,2.98887],[101.67119,2.98759]]},"properties":{"name":"Laluan Putrajaya","kind":"MRT","feature":"line"}},
{"type":"Feature","geometry":{"type":"LineString","coordinates":[[101.67217,2.98896],[101.67115,2.98762]]},"properties":{"name":"Laluan Putrajaya","kind":"MRT","feature":"line"}},
{"type":"Feature","geometry":{"type":"LineString","coordinates":[[101.67119,2.98759],[101.67091,2.98725]]},"properties":{"name":"Laluan Putrajaya","kind":"MRT","feature":"line"}},
{"type":"Feature","geometry":{"type":"LineString","coordinates":[[101.67115,2.98762],[101.67088,2.98729]]},"properties":{"name":"Laluan Putrajaya","kind":"MRT","feature":"line"}},
{"type":"Feature","geometry":{"type":"LineString","coordinates":[[101.66769,2.98402],[101.66696,2.98385],[101.66648,2.98384],[101.66574,2.98399],[101.66425,2.98449],[101.66323,2.98457],[101.66257,2.98445],[101.6618,2.98412],[101.66102,2.98357]]},"properties":{"name":"Laluan Putrajaya","kind":"MRT","feature":"line"}},
{"type":"Feature","geometry":{"type":"LineString","coordinates":[[101.66771,2.98397],[101.66719,2.98384],[101.66635,2.9838],[101.66571,2.98395],[101.66424,2.98445],[101.66348,2.98453],[101.66261,2.9844],[101.66202,2.98412],[101.66111,2.98344]]},"properties":{"name":"Laluan Putrajaya","kind":"MRT","feature":"line"}},
{"type":"Feature","geometry":{"type":"LineString","coordinates":[[101.66111,2.98344],[101.66014,2.98267]]},"properties":{"name":"Laluan Putrajaya","kind":"MRT","feature":"line"}},
{"type":"Feature","geometry":{"type":"LineString","coordinates":[[101.66102,2.98357],[101.66006,2.98277]]},"properties":{"name":"Laluan Putrajaya","kind":"MRT","feature":"line"}},
{"type":"Feature","geometry":{"type":"LineString","coordinates":[[101.66006,2.98277],[101.65905,2.98199],[101.65856,2.98145],[101.65788,2.98018],[101.65736,2.97955],[101.65671,2.97897],[101.65632,2.97846],[101.65531,2.97689],[101.65433,2.97559],[101.65384,2.97469],[101.65369,2.97401],[101.65369,2.97344],[101.65382,2.97281],[101.65464,2.9713],[101.65485,2.97076],[101.65494,2.97025],[101.65479,2.96767],[101.65481,2.96585]]},"properties":{"name":"Laluan Putrajaya","kind":"MRT","feature":"line"}},
{"type":"Feature","geometry":{"type":"LineString","coordinates":[[101.66014,2.98267],[101.65895,2.98173],[101.65861,2.98138],[101.65765,2.97977],[101.65683,2.97902],[101.65635,2.97844],[101.6551,2.97651],[101.65437,2.97556],[101.65402,2.97499],[101.65374,2.97406],[101.65373,2.97345],[101.65387,2.97283],[101.65484,2.97094],[101.65498,2.97025],[101.65486,2.96773],[101.65494,2.96585]]},"properties":{"name":"Laluan Putrajaya","kind":"MRT","feature":"line"}},
{"type":"Feature","geometry":{"type":"LineString","coordinates":[[101.65391,2.95969],[101.65439,2.95832]]},"properties":{"name":"Laluan Putrajaya","kind":"MRT","feature":"line"}},
{"type":"Feature","geometry":{"type":"LineString","coordinates":[[101.65395,2.95971],[101.65443,2.95834]]},"properties":{"name":"Laluan Putrajaya","kind":"MRT","feature":"line"}},
{"type":"Feature","geometry":{"type":"LineString","coordinates":[[101.65439,2.95832],[101.65466,2.95762],[101.65498,2.95657],[101.65545,2.95531],[101.65592,2.95386]]},"properties":{"name":"Laluan Putrajaya","kind":"MRT","feature":"line"}},
{"type":"Feature","geometry":{"type":"LineString","coordinates":[[101.65443,2.95834],[101.65479,2.9574],[101.65503,2.95658],[101.65538,2.95563],[101.65595,2.95387]]},"properties":{"name":"Laluan Putrajaya","kind":"MRT","feature":"line"}},
{"type":"Feature","geometry":{"type":"LineString","coordinates":[[101.65378,2.96147],[101.65371,2.96037],[101.65391,2.95969]]},"properties":{"name":"Laluan Putrajaya","kind":"MRT","feature":"line"}},
{"type":"Feature","geometry":{"type":"LineString","coordinates":[[101.65383,2.96166],[101.65378,2.96147]]},"properties":{"name":"Laluan Putrajaya","kind":"MRT","feature":"line"}},
{"type":"Feature","geometry":{"type":"LineString","coordinates":[[101.65402,2.96208],[101.65391,2.96186]]},"properties":{"name":"Laluan Putrajaya","kind":"MRT","feature":"line"}},
{"type":"Feature","geometry":{"type":"LineString","coordinates":[[101.65391,2.96186],[101.65383,2.96166]]},"properties":{"name":"Laluan Putrajaya","kind":"MRT","feature":"line"}},
{"type":"Feature","geometry":{"type":"LineString","coordinates":[[101.65383,2.96147],[101.65374,2.96055],[101.65395,2.95971]]},"properties":{"name":"Laluan Putrajaya","kind":"MRT","feature":"line"}},
{"type":"Feature","geometry":{"type":"LineString","coordinates":[[101.65388,2.96165],[101.65383,2.96147]]},"properties":{"name":"Laluan Putrajaya","kind":"MRT","feature":"line"}},
{"type":"Feature","geometry":{"type":"LineString","coordinates":[[101.65405,2.96206],[101.65395,2.96184]]},"properties":{"name":"Laluan Putrajaya","kind":"MRT","feature":"line"}},
{"type":"Feature","geometry":{"type":"LineString","coordinates":[[101.65395,2.96184],[101.65388,2.96165]]},"properties":{"name":"Laluan Putrajaya","kind":"MRT","feature":"line"}},
{"type":"Feature","geometry":{"type":"LineString","coordinates":[[101.6548,2.96471],[101.6548,2.96415],[101.65457,2.96327],[101.65402,2.96208]]},"properties":{"name":"Laluan Putrajaya","kind":"MRT","feature":"line"}},
{"type":"Feature","geometry":{"type":"LineString","coordinates":[[101.65493,2.9647],[101.65485,2.96379],[101.65405,2.96206]]},"properties":{"name":"Laluan Putrajaya","kind":"MRT","feature":"line"}},
{"type":"Feature","geometry":{"type":"LineString","coordinates":[[101.65494,2.96585],[101.65493,2.9647]]},"properties":{"name":"Laluan Putrajaya","kind":"MRT","feature":"line"}},
{"type":"Feature","geometry":{"type":"LineString","coordinates":[[101.65481,2.96585],[101.6548,2.96471]]},"properties":{"name":"Laluan Putrajaya","kind":"MRT","feature":"line"}},
{"type":"Feature","geometry":{"type":"LineString","coordinates":[[101.71026,3.01805],[101.71095,3.0171],[101.71131,3.01641],[101.71146,3.01552],[101.71131,3.01461],[101.71099,3.01358],[101.70929,3.01024]]},"properties":{"name":"Laluan Putrajaya","kind":"MRT","feature":"line"}},
{"type":"Feature","geometry":{"type":"LineString","coordinates":[[101.7103,3.01807],[101.71122,3.01672],[101.71146,3.01611],[101.71149,3.01536],[101.71135,3.01461],[101.71103,3.01356],[101.70932,3.01023]]},"properties":{"name":"Laluan Putrajaya","kind":"MRT","feature":"line"}},
{"type":"Feature","geometry":{"type":"LineString","coordinates":[[101.57471,3.17735],[101.57554,3.17795],[101.57592,3.17832],[101.5763,3.17883],[101.57677,3.17983],[101.57733,3.18124]]},"properties":{"name":"Laluan Putrajaya","kind":"MRT","feature":"line"}},
{"type":"Feature","geometry":{"type":"LineString","coordinates":[[101.57738,3.18122],[101.57705,3.18039],[101.57645,3.17896],[101.57607,3.17837],[101.5753,3.17762],[101.57478,3.17727]]},"properties":{"name":"Laluan Putrajaya","kind":"MRT","feature":"line"}},
{"type":"Feature","geometry":{"type":"LineString","coordinates":[[101.57275,3.18399],[101.57343,3.18404]]},"properties":{"name":"MRT","kind":"MRT","feature":"line"}},
{"type":"Feature","geometry":{"type":"LineString","coordinates":[[101.57478,3.17727],[101.57429,3.17693],[101.57387,3.17672],[101.57374,3.17667],[101.57359,3.17662],[101.57303,3.17646]]},"properties":{"name":"Laluan Putrajaya","kind":"MRT","feature":"line"}},
{"type":"Feature","geometry":{"type":"LineString","coordinates":[[101.57291,3.17667],[101.5731,3.17672]]},"properties":{"name":"Laluan Kajang","kind":"MRT","feature":"line"}},
{"type":"Feature","geometry":{"type":"LineString","coordinates":[[101.57311,3.17665],[101.57298,3.17661]]},"properties":{"name":"Laluan Kajang","kind":"MRT","feature":"line"}},
{"type":"Feature","geometry":{"type":"LineString","coordinates":[[101.57179,3.17635],[101.57238,3.17652]]},"properties":{"name":"Laluan Kajang","kind":"MRT","feature":"line"}},
{"type":"Feature","geometry":{"type":"LineString","coordinates":[[101.57298,3.17661],[101.5724,3.17645]]},"properties":{"name":"Laluan Kajang","kind":"MRT","feature":"line"}},
{"type":"Feature","geometry":{"type":"LineString","coordinates":[[101.57303,3.17646],[101.57239,3.17628]]},"properties":{"name":"Laluan Putrajaya","kind":"MRT","feature":"line"}},
{"type":"Feature","geometry":{"type":"LineString","coordinates":[[101.57302,3.1764],[101.5735,3.17656],[101.57369,3.17666],[101.57423,3.177],[101.57471,3.17735]]},"properties":{"name":"Laluan Putrajaya","kind":"MRT","feature":"line"}},
{"type":"Feature","geometry":{"type":"LineString","coordinates":[[101.57183,3.17606],[101.57241,3.17623]]},"properties":{"name":"Laluan Putrajaya","kind":"MRT","feature":"line"}},
{"type":"Feature","geometry":{"type":"LineString","coordinates":[[101.70811,2.74878],[101.70821,2.74854]]},"properties":{"name":"APM","kind":"Monorail","feature":"line"}},
{"type":"Feature","geometry":{"type":"LineString","coordinates":[[101.70702,2.75036],[101.70656,2.7511]]},"properties":{"name":"APM","kind":"Monorail","feature":"line"}},
{"type":"Feature","geometry":{"type":"LineString","coordinates":[[101.70652,2.75107],[101.70699,2.75034]]},"properties":{"name":"APM","kind":"Monorail","feature":"line"}},
{"type":"Feature","geometry":{"type":"LineString","coordinates":[[101.7089,2.74752],[101.70821,2.74854],[101.70797,2.74891]]},"properties":{"name":"APM","kind":"Monorail","feature":"line"}},
{"type":"Feature","geometry":{"type":"LineString","coordinates":[[101.70895,2.74755],[101.70811,2.74878],[101.70801,2.74893]]},"properties":{"name":"APM","kind":"Monorail","feature":"line"}},
{"type":"Feature","geometry":{"type":"LineString","coordinates":[[101.70281,2.75362],[101.70242,2.7533]]},"properties":{"name":"ERL","kind":"KTM / rail","feature":"line"}},
{"type":"Feature","geometry":{"type":"LineString","coordinates":[[101.7019,2.75301],[101.70234,2.75325]]},"properties":{"name":"ERL","kind":"KTM / rail","feature":"line"}},
{"type":"Feature","geometry":{"type":"LineString","coordinates":[[101.5724,3.17645],[101.57176,3.17627]]},"properties":{"name":"Laluan Kajang","kind":"MRT","feature":"line"}},
{"type":"Feature","geometry":{"type":"LineString","coordinates":[[101.57238,3.17652],[101.57291,3.17667]]},"properties":{"name":"Laluan Kajang","kind":"MRT","feature":"line"}},
{"type":"Feature","geometry":{"type":"LineString","coordinates":[[101.57239,3.17628],[101.57179,3.17611]]},"properties":{"name":"Laluan Putrajaya","kind":"MRT","feature":"line"}},
{"type":"Feature","geometry":{"type":"LineString","coordinates":[[101.57241,3.17623],[101.57302,3.1764]]},"properties":{"name":"Laluan Putrajaya","kind":"MRT","feature":"line"}},
{"type":"Feature","geometry":{"type":"LineString","coordinates":[[101.68363,2.74342],[101.68651,2.74535],[101.68759,2.74614],[101.6899,2.74771],[101.69061,2.74815],[101.69159,2.74858]]},"properties":{"name":"ERL","kind":"KTM / rail","feature":"line"}},
{"type":"Feature","geometry":{"type":"LineString","coordinates":[[101.69159,2.74858],[101.69175,2.74863]]},"properties":{"name":"ERL","kind":"KTM / rail","feature":"line"}},
{"type":"Feature","geometry":{"type":"LineString","coordinates":[[101.6982,2.75083],[101.69654,2.75006],[101.69584,2.74978],[101.69456,2.74941]]},"properties":{"name":"ERL","kind":"KTM / rail","feature":"line"}},
{"type":"Feature","geometry":{"type":"LineString","coordinates":[[101.69173,2.74867],[101.69158,2.74861]]},"properties":{"name":"ERL","kind":"KTM / rail","feature":"line"}},
{"type":"Feature","geometry":{"type":"LineString","coordinates":[[101.69444,2.74938],[101.6925,2.74888]]},"properties":{"name":"ERL","kind":"KTM / rail","feature":"line"}},
{"type":"Feature","geometry":{"type":"LineString","coordinates":[[101.69456,2.74941],[101.69444,2.74938]]},"properties":{"name":"ERL","kind":"KTM / rail","feature":"line"}},
{"type":"Feature","geometry":{"type":"LineString","coordinates":[[101.69251,2.74885],[101.69445,2.74934]]},"properties":{"name":"ERL","kind":"KTM / rail","feature":"line"}},
{"type":"Feature","geometry":{"type":"LineString","coordinates":[[101.69445,2.74934],[101.69457,2.74937]]},"properties":{"name":"ERL","kind":"KTM / rail","feature":"line"}},
{"type":"Feature","geometry":{"type":"LineString","coordinates":[[101.69242,2.74886],[101.69173,2.74867]]},"properties":{"name":"ERL","kind":"KTM / rail","feature":"line"}},
{"type":"Feature","geometry":{"type":"LineString","coordinates":[[101.69175,2.74863],[101.69243,2.74882]]},"properties":{"name":"ERL","kind":"KTM / rail","feature":"line"}},
{"type":"Feature","geometry":{"type":"LineString","coordinates":[[101.6925,2.74888],[101.69242,2.74886]]},"properties":{"name":"ERL","kind":"KTM / rail","feature":"line"}},
{"type":"Feature","geometry":{"type":"LineString","coordinates":[[101.69243,2.74882],[101.69251,2.74885]]},"properties":{"name":"ERL","kind":"KTM / rail","feature":"line"}},
{"type":"Feature","geometry":{"type":"LineString","coordinates":[[101.70548,2.75272],[101.70588,2.75216]]},"properties":{"name":"APM","kind":"Monorail","feature":"line"}},
{"type":"Feature","geometry":{"type":"LineString","coordinates":[[101.70599,2.75222],[101.70559,2.7528]]},"properties":{"name":"APM","kind":"Monorail","feature":"line"}},
{"type":"Feature","geometry":{"type":"LineString","coordinates":[[101.71318,2.74759],[101.71238,2.74705],[101.7121,2.74694],[101.7113,2.7464]]},"properties":{"name":"APM","kind":"Monorail","feature":"line"}},
{"type":"Feature","geometry":{"type":"LineString","coordinates":[[101.71309,2.74773],[101.71229,2.74719],[101.71208,2.74698],[101.71127,2.74644]]},"properties":{"name":"APM","kind":"Monorail","feature":"line"}},
{"type":"Feature","geometry":{"type":"LineString","coordinates":[[101.52813,3.06812],[101.5271,3.0681],[101.52635,3.0683],[101.52504,3.06903],[101.52313,3.06981],[101.52246,3.06993],[101.5201,3.06986],[101.51948,3.06966],[101.51853,3.06909],[101.51819,3.06865],[101.51786,3.06756],[101.51753,3.06694],[101.51591,3.06563],[101.51544,3.06534],[101.51499,3.06518],[101.51095,3.06401],[101.51022,3.06378],[101.5084,3.06327],[101.50716,3.06302],[101.50553,3.06279],[101.50403,3.06262],[101.50356,3.06262],[101.5007,3.06275],[101.49861,3.0628],[101.49701,3.06306],[101.49484,3.06348],[101.4929,3.06389],[101.49211,3.06439],[101.49188,3.06468],[101.49166,3.06516],[101.49154,3.06573],[101.49152,3.06652],[101.4914,3.0668],[101.49099,3.06728],[101.49061,3.06745],[101.4901,3.0675],[101.48298,3.06737],[101.48248,3.06744],[101.48198,3.06777],[101.48132,3.06862],[101.48105,3.06884],[101.48054,3.06903],[101.48013,3.06904],[101.47957,3.06884],[101.4774,3.06722],[101.47505,3.06541],[101.47201,3.06309],[101.4713,3.06257],[101.47059,3.06237],[101.4688,3.06256],[101.46776,3.06264],[101.46491,3.06262],[101.46437,3.06269],[101.46359,3.06304],[101.46227,3.06408],[101.46173,3.06457],[101.46033,3.06608],[101.45963,3.0664],[101.45712,3.06674],[101.45609,3.0671],[101.45435,3.06812],[101.45409,3.06834],[101.45375,3.06884],[101.45345,3.06982],[101.45295,3.07033],[101.45248,3.07049],[101.4521,3.07048],[101.45122,3.07019],[101.45098,3.07001],[101.45067,3.06955],[101.45061,3.06883],[101.45112,3.06702],[101.4515,3.06619],[101.4526,3.06216],[101.45265,3.06159],[101.45259,3.06121],[101.45187,3.05827],[101.45128,3.05592],[101.45061,3.05338],[101.44985,3.05036],[101.44961,3.04982],[101.4485,3.04868],[101.44795,3.04796],[101.44709,3.04684],[101.44551,3.04479],[101.44497,3.04422],[101.44376,3.04375],[101.44311,3.04316],[101.44282,3.0425],[101.44276,3.04059],[101.44285,3.03952],[101.44299,3.03901],[101.4436,3.0374],[101.44365,3.03702],[101.44351,3.03648],[101.44263,3.03507],[101.44185,3.03388],[101.44168,3.03351],[101.44164,3.03297],[101.44187,3.03181],[101.44204,3.02881],[101.44212,3.02836],[101.44269,3.02582],[101.44287,3.02474],[101.44282,3.02351],[101.44268,3.02285],[101.44056,3.01534],[101.44009,3.01435],[101.43994,3.0139],[101.43982,3.01257],[101.43998,3.01023],[101.44018,3.00951],[101.44044,3.009],[101.44162,3.00739],[101.44182,3.00706],[101.44193,3.00668],[101.44189,3.00489],[101.44192,3.0044],[101.44215,3.00306],[101.44247,3.00159],[101.44366,2.99868],[101.44514,2.99525],[101.44543,2.99454],[101.44638,2.99238],[101.44717,2.99115],[101.44758,2.99023],[101.4482,2.98913],[101.44891,2.9881],[101.4496,2.98744],[101.45128,2.98546],[101.45197,2.98477],[101.45731,2.97894],[101.45843,2.97763]]},"properties":{"name":"LRT 3","kind":"LRT","feature":"line"}},
{"type":"Feature","geometry":{"type":"LineString","coordinates":[[101.54304,3.07889],[101.54169,3.07866],[101.54082,3.07847],[101.53965,3.07791],[101.53889,3.07773],[101.53816,3.07787],[101.53764,3.07775],[101.53679,3.07727],[101.5343,3.07604],[101.53389,3.07579],[101.53322,3.07513],[101.53304,3.07459],[101.53297,3.07375],[101.53271,3.07248],[101.53274,3.07135],[101.53262,3.07069],[101.53239,3.07017],[101.53177,3.06914],[101.53122,3.06853],[101.53068,3.06837],[101.52813,3.06812]]},"properties":{"name":"LRT 3","kind":"LRT","feature":"line"}},
{"type":"Feature","geometry":{"type":"LineString","coordinates":[[101.54304,3.07889],[101.54352,3.07897],[101.54672,3.07921],[101.54762,3.07924],[101.54806,3.07932],[101.54855,3.07954],[101.55003,3.08045],[101.55044,3.08074],[101.5525,3.08196],[101.55348,3.08227],[101.55664,3.08231],[101.56545,3.0823],[101.56681,3.08213],[101.56756,3.08232],[101.56836,3.083],[101.56896,3.08331],[101.56994,3.08335],[101.57047,3.08356],[101.57092,3.0843],[101.57116,3.08495],[101.57141,3.08594],[101.57183,3.08677],[101.57254,3.08763],[101.57345,3.08826],[101.57664,3.09016],[101.57914,3.09112],[101.58042,3.09171],[101.58105,3.09182],[101.58202,3.09175],[101.58276,3.09188],[101.58355,3.09222],[101.58559,3.09334],[101.58631,3.09367],[101.58776,3.09422],[101.58832,3.09466],[101.58947,3.09609],[101.58991,3.09691],[101.58995,3.09729],[101.58995,3.09756],[101.58963,3.09883],[101.58967,3.1021],[101.58983,3.10309],[101.59006,3.10364],[101.59111,3.10503],[101.59123,3.10543],[101.59126,3.1062],[101.59124,3.10827],[101.5914,3.10901],[101.59169,3.10967],[101.59201,3.1107],[101.59221,3.11204],[101.59242,3.11392],[101.59266,3.11576],[101.59295,3.11741],[101.59394,3.12156],[101.59442,3.12335],[101.59533,3.12652],[101.59542,3.12694],[101.5955,3.12826],[101.59588,3.13147],[101.59602,3.13223],[101.59617,3.13264],[101.59664,3.13334],[101.59695,3.13358],[101.59761,3.13392],[101.59849,3.13408],[101.60192,3.13373],[101.60359,3.1335],[101.60657,3.13319],[101.6076,3.13303],[101.60807,3.13313],[101.60871,3.13347],[101.60932,3.1336],[101.61129,3.13332],[101.61497,3.13292],[101.61539,3.13295],[101.61592,3.1332],[101.61614,3.13341],[101.6165,3.13398],[101.61702,3.13526],[101.61726,3.13609],[101.61745,3.13739],[101.61752,3.1382],[101.61753,3.13928],[101.61735,3.14036],[101.6172,3.14261],[101.61721,3.14303],[101.61748,3.14366],[101.61893,3.14482]]},"properties":{"name":"LRT 3","kind":"LRT","feature":"line"}},
{"type":"Feature","geometry":{"type":"LineString","coordinates":[[101.71409,3.0266],[101.71412,3.02654]]},"properties":{"name":"KTM","kind":"KTM / rail","feature":"line"}},
{"type":"Feature","geometry":{"type":"LineString","coordinates":[[101.71405,3.02667],[101.71409,3.0266]]},"properties":{"name":"KTM","kind":"KTM / rail","feature":"line"}},
{"type":"Feature","geometry":{"type":"LineString","coordinates":[[101.71393,3.02699],[101.71408,3.02669]]},"properties":{"name":"KTM","kind":"KTM / rail","feature":"line"}},
{"type":"Feature","geometry":{"type":"LineString","coordinates":[[101.71408,3.02669],[101.71412,3.02662]]},"properties":{"name":"KTM","kind":"KTM / rail","feature":"line"}},
{"type":"Feature","geometry":{"type":"LineString","coordinates":[[101.71393,3.02699],[101.7141,3.0267]]},"properties":{"name":"KTM","kind":"KTM / rail","feature":"line"}},
{"type":"Feature","geometry":{"type":"LineString","coordinates":[[101.7141,3.0267],[101.71414,3.02663]]},"properties":{"name":"KTM","kind":"KTM / rail","feature":"line"}},
{"type":"Feature","geometry":{"type":"LineString","coordinates":[[101.57554,2.99596],[101.57608,2.99567]]},"properties":{"name":"Sri Petaling Line","kind":"LRT","feature":"line"}},
{"type":"Feature","geometry":{"type":"LineString","coordinates":[[101.57562,2.99612],[101.5751,2.99639]]},"properties":{"name":"Laluan Kelana Jaya","kind":"LRT","feature":"line"}},
{"type":"Feature","geometry":{"type":"LineString","coordinates":[[101.57643,2.99544],[101.57552,2.99592]]},"properties":{"name":"LRT","kind":"LRT","feature":"line"}},
{"type":"Feature","geometry":{"type":"LineString","coordinates":[[101.57493,2.99652],[101.57563,2.99615]]},"properties":{"name":"Laluan Kelana Jaya","kind":"LRT","feature":"line"}},
{"type":"Feature","geometry":{"type":"LineString","coordinates":[[101.59105,3.09302],[101.5907,3.09125]]},"properties":{"name":"Laluan Kelana Jaya","kind":"LRT","feature":"line"}},
{"type":"Feature","geometry":{"type":"LineString","coordinates":[[101.59066,3.09126],[101.59083,3.09195],[101.59102,3.09304]]},"properties":{"name":"Laluan Kelana Jaya","kind":"LRT","feature":"line"}},
{"type":"Feature","geometry":{"type":"LineString","coordinates":[[101.59058,3.08714],[101.59035,3.08759],[101.59015,3.08827],[101.59016,3.08891],[101.59022,3.08933],[101.59066,3.09126]]},"properties":{"name":"Laluan Kelana Jaya","kind":"LRT","feature":"line"}},
{"type":"Feature","geometry":{"type":"LineString","coordinates":[[101.65805,3.11076],[101.65908,3.11317],[101.65941,3.11363],[101.66001,3.11405],[101.66094,3.11453],[101.66127,3.11459]]},"properties":{"name":"Laluan Kelana Jaya","kind":"LRT","feature":"line"}},
{"type":"Feature","geometry":{"type":"LineString","coordinates":[[101.66128,3.11447],[101.66061,3.11429],[101.65954,3.11365],[101.65913,3.11311],[101.65807,3.11076]]},"properties":{"name":"Laluan Kelana Jaya","kind":"LRT","feature":"line"}},
{"type":"Feature","geometry":{"type":"LineString","coordinates":[[101.58693,3.10929],[101.58761,3.11078],[101.58801,3.11173],[101.58862,3.11243],[101.58907,3.11264],[101.5899,3.11273],[101.59046,3.11257],[101.59096,3.11224]]},"properties":{"name":"Laluan Kelana Jaya","kind":"LRT","feature":"line"}},
{"type":"Feature","geometry":{"type":"LineString","coordinates":[[101.59096,3.11224],[101.5917,3.11173]]},"properties":{"name":"Laluan Kelana Jaya","kind":"LRT","feature":"line"}},
{"type":"Feature","geometry":{"type":"LineString","coordinates":[[101.72449,3.23122],[101.72448,3.23073],[101.72449,3.23006],[101.72439,3.22842]]},"properties":{"name":"Laluan Kelana Jaya","kind":"LRT","feature":"line"}},
{"type":"Feature","geometry":{"type":"LineString","coordinates":[[101.72435,3.22876],[101.72435,3.22944],[101.72436,3.23122]]},"properties":{"name":"Laluan Kelana Jaya","kind":"LRT","feature":"line"}},
{"type":"Feature","geometry":{"type":"LineString","coordinates":[[101.78474,2.90054],[101.78474,2.8994],[101.78493,2.89867],[101.7852,2.89811],[101.78561,2.89756],[101.78633,2.89692],[101.78695,2.89656],[101.79016,2.89483]]},"properties":{"name":"KTM","kind":"KTM / rail","feature":"line"}},
{"type":"Feature","geometry":{"type":"LineString","coordinates":[[101.78477,2.90073],[101.78474,2.90054]]},"properties":{"name":"KTM","kind":"KTM / rail","feature":"line"}},
{"type":"Feature","geometry":{"type":"LineString","coordinates":[[101.75988,3.14875],[101.76005,3.15017],[101.76009,3.15092]]},"properties":{"name":"Ampang Line","kind":"LRT","feature":"line"}},
{"type":"Feature","geometry":{"type":"LineString","coordinates":[[101.75994,3.14917],[101.76013,3.15007],[101.76018,3.15092]]},"properties":{"name":"Ampang Line","kind":"LRT","feature":"line"}},
{"type":"Feature","geometry":{"type":"LineString","coordinates":[[101.79038,2.98245],[101.79035,2.98054]]},"properties":{"name":"Laluan Kajang","kind":"MRT","feature":"line"}},
{"type":"Feature","geometry":{"type":"LineString","coordinates":[[101.79017,2.97978],[101.79024,2.98245]]},"properties":{"name":"Laluan Kajang","kind":"MRT","feature":"line"}},
{"type":"Feature","geometry":{"type":"LineString","coordinates":[[101.45941,2.97643],[101.46062,2.97499],[101.4616,2.97376]]},"properties":{"name":"LRT 3","kind":"LRT","feature":"line"}},
{"type":"Feature","geometry":{"type":"LineString","coordinates":[[101.46157,2.97374],[101.46106,2.97436],[101.46028,2.97518],[101.4593,2.97637]]},"properties":{"name":"LRT 3","kind":"LRT","feature":"line"}},
{"type":"Feature","geometry":{"type":"LineString","coordinates":[[101.57176,3.17627],[101.56902,3.17549],[101.56857,3.17533],[101.56783,3.17479],[101.56706,3.1736]]},"properties":{"name":"Laluan Kajang","kind":"MRT","feature":"line"}},
{"type":"Feature","geometry":{"type":"LineString","coordinates":[[101.56701,3.17362],[101.56754,3.17449],[101.56812,3.17513],[101.5688,3.17549],[101.57179,3.17635]]},"properties":{"name":"Laluan Kajang","kind":"MRT","feature":"line"}},
{"type":"Feature","geometry":{"type":"LineString","coordinates":[[101.55487,3.25335],[101.55514,3.25241]]},"properties":{"name":"KTM","kind":"KTM / rail","feature":"line"}},
{"type":"Feature","geometry":{"type":"LineString","coordinates":[[101.5555,3.26012],[101.55503,3.25881],[101.55487,3.25817],[101.55469,3.25699],[101.55462,3.25613],[101.55463,3.25514],[101.55485,3.25364]]},"properties":{"name":"KTM","kind":"KTM / rail","feature":"line"}},
{"type":"Feature","geometry":{"type":"LineString","coordinates":[[101.5555,3.26012],[101.55518,3.25936],[101.55484,3.25817],[101.55465,3.25699],[101.55458,3.25615],[101.55459,3.25513],[101.55481,3.25363]]},"properties":{"name":"KTM","kind":"KTM / rail","feature":"line"}},
{"type":"Feature","geometry":{"type":"LineString","coordinates":[[101.5154,3.05343],[101.51128,3.05215]]},"properties":{"name":"KTM","kind":"KTM / rail","feature":"line"}},
{"type":"Feature","geometry":{"type":"LineString","coordinates":[[101.51128,3.05215],[101.51119,3.05212]]},"properties":{"name":"KTM","kind":"KTM / rail","feature":"line"}},
{"type":"Feature","geometry":{"type":"LineString","coordinates":[[101.51539,3.05346],[101.51127,3.05218]]},"properties":{"name":"KTM","kind":"KTM / rail","feature":"line"}},
{"type":"Feature","geometry":{"type":"LineString","coordinates":[[101.51127,3.05218],[101.51118,3.05216]]},"properties":{"name":"KTM","kind":"KTM / rail","feature":"line"}},
{"type":"Feature","geometry":{"type":"LineString","coordinates":[[101.57461,3.20985],[101.57536,3.20895],[101.57583,3.20824],[101.5762,3.2078],[101.57658,3.20747],[101.57706,3.20717],[101.57746,3.207],[101.57855,3.20667]]},"properties":{"name":"KTM","kind":"KTM / rail","feature":"line"}},
{"type":"Feature","geometry":{"type":"LineString","coordinates":[[101.5722,3.21243],[101.5723,3.21233]]},"properties":{"name":"KTM","kind":"KTM / rail","feature":"line"}},
{"type":"Feature","geometry":{"type":"LineString","coordinates":[[101.57463,3.20989],[101.57512,3.20935],[101.57586,3.20825],[101.57622,3.20783],[101.57699,3.20725],[101.57763,3.20699],[101.57856,3.20669]]},"properties":{"name":"KTM","kind":"KTM / rail","feature":"line"}},
{"type":"Feature","geometry":{"type":"LineString","coordinates":[[101.57223,3.21245],[101.57233,3.21235]]},"properties":{"name":"KTM","kind":"KTM / rail","feature":"line"}},
{"type":"Feature","geometry":{"type":"LineString","coordinates":[[101.68116,3.23847],[101.68124,3.23703]]},"properties":{"name":"KTM","kind":"KTM / rail","feature":"line"}},
{"type":"Feature","geometry":{"type":"LineString","coordinates":[[101.67838,3.23352],[101.67575,3.23153],[101.67422,3.2303],[101.67362,3.22962],[101.67331,3.22911],[101.67303,3.22841],[101.67285,3.22773],[101.67276,3.22673]]},"properties":{"name":"KTM","kind":"KTM / rail","feature":"line"}},
{"type":"Feature","geometry":{"type":"LineString","coordinates":[[101.67274,3.22673],[101.67282,3.22774],[101.67309,3.22868],[101.67328,3.22913],[101.67378,3.22989],[101.6745,3.2306],[101.67837,3.23356]]},"properties":{"name":"KTM","kind":"KTM / rail","feature":"line"}},
{"type":"Feature","geometry":{"type":"LineString","coordinates":[[101.68114,3.23923],[101.68116,3.23847]]},"properties":{"name":"KTM","kind":"KTM / rail","feature":"line"}},
{"type":"Feature","geometry":{"type":"LineString","coordinates":[[101.68113,3.23846],[101.68111,3.23923]]},"properties":{"name":"KTM","kind":"KTM / rail","feature":"line"}},
{"type":"Feature","geometry":{"type":"LineString","coordinates":[[101.6812,3.23703],[101.68113,3.23846]]},"properties":{"name":"KTM","kind":"KTM / rail","feature":"line"}},
{"type":"Feature","geometry":{"type":"LineString","coordinates":[[101.61974,3.20826],[101.62697,3.20867],[101.62851,3.20865],[101.62907,3.20857]]},"properties":{"name":"KTM","kind":"KTM / rail","feature":"line"}},
{"type":"Feature","geometry":{"type":"LineString","coordinates":[[101.61974,3.20831],[101.627,3.2087],[101.62851,3.20868],[101.62907,3.2086]]},"properties":{"name":"KTM","kind":"KTM / rail","feature":"line"}},
{"type":"Feature","geometry":{"type":"LineString","coordinates":[[101.61632,3.20654],[101.61714,3.20736],[101.61798,3.20792],[101.61895,3.20823],[101.61974,3.20831]]},"properties":{"name":"KTM","kind":"KTM / rail","feature":"line"}},
{"type":"Feature","geometry":{"type":"LineString","coordinates":[[101.61634,3.20652],[101.61716,3.20733],[101.61801,3.20789],[101.61896,3.20819],[101.61974,3.20826]]},"properties":{"name":"KTM","kind":"KTM / rail","feature":"line"}},
{"type":"Feature","geometry":{"type":"LineString","coordinates":[[101.59398,3.20061],[101.59464,3.20045],[101.59571,3.20038],[101.59936,3.20103],[101.60057,3.20111],[101.60181,3.20091],[101.60296,3.20037]]},"properties":{"name":"KTM","kind":"KTM / rail","feature":"line"}},
{"type":"Feature","geometry":{"type":"LineString","coordinates":[[101.59398,3.20065],[101.59464,3.20048],[101.59572,3.2004],[101.59934,3.20105],[101.60056,3.20114],[101.60109,3.20109],[101.60181,3.20092],[101.60298,3.2004]]},"properties":{"name":"KTM","kind":"KTM / rail","feature":"line"}},
{"type":"Feature","geometry":{"type":"LineString","coordinates":[[101.5723,3.21233],[101.57461,3.20985]]},"properties":{"name":"KTM","kind":"KTM / rail","feature":"line"}},
{"type":"Feature","geometry":{"type":"LineString","coordinates":[[101.57233,3.21235],[101.57463,3.20989]]},"properties":{"name":"KTM","kind":"KTM / rail","feature":"line"}},
{"type":"Feature","geometry":{"type":"LineString","coordinates":[[101.55514,3.25241],[101.55556,3.25136],[101.55613,3.2503],[101.55678,3.2493],[101.55811,3.24742],[101.55948,3.2457],[101.56002,3.24498],[101.56024,3.24456],[101.56047,3.24379],[101.56054,3.24264]]},"properties":{"name":"KTM","kind":"KTM / rail","feature":"line"}},
{"type":"Feature","geometry":{"type":"LineString","coordinates":[[101.5551,3.2524],[101.55542,3.25156],[101.55609,3.25029],[101.55699,3.24896],[101.55808,3.2474],[101.55998,3.24496],[101.5602,3.24455],[101.56043,3.24378],[101.5605,3.24264]]},"properties":{"name":"KTM","kind":"KTM / rail","feature":"line"}},
{"type":"Feature","geometry":{"type":"LineString","coordinates":[[101.55795,3.26425],[101.55584,3.26085],[101.5555,3.26012]]},"properties":{"name":"KTM","kind":"KTM / rail","feature":"line"}},
{"type":"Feature","geometry":{"type":"LineString","coordinates":[[101.55791,3.26427],[101.5558,3.26088],[101.55514,3.25938]]},"properties":{"name":"KTM","kind":"KTM / rail","feature":"line"}},
{"type":"Feature","geometry":{"type":"LineString","coordinates":[[101.57077,3.32582],[101.57101,3.32548],[101.5713,3.32507],[101.57237,3.32362]]},"properties":{"name":"KTM","kind":"KTM / rail","feature":"line"}},
{"type":"Feature","geometry":{"type":"LineString","coordinates":[[101.57072,3.32579],[101.57161,3.32458],[101.57191,3.32416]]},"properties":{"name":"KTM","kind":"KTM / rail","feature":"line"}},
{"type":"Feature","geometry":{"type":"LineString","coordinates":[[101.57272,3.33888],[101.57272,3.33727],[101.5725,3.33625],[101.57215,3.33526],[101.57184,3.33464],[101.57114,3.33363]]},"properties":{"name":"KTM","kind":"KTM / rail","feature":"line"}},
{"type":"Feature","geometry":{"type":"LineString","coordinates":[[101.57268,3.33888],[101.57267,3.33727],[101.57247,3.33626],[101.57212,3.33529],[101.5718,3.33467],[101.5711,3.33365]]},"properties":{"name":"KTM","kind":"KTM / rail","feature":"line"}},
{"type":"Feature","geometry":{"type":"LineString","coordinates":[[101.57152,3.35567],[101.57198,3.35255],[101.57205,3.35175],[101.57237,3.34575],[101.57269,3.33942]]},"properties":{"name":"KTM","kind":"KTM / rail","feature":"line"}},
{"type":"Feature","geometry":{"type":"LineString","coordinates":[[101.57147,3.35566],[101.57194,3.35254],[101.57201,3.35174],[101.57232,3.34576],[101.57265,3.33942]]},"properties":{"name":"KTM","kind":"KTM / rail","feature":"line"}},
{"type":"Feature","geometry":{"type":"LineString","coordinates":[[101.58481,3.36277],[101.58366,3.36262],[101.58276,3.36261],[101.58181,3.36272],[101.57864,3.36324],[101.5776,3.36328],[101.57654,3.36314],[101.57569,3.3629],[101.57496,3.36257],[101.57401,3.36197],[101.57322,3.36127],[101.57241,3.36024],[101.57198,3.35943],[101.57167,3.35859],[101.57153,3.35797],[101.57143,3.35707],[101.57152,3.35567]]},"properties":{"name":"KTM","kind":"KTM / rail","feature":"line"}},
{"type":"Feature","geometry":{"type":"LineString","coordinates":[[101.58481,3.3628],[101.58366,3.36266],[101.58277,3.36265],[101.58104,3.36288],[101.57866,3.36328],[101.57759,3.36332],[101.57654,3.36318],[101.57569,3.36295],[101.57495,3.36263],[101.57398,3.36202],[101.5732,3.36132],[101.57239,3.36028],[101.57195,3.35945],[101.57163,3.35858],[101.57149,3.35796],[101.57138,3.35707],[101.57147,3.35566]]},"properties":{"name":"KTM","kind":"KTM / rail","feature":"line"}},
{"type":"Feature","geometry":{"type":"LineString","coordinates":[[101.63859,3.45924],[101.63912,3.45751],[101.63956,3.45598],[101.63973,3.45512],[101.63984,3.45401],[101.63985,3.45306],[101.63976,3.45178],[101.63798,3.44206],[101.63759,3.44036],[101.6373,3.43947],[101.63671,3.43815],[101.63591,3.4369],[101.63186,3.43178],[101.62686,3.42547]]},"properties":{"name":"KTM","kind":"KTM / rail","feature":"line"}},
{"type":"Feature","geometry":{"type":"LineString","coordinates":[[101.62568,3.41708],[101.6262,3.4161],[101.62653,3.41537],[101.6268,3.4146],[101.62708,3.41353],[101.62725,3.41259],[101.62787,3.40863],[101.62806,3.40727],[101.6281,3.40601],[101.62808,3.4053],[101.62785,3.40295],[101.62784,3.40208],[101.62833,3.39686],[101.62835,3.39532],[101.62828,3.39454],[101.6281,3.39343],[101.62769,3.39148],[101.62731,3.39037],[101.62687,3.38936],[101.62639,3.38848],[101.62564,3.38736],[101.62469,3.38626],[101.61493,3.37652]]},"properties":{"name":"KTM","kind":"KTM / rail","feature":"line"}},
{"type":"Feature","geometry":{"type":"LineString","coordinates":[[101.61397,3.3756],[101.60915,3.3708],[101.60805,3.36981],[101.60703,3.36907],[101.60648,3.36876]]},"properties":{"name":"KTM","kind":"KTM / rail","feature":"line"}},
{"type":"Feature","geometry":{"type":"LineString","coordinates":[[101.61491,3.37653],[101.61397,3.3756]]},"properties":{"name":"KTM","kind":"KTM / rail","feature":"line"}},
{"type":"Feature","geometry":{"type":"LineString","coordinates":[[101.6269,3.42544],[101.6264,3.42482],[101.62562,3.42368],[101.62507,3.42245],[101.62484,3.42137],[101.62476,3.42023],[101.62487,3.41927],[101.62505,3.41851],[101.62568,3.41708]]},"properties":{"name":"KTM","kind":"KTM / rail","feature":"line"}},
{"type":"Feature","geometry":{"type":"LineString","coordinates":[[101.62686,3.42547],[101.62635,3.42485],[101.62555,3.42369],[101.62502,3.42248],[101.62478,3.42135],[101.6247,3.42024],[101.62481,3.41926],[101.625,3.4185],[101.62564,3.41705]]},"properties":{"name":"KTM","kind":"KTM / rail","feature":"line"}},
{"type":"Feature","geometry":{"type":"LineString","coordinates":[[101.63786,3.46909],[101.63761,3.46773]]},"properties":{"name":"KTM","kind":"KTM / rail","feature":"line"}},
{"type":"Feature","geometry":{"type":"LineString","coordinates":[[101.63796,3.46967],[101.63786,3.46909]]},"properties":{"name":"KTM","kind":"KTM / rail","feature":"line"}},
{"type":"Feature","geometry":{"type":"LineString","coordinates":[[101.63327,3.50667],[101.63413,3.50094]]},"properties":{"name":"KTM","kind":"KTM / rail","feature":"line"}},
{"type":"Feature","geometry":{"type":"LineString","coordinates":[[101.63323,3.50666],[101.63408,3.50093]]},"properties":{"name":"KTM","kind":"KTM / rail","feature":"line"}},
{"type":"Feature","geometry":{"type":"LineString","coordinates":[[101.63413,3.50094],[101.63433,3.49961]]},"properties":{"name":"KTM","kind":"KTM / rail","feature":"line"}},
{"type":"Feature","geometry":{"type":"LineString","coordinates":[[101.63408,3.50093],[101.63429,3.49961]]},"properties":{"name":"KTM","kind":"KTM / rail","feature":"line"}},
{"type":"Feature","geometry":{"type":"LineString","coordinates":[[101.63271,3.51003],[101.63311,3.50743]]},"properties":{"name":"KTM","kind":"KTM / rail","feature":"line"}},
{"type":"Feature","geometry":{"type":"LineString","coordinates":[[101.63276,3.51004],[101.63315,3.50743]]},"properties":{"name":"KTM","kind":"KTM / rail","feature":"line"}},
{"type":"Feature","geometry":{"type":"LineString","coordinates":[[101.61348,3.57742],[101.61356,3.57589],[101.61372,3.5751]]},"properties":{"name":"KTM","kind":"KTM / rail","feature":"line"}},
{"type":"Feature","geometry":{"type":"LineString","coordinates":[[101.61344,3.57742],[101.61352,3.57587],[101.61368,3.57509]]},"properties":{"name":"KTM","kind":"KTM / rail","feature":"line"}},
{"type":"Feature","geometry":{"type":"LineString","coordinates":[[101.63953,3.55253],[101.63975,3.5506],[101.63977,3.54999],[101.63967,3.54907],[101.63948,3.54823],[101.63901,3.54716],[101.63862,3.5465],[101.63721,3.54463],[101.63671,3.54385],[101.63636,3.54307],[101.63576,3.54087],[101.63512,3.53871],[101.63477,3.53731]]},"properties":{"name":"KTM","kind":"KTM / rail","feature":"line"}},
{"type":"Feature","geometry":{"type":"LineString","coordinates":[[101.63957,3.55254],[101.63979,3.55062],[101.63979,3.54997],[101.6397,3.54907],[101.6395,3.54819],[101.63904,3.54713],[101.63865,3.54647],[101.63725,3.54463],[101.63674,3.54383],[101.6364,3.54303],[101.63581,3.54084],[101.63517,3.53869],[101.63481,3.53729]]},"properties":{"name":"KTM","kind":"KTM / rail","feature":"line"}},
{"type":"Feature","geometry":{"type":"LineString","coordinates":[[101.63941,3.55386],[101.63957,3.55254]]},"properties":{"name":"KTM","kind":"KTM / rail","feature":"line"}},
{"type":"Feature","geometry":{"type":"LineString","coordinates":[[101.63937,3.55386],[101.63953,3.55253]]},"properties":{"name":"KTM","kind":"KTM / rail","feature":"line"}},
{"type":"Feature","geometry":{"type":"LineString","coordinates":[[101.60377,3.59585],[101.60798,3.5898]]},"properties":{"name":"KTM","kind":"KTM / rail","feature":"line"}},
{"type":"Feature","geometry":{"type":"LineString","coordinates":[[101.6038,3.59587],[101.60801,3.58982]]},"properties":{"name":"KTM","kind":"KTM / rail","feature":"line"}},
{"type":"Feature","geometry":{"type":"LineString","coordinates":[[101.59819,3.59939],[101.59935,3.5992],[101.59988,3.59905],[101.60087,3.59866],[101.60188,3.59803],[101.6027,3.59724],[101.60339,3.5964],[101.60377,3.59585]]},"properties":{"name":"KTM","kind":"KTM / rail","feature":"line"}},
{"type":"Feature","geometry":{"type":"LineString","coordinates":[[101.59819,3.59945],[101.59936,3.59925],[101.59993,3.59908],[101.6009,3.5987],[101.60193,3.59804],[101.60305,3.5969],[101.6038,3.59587]]},"properties":{"name":"KTM","kind":"KTM / rail","feature":"line"}},
{"type":"Feature","geometry":{"type":"LineString","coordinates":[[101.45843,2.97763],[101.45941,2.97643]]},"properties":{"name":"LRT 3","kind":"LRT","feature":"line"}},
{"type":"Feature","geometry":{"type":"LineString","coordinates":[[101.4593,2.97637],[101.45833,2.97759]]},"properties":{"name":"LRT 3","kind":"LRT","feature":"line"}},
{"type":"Feature","geometry":{"type":"LineString","coordinates":[[101.61886,3.14491],[101.61928,3.14524]]},"properties":{"name":"LRT 3","kind":"LRT","feature":"line"}},
{"type":"Feature","geometry":{"type":"LineString","coordinates":[[101.61893,3.14482],[101.61936,3.14516]]},"properties":{"name":"LRT 3","kind":"LRT","feature":"line"}},
{"type":"Feature","geometry":{"type":"LineString","coordinates":[[101.58669,3.20344],[101.58387,3.20542],[101.5834,3.20568],[101.58255,3.20598],[101.5808,3.2065],[101.58017,3.20652],[101.57978,3.20641],[101.57962,3.20634],[101.57946,3.20626],[101.57934,3.20618],[101.57898,3.20582],[101.57865,3.20503],[101.57863,3.20462],[101.57872,3.20366],[101.57871,3.20299],[101.57852,3.20159],[101.57854,3.20092],[101.57872,3.19916],[101.57868,3.19833],[101.57843,3.19715],[101.57811,3.19523],[101.57809,3.19473],[101.57831,3.19357],[101.57886,3.19164],[101.5788,3.19076],[101.57837,3.18955],[101.57831,3.18903],[101.57839,3.18855],[101.57864,3.18802],[101.57904,3.18738],[101.57923,3.18685],[101.57931,3.18637],[101.57918,3.18573],[101.57738,3.18122]]},"properties":{"name":"Laluan Putrajaya","kind":"MRT","feature":"line"}},
{"type":"Feature","geometry":{"type":"LineString","coordinates":[[101.57733,3.18124],[101.57902,3.18544],[101.57923,3.18601],[101.57919,3.18685],[101.57899,3.18737],[101.57844,3.18829],[101.57829,3.18879],[101.57833,3.18957],[101.57875,3.19077],[101.57882,3.19117],[101.57878,3.19176],[101.57816,3.19396],[101.57806,3.19452],[101.57811,3.19551],[101.57838,3.19717],[101.57863,3.19834],[101.57869,3.19904],[101.57848,3.20126],[101.57848,3.20159],[101.57866,3.20298],[101.57866,3.20397],[101.57858,3.2046],[101.57858,3.20524],[101.57884,3.20592],[101.57912,3.20625],[101.57927,3.20637],[101.57948,3.20651],[101.57973,3.20661],[101.58026,3.20673],[101.58083,3.20668],[101.58295,3.20601],[101.58366,3.20562],[101.58672,3.20346]]},"properties":{"name":"Laluan Putrajaya","kind":"MRT","feature":"line"}},
{"type":"Feature","geometry":{"type":"LineString","coordinates":[[101.58672,3.20346],[101.58732,3.20298],[101.5875,3.20278],[101.58772,3.20247],[101.5882,3.2017],[101.58897,3.201],[101.58945,3.20078],[101.59171,3.20015],[101.59462,3.19938],[101.59552,3.19924],[101.59642,3.19927],[101.59761,3.19949],[101.59841,3.19973],[101.59896,3.1998],[101.5998,3.19967],[101.60166,3.19908],[101.60605,3.19816],[101.60684,3.19816],[101.60923,3.19836],[101.61016,3.19849]]},"properties":{"name":"Laluan Putrajaya","kind":"MRT","feature":"line"}},
{"type":"Feature","geometry":{"type":"LineString","coordinates":[[101.61015,3.19841],[101.60955,3.19826],[101.60716,3.19805],[101.60634,3.19806],[101.60165,3.19905],[101.59942,3.19972],[101.59868,3.19974],[101.59732,3.19937],[101.59608,3.19921],[101.5953,3.19922],[101.59427,3.19933],[101.59168,3.20001],[101.58943,3.20074],[101.58895,3.20097],[101.58818,3.20167],[101.58768,3.20245],[101.58751,3.20268],[101.58739,3.20284],[101.58669,3.20344]]},"properties":{"name":"Laluan Putrajaya","kind":"MRT","feature":"line"}},
{"type":"Feature","geometry":{"type":"LineString","coordinates":[[101.62776,3.20595],[101.62709,3.20439],[101.62639,3.20321],[101.62451,3.20015],[101.62422,3.19975],[101.62381,3.19939],[101.62346,3.19918],[101.62288,3.19892],[101.61969,3.19825],[101.61914,3.19816],[101.61861,3.19816],[101.61807,3.1983],[101.61756,3.19858],[101.61591,3.19967],[101.61527,3.19995],[101.61449,3.20011],[101.61373,3.2001],[101.61278,3.19986],[101.61203,3.19946],[101.6111,3.19882],[101.61015,3.19841]]},"properties":{"name":"Laluan Putrajaya","kind":"MRT","feature":"line"}},
{"type":"Feature","geometry":{"type":"LineString","coordinates":[[101.61016,3.19849],[101.61108,3.19885],[101.61247,3.19977],[101.61334,3.20007],[101.61407,3.20017],[101.61449,3.20015],[101.61527,3.19999],[101.61593,3.19971],[101.61784,3.19843],[101.61835,3.19824],[101.61889,3.19818],[101.61933,3.19822],[101.62258,3.19888],[101.6231,3.19904],[101.62343,3.1992],[101.62399,3.19958],[101.62444,3.20012],[101.62636,3.20323],[101.62705,3.20439],[101.62769,3.20599]]},"properties":{"name":"Laluan Putrajaya","kind":"MRT","feature":"line"}},
{"type":"Feature","geometry":{"type":"Point","coordinates":[101.62853,3.20871]},"properties":{"name":"KA07 Kepong Sentral","kind":"Station","feature":"station"}},
{"type":"Feature","geometry":{"type":"Point","coordinates":[101.78779,2.93958]},"properties":{"name":"KB07 UKM","kind":"Station","feature":"station"}},
{"type":"Feature","geometry":{"type":"Point","coordinates":[101.70566,2.75259]},"properties":{"name":"KLIA Terminal 1 (Main Building)","kind":"Station","feature":"station"}},
{"type":"Feature","geometry":{"type":"Point","coordinates":[101.7128,2.74743]},"properties":{"name":"KLIA Terminal 1 (Satellite Building)","kind":"Station","feature":"station"}},
{"type":"Feature","geometry":{"type":"Point","coordinates":[101.63772,3.46853]},"properties":{"name":"KA12 Batang Kali","kind":"Station","feature":"station"}},
{"type":"Feature","geometry":{"type":"Point","coordinates":[101.70464,2.75473]},"properties":{"name":"KLIA T1","kind":"Station","feature":"station"}},
{"type":"Feature","geometry":{"type":"Point","coordinates":[101.73896,3.13022]},"properties":{"name":"AG14 Pandan Jaya","kind":"Station","feature":"station"}},
{"type":"Feature","geometry":{"type":"Point","coordinates":[101.6323,3.08446]},"properties":{"name":"KD06 Kampung Dato Harun","kind":"Station","feature":"station"}},
{"type":"Feature","geometry":{"type":"Point","coordinates":[101.62196,3.08451]},"properties":{"name":"KD07 Seri Setia","kind":"Station","feature":"station"}},
{"type":"Feature","geometry":{"type":"Point","coordinates":[101.61135,3.08315]},"properties":{"name":"KD08 Setia Jaya","kind":"Station","feature":"station"}},
{"type":"Feature","geometry":{"type":"Point","coordinates":[101.52534,3.05637]},"properties":{"name":"KD11 Shah Alam","kind":"Station","feature":"station"}},
{"type":"Feature","geometry":{"type":"Point","coordinates":[101.63773,3.10435]},"properties":{"name":"KJ21 Asia Jaya","kind":"Station","feature":"station"}},
{"type":"Feature","geometry":{"type":"Point","coordinates":[101.61272,3.11069]},"properties":{"name":"KJ23 Taman Bahagia","kind":"Station","feature":"station"}},
{"type":"Feature","geometry":{"type":"Point","coordinates":[101.6045,3.11245]},"properties":{"name":"KJ24 Kelana Jaya","kind":"Station","feature":"station"}},
{"type":"Feature","geometry":{"type":"Point","coordinates":[101.64532,3.10406]},"properties":{"name":"KJ20 Taman Jaya","kind":"Station","feature":"station"}},
{"type":"Feature","geometry":{"type":"Point","coordinates":[101.72443,3.23118]},"properties":{"name":"KJ1 Gombak","kind":"Station","feature":"station"}},
{"type":"Feature","geometry":{"type":"Point","coordinates":[101.73532,3.16725]},"properties":{"name":"KJ6 Jelatek","kind":"Station","feature":"station"}},
{"type":"Feature","geometry":{"type":"Point","coordinates":[101.73589,3.17574]},"properties":{"name":"KJ5 Setiawangsa","kind":"Station","feature":"station"}},
{"type":"Feature","geometry":{"type":"Point","coordinates":[101.62318,3.1047]},"properties":{"name":"KJ22 Taman Paramount","kind":"Station","feature":"station"}},
{"type":"Feature","geometry":{"type":"Point","coordinates":[101.55468,3.25826]},"properties":{"name":"KA09 Kuang","kind":"Station","feature":"station"}},
{"type":"Feature","geometry":{"type":"Point","coordinates":[101.4703,3.03626]},"properties":{"name":"KD13 Bukit Badak","kind":"Station","feature":"station"}},
{"type":"Feature","geometry":{"type":"Point","coordinates":[101.74669,3.13476]},"properties":{"name":"AG15 Pandan Indah","kind":"Station","feature":"station"}},
{"type":"Feature","geometry":{"type":"Point","coordinates":[101.71307,2.8254]},"properties":{"name":"ERL Salak Tinggi","kind":"Station","feature":"station"}},
{"type":"Feature","geometry":{"type":"Point","coordinates":[101.39147,2.99953]},"properties":{"name":"KD19 Pelabuhan Klang","kind":"Station","feature":"station"}},
{"type":"Feature","geometry":{"type":"Point","coordinates":[101.71593,3.02352]},"properties":{"name":"KB05 Serdang","kind":"Station","feature":"station"}},
{"type":"Feature","geometry":{"type":"Point","coordinates":[101.7861,2.904]},"properties":{"name":"KB08 Bangi","kind":"Station","feature":"station"}},
{"type":"Feature","geometry":{"type":"Point","coordinates":[101.40263,3.01303]},"properties":{"name":"KD18 Jalan Kastam","kind":"Station","feature":"station"}},
{"type":"Feature","geometry":{"type":"Point","coordinates":[101.41025,3.02015]},"properties":{"name":"KD17 Kampung Raja Uda","kind":"Station","feature":"station"}},
{"type":"Feature","geometry":{"type":"Point","coordinates":[101.4321,3.04086]},"properties":{"name":"KD15 Teluk Pulai","kind":"Station","feature":"station"}},
{"type":"Feature","geometry":{"type":"Point","coordinates":[101.49274,3.05246]},"properties":{"name":"KD12 Padang Jawa","kind":"Station","feature":"station"}},
{"type":"Feature","geometry":{"type":"Point","coordinates":[101.55958,3.07584]},"properties":{"name":"KD10 Batu Tiga","kind":"Station","feature":"station"}},
{"type":"Feature","geometry":{"type":"Point","coordinates":[101.58743,3.08459]},"properties":{"name":"KD09 Subang Jaya","kind":"Station","feature":"station"}},
{"type":"Feature","geometry":{"type":"Point","coordinates":[101.6565,3.08347]},"properties":{"name":"KD05 Jalan Templer","kind":"Station","feature":"station"}},
{"type":"Feature","geometry":{"type":"Point","coordinates":[101.63953,3.5532]},"properties":{"name":"KA14 Kuala Kubu Bharu","kind":"Station","feature":"station"}},
{"type":"Feature","geometry":{"type":"Point","coordinates":[101.61448,3.37605]},"properties":{"name":"KA11 Serendah","kind":"Station","feature":"station"}},
{"type":"Feature","geometry":{"type":"Point","coordinates":[101.75303,3.13848]},"properties":{"name":"AG16 Cempaka","kind":"Station","feature":"station"}},
{"type":"Feature","geometry":{"type":"Point","coordinates":[101.75659,3.14061]},"properties":{"name":"AG17 Cahaya","kind":"Station","feature":"station"}},
{"type":"Feature","geometry":{"type":"Point","coordinates":[101.76022,3.15035]},"properties":{"name":"AG18 Ampang","kind":"Station","feature":"station"}},
{"type":"Feature","geometry":{"type":"Point","coordinates":[101.64427,3.05045]},"properties":{"name":"SP22 Kinrara BK 5","kind":"Station","feature":"station"}},
{"type":"Feature","geometry":{"type":"Point","coordinates":[101.57558,2.99605]},"properties":{"name":"SP31 KJ37 Putra Heights","kind":"Station","feature":"station"}},
{"type":"Feature","geometry":{"type":"Point","coordinates":[101.65654,3.05466]},"properties":{"name":"SP21 Alam Sutera","kind":"Station","feature":"station"}},
{"type":"Feature","geometry":{"type":"Point","coordinates":[101.62108,3.04813]},"properties":{"name":"SP24 IOI Puchong Jaya","kind":"Station","feature":"station"}},
{"type":"Feature","geometry":{"type":"Point","coordinates":[101.61609,3.03323]},"properties":{"name":"SP25 Pusat Bandar Puchong","kind":"Station","feature":"station"}},
{"type":"Feature","geometry":{"type":"Point","coordinates":[101.61354,3.02272]},"properties":{"name":"SP26 Taman Perindustrian Puchong","kind":"Station","feature":"station"}},
{"type":"Feature","geometry":{"type":"Point","coordinates":[101.61293,3.01695]},"properties":{"name":"SP27 Bandar Puteri","kind":"Station","feature":"station"}},
{"type":"Feature","geometry":{"type":"Point","coordinates":[101.59666,2.99991]},"properties":{"name":"SP29 Puchong Prima","kind":"Station","feature":"station"}},
{"type":"Feature","geometry":{"type":"Point","coordinates":[101.57211,3.02309]},"properties":{"name":"KJ35 Alam Megah","kind":"Station","feature":"station"}},
{"type":"Feature","geometry":{"type":"Point","coordinates":[101.58181,3.02973]},"properties":{"name":"KJ34 USJ21","kind":"Station","feature":"station"}},
{"type":"Feature","geometry":{"type":"Point","coordinates":[101.58817,3.03503]},"properties":{"name":"KJ33 Wawasan","kind":"Station","feature":"station"}},
{"type":"Feature","geometry":{"type":"Point","coordinates":[101.59028,3.04791]},"properties":{"name":"KJ32 Taipan","kind":"Station","feature":"station"}},
{"type":"Feature","geometry":{"type":"Point","coordinates":[101.58618,3.0757]},"properties":{"name":"KJ29 SS15","kind":"Station","feature":"station"}},
{"type":"Feature","geometry":{"type":"Point","coordinates":[101.60528,3.00783]},"properties":{"name":"SP28 Puchong Perdana","kind":"Station","feature":"station"}},
{"type":"Feature","geometry":{"type":"Point","coordinates":[101.57212,3.0096]},"properties":{"name":"KJ36 Subang Alam","kind":"Station","feature":"station"}},
{"type":"Feature","geometry":{"type":"Point","coordinates":[101.59201,3.05452]},"properties":{"name":"KJ31 USJ7","kind":"Station","feature":"station"}},
{"type":"Feature","geometry":{"type":"Point","coordinates":[101.58619,3.06703]},"properties":{"name":"KJ30 SS18","kind":"Station","feature":"station"}},
{"type":"Feature","geometry":{"type":"Point","coordinates":[101.58729,3.08489]},"properties":{"name":"KJ28 Subang Jaya","kind":"Station","feature":"station"}},
{"type":"Feature","geometry":{"type":"Point","coordinates":[101.58658,3.10843]},"properties":{"name":"KJ26 Ara Damansara","kind":"Station","feature":"station"}},
{"type":"Feature","geometry":{"type":"Point","coordinates":[101.59027,3.09592]},"properties":{"name":"KJ27 Glenmarie","kind":"Station","feature":"station"}},
{"type":"Feature","geometry":{"type":"Point","coordinates":[101.5913,3.11206]},"properties":{"name":"KJ25 Lembah Subang","kind":"Station","feature":"station"}},
{"type":"Feature","geometry":{"type":"Point","coordinates":[101.57502,3.3189]},"properties":{"name":"KA10 Rawang","kind":"Station","feature":"station"}},
{"type":"Feature","geometry":{"type":"Point","coordinates":[101.58184,3.20627]},"properties":{"name":"PY04 Sungai Buloh","kind":"Station","feature":"station"}},
{"type":"Feature","geometry":{"type":"Point","coordinates":[101.57841,3.19717]},"properties":{"name":"PY03 Kampung Selamat","kind":"Station","feature":"station"}},
{"type":"Feature","geometry":{"type":"Point","coordinates":[101.59371,3.1496]},"properties":{"name":"KG07 Surian","kind":"Station","feature":"station"}},
{"type":"Feature","geometry":{"type":"Point","coordinates":[101.60882,3.15519]},"properties":{"name":"KG08 Mutiara Damansara","kind":"Station","feature":"station"}},
{"type":"Feature","geometry":{"type":"Point","coordinates":[101.61881,3.14665]},"properties":{"name":"KG09 Bandar Utama","kind":"Station","feature":"station"}},
{"type":"Feature","geometry":{"type":"Point","coordinates":[101.5724,3.17631]},"properties":{"name":"KG04 PY01 Kwasa Damansara","kind":"Station","feature":"station"}},
{"type":"Feature","geometry":{"type":"Point","coordinates":[101.56484,3.16983]},"properties":{"name":"KG05 Kwasa Sentral","kind":"Station","feature":"station"}},
{"type":"Feature","geometry":{"type":"Point","coordinates":[101.57874,3.15018]},"properties":{"name":"KG06 Kota Damansara","kind":"Station","feature":"station"}},
{"type":"Feature","geometry":{"type":"Point","coordinates":[101.63415,3.50027]},"properties":{"name":"KA13 Rasa","kind":"Station","feature":"station"}},
{"type":"Feature","geometry":{"type":"Point","coordinates":[101.76348,3.07161]},"properties":{"name":"KG27 Taman Suntex","kind":"Station","feature":"station"}},
{"type":"Feature","geometry":{"type":"Point","coordinates":[101.773,3.06218]},"properties":{"name":"KG28 Sri Raya","kind":"Station","feature":"station"}},
{"type":"Feature","geometry":{"type":"Point","coordinates":[101.77501,3.04836]},"properties":{"name":"KG29 Bandar Tun Hussein Onn","kind":"Station","feature":"station"}},
{"type":"Feature","geometry":{"type":"Point","coordinates":[101.77334,3.0413]},"properties":{"name":"KG30 Batu 11 Cheras","kind":"Station","feature":"station"}},
{"type":"Feature","geometry":{"type":"Point","coordinates":[101.77109,3.02639]},"properties":{"name":"KG31 Bukit Dukung","kind":"Station","feature":"station"}},
{"type":"Feature","geometry":{"type":"Point","coordinates":[101.78412,3.00084]},"properties":{"name":"KG33 Sungai Jernih","kind":"Station","feature":"station"}},
{"type":"Feature","geometry":{"type":"Point","coordinates":[101.7862,2.99406]},"properties":{"name":"KG34 Stadium Kajang","kind":"Station","feature":"station"}},
{"type":"Feature","geometry":{"type":"Point","coordinates":[101.79033,2.9831]},"properties":{"name":"KG35 Kajang","kind":"Station","feature":"station"}},
{"type":"Feature","geometry":{"type":"Point","coordinates":[101.62862,3.20762]},"properties":{"name":"PY08 Sri Damansara Timur","kind":"Station","feature":"station"}},
{"type":"Feature","geometry":{"type":"Point","coordinates":[101.62113,3.19854]},"properties":{"name":"PY07 Sri Damansara Sentral","kind":"Station","feature":"station"}},
{"type":"Feature","geometry":{"type":"Point","coordinates":[101.60841,3.19823]},"properties":{"name":"PY06 Sri Damansara Barat","kind":"Station","feature":"station"}},
{"type":"Feature","geometry":{"type":"Point","coordinates":[101.5929,3.19975]},"properties":{"name":"PY05 Damansara Damai","kind":"Station","feature":"station"}},
{"type":"Feature","geometry":{"type":"Point","coordinates":[101.65487,2.96529]},"properties":{"name":"PY38 16 Sierra","kind":"Station","feature":"station"}},
{"type":"Feature","geometry":{"type":"Point","coordinates":[101.65749,2.94923]},"properties":{"name":"PY39 Cyberjaya Utara","kind":"Station","feature":"station"}},
{"type":"Feature","geometry":{"type":"Point","coordinates":[101.79206,2.96254]},"properties":{"name":"KB06A Kajang 2","kind":"Station","feature":"station"}},
{"type":"Feature","geometry":{"type":"Point","coordinates":[101.66561,2.93897]},"properties":{"name":"PY40 Cyberjaya City Centre","kind":"Station","feature":"station"}},
{"type":"Feature","geometry":{"type":"Point","coordinates":[101.70539,3.00849]},"properties":{"name":"PY34 UPM","kind":"Station","feature":"station"}},
{"type":"Feature","geometry":{"type":"Point","coordinates":[101.34677,2.96078]},"properties":{"name":"Pulau Indah","kind":"Station","feature":"station"}},
{"type":"Feature","geometry":{"type":"Point","coordinates":[101.7075,3.02848]},"properties":{"name":"PY32 Serdang Raya Selatan","kind":"Station","feature":"station"}},
{"type":"Feature","geometry":{"type":"Point","coordinates":[101.70491,3.04171]},"properties":{"name":"PY31 Serdang Raya Utara","kind":"Station","feature":"station"}},
{"type":"Feature","geometry":{"type":"Point","coordinates":[101.70894,3.02155]},"properties":{"name":"PY33 Serdang Jaya","kind":"Station","feature":"station"}},
{"type":"Feature","geometry":{"type":"Point","coordinates":[101.44759,3.0475]},"properties":{"name":"Jambatan Kota","kind":"Station","feature":"station"}},
{"type":"Feature","geometry":{"type":"Point","coordinates":[101.68518,2.74453]},"properties":{"name":"KLIA T2","kind":"Station","feature":"station"}},
{"type":"Feature","geometry":{"type":"Point","coordinates":[101.61901,3.14492]},"properties":{"name":"Bandar Utama","kind":"Station","feature":"station"}},
{"type":"Feature","geometry":{"type":"Point","coordinates":[101.45206,3.05906]},"properties":{"name":"Jalan Meru","kind":"Station","feature":"station"}},
{"type":"Feature","geometry":{"type":"Point","coordinates":[101.45085,3.06794]},"properties":{"name":"Pasar Klang","kind":"Station","feature":"station"}},
{"type":"Feature","geometry":{"type":"Point","coordinates":[101.44241,3.02685]},"properties":{"name":"Taman Selatan","kind":"Station","feature":"station"}},
{"type":"Feature","geometry":{"type":"Point","coordinates":[101.44075,3.01604]},"properties":{"name":"Seri Andalas","kind":"Station","feature":"station"}},
{"type":"Feature","geometry":{"type":"Point","coordinates":[101.44184,3.00544]},"properties":{"name":"Klang Jaya","kind":"Station","feature":"station"}},
{"type":"Feature","geometry":{"type":"Point","coordinates":[101.44593,2.99326]},"properties":{"name":"Bandar Bukit Tinggi","kind":"Station","feature":"station"}},
{"type":"Feature","geometry":{"type":"Point","coordinates":[101.45935,2.97642]},"properties":{"name":"Johan Setia","kind":"Station","feature":"station"}},
{"type":"Feature","geometry":{"type":"Point","coordinates":[101.46593,3.06268]},"properties":{"name":"Bandar Baru Klang","kind":"Station","feature":"station"}},
{"type":"Feature","geometry":{"type":"Point","coordinates":[101.48697,3.06746]},"properties":{"name":"Seksyen 7 Shah Alam","kind":"Station","feature":"station"}},
{"type":"Feature","geometry":{"type":"Point","coordinates":[101.50117,3.06279]},"properties":{"name":"UiTM Shah Alam","kind":"Station","feature":"station"}},
{"type":"Feature","geometry":{"type":"Point","coordinates":[101.67258,2.98934]},"properties":{"name":"PY36 Taman Equine","kind":"Station","feature":"station"}},
{"type":"Feature","geometry":{"type":"Point","coordinates":[101.66058,2.98311]},"properties":{"name":"PY37 Putra Permai","kind":"Station","feature":"station"}},
{"type":"Feature","geometry":{"type":"Point","coordinates":[101.57999,3.20624]},"properties":{"name":"KA08 Sungai Buloh","kind":"Station","feature":"station"}},
{"type":"Feature","geometry":{"type":"Point","coordinates":[101.68144,3.23778]},"properties":{"name":"KC05 Batu Caves","kind":"Station","feature":"station"}},
{"type":"Feature","geometry":{"type":"Point","coordinates":[101.44967,3.04309]},"properties":{"name":"KD14 Klang","kind":"Station","feature":"station"}},
{"type":"Feature","geometry":{"type":"Point","coordinates":[101.60467,3.13344]},"properties":{"name":"BU 11 (Bandar Utama 11)","kind":"Station","feature":"station"}},
{"type":"Feature","geometry":{"type":"Point","coordinates":[101.59425,3.12285]},"properties":{"name":"Damansara Idaman","kind":"Station","feature":"station"}},
{"type":"Feature","geometry":{"type":"Point","coordinates":[101.52117,3.06993]},"properties":{"name":"Dato' Menteri","kind":"Station","feature":"station"}},
{"type":"Feature","geometry":{"type":"Point","coordinates":[101.6168,3.13491]},"properties":{"name":"Kayu Ara","kind":"Station","feature":"station"}},
{"type":"Feature","geometry":{"type":"Point","coordinates":[101.59124,3.10624]},"properties":{"name":"Subang","kind":"Station","feature":"station"}},
{"type":"Feature","geometry":{"type":"Point","coordinates":[101.5888,3.09533]},"properties":{"name":"Glenmarie 2","kind":"Station","feature":"station"}},
{"type":"Feature","geometry":{"type":"Point","coordinates":[101.56198,3.08235]},"properties":{"name":"Kerjaya","kind":"Station","feature":"station"}},
{"type":"Feature","geometry":{"type":"Point","coordinates":[101.54912,3.07996]},"properties":{"name":"Stadium Shah Alam","kind":"Station","feature":"station"}},
{"type":"Feature","geometry":{"type":"Point","coordinates":[101.79053,2.98267]},"properties":{"name":"KB06 Kajang","kind":"Station","feature":"station"}},
{"type":"Feature","geometry":{"type":"Point","coordinates":[101.42491,3.034]},"properties":{"name":"KD16 Teluk Gadong","kind":"Station","feature":"station"}}
]}