{"type":"FeatureCollection", "features": [
{"type":"Feature","geometry":{"type":"Polygon","coordinates":[[[101.7804,3.2603],[101.7796,3.2604],[101.7781,3.2612],[101.7764,3.2617],[101.7753,3.261],[101.773,3.2609],[101.7729,3.2593],[101.7721,3.2587],[101.7724,3.2574],[101.7714,3.2571],[101.7705,3.2554],[101.7688,3.2539],[101.7678,3.2516],[101.7669,3.2517],[101.7669,3.253],[101.7662,3.2551],[101.766,3.2608],[101.7666,3.2616],[101.7666,3.2637],[101.766,3.2645],[101.7678,3.2663],[101.7663,3.2667],[101.7647,3.266],[101.7658,3.2635],[101.7652,3.2621],[101.7655,3.2598],[101.7652,3.2571],[101.7655,3.2537],[101.7651,3.2489],[101.7643,3.2483],[101.7625,3.2496],[101.7625,3.2485],[101.7633,3.2478],[101.764,3.2462],[101.7635,3.2454],[101.7617,3.2455],[101.7614,3.2445],[101.7622,3.2439],[101.7607,3.243],[101.7595,3.243],[101.76,3.2417],[101.759,3.2407],[101.7582,3.2419],[101.7576,3.2417],[101.7582,3.2403],[101.7581,3.2391],[101.7572,3.2389],[101.7536,3.2399],[101.7552,3.2419],[101.7561,3.2422],[101.7576,3.2446],[101.7576,3.2456],[101.7563,3.2455],[101.7555,3.2435],[101.7541,3.243],[101.753,3.2414],[101.7517,3.2428],[101.7511,3.2401],[101.7477,3.2375],[101.7492,3.2359],[101.7501,3.2355],[101.7508,3.2352],[101.752,3.2357],[101.7541,3.2381],[101.7551,3.2366],[101.7566,3.2364],[101.7577,3.2373],[101.7591,3.2376],[101.7603,3.2394],[101.7612,3.2384],[101.7627,3.2387],[101.7636,3.237],[101.7646,3.2378],[101.7649,3.2392],[101.7658,3.2396],[101.7662,3.2406],[101.7675,3.2424],[101.7669,3.2434],[101.7671,3.2441],[101.7685,3.2445],[101.7692,3.2437],[101.7704,3.2441],[101.7707,3.2449],[101.7731,3.2455],[101.7753,3.2469],[101.7766,3.2464],[101.7762,3.2484],[101.7749,3.2472],[101.7727,3.2465],[101.7707,3.2456],[101.77,3.2462],[101.7697,3.2473],[101.7707,3.2482],[101.77,3.249],[101.7686,3.2494],[101.7689,3.2508],[101.7709,3.2523],[101.7703,3.2527],[101.7707,3.2542],[101.7723,3.2546],[101.7722,3.2556],[101.774,3.2557],[101.7749,3.2572],[101.775,3.2593],[101.7755,3.2597],[101.7779,3.2603],[101.7782,3.2609],[101.7794,3.2603],[101.7801,3.2602],[101.7804,3.2603]]]},"properties":{"name":"Tasik Klang Gates","kind":"Reservoir"}},
{"type":"Feature","geometry":{"type":"Polygon","coordinates":[[[101.5146,3.0745],[101.5128,3.074],[101.5124,3.0732],[101.5138,3.072],[101.5141,3.0702],[101.5162,3.0697],[101.5163,3.0705],[101.515,3.0712],[101.5144,3.0732],[101.5146,3.0745]]]},"properties":{"name":"Taman Tasik Shah Alam","kind":"Lake"}},
{"type":"Feature","geometry":{"type":"Polygon","coordinates":[[[101.4733,3.6179],[101.4741,3.6175],[101.4763,3.6176],[101.4762,3.6162],[101.478,3.6145],[101.4784,3.6136],[101.478,3.6126],[101.4799,3.6118],[101.4818,3.6094],[101.4806,3.6079],[101.4801,3.6066],[101.4781,3.6071],[101.4787,3.6059],[101.4799,3.6057],[101.4812,3.6062],[101.4824,3.6038],[101.4818,3.603],[101.4808,3.6032],[101.4811,3.6014],[101.4797,3.5994],[101.479,3.6011],[101.4774,3.6017],[101.4776,3.6002],[101.4784,3.6005],[101.479,3.5988],[101.48,3.5974],[101.4785,3.597],[101.4768,3.596],[101.4778,3.5939],[101.4771,3.5932],[101.4758,3.593],[101.475,3.5918],[101.474,3.5921],[101.4725,3.5914],[101.4708,3.5923],[101.4709,3.591],[101.4724,3.5904],[101.4741,3.5916],[101.4752,3.591],[101.4764,3.5924],[101.4787,3.5906],[101.4809,3.5907],[101.4796,3.588],[101.4808,3.5885],[101.4817,3.5895],[101.4823,3.5888],[101.4816,3.5873],[101.4833,3.5871],[101.4847,3.5847],[101.4864,3.5828],[101.4855,3.582],[101.4835,3.5821],[101.4839,3.5812],[101.4869,3.5813],[101.4873,3.5807],[101.4872,3.5789],[101.486,3.5789],[101.4855,3.5777],[101.4847,3.5785],[101.4838,3.5775],[101.4829,3.5786],[101.4824,3.5779],[101.4809,3.5778],[101.4817,3.5764],[101.4825,3.577],[101.4848,3.5752],[101.4857,3.5765],[101.4874,3.5775],[101.4882,3.5776],[101.4888,3.5752],[101.4873,3.575],[101.4859,3.5737],[101.484,3.5737],[101.4837,3.5728],[101.4823,3.5726],[101.4815,3.5731],[101.4803,3.5754],[101.4788,3.5744],[101.4774,3.5726],[101.4768,3.5724],[101.4758,3.5712],[101.4769,3.5697],[101.4791,3.5685],[101.4789,3.5667],[101.478,3.5662],[101.4771,3.5664],[101.4767,3.5677],[101.4759,3.5677],[101.4758,3.566],[101.4741,3.5648],[101.475,3.5639],[101.477,3.5636],[101.4776,3.563],[101.4772,3.5618],[101.4753,3.5621],[101.4758,3.5602],[101.4793,3.5616],[101.4798,3.5603],[101.4808,3.5619],[101.4816,3.5615],[101.4825,3.5592],[101.4836,3.5596],[101.4825,3.5629],[101.4818,3.5634],[101.4815,3.567],[101.4833,3.5688],[101.4833,3.5702],[101.4845,3.5706],[101.4858,3.5704],[101.486,3.5722],[101.4878,3.5727],[101.487,3.5713],[101.4884,3.5715],[101.4887,3.5727],[101.4897,3.5729],[101.4908,3.5715],[101.4896,3.5695],[101.4909,3.5689],[101.4917,3.5691],[101.4924,3.5679],[101.4912,3.5675],[101.4902,3.5686],[101.4881,3.5685],[101.4888,3.5667],[101.491,3.5663],[101.4913,3.5652],[101.4922,3.5654],[101.4943,3.5666],[101.4962,3.5665],[101.4969,3.5651],[101.4956,3.5649],[101.4951,3.5642],[101.4929,3.5641],[101.4924,3.5635],[101.4897,3.5644],[101.4883,3.5657],[101.4883,3.5642],[101.4872,3.563],[101.4894,3.5634],[101.4898,3.5627],[101.4888,3.5622],[101.4877,3.5623],[101.488,3.5599],[101.4886,3.5595],[101.4894,3.5614],[101.4923,3.5622],[101.4938,3.5618],[101.4936,3.5608],[101.4919,3.5595],[101.4896,3.5584],[101.4917,3.5577],[101.4936,3.5586],[101.4947,3.5602],[101.4956,3.56],[101.4953,3.5619],[101.4973,3.563],[101.4975,3.5618],[101.4985,3.5605],[101.4972,3.5592],[101.4974,3.5577],[101.4989,3.5573],[101.498,3.5564],[101.4991,3.5559],[101.4999,3.5562],[101.5004,3.5548],[101.4977,3.5556],[101.4971,3.5549],[101.4989,3.5533],[101.4976,3.5528],[101.4977,3.55],[101.4992,3.5498],[101.4998,3.5485],[101.4985,3.5483],[101.4974,3.5489],[101.4965,3.548],[101.4964,3.5458],[101.495,3.5465],[101.4949,3.5485],[101.4936,3.5476],[101.4931,3.548],[101.4934,3.5498],[101.4914,3.5505],[101.4918,3.5522],[101.4901,3.5537],[101.4892,3.5523],[101.4879,3.5522],[101.4857,3.5527],[101.4859,3.5517],[101.4875,3.5505],[101.4894,3.5498],[101.4891,3.5467],[101.4887,3.5456],[101.4895,3.5453],[101.4906,3.546],[101.4911,3.5456],[101.4908,3.544],[101.4919,3.5444],[101.4929,3.5438],[101.4932,3.545],[101.4949,3.5436],[101.4944,3.5425],[101.4964,3.5425],[101.4968,3.5432],[101.4998,3.542],[101.5013,3.5407],[101.501,3.5397],[101.5025,3.5392],[101.5043,3.5394],[101.505,3.5409],[101.5054,3.5433],[101.5038,3.5435],[101.5038,3.5452],[101.5028,3.5451],[101.5026,3.5464],[101.5043,3.5471],[101.5051,3.5463],[101.5065,3.5497],[101.5057,3.5504],[101.5036,3.5508],[101.5023,3.5517],[101.503,3.5527],[101.5047,3.5526],[101.5062,3.5508],[101.5071,3.5507],[101.5086,3.5514],[101.5082,3.5522],[101.5085,3.5533],[101.5076,3.5538],[101.5054,3.5541],[101.5049,3.5551],[101.509,3.5544],[101.5094,3.5555],[101.5078,3.5557],[101.506,3.5564],[101.5064,3.5576],[101.5083,3.5573],[101.5099,3.5563],[101.5099,3.5585],[101.5072,3.5604],[101.5086,3.5619],[101.507,3.5619],[101.5066,3.5626],[101.507,3.5639],[101.5079,3.5646],[101.5071,3.5653],[101.5054,3.5642],[101.5053,3.5653],[101.5038,3.5656],[101.5043,3.5639],[101.5039,3.5624],[101.5022,3.5633],[101.5025,3.5647],[101.5017,3.566],[101.5026,3.5665],[101.5013,3.5678],[101.5011,3.5691],[101.5017,3.5702],[101.5027,3.5689],[101.5033,3.5695],[101.5031,3.5709],[101.5048,3.5722],[101.5058,3.5707],[101.5054,3.5697],[101.5059,3.5687],[101.5076,3.5688],[101.5079,3.5704],[101.5067,3.5711],[101.5078,3.573],[101.5066,3.5737],[101.5079,3.5747],[101.5086,3.5738],[101.5098,3.574],[101.5105,3.5747],[101.5086,3.5751],[101.5086,3.5774],[101.5074,3.5756],[101.5063,3.5753],[101.5055,3.5738],[101.5034,3.5739],[101.5029,3.5726],[101.5009,3.5721],[101.4986,3.5726],[101.5006,3.5739],[101.5013,3.5751],[101.5022,3.5747],[101.503,3.5768],[101.5038,3.5767],[101.5051,3.5783],[101.5029,3.5788],[101.5032,3.5803],[101.5031,3.5817],[101.5023,3.5828],[101.5012,3.5785],[101.502,3.5783],[101.5016,3.5766],[101.4999,3.5771],[101.4976,3.5773],[101.4974,3.5767],[101.4987,3.5751],[101.4983,3.5746],[101.4968,3.5748],[101.4957,3.5757],[101.4954,3.5765],[101.4966,3.5774],[101.4956,3.5782],[101.4953,3.5792],[101.4942,3.5792],[101.4936,3.5785],[101.494,3.5769],[101.4928,3.5766],[101.4912,3.578],[101.4925,3.5791],[101.4915,3.5803],[101.4935,3.5806],[101.4946,3.5804],[101.4953,3.5815],[101.4952,3.5826],[101.4968,3.583],[101.4981,3.5823],[101.4985,3.5832],[101.4966,3.5842],[101.4968,3.5852],[101.4978,3.5857],[101.4988,3.5851],[101.5007,3.585],[101.501,3.5855],[101.4988,3.5867],[101.4982,3.5865],[101.497,3.5884],[101.4962,3.5891],[101.4952,3.5892],[101.4961,3.5867],[101.4953,3.5852],[101.4938,3.5853],[101.4948,3.584],[101.4926,3.584],[101.493,3.5832],[101.4924,3.5823],[101.4914,3.5823],[101.4896,3.5808],[101.4886,3.5828],[101.4901,3.585],[101.488,3.5845],[101.4873,3.5848],[101.4871,3.5859],[101.4882,3.5868],[101.487,3.5873],[101.4882,3.5907],[101.4874,3.5915],[101.4869,3.5892],[101.486,3.588],[101.4847,3.5876],[101.4834,3.5899],[101.4842,3.5916],[101.4834,3.5926],[101.4801,3.5941],[101.4817,3.5953],[101.4832,3.5951],[101.4835,3.5959],[101.4815,3.5962],[101.4817,3.598],[101.4822,3.6001],[101.4831,3.6004],[101.4848,3.6001],[101.4854,3.6006],[101.4832,3.6016],[101.4837,3.6025],[101.4857,3.6044],[101.4881,3.6064],[101.4869,3.6064],[101.4851,3.605],[101.4844,3.6051],[101.4838,3.6065],[101.4823,3.606],[101.4823,3.607],[101.4832,3.6075],[101.4826,3.6108],[101.4812,3.6121],[101.48,3.6139],[101.4799,3.6152],[101.4788,3.6148],[101.4774,3.6163],[101.4764,3.6186],[101.4758,3.619],[101.4748,3.6178],[101.4733,3.6179]],[[101.4799,3.5663],[101.4796,3.5642],[101.4784,3.5646],[101.4785,3.566],[101.4799,3.5663]]]},"properties":{"name":"Sungai Tinggi Reservoir","kind":"Reservoir"}},
{"type":"Feature","geometry":{"type":"Polygon","coordinates":[[[101.9192,3.0958],[101.9185,3.0973],[101.9161,3.0973],[101.9156,3.0969],[101.914,3.0968],[101.9133,3.0954],[101.911,3.0961],[101.9073,3.0987],[101.9071,3.0999],[101.9071,3.1028],[101.9068,3.1037],[101.9055,3.1028],[101.9049,3.1002],[101.9051,3.0995],[101.9038,3.0989],[101.9024,3.1001],[101.9007,3.0994],[101.9004,3.0985],[101.9009,3.0974],[101.8971,3.0982],[101.8991,3.0951],[101.8983,3.0946],[101.8967,3.0954],[101.8966,3.093],[101.8953,3.0923],[101.8949,3.0901],[101.8938,3.0889],[101.8901,3.089],[101.888,3.0908],[101.8861,3.0877],[101.8866,3.0865],[101.8877,3.0867],[101.8872,3.0849],[101.8861,3.0829],[101.8825,3.083],[101.8819,3.081],[101.8803,3.0812],[101.88,3.0807],[101.8779,3.0811],[101.8787,3.0791],[101.8822,3.0776],[101.884,3.0762],[101.8859,3.0747],[101.887,3.0745],[101.8881,3.0753],[101.8896,3.0753],[101.8907,3.0745],[101.897,3.0702],[101.898,3.0702],[101.8997,3.0688],[101.9,3.0696],[101.8991,3.0698],[101.8928,3.0741],[101.8908,3.0757],[101.8909,3.077],[101.8901,3.0775],[101.8898,3.0792],[101.891,3.0801],[101.8924,3.0806],[101.8932,3.0821],[101.8944,3.0813],[101.8951,3.0813],[101.8942,3.085],[101.8975,3.0869],[101.8986,3.0882],[101.8987,3.0897],[101.9008,3.0905],[101.9007,3.092],[101.9027,3.0933],[101.9031,3.0939],[101.9043,3.094],[101.906,3.0931],[101.9107,3.0932],[101.9117,3.0923],[101.914,3.0922],[101.9143,3.0929],[101.9158,3.0931],[101.9174,3.0924],[101.9183,3.0925],[101.9156,3.0946],[101.9164,3.0958],[101.9175,3.0962],[101.9183,3.0954],[101.9192,3.0958]]]},"properties":{"name":"Tasik Semenyih","kind":"Reservoir"}},
{"type":"Feature","geometry":{"type":"Polygon","coordinates":[[[101.695,3.597],[101.6965,3.5966],[101.6974,3.5967],[101.6982,3.5958],[101.6993,3.5965],[101.6993,3.5941],[101.7003,3.5929],[101.701,3.5901],[101.7,3.5902],[101.6981,3.5893],[101.6967,3.5893],[101.695,3.5884],[101.6958,3.5875],[101.6974,3.5871],[101.6982,3.5876],[101.6976,3.5889],[101.6999,3.5894],[101.7006,3.5885],[101.7017,3.5879],[101.7023,3.5852],[101.7008,3.585],[101.7017,3.5813],[101.7026,3.5815],[101.7031,3.5807],[101.7027,3.5789],[101.705,3.5745],[101.7059,3.5733],[101.7062,3.5714],[101.706,3.5701],[101.7067,3.5683],[101.7085,3.568],[101.7103,3.5671],[101.7138,3.5688],[101.7158,3.5684],[101.7164,3.5701],[101.7165,3.5718],[101.7173,3.5731],[101.7183,3.5735],[101.7183,3.5703],[101.7194,3.5711],[101.7199,3.5734],[101.721,3.573],[101.7217,3.5733],[101.7221,3.5743],[101.7207,3.5755],[101.7213,3.5766],[101.7199,3.5774],[101.7202,3.5784],[101.7221,3.58],[101.7233,3.5806],[101.7238,3.5788],[101.7252,3.5792],[101.7267,3.5784],[101.7277,3.579],[101.7295,3.5789],[101.7302,3.5791],[101.7312,3.5782],[101.732,3.5782],[101.7312,3.5784],[101.7307,3.58],[101.7286,3.5806],[101.727,3.5803],[101.7269,3.5826],[101.7253,3.5829],[101.7243,3.5836],[101.7253,3.5852],[101.7265,3.5848],[101.7288,3.5849],[101.7294,3.5841],[101.7303,3.5846],[101.731,3.5857],[101.7306,3.5869],[101.7296,3.5867],[101.7284,3.5873],[101.7267,3.587],[101.7255,3.5875],[101.7251,3.5901],[101.7235,3.5905],[101.7222,3.5887],[101.7201,3.5881],[101.7201,3.589],[101.7191,3.5905],[101.7181,3.5902],[101.718,3.5888],[101.7174,3.5878],[101.7184,3.5867],[101.7176,3.5852],[101.7164,3.5863],[101.716,3.5872],[101.7146,3.5851],[101.7153,3.5843],[101.7142,3.5833],[101.7129,3.5835],[101.7132,3.5817],[101.7129,3.581],[101.7114,3.5806],[101.7115,3.5818],[101.7109,3.5836],[101.7093,3.5859],[101.7113,3.5859],[101.7123,3.5857],[101.713,3.587],[101.7124,3.5873],[101.7115,3.589],[101.7108,3.5883],[101.7097,3.5886],[101.7093,3.5905],[101.7068,3.5931],[101.7057,3.5931],[101.7059,3.5943],[101.7051,3.5952],[101.7063,3.5958],[101.7064,3.5967],[101.7052,3.5972],[101.7059,3.5982],[101.7058,3.5998],[101.7078,3.6008],[101.7073,3.6024],[101.7063,3.6031],[101.705,3.6022],[101.7032,3.6033],[101.7031,3.6024],[101.7039,3.602],[101.7027,3.5996],[101.7016,3.5996],[101.7007,3.5989],[101.7014,3.5977],[101.6981,3.5973],[101.6972,3.5976],[101.6962,3.597],[101.695,3.597]],[[101.715,3.5723],[101.7149,3.5714],[101.714,3.5711],[101.7137,3.5727],[101.715,3.5723]],[[101.7236,3.5887],[101.7239,3.5897],[101.725,3.5897],[101.7253,3.5881],[101.7235,3.5872],[101.7236,3.5887]]]},"properties":{"name":"Empangan Sungai Selangor","kind":"Reservoir"}},
{"type":"Feature","geometry":{"type":"Polygon","coordinates":[[[101.5283,3.25],[101.5272,3.2517],[101.5261,3.2525],[101.5229,3.2527],[101.5229,3.2507],[101.5242,3.248],[101.5277,3.2475],[101.5286,3.2477],[101.5288,3.249],[101.5283,3.25]]]},"properties":{"name":"Tasik Biru","kind":"Lake"}},
{"type":"Feature","geometry":{"type":"Polygon","coordinates":[[[101.4179,3.3912],[101.4147,3.3904],[101.4146,3.3888],[101.4154,3.3879],[101.4163,3.3893],[101.4185,3.3905],[101.4198,3.3919],[101.4223,3.3915],[101.422,3.3933],[101.4195,3.3927],[101.4182,3.3932],[101.4179,3.3912]]]},"properties":{"name":"Kampung Hang Tuah Off River Storage","kind":"Reservoir"}},
{"type":"Feature","geometry":{"type":"Polygon","coordinates":[[[101.6066,3.0875],[101.6065,3.0895],[101.6051,3.0889],[101.6053,3.0878],[101.6066,3.0875]]]},"properties":{"name":"Sunway Serene Lake","kind":"Lake"}},
{"type":"Feature","geometry":{"type":"MultiPolygon","coordinates":[[[[101.5962,3.0978],[101.5968,3.0964],[101.5976,3.0976],[101.5962,3.0978]]],[[[101.5971,3.1012],[101.596,3.1011],[101.5963,3.099],[101.5972,3.0991],[101.5971,3.1012]]],[[[101.5958,3.1012],[101.5946,3.1011],[101.5949,3.0992],[101.5959,3.0998],[101.5958,3.1012]]]]},"properties":{"name":"Tasik Kelana Jaya","kind":"Lake"}},
{"type":"Feature","geometry":{"type":"Polygon","coordinates":[[[101.6785,3.2897],[101.6779,3.289],[101.678,3.2874],[101.6772,3.2843],[101.6777,3.2817],[101.6785,3.2813],[101.68,3.2793],[101.682,3.2783],[101.6841,3.2785],[101.6841,3.2769],[101.6847,3.2754],[101.6846,3.274],[101.6855,3.2729],[101.6873,3.2719],[101.6879,3.2718],[101.6891,3.2746],[101.6906,3.2739],[101.6911,3.2754],[101.6907,3.2772],[101.6912,3.2785],[101.6908,3.2811],[101.6917,3.2825],[101.692,3.2849],[101.6941,3.2858],[101.6952,3.2855],[101.6949,3.2872],[101.6956,3.2879],[101.6933,3.2904],[101.6927,3.293],[101.6942,3.2944],[101.6946,3.2951],[101.6941,3.2947],[101.6908,3.2953],[101.6893,3.2933],[101.689,3.2923],[101.6899,3.2909],[101.6885,3.2888],[101.6892,3.287],[101.6879,3.2855],[101.686,3.2846],[101.6852,3.2834],[101.6842,3.2831],[101.6832,3.284],[101.6817,3.2831],[101.6807,3.2839],[101.6812,3.2878],[101.6805,3.2891],[101.681,3.2901],[101.6788,3.2901],[101.6785,3.2897]]]},"properties":{"name":"Tasik Batu","kind":"Reservoir"}},
{"type":"Feature","geometry":{"type":"Polygon","coordinates":[[[101.4766,3.1315],[101.4777,3.1312],[101.4783,3.1316],[101.4772,3.1326],[101.4766,3.1315]]]},"properties":{"name":"Tasik Temuan","kind":"Lake"}},
{"type":"Feature","geometry":{"type":"Polygon","coordinates":[[[101.4873,3.1362],[101.4876,3.1355],[101.4867,3.1347],[101.487,3.1335],[101.4883,3.1342],[101.4889,3.135],[101.4873,3.1362]]]},"properties":{"name":"Broken Heart Lake","kind":"Lake"}},
{"type":"Feature","geometry":{"type":"Polygon","coordinates":[[[101.5879,3.4323],[101.5856,3.4323],[101.5844,3.4307],[101.5825,3.4296],[101.5834,3.429],[101.5825,3.4282],[101.5809,3.4281],[101.5817,3.4268],[101.584,3.4275],[101.5848,3.4286],[101.5869,3.4297],[101.5873,3.4292],[101.5869,3.4279],[101.5855,3.4271],[101.5865,3.4264],[101.5866,3.4247],[101.5884,3.4252],[101.5877,3.4259],[101.5876,3.427],[101.5882,3.4281],[101.5884,3.4316],[101.5879,3.4323]]]},"properties":{"name":"Tasik Widuri","kind":"Lake"}},
{"type":"Feature","geometry":{"type":"Polygon","coordinates":[[[101.5986,3.0937],[101.5979,3.0944],[101.5983,3.0956],[101.5977,3.0964],[101.596,3.0947],[101.5959,3.0941],[101.5985,3.093],[101.5986,3.0937]]]},"properties":{"name":"Tasik Kelana Square","kind":"Lake"}},
{"type":"Feature","geometry":{"type":"Polygon","coordinates":[[[101.5178,3.0958],[101.5163,3.0955],[101.5167,3.0945],[101.5178,3.0958]]]},"properties":{"name":"Danau Perikanan","kind":"Lake"}},
{"type":"Feature","geometry":{"type":"Polygon","coordinates":[[[101.8877,3.2118],[101.8876,3.2111],[101.8867,3.2101],[101.8886,3.2083],[101.8901,3.2084],[101.8918,3.2073],[101.892,3.2082],[101.893,3.2091],[101.8939,3.2093],[101.8948,3.2082],[101.8948,3.2068],[101.8957,3.207],[101.8971,3.2063],[101.8995,3.2064],[101.8996,3.2055],[101.9011,3.2053],[101.9036,3.2037],[101.9035,3.2017],[101.9052,3.2011],[101.9066,3.2024],[101.9063,3.203],[101.9066,3.2049],[101.9077,3.2045],[101.9083,3.203],[101.9093,3.2032],[101.9094,3.2047],[101.908,3.2045],[101.9067,3.2052],[101.9059,3.2049],[101.905,3.2053],[101.9039,3.2086],[101.9032,3.2082],[101.9031,3.207],[101.9024,3.2066],[101.9013,3.2073],[101.9001,3.2092],[101.8991,3.2102],[101.8989,3.2116],[101.8996,3.2127],[101.901,3.2118],[101.902,3.2122],[101.9035,3.2122],[101.9045,3.2132],[101.9052,3.2118],[101.9065,3.2122],[101.9078,3.212],[101.9091,3.2132],[101.9064,3.2149],[101.905,3.2147],[101.9054,3.2162],[101.9047,3.2168],[101.9046,3.2184],[101.9041,3.2189],[101.9025,3.2191],[101.9011,3.2188],[101.9003,3.2153],[101.8989,3.2154],[101.8982,3.2148],[101.8962,3.215],[101.8954,3.214],[101.894,3.2144],[101.8943,3.2157],[101.8932,3.217],[101.8924,3.2164],[101.892,3.2181],[101.8902,3.2189],[101.8903,3.2196],[101.889,3.2205],[101.8892,3.2183],[101.8885,3.2172],[101.8885,3.2146],[101.8877,3.2118]],[[101.8881,3.2108],[101.888,3.211],[101.8883,3.211],[101.8881,3.2108]]]},"properties":{"name":"Tasik Sungai Langat","kind":"Reservoir"}},
{"type":"Feature","geometry":{"type":"Polygon","coordinates":[[[101.4797,3.168],[101.4806,3.1677],[101.4812,3.1686],[101.481,3.1715],[101.4822,3.172],[101.4829,3.171],[101.4843,3.1731],[101.4857,3.1735],[101.4867,3.1733],[101.4873,3.1725],[101.4883,3.1724],[101.4898,3.1729],[101.4943,3.1729],[101.4963,3.1731],[101.496,3.1753],[101.4951,3.1751],[101.4943,3.177],[101.4942,3.1792],[101.4932,3.1781],[101.4941,3.175],[101.4934,3.1743],[101.4905,3.1745],[101.4896,3.174],[101.4882,3.1745],[101.4876,3.1756],[101.4878,3.1766],[101.4872,3.1791],[101.4865,3.1795],[101.4871,3.1743],[101.4855,3.1747],[101.4845,3.1744],[101.4831,3.1754],[101.4826,3.1741],[101.4827,3.173],[101.4813,3.1732],[101.48,3.1727],[101.4789,3.1744],[101.476,3.1749],[101.4744,3.1759],[101.4749,3.1741],[101.4761,3.1734],[101.4773,3.1735],[101.4788,3.1729],[101.4795,3.1719],[101.4803,3.1693],[101.4797,3.168]]]},"properties":{"name":"Tasik Subang","kind":"Reservoir"}},
{"type":"Feature","geometry":{"type":"Polygon","coordinates":[[[101.5125,3.1074],[101.5134,3.1084],[101.5139,3.1104],[101.5134,3.1102],[101.5132,3.1089],[101.5125,3.1074]]]},"properties":{"name":"Empangan Air Kuning","kind":"Reservoir"}},
{"type":"Feature","geometry":{"type":"Polygon","coordinates":[[[101.6021,2.9988],[101.6009,2.9979],[101.6001,2.9959],[101.6014,2.9947],[101.6014,2.9935],[101.6,2.9923],[101.6003,2.9905],[101.5996,2.9889],[101.5986,2.9878],[101.5969,2.9874],[101.5971,2.986],[101.5982,2.9856],[101.5991,2.9861],[101.6014,2.985],[101.6021,2.9843],[101.6029,2.9844],[101.6044,2.986],[101.6043,2.9873],[101.6051,2.9886],[101.605,2.9896],[101.6037,2.9916],[101.6037,2.9933],[101.6054,2.9957],[101.6066,2.9967],[101.607,2.9988],[101.6056,2.9997],[101.6039,2.9999],[101.6035,2.9988],[101.6021,2.9988]]]},"properties":{"name":"Tasik Prima","kind":"Lake"}},
{"type":"Feature","geometry":{"type":"Polygon","coordinates":[[[101.7155,3.0306],[101.7159,3.0324],[101.7143,3.0355],[101.7147,3.0366],[101.7147,3.0388],[101.713,3.0417],[101.7114,3.0414],[101.7101,3.0415],[101.7095,3.0407],[101.7099,3.0394],[101.7095,3.0388],[101.7095,3.0355],[101.7088,3.0343],[101.7093,3.0325],[101.7105,3.0313],[101.7118,3.0308],[101.7136,3.0294],[101.7146,3.0306],[101.7155,3.0306]]]},"properties":{"name":"North Lake","kind":"Lake"}},
{"type":"Feature","geometry":{"type":"Polygon","coordinates":[[[101.757,3.2106],[101.7563,3.2096],[101.7567,3.2089],[101.7573,3.2098],[101.757,3.2106]]]},"properties":{"name":"Tasik Tuanku Abdul Rahman","kind":"Lake"}},
{"type":"Feature","geometry":{"type":"Polygon","coordinates":[[[101.5698,3.1368],[101.5657,3.1369],[101.5634,3.1345],[101.5616,3.133],[101.5588,3.1331],[101.5559,3.1354],[101.5557,3.1348],[101.557,3.1338],[101.5575,3.1324],[101.5623,3.1324],[101.5648,3.133],[101.5654,3.1351],[101.5687,3.135],[101.5698,3.1368]]]},"properties":{"name":"RRIM Detention Pond","kind":"Lake"}},
{"type":"Feature","geometry":{"type":"Polygon","coordinates":[[[101.7184,3.0242],[101.7182,3.0221],[101.7191,3.0208],[101.7202,3.0206],[101.7204,3.022],[101.7218,3.022],[101.7226,3.0227],[101.7224,3.0247],[101.7198,3.0254],[101.7184,3.0242]]]},"properties":{"name":"South Lake","kind":"Lake"}},
{"type":"Feature","geometry":{"type":"Polygon","coordinates":[[[101.5847,2.9858],[101.5832,2.9839],[101.5842,2.9831],[101.5842,2.9824],[101.5854,2.982],[101.587,2.9832],[101.5871,2.9854],[101.5859,2.9859],[101.5847,2.9858]]]},"properties":{"name":"Tasik Sri Aman","kind":"Lake"}},
{"type":"Feature","geometry":{"type":"Polygon","coordinates":[[[101.7622,3.0465],[101.7604,3.0447],[101.761,3.0436],[101.7617,3.0443],[101.7622,3.0465]]]},"properties":{"name":"Lake Valley","kind":"Lake"}},
{"type":"Feature","geometry":{"type":"Polygon","coordinates":[[[101.6261,2.9187],[101.625,2.9183],[101.6259,2.9165],[101.628,2.9173],[101.6272,2.9186],[101.6261,2.9187]]]},"properties":{"name":"Tasik Selangor Cyber Valley","kind":"Lake"}},
{"type":"Feature","geometry":{"type":"Polygon","coordinates":[[[101.756,2.9567],[101.7588,2.9574],[101.7601,2.9588],[101.7605,2.9601],[101.7598,2.9625],[101.7596,2.9604],[101.7581,2.9577],[101.756,2.9567]]]},"properties":{"name":"Tasik Cempaka","kind":"Lake"}},
{"type":"Feature","geometry":{"type":"Polygon","coordinates":[[[101.512,3.099],[101.5124,3.0994],[101.5119,3.1001],[101.5122,3.1006],[101.5116,3.1012],[101.512,3.099]]]},"properties":{"name":"Kolam C","kind":"Reservoir"}},
{"type":"Feature","geometry":{"type":"Polygon","coordinates":[[[101.7764,3.1646],[101.7782,3.1657],[101.7791,3.1666],[101.7784,3.1673],[101.7766,3.1653],[101.7764,3.1646]]]},"properties":{"name":"Empangan Ampang Lama","kind":"Reservoir"}},
{"type":"Feature","geometry":{"type":"Polygon","coordinates":[[[101.6113,3.037],[101.6101,3.0361],[101.6131,3.0359],[101.6122,3.0371],[101.6113,3.037]]]},"properties":{"name":"Lake Edge","kind":"Lake"}},
{"type":"Feature","geometry":{"type":"Polygon","coordinates":[[[101.4391,2.9869],[101.4392,2.9868],[101.4407,2.9874],[101.442,2.9875],[101.4425,2.9877],[101.4432,2.9887],[101.4439,2.9892],[101.4438,2.9895],[101.443,2.9889],[101.4426,2.988],[101.4419,2.9876],[101.4414,2.9878],[101.4411,2.9874],[101.4406,2.9875],[101.4399,2.9871],[101.4391,2.9869]]]},"properties":{"name":"Botanic Lake","kind":"Lake"}},
{"type":"Feature","geometry":{"type":"Polygon","coordinates":[[[101.7605,2.896],[101.7609,2.8944],[101.7631,2.8961],[101.7605,2.896]]]},"properties":{"name":"Tasik Impian","kind":"Lake"}},
{"type":"Feature","geometry":{"type":"Polygon","coordinates":[[[101.7583,2.8938],[101.7588,2.8946],[101.7602,2.8945],[101.7604,2.8959],[101.7594,2.8963],[101.7576,2.8962],[101.7548,2.8943],[101.7548,2.8934],[101.7564,2.8929],[101.7574,2.8929],[101.7583,2.8938]]]},"properties":{"name":"Tasik Idaman","kind":"Lake"}},
{"type":"Feature","geometry":{"type":"Polygon","coordinates":[[[101.4347,3.0869],[101.4341,3.0848],[101.4347,3.0836],[101.4356,3.0837],[101.4361,3.0849],[101.4355,3.0869],[101.4347,3.0869]]]},"properties":{"name":"Flood Retention Pond","kind":"Lake"}},
{"type":"Feature","geometry":{"type":"Polygon","coordinates":[[[101.6107,2.7854],[101.6129,2.7871],[101.613,2.7888],[101.611,2.7889],[101.6104,2.7855],[101.6071,2.7862],[101.6062,2.7867],[101.6059,2.7917],[101.605,2.7944],[101.6046,2.7981],[101.6041,2.7988],[101.6019,2.7982],[101.6002,2.7985],[101.5992,2.7979],[101.5976,2.7976],[101.5972,2.7959],[101.5962,2.7953],[101.596,2.7943],[101.5983,2.7937],[101.5988,2.7926],[101.5987,2.7913],[101.5994,2.7895],[101.5991,2.788],[101.5998,2.7867],[101.6021,2.7853],[101.6062,2.7865],[101.607,2.7859],[101.6101,2.7853],[101.6107,2.7854]]]},"properties":{"name":"Labohan Dagang Off River Storage","kind":"Reservoir"}},
{"type":"Feature","geometry":{"type":"Polygon","coordinates":[[[101.7704,2.9244],[101.7706,2.9239],[101.772,2.9231],[101.7711,2.9249],[101.7704,2.9244]]]},"properties":{"name":"Tasik Kejuruteraan","kind":"Lake"}},
{"type":"Feature","geometry":{"type":"Polygon","coordinates":[[[101.7224,3.2836],[101.7215,3.2844],[101.7211,3.2833],[101.7224,3.2836]]]},"properties":{"name":"Mimaland Lake","kind":"Reservoir"}},
{"type":"Feature","geometry":{"type":"Polygon","coordinates":[[[101.5617,3.0555],[101.5622,3.0554],[101.5626,3.0556],[101.5623,3.056],[101.5617,3.0555]]]},"properties":{"name":"Lake Sabo","kind":"Lake"}},
{"type":"Feature","geometry":{"type":"Polygon","coordinates":[[[101.6319,2.8592],[101.6328,2.8583],[101.6333,2.8563],[101.6316,2.8552],[101.6316,2.8537],[101.6343,2.8537],[101.6346,2.8557],[101.6341,2.8575],[101.6343,2.8595],[101.6319,2.8592]]]},"properties":{"name":"Tasik Typha","kind":"Lake"}},
{"type":"Feature","geometry":{"type":"Polygon","coordinates":[[[101.6273,2.8614],[101.6265,2.8603],[101.6275,2.8597],[101.6286,2.8598],[101.6284,2.8614],[101.6273,2.8614]]]},"properties":{"name":"Tasik Buaya","kind":"Lake"}},
{"type":"Feature","geometry":{"type":"Polygon","coordinates":[[[101.6811,3.0211],[101.682,3.0213],[101.6812,3.022],[101.6811,3.0211]]]},"properties":{"name":"PUJ 2 Lake","kind":"Lake"}},
{"type":"Feature","geometry":{"type":"Polygon","coordinates":[[[101.738,2.7754],[101.7389,2.7744],[101.7414,2.7751],[101.743,2.7759],[101.7441,2.7774],[101.743,2.7783],[101.7426,2.7809],[101.7429,2.7817],[101.742,2.7829],[101.7407,2.7831],[101.7382,2.7817],[101.7375,2.7801],[101.7378,2.7789],[101.7374,2.7782],[101.7388,2.777],[101.738,2.7754]]]},"properties":{"name":"Sungai Labu Off River Storage (ORS)","kind":"Reservoir"}},
{"type":"Feature","geometry":{"type":"Polygon","coordinates":[[[101.5207,3.2859],[101.5215,3.2858],[101.5223,3.2866],[101.5219,3.2872],[101.5207,3.2859]]]},"properties":{"name":"Kundang Jaya Kolam","kind":"Lake"}},
{"type":"Feature","geometry":{"type":"Polygon","coordinates":[[[101.6453,2.9455],[101.6455,2.945],[101.6471,2.9445],[101.6472,2.9454],[101.6458,2.946],[101.6453,2.9455]]]},"properties":{"name":"flood retention pond","kind":"Lake"}},
{"type":"Feature","geometry":{"type":"Polygon","coordinates":[[[101.4582,3.2242],[101.458,3.2224],[101.459,3.2228],[101.4582,3.2242]]]},"properties":{"name":"Dragonfly Park Lake","kind":"Lake"}},
{"type":"Feature","geometry":{"type":"Polygon","coordinates":[[[101.6381,3.2489],[101.6383,3.249],[101.639,3.2486],[101.639,3.2492],[101.6387,3.249],[101.6383,3.2491],[101.6381,3.2489]]]},"properties":{"name":"Casa Venicia Lake","kind":"Lake"}},
{"type":"Feature","geometry":{"type":"Polygon","coordinates":[[[101.7093,3.0164],[101.7104,3.0147],[101.711,3.0158],[101.7105,3.0168],[101.7093,3.0164]]]},"properties":{"name":"Kolam Takungan Banjir Sri Serdang","kind":"Lake"}},
{"type":"Feature","geometry":{"type":"Polygon","coordinates":[[[101.4767,3.1239],[101.4767,3.1236],[101.4776,3.1232],[101.4774,3.1239],[101.4767,3.1239]]]},"properties":{"name":"Tasik Pasir","kind":"Lake"}},
{"type":"Feature","geometry":{"type":"Polygon","coordinates":[[[101.5046,3.1187],[101.5058,3.1181],[101.5073,3.117],[101.5075,3.1181],[101.5067,3.118],[101.5046,3.1187]]]},"properties":{"name":"Empangan Sungai Baru","kind":"Reservoir"}},
{"type":"Feature","geometry":{"type":"Polygon","coordinates":[[[101.7406,3.2482],[101.7407,3.248],[101.7408,3.248],[101.7408,3.2483],[101.7406,3.2482]]]},"properties":{"name":"Mahallah Faruq Lake","kind":"Lake"}},
{"type":"Feature","geometry":{"type":"Polygon","coordinates":[[[101.7406,3.2489],[101.7405,3.2488],[101.7406,3.2485],[101.7407,3.2486],[101.7406,3.2489]]]},"properties":{"name":"Mahallah Uthman Lake","kind":"Lake"}},
{"type":"Feature","geometry":{"type":"Polygon","coordinates":[[[101.4862,3.102],[101.4869,3.1026],[101.4871,3.1042],[101.4879,3.1058],[101.4866,3.1064],[101.4855,3.1045],[101.4861,3.1036],[101.4862,3.102]]]},"properties":{"name":"Tasik Bukit Raja","kind":"Lake"}},
{"type":"Feature","geometry":{"type":"Polygon","coordinates":[[[101.5085,3.1796],[101.5099,3.1799],[101.5102,3.1807],[101.5085,3.1796]]]},"properties":{"name":"Eco Lake","kind":"Lake"}},
{"type":"Feature","geometry":{"type":"Polygon","coordinates":[[[101.7373,3.2594],[101.7372,3.2576],[101.7389,3.2596],[101.7385,3.2601],[101.7384,3.2601],[101.7381,3.2599],[101.7373,3.2594]]]},"properties":{"name":"Lake Maryam","kind":"Lake"}},
{"type":"Feature","geometry":{"type":"MultiLineString","coordinates":[[[101.9168,3.2313],[101.917,3.2293],[101.9182,3.2275],[101.9184,3.2257],[101.9174,3.2238],[101.9164,3.2234],[101.9151,3.2218],[101.913,3.2212],[101.9109,3.2215],[101.9092,3.2221],[101.9082,3.2213],[101.9065,3.2205],[101.9041,3.2189],[101.9005,3.2138],[101.8897,3.2113],[101.8883,3.211],[101.8881,3.211],[101.888,3.211],[101.8876,3.2111],[101.8863,3.2115],[101.885,3.2124],[101.8823,3.212],[101.8797,3.2106],[101.8779,3.2104],[101.8755,3.2092],[101.8749,3.2095],[101.8734,3.2095],[101.8723,3.2105],[101.8707,3.2108],[101.8688,3.2107],[101.8662,3.209],[101.8646,3.2085],[101.863,3.2089],[101.8621,3.2081],[101.8596,3.2079],[101.8597,3.2067],[101.8588,3.2034],[101.8574,3.1997],[101.8573,3.1978],[101.8575,3.1949],[101.8579,3.1935],[101.8574,3.1909],[101.8561,3.1902],[101.8552,3.1896],[101.8566,3.1885],[101.8569,3.1873],[101.858,3.1864],[101.8586,3.1845],[101.8595,3.1835],[101.8593,3.1829],[101.8573,3.1809],[101.8572,3.1803],[101.857,3.1779],[101.8546,3.1736],[101.8521,3.1699],[101.8514,3.1682],[101.85,3.1668],[101.8489,3.1663],[101.8483,3.1644],[101.8485,3.1626],[101.8478,3.1623],[101.8458,3.1599],[101.8439,3.1566],[101.8434,3.1547],[101.8417,3.1535],[101.8413,3.1512],[101.8402,3.1495],[101.8402,3.1483],[101.8391,3.1453],[101.8391,3.1442],[101.8397,3.1435],[101.8403,3.1411],[101.839,3.1397],[101.8387,3.1381],[101.8374,3.1381],[101.8353,3.1369],[101.8339,3.1364],[101.8329,3.1345],[101.8335,3.1327],[101.8329,3.1311],[101.8349,3.1304],[101.8343,3.1298],[101.8339,3.1282],[101.8322,3.1282],[101.8312,3.1269],[101.8285,3.1261],[101.8255,3.1258],[101.826,3.1231],[101.8257,3.1222],[101.8256,3.1202],[101.8246,3.1199],[101.8239,3.1182],[101.8228,3.1185],[101.8212,3.1174],[101.82,3.116],[101.8199,3.1146],[101.8206,3.1138],[101.8195,3.1124],[101.8194,3.1114],[101.8186,3.111],[101.8181,3.1122],[101.817,3.1117],[101.8166,3.1101],[101.8153,3.1087],[101.8145,3.1083],[101.8136,3.1088],[101.8121,3.1082],[101.8115,3.1065],[101.8099,3.1043],[101.8094,3.1014],[101.8088,3.0996],[101.8079,3.0984],[101.8065,3.0977],[101.8056,3.0978],[101.8029,3.0968],[101.8022,3.0961],[101.8008,3.0961],[101.798,3.094],[101.7974,3.0932],[101.798,3.0918],[101.7971,3.0898],[101.7963,3.0893],[101.796,3.087],[101.7948,3.0864],[101.7952,3.0848],[101.7939,3.0835],[101.7933,3.082],[101.791,3.0796],[101.7901,3.0794],[101.7909,3.0775],[101.7885,3.0754],[101.788,3.0729],[101.788,3.0717],[101.7869,3.071],[101.786,3.0683],[101.785,3.0667],[101.7847,3.0652],[101.7823,3.0644],[101.7809,3.0643],[101.7813,3.0629],[101.7819,3.0608],[101.781,3.06],[101.7796,3.0599],[101.7796,3.0588],[101.7803,3.0576],[101.7801,3.055],[101.7803,3.0533],[101.7789,3.0498],[101.7769,3.0475],[101.7766,3.0461],[101.7756,3.0437],[101.7755,3.0427],[101.7744,3.041],[101.7722,3.04],[101.7704,3.0376],[101.7694,3.0341],[101.7681,3.0306],[101.768,3.028],[101.7683,3.0256],[101.7689,3.0245],[101.7701,3.0218],[101.7696,3.0196],[101.7701,3.0151],[101.7707,3.0114],[101.7716,3.0086],[101.7724,3.0073],[101.7725,3.0059],[101.7731,3.0038],[101.7756,3.0009],[101.778,2.9974],[101.7797,2.9955],[101.7812,2.9947],[101.7841,2.9945],[101.785,2.9938],[101.787,2.9907],[101.7873,2.989],[101.7861,2.9869],[101.7866,2.9849],[101.7866,2.9826],[101.7861,2.9809],[101.7852,2.9801],[101.7847,2.9789],[101.7845,2.9765],[101.7854,2.9747],[101.7853,2.9719],[101.7855,2.9712],[101.787,2.9708],[101.7877,2.9684],[101.7865,2.9661],[101.7858,2.966],[101.7835,2.9636],[101.7832,2.9624],[101.7837,2.9604],[101.7835,2.9588],[101.7837,2.9556],[101.7848,2.9546],[101.7855,2.9518],[101.7841,2.9494],[101.7838,2.9483],[101.7839,2.9458],[101.7842,2.9425],[101.7841,2.9405],[101.7844,2.9385],[101.7836,2.9377],[101.7812,2.9361],[101.7799,2.9343],[101.7715,2.9289],[101.7682,2.9266],[101.7664,2.9249],[101.7645,2.9245],[101.763,2.9235],[101.762,2.9212],[101.7594,2.9185],[101.7584,2.9177],[101.7567,2.918],[101.7554,2.9179],[101.7547,2.917],[101.7549,2.915],[101.7542,2.911],[101.7524,2.9094],[101.7508,2.9088],[101.7479,2.9061],[101.7457,2.9059],[101.7428,2.9048],[101.7423,2.9036],[101.7418,2.9027],[101.7396,2.9016],[101.738,2.8992],[101.7363,2.8982],[101.7349,2.8963],[101.7337,2.8955],[101.7294,2.8956],[101.7279,2.8969],[101.7255,2.8963],[101.7236,2.8964],[101.7213,2.8961],[101.7197,2.8968],[101.7175,2.8962],[101.7163,2.8955],[101.7132,2.8928],[101.7101,2.8915],[101.7044,2.8902],[101.7009,2.8917],[101.7001,2.8922],[101.6989,2.8926],[101.6972,2.8926],[101.6965,2.893],[101.695,2.893],[101.6931,2.892],[101.6922,2.8919],[101.691,2.8927],[101.6901,2.8928],[101.6888,2.892],[101.6886,2.8913],[101.689,2.889],[101.688,2.8874],[101.6874,2.8838],[101.6846,2.8807],[101.6825,2.8779],[101.6813,2.8754],[101.6808,2.8738],[101.6809,2.871],[101.6817,2.8696],[101.6815,2.8681],[101.6825,2.8675],[101.684,2.8653],[101.6848,2.8627],[101.6846,2.8616],[101.6838,2.8597],[101.6837,2.8572],[101.683,2.8561],[101.6817,2.8557],[101.6802,2.8532],[101.6787,2.8513],[101.6782,2.8497],[101.6784,2.8483],[101.6777,2.8464],[101.6777,2.8429],[101.6779,2.8419],[101.6794,2.8408],[101.679,2.837],[101.6784,2.8359],[101.6756,2.8332],[101.6734,2.8337],[101.673,2.8333],[101.6724,2.8311],[101.6697,2.827],[101.6684,2.8258],[101.666,2.8245],[101.6649,2.8235],[101.6649,2.8226],[101.6636,2.8222],[101.6617,2.8228],[101.6598,2.8217],[101.658,2.8211],[101.6549,2.8205],[101.6538,2.8199],[101.6513,2.8197],[101.6483,2.818],[101.6474,2.817],[101.6445,2.8146],[101.6425,2.8134],[101.6402,2.8113],[101.6393,2.8097],[101.6399,2.8066],[101.6396,2.8051],[101.6396,2.8017],[101.6383,2.7993],[101.6363,2.7973],[101.6358,2.7961],[101.6356,2.7939],[101.6344,2.7924],[101.633,2.7922],[101.6312,2.7929],[101.6287,2.792],[101.6256,2.7929],[101.6232,2.7937],[101.6223,2.7936],[101.6213,2.7927],[101.6191,2.7925],[101.6175,2.7914],[101.6164,2.7911],[101.615,2.7915],[101.6145,2.7905],[101.6132,2.7898],[101.61,2.7901],[101.6086,2.7913],[101.6079,2.7905],[101.607,2.7908],[101.6074,2.7924],[101.607,2.7935],[101.6056,2.7956],[101.606,2.7968],[101.6067,2.7983],[101.606,2.799],[101.6032,2.8001],[101.6013,2.8011],[101.5986,2.8006],[101.5954,2.8022],[101.5935,2.8044],[101.5923,2.8046],[101.5919,2.8039],[101.5923,2.8021],[101.5912,2.7999],[101.5894,2.7983],[101.5881,2.798],[101.5872,2.7994],[101.5871,2.8014],[101.5878,2.8028],[101.5889,2.805],[101.5889,2.8057],[101.5878,2.8082],[101.5851,2.8115],[101.5835,2.8123],[101.5835,2.8137],[101.5844,2.8141],[101.585,2.8153],[101.5851,2.8172],[101.5842,2.8177],[101.5833,2.8166],[101.5816,2.8161],[101.5763,2.8172],[101.5735,2.8185],[101.5709,2.8188],[101.5701,2.8173],[101.571,2.8154],[101.5689,2.8115],[101.568,2.8109],[101.5669,2.8124],[101.5678,2.8144],[101.5678,2.8157],[101.5659,2.8175],[101.5642,2.8185],[101.5631,2.8197],[101.5628,2.8205],[101.5635,2.8224],[101.5646,2.8241],[101.5644,2.8254],[101.5637,2.8258],[101.5628,2.8252],[101.5623,2.8242],[101.562,2.8217],[101.5607,2.82],[101.5575,2.8178],[101.5554,2.8165],[101.5546,2.8165],[101.5537,2.8179],[101.5523,2.8187],[101.5505,2.8192],[101.5484,2.8193],[101.5472,2.8189],[101.5468,2.8203],[101.5485,2.8226],[101.5489,2.8247],[101.5499,2.8266],[101.5523,2.8298],[101.5521,2.8308],[101.5512,2.8307],[101.5498,2.8296],[101.5473,2.8281],[101.545,2.8271],[101.5426,2.8245],[101.5397,2.8229],[101.5361,2.8219],[101.5342,2.8209],[101.5343,2.8191],[101.5352,2.8172],[101.5377,2.8137],[101.5379,2.8126],[101.5372,2.8117],[101.5357,2.8111],[101.5331,2.8088],[101.5321,2.8071],[101.5307,2.8072],[101.5295,2.8093],[101.5277,2.8104],[101.5266,2.8114],[101.5247,2.8148],[101.5229,2.8153],[101.5194,2.8147],[101.5153,2.8145],[101.5115,2.8126],[101.5105,2.8129],[101.5104,2.8139],[101.5121,2.8151],[101.5155,2.8183],[101.5164,2.8196],[101.5176,2.8232],[101.5185,2.824],[101.5198,2.8233],[101.5224,2.8207],[101.5242,2.821],[101.5248,2.8223],[101.5265,2.8284],[101.5277,2.8314],[101.5279,2.8324],[101.5266,2.8334],[101.5215,2.8345],[101.5178,2.8339],[101.5164,2.8346],[101.5166,2.8357],[101.5176,2.8379],[101.5174,2.839],[101.5147,2.8416],[101.5139,2.8433],[101.5131,2.8461],[101.512,2.848],[101.512,2.8489],[101.5128,2.8504],[101.5145,2.8511],[101.5159,2.8516],[101.5156,2.8532],[101.5113,2.855],[101.508,2.8564],[101.5055,2.8572],[101.5028,2.8573],[101.4996,2.8571],[101.4952,2.8559],[101.493,2.8556],[101.4876,2.8576],[101.4852,2.8575],[101.4827,2.8557],[101.4816,2.8557],[101.4807,2.8565],[101.4811,2.8585],[101.4832,2.8611],[101.4833,2.8628],[101.4828,2.8642],[101.4805,2.866],[101.4791,2.8668],[101.4769,2.8672],[101.4743,2.8668],[101.4732,2.8678],[101.4731,2.8688],[101.474,2.8698],[101.4763,2.8708],[101.4784,2.8712],[101.4798,2.8735],[101.4802,2.8756],[101.4803,2.8791],[101.4814,2.8811],[101.4826,2.8816],[101.486,2.8818],[101.4886,2.8824],[101.4898,2.884],[101.4894,2.8849],[101.4882,2.8856],[101.4835,2.8877],[101.4821,2.888],[101.4798,2.8869],[101.4775,2.8834],[101.4753,2.8787],[101.4746,2.878],[101.4732,2.878],[101.4722,2.8795],[101.4724,2.8813],[101.4739,2.8841],[101.4747,2.8862],[101.4748,2.8888],[101.4738,2.8904],[101.472,2.8905],[101.4707,2.8899],[101.4689,2.8883],[101.4665,2.8869],[101.4609,2.8845],[101.4575,2.8829],[101.4524,2.8816],[101.4507,2.8798],[101.4502,2.8774],[101.4511,2.8749],[101.4509,2.8736],[101.4469,2.8686],[101.4446,2.8672],[101.4422,2.8669],[101.4382,2.8663],[101.4349,2.8652],[101.4319,2.865],[101.4285,2.8656],[101.4259,2.8654],[101.4235,2.8638],[101.4225,2.8621],[101.422,2.8595],[101.4222,2.8573],[101.4228,2.8554],[101.4235,2.8505],[101.423,2.8483],[101.4215,2.8471],[101.4196,2.8468],[101.4165,2.8471],[101.4147,2.847],[101.4136,2.8457],[101.4136,2.8426],[101.4135,2.8403],[101.4112,2.8371],[101.4106,2.8348],[101.4108,2.8328],[101.412,2.8301],[101.4138,2.8277],[101.4143,2.8265],[101.4147,2.8242],[101.4135,2.8166],[101.4134,2.8127],[101.4131,2.8092],[101.4127,2.8066],[101.4119,2.8045],[101.4096,2.8029],[101.4047,2.8017]],[[101.3522,2.9298],[101.3553,2.9178],[101.3623,2.909],[101.3648,2.9069],[101.3678,2.9051],[101.371,2.9037],[101.3733,2.9034],[101.3776,2.904],[101.3804,2.9062],[101.3825,2.9086],[101.3857,2.915],[101.3865,2.9176],[101.3878,2.9237],[101.3874,2.936],[101.388,2.9387],[101.3885,2.9403],[101.3896,2.9423],[101.391,2.9437],[101.3926,2.945],[101.3992,2.9482],[101.4015,2.95],[101.4037,2.9521],[101.4051,2.9543],[101.4059,2.9561],[101.4081,2.968],[101.4096,2.9736],[101.4114,2.9756],[101.4127,2.9766],[101.4144,2.9774],[101.4164,2.9778],[101.4197,2.9781],[101.4235,2.9769],[101.4269,2.9749],[101.4371,2.9669],[101.4389,2.9646],[101.4394,2.9626],[101.4391,2.9608],[101.4379,2.9592],[101.4325,2.9575],[101.4285,2.956],[101.4251,2.9545],[101.4235,2.9532],[101.421,2.9496],[101.4187,2.9455],[101.4167,2.9435],[101.4146,2.9424],[101.4087,2.9406],[101.4063,2.939],[101.405,2.9363],[101.405,2.9347],[101.4064,2.9321],[101.4084,2.9309],[101.4105,2.9303],[101.4151,2.9307],[101.4204,2.9316],[101.4227,2.9314],[101.4244,2.9308],[101.4252,2.9296],[101.4259,2.9278],[101.4306,2.9191],[101.4313,2.9168],[101.4311,2.9134],[101.4296,2.9123],[101.4285,2.9121],[101.4237,2.9126],[101.4222,2.9124],[101.4208,2.9115],[101.4201,2.9103],[101.4186,2.9062],[101.4163,2.9028],[101.4139,2.8996],[101.4114,2.896],[101.4111,2.8939],[101.4112,2.8926],[101.412,2.8911],[101.4139,2.8894],[101.4178,2.8874],[101.4199,2.8856],[101.4204,2.8832],[101.4191,2.8793],[101.4191,2.878],[101.4197,2.8767],[101.4207,2.8755],[101.4235,2.8746],[101.4256,2.875],[101.4273,2.877],[101.4275,2.8808],[101.4256,2.8864],[101.4256,2.8881],[101.4266,2.8899],[101.4297,2.8922],[101.4308,2.8931],[101.4314,2.8946],[101.4316,2.8968],[101.4311,2.8978],[101.4298,2.8986],[101.4267,2.9],[101.4248,2.9015],[101.4242,2.9032],[101.4241,2.9047],[101.4247,2.9063],[101.4257,2.907],[101.4283,2.9075],[101.4301,2.9069],[101.4312,2.9055],[101.4339,2.9009],[101.4351,2.8997],[101.4372,2.8992],[101.4406,2.8988],[101.4443,2.8973],[101.4459,2.8962],[101.4473,2.896],[101.4496,2.8964],[101.4509,2.8959],[101.4519,2.8945],[101.4531,2.887],[101.4529,2.8858],[101.4516,2.884],[101.4508,2.8835],[101.4477,2.8825],[101.4461,2.8809],[101.4449,2.8788],[101.4436,2.8748],[101.4422,2.8669]]]},"properties":{"name":"Sungai Langat","kind":"River"}},
{"type":"Feature","geometry":{"type":"LineString","coordinates":[[101.518,3.1146],[101.5193,3.1169],[101.5206,3.1174],[101.522,3.117],[101.524,3.1173],[101.5267,3.1171],[101.5271,3.1171],[101.5286,3.1172],[101.5295,3.1178]]},"properties":{"name":"Sungai Baru","kind":"River"}},
{"type":"Feature","geometry":{"type":"LineString","coordinates":[[101.3568,2.9946],[101.3561,2.9898],[101.3569,2.9887],[101.3586,2.989],[101.362,2.9913],[101.3633,2.9918],[101.3657,2.9918],[101.366,2.9911],[101.3646,2.9889],[101.3644,2.9871]]},"properties":{"name":"Sungai Labohan Gurap","kind":"River"}},
{"type":"Feature","geometry":{"type":"MultiLineString","coordinates":[[[101.3529,2.8173],[101.3552,2.8192],[101.3589,2.8181],[101.3598,2.8188],[101.3592,2.8196],[101.3558,2.8207],[101.3551,2.8222],[101.3557,2.8228],[101.3588,2.8227],[101.3586,2.8241],[101.357,2.8254],[101.3569,2.8265],[101.3578,2.8268],[101.3605,2.8263],[101.3614,2.8277],[101.3609,2.8282],[101.359,2.8287],[101.3596,2.8298],[101.3614,2.8293],[101.3619,2.8299],[101.3607,2.8314],[101.3603,2.8324],[101.3613,2.8344],[101.363,2.8349],[101.3621,2.8361],[101.3624,2.8368],[101.3639,2.8359],[101.3648,2.8373],[101.3662,2.8384],[101.3672,2.8397],[101.368,2.8392],[101.37,2.841],[101.3721,2.8409],[101.3724,2.8429],[101.3739,2.8448],[101.3739,2.8454]],[[101.4321,3.4075],[101.432,3.4093],[101.4334,3.4101],[101.4338,3.4111],[101.4332,3.4154],[101.4337,3.4167],[101.4356,3.4184],[101.4365,3.4207],[101.4369,3.4225],[101.4398,3.4226],[101.4439,3.4223],[101.4447,3.4229],[101.4475,3.4231],[101.4482,3.4239],[101.4491,3.4258],[101.4515,3.4258],[101.4527,3.4262],[101.4528,3.4281],[101.4532,3.4286],[101.4534,3.4405],[101.4513,3.4409],[101.4508,3.4414],[101.4507,3.4429],[101.45,3.444],[101.4499,3.4601],[101.45,3.4713]],[[101.5104,3.3116],[101.5097,3.3116],[101.509,3.3101],[101.5053,3.3096],[101.5053,3.3087],[101.5041,3.3084],[101.5018,3.3072],[101.5016,3.3069],[101.5017,3.305],[101.5007,3.3044],[101.4986,3.3039],[101.4976,3.3032],[101.4971,3.3022],[101.4957,3.302],[101.4946,3.3001],[101.4935,3.3002],[101.4919,3.2989],[101.4897,3.2983],[101.4891,3.2986],[101.4888,3.299],[101.4873,3.2997],[101.4872,3.301],[101.4859,3.3016],[101.4841,3.3009],[101.4831,3.3017],[101.483,3.3018],[101.4814,3.3025],[101.4804,3.3018],[101.4792,3.3023],[101.4766,3.3042],[101.4764,3.3042],[101.474,3.3051],[101.473,3.3052],[101.4729,3.3052],[101.4686,3.3064],[101.4685,3.3064],[101.4673,3.3078],[101.4673,3.3083],[101.4674,3.3085],[101.4669,3.3094],[101.466,3.3099]],[[101.5363,3.5945],[101.5381,3.5952],[101.5392,3.5976],[101.54,3.5979],[101.5398,3.6006],[101.5405,3.6025],[101.5406,3.6026],[101.54,3.6031],[101.5399,3.6031],[101.54,3.6044],[101.5392,3.6054],[101.5392,3.6066],[101.54,3.6071]]]},"properties":{"name":"Sungai Ayer Hitam","kind":"River"}},
{"type":"Feature","geometry":{"type":"MultiLineString","coordinates":[[[101.3115,2.9861],[101.3139,2.9873],[101.3162,2.9881],[101.3186,2.9893],[101.3225,2.9913],[101.3241,2.991],[101.3275,2.9866]],[[101.3037,3.2253],[101.3059,3.2255],[101.3068,3.2259],[101.3086,3.226],[101.3107,3.2255],[101.3125,3.2257],[101.3144,3.2253],[101.3145,3.2253],[101.3149,3.2252],[101.3151,3.2252],[101.323,3.224],[101.3297,3.2234],[101.3298,3.2234],[101.3317,3.2231],[101.3408,3.2243],[101.3444,3.2252],[101.3445,3.2252],[101.3523,3.2252],[101.3663,3.2252],[101.3718,3.226]],[[101.7841,2.9945],[101.7842,2.9961],[101.7865,2.9983],[101.7862,2.9993],[101.7866,3.0015],[101.7887,3.0039],[101.7893,3.0058],[101.7919,3.0078],[101.796,3.01],[101.7974,3.0111],[101.7979,3.0108],[101.7992,3.0116],[101.7997,3.0124],[101.7999,3.0141]],[[101.126,3.5643],[101.1362,3.5537],[101.1416,3.5482],[101.1581,3.5312],[101.1659,3.5232],[101.169,3.521],[101.1937,3.5025],[101.206,3.4932],[101.2072,3.4924],[101.2187,3.4834]],[[101.3334,3.1077],[101.3362,3.1103],[101.3374,3.1109]],[[101.3554,3.1307],[101.3561,3.1303],[101.3574,3.131]],[[101.7488,3.0269],[101.7489,3.028],[101.7483,3.0312],[101.7486,3.0325],[101.7474,3.035],[101.7474,3.036],[101.7467,3.037],[101.7469,3.0387],[101.7467,3.0398],[101.747,3.0425],[101.7457,3.0438],[101.7458,3.0453],[101.7448,3.0475],[101.7449,3.0497],[101.7446,3.051]],[[101.6327,3.2142],[101.6304,3.2137],[101.6279,3.2135],[101.6258,3.2145],[101.6226,3.2156],[101.6211,3.218],[101.6209,3.2182],[101.6189,3.221],[101.6188,3.2211],[101.6171,3.2234],[101.6171,3.2237],[101.6172,3.2242]],[[101.7631,3.1317],[101.7699,3.1291]],[[101.7687,3.303],[101.7686,3.3],[101.769,3.2978],[101.7696,3.2965],[101.7707,3.2955],[101.7711,3.2943],[101.7732,3.2933],[101.7734,3.2916],[101.7747,3.2901],[101.7754,3.2875],[101.7764,3.2859],[101.7763,3.2847],[101.7752,3.2832],[101.7744,3.2814],[101.7713,3.279],[101.7706,3.278],[101.7708,3.2769],[101.7704,3.2758],[101.7683,3.2744],[101.7677,3.2723],[101.768,3.269],[101.7669,3.2681],[101.7678,3.2663],[101.7658,3.2649],[101.7662,3.263],[101.7658,3.2618],[101.7661,3.2475]],[[101.5553,2.6574],[101.5555,2.6584],[101.5563,2.6596]],[[101.5699,2.6753],[101.5695,2.674],[101.5692,2.6731],[101.5694,2.6673],[101.5694,2.6672],[101.5698,2.6567],[101.5698,2.6565],[101.5699,2.6541]],[[101.6307,2.7629],[101.6311,2.7653],[101.6317,2.7661],[101.6321,2.7676],[101.6329,2.769],[101.6345,2.7745],[101.6346,2.7763],[101.6347,2.7772],[101.636,2.7793],[101.632,2.7879],[101.6316,2.7889],[101.6295,2.7884],[101.6271,2.7898],[101.6265,2.7922],[101.6265,2.7925]],[[101.0963,3.5087],[101.0942,3.5073],[101.0943,3.5067],[101.0963,3.5029],[101.0937,3.5014],[101.0922,3.5011]],[[101.7496,2.9367],[101.7504,2.9354],[101.7508,2.9333],[101.7514,2.9327],[101.7514,2.9326]],[[101.5331,3.0093],[101.5346,3.0105],[101.5371,3.0109],[101.538,3.0107],[101.5405,3.0079],[101.5407,3.0069],[101.5476,3.0073],[101.5478,3.0073],[101.5483,3.0073]],[[101.4033,3.0251],[101.4086,3.0246],[101.4163,3.0248],[101.4177,3.0245],[101.4189,3.0255],[101.4191,3.0257],[101.4239,3.0298]],[[101.4932,3.0169],[101.4932,3.0168]],[[101.5651,3.0446],[101.5653,3.0448],[101.5678,3.0468]],[[101.5886,3.3435],[101.5897,3.3418],[101.5896,3.3403],[101.5903,3.3379],[101.5909,3.3349],[101.5918,3.3342],[101.592,3.3325],[101.5912,3.332],[101.5913,3.3307],[101.5909,3.3297]],[[101.6529,2.8943],[101.6525,2.8955],[101.653,2.897]],[[101.0972,3.502],[101.0965,3.5028],[101.0994,3.5043]],[[101.6214,3.4762],[101.6218,3.4748],[101.6222,3.471],[101.6239,3.4704]],[[101.5286,3.3913],[101.5292,3.3905],[101.5306,3.3898],[101.5312,3.3887],[101.5311,3.3876],[101.5324,3.3874],[101.5333,3.3865],[101.5341,3.3841],[101.5347,3.384]],[[101.6566,2.9517],[101.6557,2.9502],[101.6555,2.9494],[101.6551,2.9471],[101.6542,2.9459],[101.6516,2.9441],[101.6507,2.9428],[101.6495,2.9424],[101.6473,2.9412],[101.6467,2.9417]],[[101.5611,3.6464],[101.5614,3.6433],[101.5645,3.6414],[101.5691,3.6389],[101.5706,3.6385],[101.5713,3.6393],[101.5711,3.6403],[101.5726,3.6409],[101.574,3.6407],[101.5746,3.637],[101.5756,3.6363],[101.5767,3.6365],[101.5769,3.6367],[101.5787,3.6366],[101.5798,3.6376]],[[101.3408,3.6941],[101.3412,3.6939]],[[101.3312,3.6919],[101.332,3.6929],[101.3328,3.6926],[101.3323,3.6914]],[[101.5175,3.0104],[101.5176,3.0102]],[[101.6722,3.5098],[101.6724,3.5098]],[[101.6815,3.5363],[101.6837,3.5354],[101.6847,3.5339]],[[101.7069,3.4414],[101.7079,3.4403]],[[101.138,3.4554],[101.1367,3.4538],[101.1365,3.4527],[101.135,3.4514],[101.1359,3.4499],[101.1359,3.4498],[101.1364,3.4491]],[[101.6089,3.4377],[101.6078,3.4395],[101.6079,3.4404],[101.6068,3.4422],[101.605,3.4423],[101.6042,3.4416],[101.6029,3.4423],[101.6015,3.4426],[101.6014,3.4441],[101.5998,3.4441],[101.5976,3.4469],[101.5967,3.4472],[101.5941,3.4515],[101.5941,3.4516],[101.5928,3.4517],[101.5918,3.4531],[101.5905,3.4538],[101.5904,3.4546],[101.5893,3.4555],[101.5869,3.4549],[101.5865,3.4554],[101.5859,3.456]],[[101.2407,3.364],[101.2408,3.3625],[101.2397,3.3621],[101.2388,3.3615],[101.2386,3.3584],[101.2384,3.3576],[101.2392,3.3562]],[[101.705,3.3424],[101.7087,3.3432],[101.7138,3.3432],[101.7161,3.3441],[101.7178,3.3454],[101.721,3.348],[101.7214,3.3488],[101.7241,3.3506],[101.7276,3.352],[101.729,3.3532],[101.7289,3.3545]],[[101.7614,3.335],[101.7633,3.3336],[101.7644,3.332],[101.7655,3.3312],[101.7696,3.3317],[101.7731,3.331]],[[100.9785,3.8161],[100.9833,3.8167]],[[101.4932,3.0179],[101.4932,3.0178]],[[101.7538,2.9291],[101.7537,2.9292]],[[101.6484,2.988],[101.6494,2.9897],[101.6516,2.9905],[101.6515,2.9927],[101.6525,2.9934],[101.6527,2.9939],[101.6543,2.9934],[101.6556,2.9952],[101.6566,2.9972],[101.6576,2.9968],[101.6589,2.9987],[101.6592,2.9989],[101.66,2.9992],[101.662,2.999],[101.6624,3.0003]],[[101.7855,2.9371],[101.7843,2.9373],[101.784,2.9375],[101.7836,2.9377]],[[101.4195,2.8264],[101.4283,2.8298]],[[101.5145,2.8511],[101.5149,2.8503],[101.5162,2.8496],[101.5204,2.8496],[101.521,2.8499],[101.5224,2.8519],[101.524,2.8538],[101.5262,2.8552],[101.5279,2.8568],[101.5303,2.857],[101.5312,2.8578],[101.5315,2.8597],[101.5332,2.8632],[101.5371,2.8603],[101.5385,2.8586],[101.5401,2.8571],[101.5405,2.8562],[101.541,2.8524],[101.5415,2.8506],[101.541,2.8471],[101.5409,2.8429]],[[101.4974,3.4518],[101.4973,3.4512],[101.4984,3.4515],[101.5004,3.4509],[101.5015,3.451],[101.5023,3.4518],[101.5026,3.4503],[101.5019,3.4489]],[[101.557,3.4689],[101.5567,3.4674],[101.5587,3.4661],[101.5592,3.4649],[101.5603,3.4646]],[[101.7461,3.2092],[101.7461,3.2096]],[[101.6191,2.8927],[101.6192,2.8928],[101.6193,2.8929]],[[101.6994,3.2365],[101.6994,3.237]],[[101.699,2.9995],[101.6969,3.001],[101.6966,3.001],[101.6956,3.0013]],[[101.689,3.2284],[101.689,3.2322],[101.6894,3.2326],[101.6899,3.2331],[101.6902,3.2333],[101.6906,3.2351],[101.691,3.2352],[101.6911,3.2353],[101.6921,3.2355],[101.6922,3.2355],[101.6952,3.2358],[101.6957,3.2358],[101.6989,3.2357],[101.6991,3.2357],[101.6994,3.2357],[101.6994,3.2362],[101.6994,3.2363]],[[101.5923,2.8868],[101.5921,2.8868],[101.5896,2.8866],[101.5867,2.8867],[101.5857,2.8865],[101.5818,2.8865],[101.5818,2.8864],[101.582,2.8858],[101.5819,2.8857],[101.5788,2.8829],[101.5673,2.8829],[101.5662,2.8845],[101.5647,2.8851],[101.5628,2.8846],[101.562,2.8854],[101.56,2.8854],[101.5579,2.884],[101.555,2.883],[101.5545,2.8825],[101.5521,2.8819],[101.5518,2.8812],[101.5519,2.8773],[101.5509,2.8762],[101.549,2.8754],[101.5465,2.8755],[101.545,2.875],[101.544,2.8739],[101.5439,2.8728],[101.543,2.8704],[101.5419,2.8691],[101.54,2.8679],[101.5355,2.8655],[101.5332,2.8632]],[[101.6625,3.2435],[101.66,3.2436],[101.6597,3.2437],[101.6596,3.2438],[101.6587,3.2439],[101.6581,3.2433]],[[101.6642,3.244],[101.6656,3.2448],[101.6661,3.246],[101.6659,3.2472],[101.6664,3.2479],[101.6661,3.2505],[101.6661,3.2506],[101.6647,3.253],[101.6638,3.2556]],[[101.587,3.3657],[101.5877,3.3653],[101.5879,3.3651],[101.5899,3.3638],[101.5899,3.3634],[101.5906,3.3631],[101.5942,3.3624],[101.5944,3.3625]],[[101.41,2.9962],[101.4111,3.0005]],[[101.5158,3.0317],[101.5153,3.0311]],[[101.6164,3.5474],[101.6182,3.5476],[101.6184,3.5481],[101.6206,3.5499],[101.6208,3.551],[101.6205,3.5524],[101.6197,3.5534],[101.6185,3.5565],[101.6182,3.5582],[101.6185,3.5586],[101.6183,3.5607],[101.6185,3.5618],[101.6179,3.5631],[101.6157,3.565],[101.617,3.5667],[101.6155,3.568],[101.6152,3.5695],[101.6147,3.5699],[101.6151,3.5723],[101.6152,3.5724],[101.6155,3.5739],[101.6146,3.5752],[101.613,3.5746],[101.6111,3.5759],[101.6097,3.578]],[[101.7534,3.1993],[101.7527,3.2004],[101.7464,3.2]],[[101.7539,3.2006],[101.7527,3.2004]],[[101.489,3.2752],[101.4893,3.2765],[101.4909,3.2777],[101.4916,3.2793],[101.4917,3.2801],[101.4918,3.2815],[101.4919,3.2816],[101.4926,3.2828],[101.4936,3.2835],[101.495,3.2839],[101.4951,3.2839]],[[101.4964,3.2292],[101.4962,3.2277],[101.4924,3.2256],[101.4914,3.2255],[101.4894,3.2245],[101.4886,3.2228],[101.4886,3.2226],[101.4882,3.2222]],[[101.4391,3.0565],[101.4406,3.0572],[101.4417,3.0582],[101.442,3.0591]],[[101.5168,3.3887],[101.5177,3.3881],[101.5182,3.386],[101.5195,3.3855],[101.5211,3.3837],[101.5227,3.3832],[101.5247,3.3816],[101.5258,3.3815],[101.5261,3.3806],[101.5263,3.3801],[101.527,3.3795],[101.5295,3.3781],[101.5298,3.3769],[101.5309,3.376],[101.5323,3.3763],[101.5332,3.376],[101.5335,3.376],[101.5357,3.3754],[101.5362,3.3745],[101.5381,3.3743],[101.5383,3.3742],[101.54,3.3734],[101.541,3.371],[101.5434,3.3711],[101.5442,3.3716],[101.5458,3.3718]],[[101.7637,2.8923],[101.7647,2.8919],[101.7656,2.8893],[101.7659,2.8874],[101.7675,2.8868],[101.7683,2.8857],[101.7687,2.8842],[101.7713,2.8827],[101.7734,2.8822],[101.7747,2.8807],[101.7758,2.8803],[101.7783,2.8786],[101.7806,2.8777],[101.7814,2.877],[101.7818,2.8755],[101.7826,2.8753],[101.7834,2.8739],[101.7836,2.8724],[101.7852,2.8719],[101.7849,2.8699],[101.7868,2.8691],[101.7888,2.8667],[101.7894,2.8649]],[[101.517,3.2782],[101.5185,3.2783],[101.5193,3.2768]],[[101.7316,3.3106],[101.7314,3.3123],[101.7317,3.3139],[101.7331,3.3157],[101.7329,3.3165],[101.7326,3.3172],[101.7315,3.3181],[101.7302,3.3181],[101.7293,3.319],[101.7291,3.3201],[101.7276,3.3213],[101.7279,3.322],[101.7293,3.3234],[101.7293,3.3246],[101.7298,3.3257]],[[101.8579,3.2282],[101.858,3.227],[101.8593,3.225],[101.8602,3.2242],[101.8629,3.2239],[101.8634,3.2234],[101.8639,3.2227]],[[101.6078,3.0711],[101.6075,3.0709]],[[101.8088,3.0553],[101.8088,3.0556]],[[101.8109,3.0599],[101.8111,3.06]],[[101.8134,3.0629],[101.8139,3.0633]],[[101.5684,3.7113],[101.5685,3.7111]],[[101.5652,3.7097],[101.5648,3.7083],[101.5627,3.7065],[101.5611,3.7058],[101.5609,3.7044],[101.5599,3.7039]],[[101.5647,3.7098],[101.5653,3.7101]],[[101.5733,3.0485],[101.5734,3.0485]],[[101.5738,3.0485],[101.574,3.0485]],[[101.2393,3.3636],[101.2397,3.3621]],[[100.8448,3.8462],[100.8447,3.8433]],[[100.8227,3.8454],[100.824,3.8442],[100.8246,3.8429]],[[101.7172,3.2487],[101.7171,3.2488]],[[101.7045,3.4872],[101.7061,3.4867],[101.7086,3.4878],[101.71,3.4878],[101.7128,3.4893],[101.7143,3.4919]],[[101.7206,3.5034],[101.7213,3.5059],[101.7231,3.507],[101.7243,3.508],[101.7258,3.5119]],[[101.7309,3.5096],[101.733,3.5097],[101.7347,3.5104],[101.7363,3.5095],[101.7384,3.5095],[101.7394,3.5081],[101.7403,3.5077],[101.742,3.5062],[101.7437,3.5057],[101.7451,3.5057]],[[101.5793,3.3403],[101.5789,3.3404],[101.5788,3.3404],[101.5776,3.3413]],[[101.8877,3.2118],[101.8897,3.2113]],[[101.8953,3.0103],[101.8954,3.0102],[101.896,3.0099],[101.8969,3.0085]],[[101.8702,3.123],[101.87,3.1229],[101.8697,3.1219],[101.8687,3.1214],[101.8678,3.1198],[101.8663,3.1187],[101.8662,3.1187],[101.8659,3.1184],[101.8657,3.1184],[101.8655,3.1183]],[[101.8676,3.0612],[101.866,3.0606],[101.8621,3.0619],[101.86,3.063],[101.8596,3.0643],[101.8587,3.065],[101.8583,3.0662],[101.8585,3.0672],[101.8578,3.0679],[101.8544,3.0646],[101.8538,3.0644]],[[101.7581,3.0759],[101.7581,3.076]],[[101.7739,3.0851],[101.7735,3.0839],[101.7735,3.0837],[101.7734,3.0833],[101.773,3.083],[101.7724,3.0829],[101.7719,3.0829],[101.7718,3.0829],[101.7717,3.0819],[101.7715,3.0819],[101.7712,3.0819],[101.7711,3.0818],[101.7707,3.0817],[101.7698,3.0815],[101.7697,3.0815],[101.7696,3.0815],[101.7683,3.081],[101.7682,3.081]],[[101.6904,3.393],[101.6897,3.393]],[[101.699,3.385],[101.6991,3.3851]],[[101.7061,3.3811],[101.706,3.381]],[[101.6984,3.3869],[101.6983,3.3869]],[[101.6924,3.391],[101.6926,3.3911]],[[101.6466,3.0197],[101.6477,3.023],[101.6496,3.0232],[101.6527,3.0239],[101.6535,3.0238]],[[101.65,2.9839],[101.6514,2.9847],[101.6516,2.9847],[101.6524,2.9849],[101.6537,2.9866],[101.6544,2.9862],[101.6557,2.9883],[101.657,2.9875],[101.6594,2.9875],[101.66,2.9875],[101.6606,2.9872],[101.661,2.9871],[101.662,2.9866],[101.6621,2.9865],[101.664,2.9859],[101.665,2.9849],[101.6662,2.9844],[101.6672,2.9845],[101.6685,2.9853],[101.6743,2.9924],[101.6743,2.9931],[101.6745,2.9934],[101.6755,2.9939],[101.677,2.995],[101.6779,2.9958],[101.6781,2.9959],[101.6803,2.9961]],[[101.7133,3.3436],[101.7135,3.3438]],[[101.5341,3.5394],[101.5322,3.5402],[101.5294,3.5401],[101.5293,3.5401],[101.5281,3.5398],[101.5268,3.54],[101.5258,3.5405],[101.5245,3.5424],[101.5236,3.5428],[101.5236,3.5429],[101.5216,3.5438]],[[101.5335,3.5872],[101.5337,3.5874]],[[101.4958,3.451],[101.4973,3.4512]],[[101.4756,3.4034],[101.4766,3.4042],[101.4763,3.4062],[101.4776,3.4083],[101.4789,3.4089],[101.4791,3.409],[101.4806,3.4097],[101.4823,3.4098],[101.4828,3.4125],[101.4843,3.4136],[101.4868,3.4148],[101.486,3.4157],[101.4861,3.4169],[101.4871,3.4168],[101.4893,3.4176],[101.4909,3.4188],[101.492,3.4192],[101.4932,3.419],[101.4948,3.4205],[101.4956,3.4235],[101.4956,3.4237],[101.4959,3.4247],[101.4971,3.4261],[101.4976,3.428],[101.4998,3.4302],[101.501,3.4317],[101.5015,3.4329]],[[101.5791,3.5877],[101.5766,3.5906],[101.5758,3.592]],[[101.4695,3.2932],[101.469,3.2943],[101.4699,3.2954],[101.4698,3.2967]],[[101.4674,3.2927],[101.469,3.2943]],[[101.5227,3.3065],[101.5232,3.3066]],[[101.5016,3.3199],[101.5006,3.3204],[101.5003,3.3216]],[[101.5032,3.4962],[101.5021,3.4963],[101.502,3.4964],[101.5008,3.4958],[101.4991,3.496],[101.4991,3.495],[101.4982,3.4944],[101.4978,3.4929],[101.4967,3.4923]],[[101.4985,3.5],[101.4967,3.4994],[101.4975,3.4985],[101.4963,3.4963],[101.4949,3.4951],[101.4932,3.4953],[101.4921,3.495]],[[101.5443,3.4697],[101.5432,3.4712]],[[101.4103,3.6851],[101.4098,3.6842],[101.4098,3.6841],[101.4104,3.6832],[101.411,3.6819],[101.4116,3.6824],[101.413,3.6836],[101.4155,3.6836],[101.4156,3.6835],[101.4167,3.6837]],[[101.3966,3.6734],[101.3995,3.675],[101.4,3.676],[101.4023,3.6772],[101.4045,3.6774],[101.4074,3.679],[101.4103,3.679],[101.4102,3.6797],[101.411,3.6819]],[[101.4694,3.7008],[101.4706,3.7005],[101.471,3.6995],[101.471,3.6994],[101.4716,3.6985],[101.4717,3.6985],[101.4723,3.698],[101.4736,3.698],[101.4741,3.697],[101.4742,3.6951],[101.475,3.694],[101.4753,3.6925],[101.4763,3.6904],[101.4772,3.6894],[101.4785,3.6862],[101.4794,3.6847],[101.4794,3.6846],[101.4796,3.682],[101.4805,3.6797],[101.4806,3.6794],[101.4805,3.6789]],[[100.9348,3.7219],[100.9318,3.7186],[100.9309,3.7182],[100.93,3.7169],[100.9288,3.7161],[100.9272,3.7137],[100.9253,3.7125],[100.9252,3.7124]],[[100.9601,3.6834],[100.9616,3.6842],[100.9631,3.6859],[100.9648,3.6868],[100.9666,3.6882]],[[101.7582,3.3325],[101.7581,3.3329],[101.7577,3.3335],[101.7568,3.3348],[101.7543,3.3371],[101.7529,3.339],[101.7517,3.3397],[101.7511,3.3411],[101.7485,3.3444],[101.7485,3.3454],[101.7495,3.3476],[101.7493,3.3488],[101.7475,3.3513]],[[101.7649,3.3373],[101.764,3.338],[101.7636,3.3388],[101.7625,3.3405],[101.7625,3.342],[101.7639,3.3437],[101.7626,3.3452],[101.7622,3.347],[101.7613,3.348],[101.76,3.3484],[101.7559,3.349],[101.7553,3.3504],[101.7538,3.3508],[101.7539,3.3518],[101.7535,3.3547],[101.753,3.3559],[101.7511,3.3576],[101.7509,3.3587],[101.7517,3.3605],[101.752,3.3627],[101.7518,3.3632]],[[101.1306,3.4465],[101.1334,3.4478],[101.1337,3.4503],[101.1349,3.4513],[101.135,3.4513],[101.135,3.4514]],[[101.7955,3.2112],[101.7957,3.2111]],[[101.6393,2.9358],[101.6411,2.9354]],[[101.3891,3.0061],[101.3929,3.0059],[101.3939,3.0062]],[[101.4804,3.7014],[101.4841,3.6974],[101.4858,3.6965],[101.4874,3.6952],[101.4877,3.6954],[101.4884,3.6947],[101.4902,3.6937],[101.4919,3.6918],[101.4919,3.691],[101.4928,3.6903],[101.4931,3.6892],[101.4931,3.6891],[101.4932,3.6885],[101.4928,3.6882],[101.4926,3.6874],[101.4943,3.6849],[101.4946,3.6847],[101.4939,3.6832],[101.4938,3.6831],[101.4932,3.6824],[101.4944,3.6799],[101.4944,3.6777],[101.4935,3.6749],[101.493,3.6746],[101.4934,3.6732],[101.4898,3.6722]],[[101.5042,3.6707],[101.5015,3.6738],[101.4997,3.6745],[101.4993,3.6751],[101.4993,3.6752],[101.4982,3.6758],[101.4971,3.6778],[101.4967,3.6793],[101.4952,3.6834],[101.4951,3.6834],[101.4946,3.6847]],[[101.5338,3.1952],[101.5347,3.1944]],[[101.0965,3.5028],[101.0963,3.5029]],[[101.6128,3.3634],[101.6127,3.3633],[101.6123,3.3633],[101.6122,3.3633],[101.6123,3.3633],[101.6126,3.3633],[101.6128,3.3634],[101.6126,3.3634],[101.6123,3.3634],[101.6122,3.3633],[101.6123,3.3634],[101.6127,3.3634],[101.6128,3.3634],[101.6127,3.3633],[101.6123,3.3633],[101.6122,3.3633],[101.6123,3.3634],[101.6126,3.3634],[101.6128,3.3634]]]},"properties":{"name":"River","kind":"River"}},
{"type":"Feature","geometry":{"type":"LineString","coordinates":[[101.7125,2.5953],[101.7126,2.5969],[101.7123,2.5983],[101.7112,2.5995],[101.7077,2.6014],[101.7037,2.6031],[101.7024,2.6051],[101.7028,2.6071],[101.7037,2.6089],[101.7056,2.611],[101.7073,2.6124],[101.7115,2.6155],[101.7154,2.618],[101.7182,2.6193],[101.7212,2.6203],[101.7229,2.6204],[101.7249,2.6195],[101.7277,2.6163],[101.7291,2.6165],[101.7298,2.6172],[101.7303,2.6191],[101.7305,2.6215],[101.7305,2.6241],[101.7299,2.6271],[101.7292,2.6295],[101.7278,2.6321],[101.725,2.635],[101.7249,2.6365],[101.7265,2.6396],[101.7286,2.6427],[101.7314,2.646],[101.7342,2.6481],[101.7403,2.6509],[101.7441,2.6521],[101.7465,2.6534],[101.7475,2.6547],[101.7476,2.6556],[101.7471,2.6581],[101.7462,2.661],[101.7457,2.6646],[101.7444,2.6662],[101.7415,2.6675],[101.7403,2.6692],[101.7399,2.671],[101.7399,2.6727],[101.7406,2.6749],[101.7453,2.6808],[101.7472,2.6818],[101.7485,2.6818],[101.7509,2.681],[101.7519,2.6818],[101.7527,2.6852],[101.7513,2.6875],[101.7517,2.6889],[101.7527,2.691],[101.7546,2.6912],[101.7551,2.6918],[101.7552,2.6934],[101.7537,2.6941],[101.7549,2.697],[101.7562,2.698],[101.7597,2.6989],[101.7606,2.6996],[101.7598,2.7006],[101.7612,2.703]]},"properties":{"name":"Sungai Sepang","kind":"River"}},
{"type":"Feature","geometry":{"type":"LineString","coordinates":[[101.6856,2.6089],[101.6856,2.6096],[101.6847,2.6108],[101.6836,2.6134],[101.6836,2.6142],[101.6844,2.615],[101.6877,2.6158],[101.6881,2.6167],[101.6873,2.6199],[101.6869,2.6209],[101.6854,2.6215],[101.6818,2.6216],[101.6812,2.6222],[101.6816,2.6238],[101.6829,2.6243],[101.6863,2.6246],[101.6886,2.6258],[101.6887,2.627],[101.6875,2.6281],[101.687,2.6289],[101.6887,2.6363]]},"properties":{"name":"Sungai Sepang Kecil","kind":"River"}},
{"type":"Feature","geometry":{"type":"MultiLineString","coordinates":[[[101.4696,3.0477],[101.4704,3.0483],[101.4724,3.0514],[101.4742,3.0539],[101.4742,3.0548],[101.4752,3.0563],[101.4776,3.058],[101.4801,3.0589],[101.4813,3.0605],[101.4816,3.0611],[101.4821,3.0617],[101.4836,3.0622],[101.4843,3.0629],[101.4859,3.063],[101.4863,3.0637],[101.4862,3.0656],[101.4882,3.0673],[101.4881,3.0721],[101.4885,3.073],[101.4905,3.0746],[101.491,3.0756],[101.4922,3.0789]],[[101.5176,3.0102],[101.5142,3.0084],[101.5131,3.0069],[101.5128,3.0056],[101.5136,3.004],[101.515,3.0029],[101.5156,3.0013],[101.5193,3.0013]],[[101.5232,3.0336],[101.5239,3.0333],[101.524,3.0306],[101.5251,3.0305],[101.5256,3.029],[101.5249,3.0278],[101.5248,3.0252],[101.5238,3.0241],[101.5243,3.0218],[101.5238,3.0198],[101.5219,3.0176],[101.5196,3.0167],[101.5181,3.0121],[101.5181,3.0119],[101.5175,3.0104]],[[101.5995,2.9548],[101.6157,2.9519],[101.6195,2.9517],[101.6204,2.952],[101.6264,2.9521],[101.6269,2.9538],[101.6282,2.9552],[101.629,2.9571],[101.6304,2.9586],[101.6313,2.9604],[101.6336,2.9634],[101.6352,2.9642],[101.6375,2.9676],[101.6393,2.9692],[101.6394,2.9707],[101.6431,2.9761],[101.6451,2.9771],[101.6459,2.9787],[101.6467,2.979],[101.6477,2.9802],[101.6487,2.9807],[101.6489,2.9822],[101.65,2.9839],[101.6486,2.9853],[101.6485,2.9871],[101.6485,2.9873],[101.6484,2.988],[101.6463,2.9879],[101.6462,2.9879],[101.6452,2.9884],[101.6447,2.9897],[101.6442,2.9903],[101.6446,2.9923],[101.6444,2.9937],[101.6437,2.9954],[101.6436,2.9968],[101.6449,2.998],[101.6447,2.999],[101.6451,3.0003],[101.6445,3.0012],[101.6443,3.003],[101.6437,3.0051],[101.6455,3.0083],[101.6456,3.0098],[101.647,3.0116],[101.6466,3.0123],[101.6476,3.0134],[101.6474,3.0147],[101.6484,3.016],[101.6478,3.0171],[101.6478,3.0183],[101.6466,3.0197],[101.6457,3.0211],[101.6456,3.0232],[101.6449,3.0248],[101.6446,3.0267],[101.6425,3.0264],[101.6412,3.0265],[101.6399,3.0271],[101.6385,3.0273]]]},"properties":{"name":"Sungai Rasau","kind":"River"}},
{"type":"Feature","geometry":{"type":"MultiLineString","coordinates":[[[101.6708,3.0866],[101.6691,3.085],[101.6656,3.0837],[101.6643,3.0822],[101.6641,3.0804],[101.6635,3.0791],[101.6615,3.0771],[101.6584,3.076],[101.6564,3.0748],[101.6548,3.0728],[101.654,3.0711],[101.6521,3.0699],[101.6504,3.0699],[101.6487,3.0702],[101.6469,3.0711],[101.6458,3.0713],[101.6419,3.0708],[101.6388,3.0699],[101.6374,3.0697],[101.6331,3.0703],[101.6291,3.0708],[101.6268,3.0719],[101.6247,3.0733],[101.6229,3.0735],[101.6218,3.0731],[101.6211,3.0723],[101.62,3.0703],[101.619,3.0668],[101.6184,3.0603],[101.6177,3.0592],[101.6113,3.0552],[101.6096,3.0539],[101.6083,3.0509],[101.6076,3.0477],[101.6066,3.0454],[101.6056,3.0442],[101.6033,3.0416],[101.602,3.0405],[101.6003,3.0385],[101.5993,3.0354],[101.5982,3.0256],[101.5975,3.022],[101.5966,3.0184],[101.5957,3.0155]],[[101.4571,3.039],[101.4555,3.0399],[101.4549,3.0407],[101.4536,3.044],[101.453,3.0451],[101.4515,3.0454],[101.4483,3.0451],[101.4461,3.0462],[101.4441,3.0476],[101.4414,3.049],[101.4397,3.0508],[101.4392,3.052],[101.4391,3.0565],[101.4379,3.058],[101.4368,3.0583],[101.4354,3.0581],[101.4341,3.0569],[101.4323,3.0538],[101.4311,3.0525],[101.4289,3.0515],[101.4278,3.0516],[101.427,3.0525],[101.4252,3.0551],[101.4241,3.056],[101.4225,3.0562],[101.4208,3.0547],[101.4194,3.0513],[101.4181,3.0492],[101.4165,3.0477],[101.415,3.0469],[101.4093,3.0461],[101.4072,3.0446],[101.4052,3.0421],[101.4038,3.0408],[101.4017,3.0405],[101.3992,3.0413],[101.3959,3.0428],[101.3936,3.0425],[101.3927,3.0417],[101.3919,3.0403],[101.3913,3.036],[101.3914,3.0328],[101.392,3.0314],[101.3935,3.0299],[101.3959,3.0289],[101.4007,3.0274],[101.402,3.0267],[101.4033,3.0251],[101.4037,3.0242],[101.4039,3.0222],[101.4033,3.0199],[101.4024,3.0185],[101.401,3.0172],[101.3983,3.0159],[101.3951,3.0156],[101.3927,3.0162],[101.3905,3.018],[101.389,3.0201],[101.3867,3.0235],[101.3851,3.0253],[101.3824,3.0265],[101.3809,3.0264],[101.3785,3.0254],[101.3761,3.0231],[101.3751,3.0205],[101.3756,3.0182],[101.3772,3.0162],[101.3804,3.0142],[101.3862,3.0109],[101.3883,3.009],[101.3891,3.0061],[101.3889,3.0028],[101.3883,3.001]],[[101.5331,3.0393],[101.5304,3.0395],[101.5286,3.0389],[101.5261,3.0366],[101.5232,3.0336],[101.5225,3.0329],[101.5201,3.0303],[101.5184,3.0297],[101.5169,3.0304],[101.5158,3.0317],[101.5151,3.0331]]]},"properties":{"name":"Sungai Klang","kind":"River"}},
{"type":"Feature","geometry":{"type":"LineString","coordinates":[[101.7189,3.2155],[101.717,3.2151],[101.7164,3.2148],[101.7148,3.2134],[101.7125,3.214]]},"properties":{"name":"Sungai Belongkong","kind":"River"}},
{"type":"Feature","geometry":{"type":"MultiLineString","coordinates":[[[101.4571,3.039],[101.4618,3.0376],[101.4643,3.0378],[101.4654,3.039],[101.4657,3.04],[101.4653,3.0427],[101.4659,3.0452],[101.4674,3.0477],[101.4686,3.0483],[101.4696,3.0477],[101.4716,3.044],[101.474,3.0401],[101.4749,3.0394],[101.4761,3.0391],[101.4776,3.0397],[101.4786,3.0409],[101.4805,3.0452],[101.4815,3.0469],[101.4825,3.0477],[101.4845,3.0476],[101.4872,3.0459],[101.4893,3.0448],[101.4921,3.0444],[101.4934,3.045],[101.4952,3.0466],[101.4962,3.0469],[101.4973,3.0457],[101.4969,3.0445],[101.4955,3.0423],[101.4963,3.0405],[101.5058,3.0396],[101.5076,3.04],[101.5089,3.0416],[101.5099,3.042],[101.5109,3.0414],[101.514,3.0358],[101.5151,3.0331]],[[101.5957,3.0155],[101.5929,3.0114],[101.5904,3.0089],[101.5875,3.0063],[101.5866,3.0052],[101.5854,3.0023],[101.5846,2.999],[101.5841,2.996],[101.5833,2.9938],[101.5817,2.9882],[101.5801,2.9833],[101.5788,2.9812],[101.5761,2.9792],[101.5737,2.9776],[101.568,2.9761],[101.566,2.9759],[101.5635,2.9765],[101.5605,2.9777],[101.5592,2.9785],[101.5568,2.9813],[101.5559,2.9843],[101.5527,2.9903],[101.5507,2.9936],[101.5506,2.9945],[101.5513,2.996],[101.5532,2.9978],[101.5538,2.9989],[101.5539,3.0006],[101.5522,3.0024],[101.5498,3.0034],[101.5489,3.0043],[101.5484,3.0058],[101.5483,3.0073],[101.5488,3.0108],[101.5474,3.0139],[101.5473,3.0159],[101.548,3.0172],[101.5514,3.021],[101.5533,3.0224],[101.5536,3.023],[101.5541,3.0259],[101.5538,3.027],[101.552,3.0288],[101.5456,3.0316],[101.5447,3.0322],[101.5433,3.0352],[101.5414,3.0362],[101.5388,3.0379],[101.5367,3.0386],[101.5331,3.0393]],[[101.7221,3.1651],[101.723,3.1646],[101.7252,3.164],[101.7281,3.1646],[101.7313,3.1647],[101.7334,3.1645],[101.7354,3.1648],[101.7369,3.1657],[101.7381,3.1659],[101.7415,3.1655],[101.7433,3.1659],[101.7451,3.168],[101.7465,3.168],[101.7481,3.1688],[101.7505,3.1685],[101.7518,3.1687],[101.7526,3.1699],[101.7542,3.1707],[101.7555,3.1727],[101.756,3.1746],[101.7561,3.1774],[101.7569,3.1791],[101.7597,3.1828],[101.7603,3.1838],[101.7611,3.1869],[101.7615,3.1904],[101.7615,3.1929],[101.7614,3.1936],[101.7614,3.1973],[101.7593,3.201],[101.7582,3.2026],[101.7574,3.2044],[101.7559,3.206],[101.756,3.2072],[101.7555,3.2075],[101.7554,3.2091],[101.7538,3.2101],[101.7532,3.2113],[101.7531,3.2129],[101.7525,3.2134],[101.7521,3.2153],[101.7512,3.2166],[101.7491,3.2184],[101.7497,3.2207],[101.7518,3.2227],[101.7513,3.2239],[101.7502,3.2238],[101.7497,3.2248],[101.7506,3.2268],[101.7511,3.2307],[101.7505,3.232],[101.7491,3.2321],[101.7489,3.2328],[101.7504,3.2333],[101.7501,3.2354],[101.7501,3.2355],[101.7508,3.237],[101.7523,3.2383],[101.7541,3.2388],[101.7565,3.2379],[101.7587,3.2385],[101.7634,3.2429],[101.7661,3.2475],[101.7697,3.2536],[101.7732,3.2574],[101.7747,3.2599],[101.7777,3.2611]],[[101.8066,3.2554],[101.8053,3.2555],[101.8045,3.2565],[101.803,3.2569],[101.8017,3.2565],[101.8006,3.2567],[101.7983,3.2582],[101.7964,3.2591],[101.7953,3.2609],[101.7911,3.2617],[101.7898,3.261],[101.7878,3.2607],[101.7861,3.2615],[101.7844,3.2611],[101.7838,3.2606]]]},"properties":{"name":"Sungai Kelang","kind":"River"}},
{"type":"Feature","geometry":{"type":"LineString","coordinates":[[101.7471,3.2043],[101.7484,3.2044],[101.7507,3.2034],[101.7529,3.201],[101.7539,3.2006],[101.7585,3.2007],[101.7593,3.201]]},"properties":{"name":"Sungai Gisir","kind":"River"}},
{"type":"Feature","geometry":{"type":"LineString","coordinates":[[101.75,3.0795],[101.7507,3.0789],[101.7511,3.0786],[101.7524,3.078],[101.7528,3.0779],[101.756,3.0774],[101.7564,3.077],[101.7571,3.0764],[101.7572,3.0762],[101.7581,3.0759],[101.7585,3.0758],[101.7589,3.0758],[101.7593,3.0757],[101.7595,3.0756],[101.7613,3.0748],[101.7619,3.0736],[101.763,3.0723],[101.7639,3.072],[101.7641,3.0719],[101.7648,3.0715],[101.7649,3.0713],[101.7657,3.0704],[101.7688,3.0687],[101.77,3.0674],[101.7715,3.0679],[101.7717,3.068],[101.7718,3.068]]},"properties":{"name":"Sungai Raya","kind":"River"}},
{"type":"Feature","geometry":{"type":"LineString","coordinates":[[101.7337,2.8955],[101.7349,2.8942],[101.7357,2.8925],[101.7374,2.8906],[101.7381,2.8903],[101.7405,2.8901],[101.745,2.8912],[101.7472,2.8921],[101.7485,2.8923],[101.7499,2.892],[101.7524,2.8923],[101.7554,2.891],[101.7597,2.8918],[101.7634,2.8921],[101.7637,2.8923],[101.7638,2.8936],[101.7653,2.8951],[101.7657,2.8966],[101.7668,2.8978],[101.7696,2.8973],[101.7719,2.8966],[101.7731,2.8967],[101.7762,2.8957],[101.7783,2.8944],[101.7793,2.8929],[101.7801,2.8928],[101.7854,2.8932],[101.7873,2.893],[101.7895,2.8933],[101.7911,2.8949],[101.7929,2.8955],[101.7941,2.8954],[101.7965,2.8948],[101.7977,2.896],[101.8006,2.8969],[101.8047,2.8976],[101.8063,2.8981],[101.8074,2.8989],[101.8084,2.9007],[101.808,2.9015],[101.8084,2.9033],[101.8095,2.9045],[101.8113,2.9053],[101.8125,2.9059],[101.8179,2.9094],[101.8183,2.9099],[101.8191,2.9131],[101.8202,2.914],[101.8257,2.9171],[101.8272,2.92],[101.8277,2.9213],[101.8298,2.9235],[101.8307,2.9268],[101.8307,2.9281],[101.8312,2.9293],[101.8325,2.9302],[101.8357,2.9309],[101.8382,2.9325],[101.839,2.9334],[101.8412,2.9368],[101.8418,2.9374],[101.8423,2.9388],[101.8438,2.9404],[101.8456,2.9417],[101.8473,2.9451],[101.8476,2.9479],[101.8468,2.9516],[101.8477,2.9551],[101.8477,2.9558],[101.8489,2.9584],[101.8516,2.9619],[101.8541,2.9653],[101.8557,2.9665],[101.8563,2.9678],[101.8573,2.9688],[101.8569,2.9693],[101.8572,2.9705],[101.8584,2.9717],[101.8597,2.9738],[101.8623,2.9743],[101.8638,2.9757],[101.8649,2.9774],[101.8688,2.981],[101.8705,2.9843],[101.8707,2.9857],[101.8714,2.987],[101.8712,2.9889],[101.8722,2.9908],[101.8742,2.9936],[101.8742,2.9956],[101.8741,2.9962],[101.8752,2.9985],[101.8754,3.0003],[101.8741,3.0008],[101.8735,3.0015],[101.8732,3.0031],[101.8726,3.0032],[101.8725,3.0047],[101.8717,3.0053],[101.8717,3.0075],[101.87,3.0076],[101.8676,3.0103],[101.8671,3.0115],[101.8672,3.0127],[101.8659,3.0139],[101.8659,3.0158],[101.8672,3.0167],[101.8665,3.0193],[101.8669,3.0225],[101.8667,3.0244],[101.8677,3.0261],[101.8675,3.0273],[101.8689,3.0281],[101.8685,3.0287],[101.8694,3.0312],[101.8693,3.0319],[101.8699,3.0336],[101.8708,3.0332],[101.8707,3.0348],[101.87,3.0357],[101.8708,3.0365],[101.8706,3.0373],[101.8729,3.0402],[101.8729,3.0419],[101.8721,3.0445],[101.8727,3.0459],[101.8716,3.0472],[101.8724,3.0489],[101.8722,3.0499],[101.8723,3.0499],[101.8727,3.0513],[101.8742,3.0529],[101.8734,3.0545],[101.8735,3.0565],[101.8739,3.0579],[101.8741,3.0595],[101.8736,3.0602],[101.8745,3.0621],[101.8761,3.0642],[101.8778,3.0655],[101.8784,3.0665],[101.8785,3.0666],[101.8792,3.0667],[101.8814,3.0694],[101.8818,3.0731],[101.8822,3.0742],[101.8831,3.0753],[101.884,3.0762],[101.8844,3.0766],[101.8859,3.0783],[101.9024,3.0964],[101.912,3.0942],[101.9162,3.0966],[101.918,3.0966],[101.9192,3.0958],[101.9203,3.0959],[101.9224,3.0947],[101.9238,3.0943],[101.9241,3.0934],[101.9255,3.0922],[101.9263,3.0899],[101.9284,3.0893],[101.9306,3.0884],[101.932,3.0882],[101.9345,3.0886],[101.9354,3.0892],[101.9366,3.0887],[101.9391,3.089],[101.9403,3.0895],[101.9422,3.0888],[101.9435,3.0873],[101.9444,3.0872],[101.9457,3.0858],[101.9472,3.0858],[101.9485,3.0853],[101.9513,3.083]]},"properties":{"name":"Sungai Semenyih","kind":"River"}},
{"type":"Feature","geometry":{"type":"LineString","coordinates":[[101.5405,3.1503],[101.5399,3.151],[101.5382,3.1506],[101.536,3.1522],[101.5351,3.1525],[101.5345,3.1536],[101.5345,3.1551],[101.5331,3.158],[101.5315,3.1574],[101.5292,3.1578],[101.5284,3.157],[101.5254,3.1571],[101.5254,3.1558],[101.5237,3.1555],[101.5221,3.1538],[101.5214,3.1533],[101.5181,3.1504],[101.5142,3.1505],[101.5136,3.1502],[101.5106,3.1501],[101.5093,3.1485],[101.5093,3.1484],[101.5069,3.1483],[101.5059,3.1469],[101.5056,3.1466],[101.505,3.1463],[101.5045,3.144],[101.5036,3.141],[101.5024,3.1409],[101.5014,3.1402],[101.5005,3.1395],[101.4998,3.1385],[101.5002,3.1342],[101.5,3.1332],[101.5,3.1286]]},"properties":{"name":"Sungai Pelampas","kind":"River"}},
{"type":"Feature","geometry":{"type":"LineString","coordinates":[[101.6336,3.2132],[101.6334,3.2136],[101.6327,3.2142],[101.6331,3.2156],[101.6328,3.2171],[101.6313,3.2189],[101.6313,3.2204],[101.6332,3.2239],[101.6331,3.2241],[101.633,3.2245],[101.6326,3.2258],[101.6325,3.2276],[101.6324,3.229],[101.6325,3.2291]]},"properties":{"name":"Sungai Keroh","kind":"River"}},
{"type":"Feature","geometry":{"type":"LineString","coordinates":[[101.717,3.1162],[101.7177,3.1179],[101.7187,3.1186],[101.7227,3.1194],[101.7253,3.1202],[101.7276,3.1215],[101.7292,3.1234],[101.7323,3.126],[101.7394,3.1301],[101.7443,3.1295],[101.7459,3.1288],[101.7473,3.1267],[101.7474,3.1234],[101.7468,3.1187],[101.7467,3.1158],[101.7463,3.1139],[101.7463,3.1126],[101.7458,3.1109],[101.7461,3.1088],[101.7456,3.1081],[101.7439,3.1077],[101.7413,3.1051],[101.7402,3.1027]]},"properties":{"name":"Sungai Kerayong","kind":"River"}},
{"type":"Feature","geometry":{"type":"MultiLineString","coordinates":[[[101.2273,3.3347],[101.2322,3.3385],[101.2342,3.3424],[101.2343,3.3464],[101.2348,3.3509],[101.2362,3.3542],[101.2379,3.3559],[101.2392,3.3562],[101.2404,3.3565],[101.2434,3.3555],[101.247,3.3523],[101.2507,3.3475],[101.2524,3.3436],[101.253,3.3377],[101.2539,3.3353],[101.2556,3.3344],[101.2579,3.3341],[101.2629,3.3351],[101.265,3.3361],[101.2661,3.3371],[101.2666,3.3387],[101.2662,3.34],[101.2649,3.3418],[101.2624,3.3438],[101.2595,3.3456],[101.2575,3.3477],[101.2566,3.3499],[101.2569,3.3519],[101.2597,3.3594],[101.26,3.3628],[101.26,3.3654],[101.2605,3.367],[101.2616,3.3679],[101.2628,3.3682],[101.265,3.3672],[101.268,3.3635],[101.2699,3.3619],[101.2721,3.3616],[101.2743,3.3629],[101.2756,3.3656],[101.2774,3.3701],[101.2787,3.3713],[101.2827,3.3732],[101.284,3.3743],[101.2846,3.3754],[101.2842,3.3768],[101.2799,3.3808],[101.2792,3.3826],[101.2796,3.3847],[101.2806,3.3861],[101.2825,3.3854],[101.2856,3.3831],[101.2885,3.3825],[101.29,3.3832],[101.291,3.3842],[101.2928,3.3874],[101.2936,3.3896],[101.2946,3.3897],[101.2976,3.3866],[101.2983,3.3839],[101.2978,3.3828],[101.296,3.3824],[101.2923,3.3824],[101.2909,3.3821],[101.2893,3.3811],[101.2881,3.3796],[101.2875,3.3785],[101.287,3.3753],[101.2872,3.3739],[101.2882,3.3719],[101.2896,3.3719],[101.2941,3.375],[101.2957,3.3754],[101.2977,3.3754],[101.2994,3.375],[101.3001,3.374],[101.3002,3.3725],[101.299,3.3705],[101.2958,3.3676],[101.2956,3.365],[101.2963,3.3638],[101.2977,3.3632],[101.3013,3.3629],[101.3029,3.3636],[101.3034,3.3651],[101.3018,3.3691],[101.302,3.3721],[101.304,3.375],[101.3066,3.3765],[101.308,3.3768],[101.3091,3.3757],[101.3097,3.3731],[101.3099,3.3711],[101.3095,3.3671],[101.3095,3.3657],[101.3111,3.3643],[101.3133,3.3654],[101.3155,3.3686],[101.316,3.3704],[101.3148,3.3738],[101.3146,3.3755],[101.3163,3.3766],[101.3188,3.3765],[101.3206,3.3758],[101.3218,3.3746],[101.3227,3.3727],[101.3233,3.372],[101.325,3.3719],[101.3283,3.3735],[101.3309,3.3723],[101.332,3.3721],[101.3323,3.3713],[101.3316,3.3702],[101.3295,3.3692],[101.3282,3.3676],[101.328,3.3665],[101.3283,3.3646],[101.3284,3.3613],[101.3292,3.3604],[101.3304,3.3607],[101.3311,3.3621],[101.331,3.3638],[101.3315,3.3668],[101.3314,3.368],[101.3323,3.3688],[101.3332,3.3681],[101.3331,3.3652],[101.3344,3.3644],[101.3358,3.3644],[101.3373,3.3639],[101.3377,3.363],[101.337,3.3607],[101.3373,3.3602],[101.339,3.36],[101.3398,3.3603],[101.3404,3.3615],[101.3397,3.3644],[101.3398,3.3652],[101.341,3.3657],[101.343,3.3651],[101.3439,3.3657],[101.3457,3.3676],[101.35,3.3682],[101.3515,3.368],[101.3526,3.3675],[101.3539,3.3646],[101.3556,3.3639],[101.3568,3.3647],[101.3567,3.366],[101.3551,3.368],[101.3549,3.3696],[101.3553,3.3706],[101.3569,3.3713],[101.3587,3.3704],[101.3596,3.3682],[101.3598,3.3659],[101.3604,3.3648],[101.3616,3.3643],[101.3635,3.3646],[101.3644,3.3654],[101.3639,3.367],[101.3617,3.3676],[101.3607,3.369],[101.361,3.3717],[101.3626,3.3722],[101.3632,3.3703],[101.3651,3.3696],[101.3676,3.3706],[101.3693,3.371],[101.3708,3.3718],[101.3725,3.3715],[101.3737,3.3734],[101.3753,3.3744],[101.3763,3.3754],[101.3757,3.3765],[101.3744,3.376],[101.3738,3.3765],[101.375,3.3784],[101.3759,3.3793],[101.3769,3.3778],[101.3784,3.3776],[101.3797,3.3781],[101.3805,3.3795],[101.3818,3.3799],[101.3832,3.3789],[101.3846,3.3797],[101.3855,3.3811],[101.3879,3.3839],[101.3887,3.3839],[101.3891,3.3825],[101.3902,3.3826],[101.3913,3.3845],[101.3942,3.3855],[101.3947,3.3863],[101.3947,3.3875],[101.394,3.3889],[101.3958,3.3897],[101.3964,3.3893],[101.3968,3.3879],[101.3996,3.3872],[101.4009,3.388],[101.4015,3.3889],[101.4044,3.3906],[101.4048,3.39],[101.4031,3.3877],[101.4032,3.3867],[101.4042,3.386],[101.4047,3.3866],[101.4059,3.3887],[101.4079,3.389],[101.4087,3.3894],[101.4092,3.3883],[101.4083,3.3874],[101.4098,3.3847],[101.4106,3.3843],[101.4138,3.3848],[101.4157,3.3842],[101.417,3.3849],[101.4174,3.3858],[101.4173,3.3872],[101.4181,3.3881],[101.4188,3.388],[101.4208,3.3868],[101.4215,3.3872],[101.4217,3.3884],[101.423,3.3901],[101.4231,3.3919],[101.4223,3.3952],[101.4224,3.3995],[101.4227,3.4003],[101.4258,3.4046],[101.4265,3.4051],[101.4321,3.4075],[101.4341,3.4084],[101.4362,3.4081],[101.4377,3.4072],[101.4392,3.4058],[101.4397,3.4048],[101.4426,3.4013],[101.4441,3.4005],[101.4454,3.4016],[101.4492,3.402],[101.4526,3.3997],[101.4547,3.3999],[101.4556,3.4003],[101.4561,3.4018],[101.4573,3.4022],[101.4583,3.4015],[101.4595,3.3992],[101.4611,3.3996],[101.4619,3.3993],[101.4615,3.3977],[101.4616,3.3968],[101.4626,3.3964],[101.4631,3.3967],[101.4641,3.3975],[101.4664,3.398],[101.469,3.3988],[101.4709,3.4001],[101.4733,3.4028],[101.474,3.4042],[101.4747,3.4058],[101.4753,3.4083],[101.4767,3.4088],[101.4773,3.4098],[101.4775,3.4115],[101.4781,3.4129],[101.4802,3.4154],[101.4808,3.417],[101.4819,3.4191],[101.4836,3.4204],[101.4858,3.4212],[101.4884,3.4215],[101.4903,3.4211],[101.4915,3.4217],[101.492,3.4231],[101.4935,3.4239],[101.4952,3.427],[101.4943,3.4283],[101.4952,3.4311],[101.4961,3.432],[101.498,3.4327],[101.4985,3.4338],[101.4985,3.4359],[101.499,3.4371],[101.499,3.439],[101.4998,3.4394],[101.5014,3.439],[101.5025,3.4398],[101.5028,3.4436],[101.5015,3.4469],[101.5019,3.4489],[101.5007,3.4498],[101.4977,3.4492],[101.4964,3.4496],[101.4957,3.4492],[101.495,3.4503],[101.4958,3.451],[101.4974,3.4518],[101.4977,3.4525],[101.496,3.4545],[101.4957,3.4559],[101.4963,3.4596],[101.4963,3.4618],[101.497,3.4627],[101.4998,3.4638],[101.5009,3.4638],[101.502,3.4647],[101.5034,3.4651],[101.5047,3.4646],[101.5053,3.465],[101.5062,3.469],[101.5075,3.4697],[101.5081,3.4714],[101.5071,3.4725],[101.5079,3.4744],[101.5097,3.475],[101.5123,3.475],[101.5144,3.4745],[101.5149,3.4751],[101.516,3.4768],[101.5172,3.4777],[101.5203,3.4791],[101.5224,3.4804],[101.5259,3.483],[101.5273,3.4834],[101.5318,3.4844],[101.5354,3.4849],[101.537,3.485],[101.538,3.4847],[101.5398,3.4821],[101.5415,3.4807],[101.5418,3.482],[101.5425,3.4825],[101.5437,3.4816],[101.5449,3.4802],[101.5457,3.4777],[101.5463,3.4771],[101.5469,3.475],[101.5477,3.4747],[101.5496,3.4749],[101.5517,3.4739],[101.5533,3.4746],[101.5539,3.4743],[101.5545,3.4725],[101.555,3.4711],[101.557,3.4689],[101.5583,3.4677],[101.5603,3.4646],[101.5617,3.4629],[101.562,3.4617],[101.5615,3.4603],[101.5619,3.4584],[101.5626,3.4578],[101.5646,3.4578],[101.5655,3.4574],[101.5671,3.4576],[101.5691,3.4584],[101.5696,3.4581],[101.5715,3.459],[101.5734,3.4587],[101.5745,3.458],[101.5762,3.4583],[101.5788,3.4597],[101.58,3.4595],[101.5806,3.4583],[101.5835,3.4561],[101.5854,3.4557],[101.5859,3.456],[101.5863,3.4574],[101.5874,3.4585],[101.5899,3.459],[101.5922,3.4599],[101.5937,3.4598],[101.5949,3.4609],[101.5953,3.4626],[101.5944,3.465],[101.5938,3.4686],[101.5924,3.4708],[101.5921,3.4742],[101.5925,3.4757],[101.5959,3.4772],[101.5965,3.4782],[101.5962,3.4805],[101.5972,3.4806],[101.6013,3.4794],[101.6024,3.4817],[101.6023,3.4836],[101.6027,3.4841],[101.6054,3.4846],[101.607,3.4838],[101.6085,3.4843],[101.6102,3.4855],[101.6152,3.4862],[101.6159,3.4881],[101.6175,3.489],[101.6179,3.4897],[101.6191,3.4903],[101.6199,3.4916],[101.6211,3.4916],[101.6223,3.4924],[101.6224,3.4955],[101.625,3.5019],[101.6261,3.5029],[101.6282,3.5034],[101.6297,3.5044],[101.6303,3.5054],[101.6316,3.5064],[101.6338,3.5072],[101.6351,3.5088],[101.6352,3.5103],[101.6366,3.5117],[101.6365,3.5129],[101.6387,3.5148],[101.6393,3.5164],[101.6433,3.5181],[101.6449,3.518],[101.6458,3.5198],[101.6479,3.521],[101.6482,3.523],[101.6477,3.5244],[101.6461,3.5264],[101.646,3.5275],[101.647,3.5283],[101.647,3.5293],[101.6461,3.5302],[101.6465,3.531],[101.6479,3.5305],[101.6492,3.5309],[101.6497,3.5316],[101.651,3.5352],[101.6529,3.5366],[101.6537,3.5376],[101.6535,3.5386],[101.654,3.5404],[101.6554,3.5442],[101.6559,3.5448],[101.6577,3.5447],[101.6592,3.5442],[101.6621,3.5406],[101.6645,3.5397],[101.6699,3.5382],[101.6722,3.5369],[101.6728,3.5368],[101.6761,3.5382],[101.6797,3.542],[101.6809,3.545],[101.6816,3.5464],[101.6826,3.549],[101.684,3.5506],[101.6839,3.5517],[101.6849,3.5533],[101.6872,3.5547],[101.6899,3.555],[101.6905,3.5556],[101.6893,3.5579],[101.6889,3.5598],[101.6891,3.5605],[101.6907,3.5604],[101.6917,3.561],[101.6914,3.5624],[101.6919,3.5634],[101.6955,3.5659],[101.696,3.5665],[101.6958,3.5686],[101.697,3.5702],[101.6964,3.5713],[101.6953,3.5716],[101.6963,3.5727],[101.6983,3.5731],[101.699,3.5726],[101.7009,3.5728],[101.7029,3.5736],[101.705,3.5745],[101.7067,3.5751],[101.7069,3.5756],[101.7087,3.576],[101.7096,3.5768],[101.7107,3.5761],[101.712,3.5768],[101.714,3.5771],[101.7145,3.5784],[101.7138,3.58],[101.7138,3.5812],[101.7175,3.5823],[101.7186,3.5826],[101.7197,3.5835],[101.7208,3.5834],[101.7229,3.5844],[101.7236,3.5853],[101.7267,3.5866],[101.7278,3.5864],[101.7287,3.5857],[101.73,3.5859],[101.7306,3.5869],[101.7316,3.5879],[101.7317,3.5888],[101.7327,3.5909],[101.7345,3.5925],[101.7342,3.5943],[101.7359,3.596],[101.7355,3.5972],[101.7363,3.5985],[101.7368,3.6009],[101.7375,3.6011],[101.7382,3.6037],[101.7377,3.6046],[101.7389,3.6064],[101.7399,3.6069],[101.7394,3.6106],[101.7387,3.6116],[101.7378,3.6104],[101.7353,3.6116],[101.7346,3.6145],[101.7337,3.615],[101.7338,3.6158],[101.7334,3.6167],[101.7333,3.6184],[101.7338,3.619],[101.7329,3.6211],[101.733,3.6229],[101.7342,3.6234],[101.7345,3.6243],[101.7336,3.6255],[101.7341,3.6275],[101.7338,3.6289],[101.7353,3.6296],[101.7336,3.6301],[101.7325,3.6308],[101.7318,3.6321],[101.7319,3.6336],[101.733,3.6334],[101.7336,3.6351],[101.7344,3.6357],[101.7348,3.6369],[101.7336,3.6373],[101.7346,3.6392],[101.7363,3.6404],[101.7354,3.6415],[101.7344,3.6419],[101.7342,3.6432],[101.7363,3.6435],[101.7372,3.6445],[101.7372,3.6458],[101.7367,3.6481],[101.7361,3.6492],[101.7386,3.6528],[101.7366,3.6544],[101.7374,3.6554],[101.7377,3.657],[101.7388,3.6578],[101.7388,3.6589],[101.738,3.6607],[101.7388,3.6619],[101.7386,3.6634],[101.7397,3.6639],[101.7392,3.6655],[101.74,3.6671],[101.7403,3.6691],[101.7398,3.6702],[101.741,3.6712],[101.7422,3.6713],[101.7424,3.673],[101.7432,3.674],[101.7436,3.6762],[101.7435,3.6778],[101.7443,3.6788],[101.7443,3.6797],[101.7436,3.6811],[101.7424,3.6819],[101.7411,3.6844],[101.7383,3.6854],[101.7368,3.6871],[101.7339,3.6882],[101.7313,3.6899]],[[101.474,3.4042],[101.4746,3.4034],[101.4756,3.4034],[101.4764,3.4023],[101.4762,3.4014],[101.4752,3.401],[101.4746,3.3996],[101.4735,3.3995],[101.4731,3.3986],[101.4713,3.3981],[101.471,3.3972],[101.4698,3.398],[101.4688,3.3978],[101.468,3.3968],[101.4669,3.3964],[101.465,3.3967],[101.4644,3.396],[101.4631,3.3967]],[[101.4059,3.3887],[101.4048,3.39]],[[101.4713,3.3981],[101.4702,3.3988],[101.4698,3.398]]]},"properties":{"name":"Sungai Selangor","kind":"River"}},
{"type":"Feature","geometry":{"type":"LineString","coordinates":[[101.6058,3.085],[101.6053,3.0839],[101.6051,3.0822],[101.6025,3.0771],[101.6011,3.0763],[101.5982,3.0762],[101.5977,3.0754],[101.5984,3.0727],[101.5991,3.0712],[101.5989,3.0655],[101.5989,3.0637],[101.5989,3.0612],[101.5994,3.0603],[101.6049,3.0589],[101.6091,3.0573],[101.6105,3.0564],[101.6113,3.0552]]},"properties":{"name":"Sungai Penaga","kind":"River"}},
{"type":"Feature","geometry":{"type":"LineString","coordinates":[[101.7433,3.1659],[101.744,3.1659],[101.7483,3.1646],[101.7518,3.163],[101.7524,3.1619],[101.7532,3.1592],[101.755,3.158],[101.7565,3.156],[101.7589,3.1548],[101.7595,3.1536],[101.7617,3.1532],[101.7632,3.1523],[101.7638,3.1514],[101.7663,3.1493],[101.7676,3.1474],[101.7701,3.1462],[101.7711,3.145],[101.7729,3.1439],[101.7775,3.1438],[101.7796,3.1442],[101.7804,3.1437],[101.7837,3.1429],[101.7845,3.1431],[101.7853,3.142],[101.7867,3.1416],[101.7871,3.1433],[101.7882,3.1443],[101.7887,3.1455],[101.7885,3.1465],[101.7903,3.147],[101.7918,3.1492],[101.7935,3.1508],[101.7937,3.1511],[101.7944,3.1521],[101.7963,3.1542],[101.7968,3.1555],[101.7986,3.1571],[101.799,3.1586],[101.8,3.1599],[101.7992,3.1616],[101.7991,3.1627],[101.7968,3.1658],[101.7958,3.1676],[101.7956,3.1685],[101.7946,3.1699],[101.7933,3.1727],[101.7921,3.1739],[101.792,3.1756],[101.7916,3.1763],[101.7895,3.1773],[101.7893,3.178],[101.7881,3.1796],[101.7875,3.1808],[101.7873,3.1839],[101.7877,3.1847],[101.7885,3.1878],[101.7885,3.1888],[101.7879,3.1896],[101.7887,3.1936],[101.7887,3.1956],[101.7898,3.1986],[101.7935,3.2049],[101.7948,3.2078],[101.7948,3.2092],[101.7955,3.2112],[101.7957,3.2111],[101.7977,3.2112],[101.8003,3.2125],[101.8002,3.2137],[101.8006,3.215],[101.8029,3.2178],[101.8043,3.2182],[101.805,3.2201],[101.807,3.2219],[101.8075,3.2219]]},"properties":{"name":"Sungai Ampang","kind":"River"}},
{"type":"Feature","geometry":{"type":"LineString","coordinates":[[101.6722,3.0276],[101.6706,3.0281],[101.669,3.0281],[101.6689,3.0281],[101.6668,3.0292],[101.6659,3.0308],[101.6656,3.0306],[101.6644,3.0298],[101.6633,3.031],[101.6615,3.0318],[101.6606,3.0329],[101.66,3.0348],[101.66,3.0349],[101.6596,3.0361],[101.6595,3.0365],[101.659,3.0366],[101.6589,3.0366],[101.6568,3.0377],[101.6556,3.039],[101.6556,3.0406],[101.6551,3.0412],[101.6527,3.0427],[101.6524,3.044],[101.6499,3.045],[101.649,3.0464],[101.6494,3.0502],[101.6494,3.0505],[101.6513,3.0554],[101.6516,3.0587],[101.6524,3.06],[101.6542,3.061],[101.6556,3.0627],[101.6556,3.0636]]},"properties":{"name":"Sungai Bohol","kind":"River"}},
{"type":"Feature","geometry":{"type":"LineString","coordinates":[[101.5367,3.0386],[101.5372,3.04],[101.5404,3.044],[101.5435,3.0458],[101.5479,3.0475],[101.5487,3.0488],[101.55,3.05],[101.5496,3.0524],[101.5489,3.054],[101.5491,3.0556],[101.5507,3.0576],[101.5522,3.0583],[101.5538,3.06],[101.5544,3.0613],[101.5542,3.0626],[101.5523,3.0657],[101.5513,3.0686],[101.5517,3.0704],[101.554,3.0721],[101.5546,3.0736],[101.5538,3.0779],[101.5528,3.0794],[101.5519,3.0828],[101.5518,3.0855],[101.5505,3.09],[101.5513,3.092],[101.5528,3.0939],[101.5552,3.1001],[101.557,3.1016],[101.559,3.1028],[101.5604,3.1041],[101.561,3.1057],[101.5644,3.1123],[101.5667,3.1154],[101.5678,3.1163],[101.5681,3.1173],[101.5676,3.119],[101.5675,3.1206],[101.5678,3.1234],[101.5685,3.125],[101.5688,3.1258],[101.5684,3.1307],[101.567,3.1316],[101.5643,3.1321],[101.5615,3.1318],[101.5576,3.1319],[101.5571,3.1322],[101.5563,3.134],[101.5541,3.1359],[101.5524,3.1371],[101.5518,3.14],[101.5513,3.1404],[101.5498,3.1401],[101.5479,3.1419],[101.5466,3.1454],[101.5433,3.1466],[101.542,3.1492],[101.5409,3.1495],[101.5405,3.1503]]},"properties":{"name":"Sungai Damansara","kind":"River"}},
{"type":"Feature","geometry":{"type":"LineString","coordinates":[[101.6218,3.0731],[101.6216,3.0776],[101.6218,3.0783],[101.6236,3.0803],[101.6248,3.0825],[101.6249,3.085],[101.6253,3.0861],[101.6293,3.0892],[101.6292,3.0906],[101.6297,3.0916],[101.6306,3.092],[101.6337,3.0953],[101.6342,3.0964],[101.6345,3.0968],[101.6342,3.099],[101.6345,3.1007],[101.6348,3.102],[101.6347,3.1022],[101.6339,3.1041],[101.6347,3.1054],[101.6334,3.1119],[101.6328,3.1125],[101.6277,3.1165],[101.6272,3.1183],[101.6285,3.124],[101.6281,3.1251],[101.629,3.1281],[101.6298,3.1293],[101.63,3.1306]]},"properties":{"name":"Sungai Penchala","kind":"River"}},
{"type":"Feature","geometry":{"type":"LineString","coordinates":[[101.3085,3.1728],[101.3118,3.1739],[101.3139,3.1736],[101.3165,3.1742],[101.3204,3.1749],[101.3276,3.1749],[101.3342,3.175]]},"properties":{"name":"Sungai Janggut","kind":"River"}},
{"type":"Feature","geometry":{"type":"LineString","coordinates":[[101.3064,3.1917],[101.3077,3.1937],[101.3097,3.1952],[101.3111,3.1952],[101.3698,3.1938],[101.3755,3.1979],[101.3895,3.1978],[101.4006,3.1977],[101.4006,3.2184]]},"properties":{"name":"Sungai Sembilang","kind":"River"}},
{"type":"Feature","geometry":{"type":"MultiLineString","coordinates":[[[101.2988,3.2541],[101.3004,3.2561],[101.3023,3.2561],[101.3036,3.2581],[101.3051,3.2586],[101.3062,3.2595],[101.3075,3.2613],[101.3104,3.2639],[101.3122,3.2648],[101.3157,3.266],[101.3187,3.2664],[101.3201,3.2667],[101.3236,3.2683],[101.3249,3.2693],[101.3253,3.2714],[101.3253,3.2729],[101.3266,3.2753],[101.3418,3.2807],[101.3425,3.2809],[101.3435,3.2832],[101.348,3.2847],[101.3518,3.2865],[101.3584,3.2908],[101.3611,3.2909],[101.3658,3.2907],[101.3677,3.2922],[101.3688,3.2955],[101.3723,3.2961],[101.3839,3.2978],[101.3882,3.3],[101.3905,3.3008],[101.3912,3.2998],[101.3931,3.2986],[101.3942,3.2982],[101.3956,3.297],[101.3965,3.2956],[101.3983,3.2958],[101.3998,3.2956],[101.4083,3.2952],[101.4215,3.2932],[101.4231,3.293],[101.4251,3.2925],[101.4292,3.2904],[101.4321,3.2858],[101.4341,3.2797],[101.4349,3.2784],[101.4348,3.2775],[101.4362,3.2751],[101.4392,3.2712],[101.4412,3.2682],[101.4417,3.2669],[101.4433,3.266],[101.4452,3.2656],[101.4485,3.2676],[101.4518,3.2668],[101.455,3.2664],[101.4606,3.2597],[101.4673,3.2523],[101.47,3.2449],[101.4754,3.2399],[101.4801,3.2354],[101.48,3.2314],[101.4836,3.2272],[101.4846,3.2255],[101.4858,3.2246],[101.4872,3.2229],[101.4882,3.2222],[101.492,3.2201],[101.4928,3.2204],[101.4936,3.2192],[101.4949,3.2183],[101.4965,3.2183],[101.497,3.217],[101.4986,3.2167],[101.4998,3.215],[101.5001,3.214],[101.5019,3.2126],[101.5028,3.213],[101.505,3.2126],[101.5079,3.2128],[101.5096,3.2119],[101.5108,3.2124],[101.5118,3.212],[101.5119,3.2111],[101.5144,3.2108],[101.5159,3.2102],[101.5194,3.208],[101.5203,3.2078],[101.522,3.2068],[101.523,3.2065],[101.5244,3.2055],[101.5252,3.2055],[101.526,3.2041],[101.528,3.2041],[101.5285,3.2022],[101.5282,3.2012],[101.5292,3.2006],[101.5297,3.1995],[101.5305,3.1991],[101.531,3.1977],[101.5328,3.1962],[101.5338,3.1952],[101.5348,3.1958],[101.5351,3.1967],[101.5373,3.1962],[101.5378,3.1966],[101.5397,3.1965],[101.5405,3.1961],[101.543,3.1972],[101.5452,3.1968],[101.5472,3.1973],[101.548,3.1966],[101.5505,3.1959],[101.5526,3.1978],[101.554,3.1975],[101.5549,3.1977],[101.5577,3.199],[101.5591,3.1999],[101.5625,3.201],[101.564,3.2026],[101.5665,3.2034],[101.5679,3.2036],[101.5688,3.2046],[101.5687,3.2092],[101.5711,3.212],[101.5728,3.2125],[101.5739,3.2133],[101.5737,3.2144],[101.5757,3.2157],[101.5768,3.2156],[101.5796,3.2172],[101.581,3.2179],[101.5812,3.2186],[101.5812,3.2188],[101.5812,3.2189],[101.5812,3.2193],[101.5812,3.2196],[101.5813,3.2198],[101.5827,3.2218],[101.5832,3.2249],[101.5833,3.2249],[101.5836,3.2257],[101.5851,3.2269],[101.5852,3.2269],[101.5863,3.2283],[101.5864,3.2283],[101.5869,3.2286],[101.588,3.2295],[101.588,3.2296],[101.589,3.2308]],[[101.4733,3.6179],[101.474,3.6176],[101.4752,3.6178],[101.4763,3.6183],[101.4769,3.6164],[101.4781,3.6149],[101.4794,3.614],[101.4803,3.6121],[101.4817,3.6103],[101.4822,3.6086],[101.4816,3.6074],[101.4816,3.606],[101.4835,3.6048],[101.4838,3.6036],[101.4827,3.6021],[101.4813,3.6009],[101.4803,3.5984],[101.4807,3.5961],[101.4804,3.5955],[101.4791,3.5946],[101.4785,3.5927],[101.4792,3.5919],[101.4804,3.5931],[101.4813,3.5924],[101.482,3.59],[101.4837,3.5876],[101.4839,3.5866],[101.4849,3.5865],[101.4858,3.5871],[101.4865,3.5863],[101.486,3.5846],[101.4872,3.5835],[101.4881,3.5817],[101.488,3.5785],[101.4886,3.5778],[101.4907,3.5772],[101.4911,3.5763],[101.4902,3.5755],[101.4917,3.5732],[101.4926,3.5728],[101.4957,3.5733],[101.4961,3.5702],[101.4973,3.5691],[101.4976,3.5674],[101.4989,3.5664],[101.4999,3.5663],[101.5001,3.5651],[101.4995,3.5638],[101.4996,3.5627],[101.5006,3.5616],[101.5017,3.5609],[101.5019,3.5601],[101.5039,3.559],[101.5037,3.5571],[101.5017,3.5554],[101.5015,3.5528],[101.5011,3.552],[101.502,3.5502],[101.502,3.5488],[101.5009,3.5481],[101.5015,3.5468],[101.5014,3.5459],[101.4999,3.5446],[101.5002,3.5427],[101.5031,3.5412],[101.504,3.5412],[101.505,3.5409],[101.5061,3.5406],[101.5068,3.5394],[101.5087,3.5385],[101.5096,3.5377],[101.5091,3.5361],[101.5067,3.5331],[101.505,3.5299],[101.5057,3.5254],[101.5048,3.5239],[101.5059,3.522],[101.5059,3.5211],[101.5048,3.5197],[101.5059,3.5179],[101.5069,3.5177],[101.5079,3.5163],[101.5084,3.5145],[101.5078,3.5125],[101.508,3.5109],[101.5065,3.5094],[101.5066,3.508],[101.5084,3.506],[101.5118,3.5063],[101.5129,3.5053],[101.5124,3.504],[101.5137,3.5032],[101.5151,3.4999],[101.5145,3.4988],[101.515,3.4983],[101.5172,3.4982],[101.5175,3.4975],[101.5169,3.4957],[101.5172,3.4935],[101.5166,3.4921],[101.5167,3.4901],[101.5166,3.489],[101.5175,3.488],[101.5167,3.4851],[101.5165,3.4836],[101.5158,3.4825],[101.5152,3.4807],[101.5138,3.4785],[101.5134,3.4762],[101.5149,3.4751]]]},"properties":{"name":"Sungai Buloh","kind":"River"}},
{"type":"Feature","geometry":{"type":"LineString","coordinates":[[101.1673,3.3958],[101.17,3.3995],[101.1698,3.4041],[101.1683,3.4052],[101.1654,3.4055],[101.1649,3.406],[101.1648,3.4075],[101.1666,3.4111],[101.1675,3.4116],[101.1683,3.411],[101.1692,3.4093],[101.17,3.4087],[101.1709,3.4089],[101.1731,3.4106],[101.1759,3.4118],[101.1783,3.4135],[101.1792,3.4151],[101.18,3.4179],[101.1807,3.419],[101.1823,3.4199],[101.1822,3.4213],[101.1802,3.4226],[101.1751,3.422],[101.1746,3.4229],[101.1753,3.4283],[101.1781,3.4305],[101.1778,3.4328],[101.1762,3.4347],[101.1779,3.437],[101.1786,3.4374],[101.1817,3.4374],[101.1832,3.4369],[101.1838,3.4374],[101.1845,3.4393],[101.1845,3.4411],[101.1834,3.4427],[101.1831,3.445],[101.1817,3.4473],[101.1817,3.4489],[101.1812,3.4496],[101.1816,3.4516],[101.1807,3.4529],[101.1788,3.453],[101.1779,3.4546],[101.1792,3.4561],[101.1791,3.4585],[101.1794,3.4598],[101.1784,3.4628],[101.1783,3.464],[101.1808,3.465],[101.1834,3.4636],[101.1849,3.4632],[101.187,3.4631],[101.1872,3.4643],[101.1866,3.4659],[101.1883,3.4684],[101.1888,3.47],[101.1906,3.4723],[101.1919,3.473],[101.1931,3.4747],[101.1931,3.4758],[101.1945,3.4762],[101.195,3.475],[101.196,3.4751],[101.198,3.477],[101.1981,3.4792],[101.1974,3.48],[101.1975,3.4814],[101.2,3.485],[101.2011,3.484],[101.2038,3.4837],[101.2051,3.483],[101.2058,3.4837],[101.2081,3.4825],[101.2089,3.4827],[101.2102,3.4819],[101.2132,3.4815],[101.2157,3.4825],[101.2173,3.4819],[101.2187,3.4834],[101.2209,3.4818],[101.2244,3.4798],[101.2266,3.479],[101.2274,3.4781],[101.2281,3.4781],[101.2302,3.479],[101.2319,3.4791],[101.2356,3.4782],[101.2379,3.4774],[101.2395,3.4784],[101.2441,3.4804],[101.2475,3.4809],[101.2493,3.4818],[101.252,3.4864],[101.2518,3.4889],[101.2513,3.4902],[101.2515,3.4918],[101.2527,3.4923],[101.2575,3.4924],[101.2584,3.493],[101.2589,3.4941],[101.2603,3.4954],[101.2624,3.4995],[101.2645,3.5005],[101.267,3.5036],[101.2682,3.5058],[101.2691,3.5062],[101.2709,3.5055],[101.2726,3.5066],[101.275,3.5075],[101.2776,3.5096],[101.2781,3.511],[101.2791,3.5118],[101.2819,3.5123],[101.2836,3.5129],[101.2841,3.5137],[101.2843,3.516],[101.2842,3.5175],[101.2845,3.5205],[101.2855,3.5211],[101.2901,3.522],[101.2902,3.5244],[101.2899,3.5257],[101.2937,3.5295],[101.2948,3.5316],[101.2963,3.533],[101.2974,3.5345],[101.2991,3.5389],[101.301,3.5398],[101.3031,3.5393],[101.305,3.54],[101.3075,3.5413],[101.3093,3.5418],[101.3106,3.5429],[101.3134,3.5416],[101.3179,3.5402],[101.3193,3.54],[101.3219,3.5383],[101.3231,3.538],[101.3246,3.5369],[101.326,3.5349],[101.3277,3.5329],[101.3309,3.5319],[101.3321,3.5328],[101.3329,3.5347],[101.3338,3.5359],[101.3378,3.5377],[101.3403,3.5391],[101.3413,3.5399],[101.3438,3.5416],[101.3458,3.5419],[101.3485,3.5426],[101.3502,3.5422],[101.3537,3.543],[101.3532,3.5457],[101.3527,3.5462],[101.3527,3.5475],[101.3536,3.5503],[101.353,3.5532],[101.3535,3.555],[101.3538,3.5592],[101.3532,3.5632],[101.3525,3.5643],[101.3522,3.5678],[101.3519,3.5684],[101.3518,3.5729],[101.3516,3.574],[101.3527,3.5753],[101.3532,3.5769],[101.3544,3.578],[101.3569,3.5782],[101.3584,3.5793],[101.3593,3.5807],[101.3604,3.581],[101.3621,3.5824],[101.364,3.5835],[101.3654,3.5852],[101.3662,3.5867],[101.3669,3.5892],[101.3686,3.5901],[101.3689,3.592],[101.3683,3.5942],[101.3677,3.5977],[101.3689,3.6005],[101.3701,3.604],[101.3711,3.6046],[101.3727,3.6045],[101.3755,3.6036],[101.3768,3.6039],[101.3786,3.6054],[101.3798,3.6072],[101.3814,3.6078],[101.3829,3.6079],[101.3839,3.6088],[101.3859,3.609],[101.3867,3.61],[101.3888,3.6101],[101.3896,3.6113],[101.3903,3.6113],[101.391,3.6132],[101.3922,3.6138],[101.3925,3.6149],[101.3942,3.6159],[101.3957,3.6163],[101.3981,3.6164],[101.3995,3.6154],[101.4004,3.616],[101.4019,3.6153],[101.4027,3.6161],[101.4043,3.6166],[101.4051,3.6176],[101.4067,3.6189],[101.4078,3.6193],[101.4086,3.6208],[101.4107,3.6215],[101.4118,3.6207],[101.4125,3.6208],[101.4126,3.6208],[101.4137,3.6207],[101.4146,3.6199],[101.4156,3.6201],[101.4165,3.6214],[101.4178,3.6216],[101.4179,3.6229],[101.4189,3.6229],[101.4208,3.6235],[101.4218,3.6248],[101.4235,3.6263],[101.4242,3.6265],[101.4245,3.6277],[101.4258,3.6281],[101.4262,3.6302],[101.4275,3.6299],[101.4278,3.6306],[101.4275,3.6323],[101.4277,3.6332],[101.4292,3.6338],[101.4306,3.6321],[101.4306,3.632],[101.4318,3.6304],[101.4346,3.6299],[101.436,3.6306],[101.4361,3.6306],[101.437,3.6297],[101.438,3.63],[101.439,3.6318],[101.4402,3.6325],[101.4403,3.6326],[101.4415,3.6325],[101.4428,3.6336],[101.4429,3.6337],[101.4461,3.6342],[101.4461,3.6343],[101.4465,3.6354],[101.4481,3.6351],[101.4495,3.636],[101.4498,3.6377],[101.4513,3.6365],[101.4521,3.637],[101.4547,3.6376],[101.4551,3.6387],[101.4563,3.6403],[101.459,3.6402],[101.461,3.6412],[101.4613,3.643],[101.4628,3.6443]]},"properties":{"name":"Sungai Tengi","kind":"River"}},
{"type":"Feature","geometry":{"type":"LineString","coordinates":[[101.7473,3.1267],[101.7508,3.127],[101.755,3.1271],[101.7604,3.127],[101.7609,3.1274],[101.7609,3.1305],[101.7623,3.1309],[101.7631,3.1317]]},"properties":{"name":"Sungai Seputeh","kind":"River"}},
{"type":"Feature","geometry":{"type":"LineString","coordinates":[[101.3557,3.1079],[101.3538,3.1081],[101.3517,3.109],[101.3494,3.1083],[101.3468,3.1091],[101.3451,3.1102],[101.3428,3.1105],[101.335,3.1083],[101.3334,3.1077],[101.3305,3.108],[101.3297,3.1066]]},"properties":{"name":"Sungai Kapar Kechil","kind":"River"}},
{"type":"Feature","geometry":{"type":"LineString","coordinates":[[101.3604,3.0514],[101.3629,3.049],[101.365,3.0483],[101.366,3.0499],[101.3654,3.0515],[101.3636,3.0556],[101.3635,3.0569],[101.364,3.0577],[101.3653,3.0577],[101.3674,3.0556],[101.3685,3.0553],[101.3694,3.0563],[101.3706,3.0604],[101.3723,3.0626],[101.3744,3.0638],[101.3762,3.0641],[101.3786,3.0635],[101.3802,3.0641],[101.3821,3.0665],[101.3857,3.068],[101.3882,3.0702],[101.3912,3.0714],[101.3917,3.0732],[101.3926,3.0779]]},"properties":{"name":"Sungai Puluh","kind":"River"}},
{"type":"Feature","geometry":{"type":"LineString","coordinates":[[101.3761,3.1364],[101.3708,3.1339],[101.3684,3.1329],[101.3674,3.1323],[101.3627,3.1306],[101.3608,3.131],[101.3587,3.1306],[101.3574,3.131],[101.3554,3.1307],[101.3524,3.129],[101.3491,3.1262],[101.3468,3.1255],[101.3449,3.1233],[101.3427,3.1221],[101.3416,3.1203],[101.3393,3.1189],[101.3348,3.1181],[101.3326,3.1184],[101.3299,3.1173],[101.3294,3.1147],[101.3284,3.112],[101.3282,3.1102]]},"properties":{"name":"Sungai Kapar Besar","kind":"River"}},
{"type":"Feature","geometry":{"type":"MultiLineString","coordinates":[[[101.1017,3.7524],[101.0987,3.755],[101.0942,3.7611],[101.0923,3.7627],[101.0884,3.765],[101.0874,3.7673],[101.0875,3.7699],[101.0893,3.773],[101.0921,3.7771],[101.0927,3.7794],[101.0925,3.7807],[101.0905,3.7827],[101.0884,3.7826],[101.0865,3.7808],[101.083,3.7772],[101.0816,3.7746],[101.0796,3.77],[101.0784,3.7686],[101.0769,3.7676],[101.0748,3.7666],[101.0714,3.7657],[101.0681,3.7654],[101.0657,3.7642],[101.0642,3.7612],[101.0643,3.7579],[101.064,3.7558],[101.0633,3.7545],[101.0616,3.753],[101.0602,3.7523],[101.0587,3.7526],[101.0574,3.7541],[101.0572,3.7563],[101.0574,3.7587],[101.0583,3.7623],[101.0586,3.7664],[101.0584,3.7702],[101.0579,3.7716],[101.0556,3.7749],[101.054,3.7775],[101.0541,3.7796],[101.0544,3.7823],[101.0558,3.7851],[101.0582,3.7876],[101.0598,3.7887],[101.0609,3.7906],[101.061,3.7923],[101.0604,3.7939],[101.059,3.7956],[101.0582,3.796],[101.0566,3.7959],[101.053,3.7944],[101.0507,3.793],[101.048,3.7902],[101.0459,3.7878],[101.0442,3.7864],[101.0419,3.7855],[101.0405,3.7854],[101.0365,3.7855],[101.0349,3.7851],[101.0331,3.7841],[101.0305,3.7824],[101.0279,3.7822],[101.0263,3.7831],[101.0255,3.7851],[101.0259,3.7867],[101.0268,3.7882],[101.0304,3.7923],[101.031,3.7948],[101.0309,3.7969],[101.0285,3.8016],[101.0261,3.8047],[101.0235,3.806],[101.0197,3.8058],[101.0152,3.8039],[101.0098,3.8006],[101.0057,3.7986],[101.0031,3.7987],[100.999,3.8004],[100.9966,3.8012],[100.9949,3.8015],[100.9919,3.8005],[100.9883,3.797],[100.9862,3.7942],[100.9851,3.7909],[100.9848,3.7882],[100.9847,3.7797],[100.9849,3.7762],[100.9843,3.7733],[100.9834,3.7717],[100.9785,3.7698],[100.9741,3.7693],[100.9704,3.77],[100.9656,3.7729],[100.9632,3.7755],[100.9591,3.7809],[100.9581,3.7841],[100.9579,3.7892],[100.9588,3.7931],[100.9604,3.7959],[100.9645,3.799],[100.9691,3.8019],[100.9758,3.8045],[100.9776,3.8061],[100.9789,3.809],[100.9794,3.8131],[100.9785,3.8161],[100.9778,3.8176],[100.9739,3.822],[100.9688,3.8266],[100.9609,3.829],[100.9523,3.8297],[100.9453,3.8299],[100.9424,3.831],[100.9401,3.8323],[100.9391,3.8337],[100.9386,3.8352],[100.9382,3.8393],[100.9384,3.8411],[100.939,3.8442],[100.9404,3.8485],[100.9429,3.8557],[100.945,3.8617],[100.9456,3.8642],[100.9454,3.8663],[100.9444,3.8686],[100.9424,3.8702],[100.9406,3.8706],[100.9385,3.8707],[100.9357,3.8702],[100.9306,3.8689],[100.8858,3.8535],[100.8582,3.8547],[100.8463,3.8506],[100.8295,3.8497]],[[101.0994,3.7451],[101.0998,3.7418],[101.0997,3.7386],[101.1003,3.7341],[101.1017,3.7326],[101.1036,3.7323],[101.1056,3.7328],[101.1071,3.7339],[101.1073,3.7359],[101.1064,3.7391],[101.106,3.7412],[101.1065,3.7441],[101.1075,3.7457],[101.1094,3.7472],[101.1107,3.7474],[101.1129,3.7458],[101.116,3.7418],[101.1195,3.7362],[101.1212,3.7359],[101.1221,3.7363],[101.1236,3.738],[101.1237,3.7399],[101.1226,3.7432],[101.1222,3.7452],[101.1227,3.7473],[101.1257,3.7508],[101.1294,3.7571],[101.1311,3.7626],[101.1319,3.7637],[101.1334,3.7636],[101.1348,3.7542],[101.1359,3.7519],[101.1442,3.7474],[101.1449,3.7468],[101.1445,3.7451],[101.1429,3.744],[101.1397,3.7423],[101.1369,3.7388],[101.1338,3.7367],[101.134,3.735],[101.1351,3.7344],[101.1393,3.7342],[101.148,3.7307],[101.1525,3.7284],[101.1536,3.7285],[101.1545,3.7302],[101.1535,3.7325],[101.1519,3.7375],[101.1507,3.7399],[101.1507,3.7421],[101.1517,3.7436],[101.1534,3.7449],[101.1551,3.7447],[101.1563,3.7431],[101.1566,3.7377],[101.1573,3.7358],[101.1602,3.7317],[101.1618,3.728],[101.1618,3.7264],[101.1625,3.7253],[101.1637,3.7249],[101.1666,3.7222],[101.1703,3.7195],[101.1705,3.7156],[101.1713,3.7138],[101.173,3.7129],[101.1748,3.7101],[101.176,3.7098],[101.182,3.716],[101.1851,3.7181],[101.189,3.7192],[101.19,3.7216],[101.1914,3.7223],[101.1934,3.722],[101.1933,3.721],[101.1921,3.72],[101.1941,3.718],[101.1955,3.7183],[101.198,3.7176],[101.1976,3.7205],[101.1964,3.7237],[101.1963,3.7256],[101.1968,3.7271],[101.1976,3.7279],[101.1995,3.7272],[101.2014,3.7273],[101.2016,3.7267],[101.1993,3.7247],[101.1991,3.7239],[101.2004,3.723],[101.2024,3.7226],[101.2025,3.7216],[101.2039,3.7205],[101.2035,3.7194],[101.2057,3.7195],[101.2068,3.7188],[101.2066,3.7169],[101.2074,3.7159],[101.2073,3.7148],[101.2078,3.7138],[101.2087,3.7142],[101.2097,3.7134],[101.2107,3.714],[101.2105,3.7154],[101.2115,3.7153],[101.2129,3.7168],[101.2134,3.715],[101.2145,3.7145],[101.2144,3.7134],[101.213,3.7145],[101.2122,3.7139],[101.2131,3.7109],[101.2145,3.711],[101.214,3.7097],[101.2126,3.7085],[101.2131,3.7076],[101.216,3.7084],[101.2182,3.7104],[101.2205,3.7115],[101.2218,3.7129],[101.2266,3.7136],[101.2281,3.7139],[101.2291,3.7133],[101.2303,3.715],[101.2326,3.7145],[101.2353,3.7158],[101.2367,3.7163],[101.2371,3.7173],[101.239,3.7172],[101.2399,3.7186],[101.241,3.7194],[101.2425,3.7194],[101.2438,3.7198],[101.2449,3.7196],[101.2457,3.7185],[101.247,3.7177],[101.2483,3.7183],[101.2497,3.7182],[101.2497,3.7172],[101.2487,3.717],[101.2491,3.716],[101.249,3.7139],[101.2479,3.7129],[101.2479,3.7115],[101.2469,3.7105],[101.2461,3.7081],[101.2467,3.7064],[101.2463,3.7044],[101.2457,3.7034],[101.2463,3.7022],[101.2447,3.702],[101.2453,3.7003],[101.247,3.6996],[101.2472,3.6975],[101.2481,3.6946],[101.2481,3.6933],[101.2492,3.6919],[101.2484,3.6904],[101.2466,3.6891],[101.2467,3.6878],[101.246,3.685],[101.2461,3.6843],[101.2452,3.6832],[101.2464,3.683],[101.2468,3.6816],[101.2459,3.6805],[101.2486,3.68],[101.2484,3.6791],[101.2493,3.678],[101.2493,3.6765],[101.2502,3.6758],[101.2503,3.6748],[101.2516,3.6743],[101.252,3.6732],[101.2546,3.6713],[101.2556,3.6726],[101.2571,3.6723],[101.2572,3.6733],[101.2582,3.6732],[101.2597,3.6719],[101.2599,3.6701],[101.2643,3.6683],[101.2644,3.6695],[101.2651,3.6697],[101.2707,3.6688],[101.2715,3.6676],[101.2731,3.6694],[101.2744,3.67],[101.2772,3.6682],[101.2785,3.6681],[101.2794,3.6693],[101.2822,3.6697],[101.2819,3.6707],[101.2822,3.672],[101.2815,3.6728],[101.2816,3.6736],[101.2845,3.6735],[101.2851,3.6744],[101.2865,3.675],[101.288,3.6762],[101.2897,3.6752],[101.2904,3.6757],[101.2907,3.6772],[101.2917,3.6765],[101.293,3.6766],[101.2928,3.6775],[101.2947,3.6774],[101.2954,3.6784],[101.2961,3.6769],[101.2974,3.678],[101.2988,3.6769],[101.2985,3.6755],[101.2999,3.6744],[101.3002,3.6726],[101.3007,3.6722],[101.3028,3.672],[101.3059,3.6746],[101.3074,3.6746],[101.3078,3.6761],[101.3093,3.677],[101.3091,3.679],[101.3102,3.6792],[101.3104,3.6814],[101.3111,3.6815],[101.3103,3.6838],[101.3111,3.6848],[101.3128,3.6846],[101.3138,3.6852],[101.3152,3.6841],[101.3153,3.6855],[101.3169,3.6854],[101.3185,3.6871],[101.3194,3.6875],[101.32,3.6884],[101.3212,3.6886],[101.3216,3.69],[101.3233,3.6909],[101.3257,3.6891],[101.3261,3.6883],[101.3274,3.6898],[101.3287,3.6899],[101.3288,3.6909],[101.3302,3.6921],[101.3312,3.6919],[101.3323,3.6914],[101.334,3.6907],[101.3327,3.6891],[101.3342,3.6885],[101.3348,3.6903],[101.3363,3.69],[101.3373,3.6903],[101.3399,3.6924],[101.3408,3.6941],[101.341,3.6945],[101.3419,3.6961],[101.343,3.6987],[101.3418,3.699],[101.3422,3.6999],[101.3436,3.701],[101.344,3.7025],[101.3455,3.7043],[101.3454,3.7053],[101.3466,3.7068],[101.3464,3.7077],[101.347,3.7091],[101.3463,3.71],[101.3471,3.7112],[101.3467,3.7125],[101.346,3.7132],[101.3445,3.7132],[101.345,3.7145],[101.3448,3.7163],[101.3439,3.717],[101.3442,3.7186],[101.343,3.7185],[101.3415,3.7217],[101.3404,3.7231],[101.3411,3.7238],[101.3404,3.7254],[101.3411,3.7272],[101.3399,3.7273],[101.3401,3.7286],[101.3394,3.7303],[101.3394,3.7318],[101.3386,3.7335],[101.3388,3.7349],[101.3383,3.736],[101.3375,3.7368],[101.3375,3.7378],[101.3384,3.7395],[101.3372,3.7429],[101.3374,3.7441],[101.337,3.7453],[101.3377,3.7464],[101.3363,3.7506],[101.3358,3.7533],[101.3349,3.7557],[101.334,3.7571],[101.3299,3.7613],[101.3291,3.7631],[101.3293,3.7717],[101.3287,3.7743],[101.3275,3.7784],[101.3268,3.7795],[101.3268,3.7827],[101.3266,3.7841],[101.3255,3.7849],[101.3258,3.7862],[101.3274,3.7865],[101.3286,3.7873],[101.3296,3.7875],[101.3306,3.7883],[101.3321,3.7877],[101.3334,3.7878],[101.3332,3.7898],[101.3345,3.791],[101.3354,3.7896],[101.3368,3.7904],[101.3364,3.7921],[101.3367,3.7944],[101.3381,3.7952],[101.3398,3.7941],[101.3409,3.7952],[101.3428,3.7959],[101.3442,3.796],[101.3457,3.7973],[101.3472,3.7971],[101.3482,3.795],[101.3492,3.7945],[101.3498,3.7962],[101.352,3.7981],[101.3523,3.7997],[101.353,3.8006],[101.354,3.7998],[101.355,3.7998],[101.3555,3.8007],[101.3551,3.8023],[101.3561,3.8033],[101.3566,3.8027],[101.3562,3.8016],[101.3571,3.8008],[101.358,3.8013],[101.3585,3.8025],[101.3594,3.8034],[101.3625,3.8044],[101.3635,3.8043],[101.3647,3.8032],[101.3651,3.8015],[101.3659,3.8009],[101.3668,3.8012],[101.3677,3.8029],[101.3695,3.8033],[101.3699,3.8026],[101.3687,3.8018],[101.3689,3.8007],[101.37,3.8],[101.3712,3.8002],[101.3731,3.8025],[101.3741,3.8023],[101.3738,3.8008],[101.3751,3.7991],[101.3759,3.7988],[101.3765,3.7973],[101.377,3.7965],[101.3782,3.7952],[101.3796,3.7948],[101.3805,3.7946],[101.3803,3.7944],[101.3803,3.7932],[101.3812,3.7927],[101.3814,3.7906],[101.3823,3.7914],[101.3834,3.7906],[101.3827,3.79],[101.3845,3.7891],[101.3839,3.7877],[101.3835,3.7857],[101.3842,3.784],[101.3852,3.7838],[101.386,3.7828],[101.3861,3.7815],[101.3853,3.7787],[101.3856,3.7776],[101.3865,3.777],[101.3852,3.7762],[101.3871,3.7749],[101.3873,3.7739],[101.3868,3.7728],[101.3873,3.7712],[101.3895,3.7721],[101.3903,3.7728],[101.392,3.7735],[101.3936,3.7713],[101.3954,3.7706],[101.3964,3.7706],[101.3982,3.7697],[101.3998,3.7663],[101.4012,3.7658],[101.4015,3.765],[101.4036,3.7657],[101.4035,3.7653],[101.4036,3.7637],[101.4042,3.7629],[101.4061,3.7613],[101.4075,3.7612],[101.4074,3.7604],[101.4093,3.759],[101.4107,3.7585],[101.4116,3.7592],[101.413,3.7591],[101.4131,3.7604],[101.4138,3.7609],[101.4148,3.7599],[101.4154,3.7581],[101.4171,3.7583],[101.4184,3.7591],[101.4193,3.7587],[101.4187,3.7574],[101.419,3.7555],[101.4196,3.7535],[101.4205,3.7522],[101.4219,3.7528],[101.4222,3.7519],[101.4237,3.7515],[101.4242,3.7508],[101.426,3.7525],[101.4272,3.7533],[101.4286,3.7517],[101.4299,3.7519],[101.4317,3.7527],[101.433,3.7518],[101.4346,3.7531],[101.4362,3.7535],[101.4396,3.751],[101.4409,3.7522],[101.4417,3.7521],[101.4427,3.7505],[101.4419,3.7487],[101.4427,3.7468],[101.4441,3.7466],[101.4453,3.7452],[101.4455,3.7419],[101.4452,3.7411],[101.4454,3.7396],[101.446,3.7387],[101.449,3.7393],[101.4493,3.7375],[101.4502,3.737],[101.4508,3.7356],[101.4519,3.7353],[101.4517,3.7344],[101.4538,3.7332],[101.4542,3.7317],[101.4533,3.7304],[101.4554,3.7291],[101.4553,3.7285],[101.4569,3.7262],[101.4573,3.7238],[101.4567,3.7224],[101.4569,3.7205],[101.4577,3.7207],[101.4598,3.7185],[101.4595,3.7163],[101.4608,3.7159],[101.4615,3.7151],[101.4641,3.7141],[101.4648,3.7159],[101.4661,3.7153],[101.4676,3.7163],[101.4692,3.7167],[101.4699,3.7154],[101.4708,3.7154],[101.4715,3.7143],[101.4726,3.7146],[101.4737,3.7136],[101.4748,3.7135],[101.4757,3.7122],[101.4754,3.7095],[101.4762,3.7088],[101.4771,3.7064],[101.4781,3.7055],[101.4791,3.7029],[101.4804,3.7014],[101.4826,3.702],[101.4845,3.7014],[101.4859,3.6995],[101.4867,3.7002],[101.4886,3.6996],[101.4883,3.6986],[101.4899,3.6977],[101.4906,3.6982],[101.4921,3.6984],[101.4931,3.6997],[101.4942,3.6996],[101.4951,3.6986],[101.4967,3.6995],[101.4977,3.6975],[101.4989,3.6976],[101.5003,3.6969],[101.5005,3.6948],[101.502,3.6931],[101.5046,3.693],[101.5054,3.6925],[101.5086,3.6887],[101.5109,3.6876],[101.5111,3.6876],[101.5128,3.6867],[101.5143,3.6852],[101.5146,3.6838],[101.5164,3.6819],[101.5169,3.6803],[101.5188,3.6781],[101.5201,3.6779],[101.5222,3.6784],[101.5239,3.6802],[101.5256,3.6814],[101.5276,3.6817],[101.5288,3.681],[101.5328,3.6817],[101.5336,3.6804],[101.5346,3.6815],[101.5367,3.6829],[101.5388,3.6838],[101.5386,3.6851],[101.5391,3.6866],[101.5394,3.6873],[101.5409,3.6879],[101.5422,3.6911],[101.5431,3.6921],[101.5429,3.6933],[101.5447,3.6935],[101.5464,3.6962],[101.5459,3.6986],[101.5462,3.7006],[101.5477,3.7022],[101.5489,3.7019],[101.5489,3.7006],[101.5506,3.7008],[101.551,3.7024],[101.5531,3.7037],[101.5546,3.7043],[101.557,3.7035],[101.5589,3.7034],[101.5599,3.7039],[101.5606,3.705],[101.5599,3.7071],[101.5617,3.7092],[101.5638,3.7101],[101.5647,3.7098],[101.5652,3.7097],[101.5653,3.7098],[101.5653,3.7101],[101.5672,3.7112],[101.5684,3.7113],[101.5685,3.7133],[101.5699,3.7142],[101.5696,3.7165],[101.5714,3.7183],[101.5716,3.7197],[101.5722,3.7203],[101.5737,3.72],[101.5753,3.7201],[101.5767,3.721],[101.5781,3.7201],[101.5789,3.721],[101.5789,3.7235],[101.58,3.7252],[101.5819,3.727],[101.5817,3.7282],[101.5809,3.7299],[101.5807,3.7316],[101.5812,3.7328],[101.581,3.7342],[101.5815,3.7351],[101.5811,3.7362],[101.5815,3.738],[101.5828,3.7392],[101.5834,3.7405],[101.5856,3.7423],[101.5867,3.7423],[101.5877,3.7436],[101.5889,3.7439],[101.5903,3.7449],[101.5905,3.7457],[101.5923,3.7474],[101.5926,3.7482],[101.5939,3.7494],[101.5946,3.7505],[101.596,3.7514],[101.5979,3.7537],[101.5982,3.7554],[101.598,3.7572],[101.5985,3.7594],[101.5995,3.7619],[101.6007,3.7637],[101.6018,3.7671],[101.6027,3.7679],[101.6035,3.7701],[101.605,3.7725],[101.606,3.7734],[101.6106,3.7745],[101.6143,3.7743],[101.6157,3.7738]],[[101.4035,3.7653],[101.4036,3.7657],[101.4035,3.7653]],[[101.3803,3.7944],[101.3796,3.7948]],[[101.377,3.7965],[101.3765,3.7973]]]},"properties":{"name":"Sungai Bernam","kind":"River"}},
{"type":"Feature","geometry":{"type":"LineString","coordinates":[[101.5855,3.2639],[101.5847,3.2634],[101.5833,3.2634],[101.5822,3.2623],[101.5808,3.2642],[101.5798,3.2646],[101.5773,3.2637],[101.5759,3.2642],[101.574,3.2642],[101.5727,3.2646],[101.5713,3.2645],[101.5697,3.2648],[101.5694,3.264],[101.5681,3.2647],[101.5662,3.264],[101.5653,3.2651],[101.5604,3.2652],[101.5592,3.2639],[101.5588,3.2615],[101.5584,3.2609],[101.5559,3.2602],[101.555,3.2565],[101.5551,3.2536],[101.5536,3.2533],[101.553,3.2523],[101.5521,3.2522],[101.5518,3.2511],[101.5503,3.2489],[101.55,3.2478],[101.5505,3.247],[101.549,3.2449],[101.5487,3.2434],[101.548,3.2422],[101.548,3.2412],[101.5456,3.2382],[101.5417,3.2375],[101.539,3.2388],[101.538,3.2403],[101.5369,3.2413],[101.5365,3.2428],[101.5353,3.2436],[101.5351,3.2445],[101.536,3.2449],[101.5361,3.2457],[101.5339,3.2487],[101.5318,3.2497],[101.5305,3.2516],[101.5295,3.2525],[101.5297,3.2534],[101.5286,3.2562],[101.5273,3.2582],[101.5268,3.2596],[101.527,3.2616],[101.5278,3.2633],[101.5273,3.266],[101.5248,3.2681],[101.5242,3.269],[101.5215,3.2692],[101.5196,3.271],[101.5195,3.2716],[101.5174,3.2732]]},"properties":{"name":"Sungai Kuang","kind":"River"}},
{"type":"Feature","geometry":{"type":"LineString","coordinates":[[101.7451,2.7867],[101.7464,2.7858],[101.7481,2.7828],[101.7496,2.778],[101.7502,2.7722],[101.7506,2.7655],[101.7527,2.7604],[101.7522,2.7583],[101.7513,2.7565],[101.7518,2.7558],[101.7512,2.7547],[101.7515,2.7534],[101.7512,2.752]]},"properties":{"name":"Sungai Chinchang","kind":"River"}},
{"type":"Feature","geometry":{"type":"LineString","coordinates":[[101.7104,3.0147],[101.7093,3.0164],[101.7081,3.018],[101.7085,3.0191],[101.7102,3.0207],[101.7099,3.024],[101.7093,3.0251],[101.7082,3.0256],[101.7058,3.0276],[101.7052,3.0286],[101.7048,3.0306],[101.7042,3.0315],[101.7022,3.0333],[101.7024,3.0383],[101.7014,3.0396],[101.7009,3.0411],[101.7008,3.043],[101.6998,3.0446],[101.6995,3.0497],[101.6986,3.0503],[101.6969,3.0509],[101.6964,3.0533],[101.6953,3.055],[101.6934,3.0569],[101.6907,3.0618],[101.6878,3.0621],[101.6845,3.0618],[101.6829,3.0614],[101.6814,3.0617],[101.6801,3.0615],[101.678,3.062],[101.6763,3.0628],[101.6734,3.0631],[101.6682,3.0651],[101.6662,3.0655],[101.6639,3.0655],[101.6621,3.0645],[101.6612,3.0645],[101.6597,3.0653],[101.658,3.0649],[101.657,3.0639],[101.6556,3.0636],[101.6548,3.0643],[101.6533,3.0647],[101.6524,3.0659],[101.6504,3.0676],[101.6507,3.0693],[101.6504,3.0699]]},"properties":{"name":"Sungai Kuyoh","kind":"River"}},
{"type":"Feature","geometry":{"type":"LineString","coordinates":[[101.5441,3.1865],[101.5448,3.1871],[101.5462,3.1873],[101.5487,3.1884],[101.5497,3.1884],[101.5515,3.1892],[101.5545,3.1887],[101.5569,3.1874],[101.5589,3.1868],[101.5613,3.1869],[101.5642,3.188],[101.5658,3.188],[101.567,3.191],[101.5671,3.1922],[101.5673,3.1923],[101.5689,3.1934],[101.5712,3.1935],[101.5756,3.1933],[101.5778,3.1916],[101.5785,3.1916],[101.5789,3.1917],[101.5813,3.1917],[101.5826,3.1913],[101.5841,3.1915],[101.5852,3.1904],[101.587,3.19],[101.5899,3.1888],[101.5925,3.1871],[101.5955,3.1863]]},"properties":{"name":"Sungai Hampar","kind":"River"}},
{"type":"Feature","geometry":{"type":"LineString","coordinates":[[101.0365,3.6191],[101.0404,3.6205]]},"properties":{"name":"Sungai Nipah","kind":"River"}},
{"type":"Feature","geometry":{"type":"LineString","coordinates":[[101.5508,3.3459],[101.5538,3.3444],[101.5543,3.3434],[101.5573,3.3394],[101.5591,3.3389],[101.5597,3.338],[101.5597,3.3367],[101.5599,3.335],[101.5611,3.3326],[101.5628,3.3269],[101.5655,3.3236],[101.5659,3.3216],[101.567,3.3206],[101.5676,3.3207],[101.5698,3.3183],[101.5711,3.3179],[101.5712,3.3165],[101.5751,3.3161],[101.5761,3.3153],[101.5761,3.3123],[101.5756,3.309],[101.5756,3.3074],[101.5781,3.306],[101.5802,3.3041],[101.5821,3.3038],[101.585,3.3047],[101.5867,3.3058],[101.5896,3.3058],[101.5945,3.304],[101.5949,3.3037],[101.5952,3.3026],[101.5991,3.3008],[101.5994,3.3003],[101.602,3.2994],[101.6029,3.3009],[101.6045,3.3012],[101.6056,3.3006],[101.6073,3.3004],[101.6089,3.2994],[101.6106,3.2991],[101.6113,3.2965],[101.6124,3.2959]]},"properties":{"name":"Sungai Rawang","kind":"River"}},
{"type":"Feature","geometry":{"type":"MultiLineString","coordinates":[[[101.6906,3.1698],[101.689,3.1688],[101.6871,3.1696],[101.6869,3.1717],[101.686,3.1738],[101.6861,3.1762],[101.6831,3.1781],[101.6818,3.1793],[101.6799,3.1801],[101.6795,3.1815],[101.6797,3.1826],[101.6794,3.1842],[101.6797,3.1874],[101.6798,3.1903],[101.6783,3.196],[101.6783,3.1973],[101.6773,3.1996],[101.6756,3.2017],[101.6762,3.204],[101.68,3.2078],[101.6821,3.2139],[101.6817,3.2183],[101.6817,3.2194],[101.6806,3.2211],[101.6807,3.2226],[101.6807,3.2257],[101.6798,3.2272],[101.676,3.2279],[101.6759,3.2309],[101.6785,3.2331],[101.6783,3.2343],[101.6794,3.2348],[101.6803,3.237],[101.6802,3.2399],[101.6797,3.2408],[101.6794,3.2425],[101.6788,3.2439],[101.681,3.2462],[101.683,3.2481],[101.6829,3.2493],[101.6835,3.2507],[101.6844,3.2515],[101.6852,3.253],[101.686,3.2535],[101.685,3.2541],[101.6836,3.2554],[101.683,3.2578],[101.6826,3.2601],[101.6827,3.2621],[101.681,3.2622],[101.6814,3.2637],[101.6814,3.2653],[101.6793,3.2675],[101.6808,3.2683],[101.6816,3.2679],[101.683,3.2681],[101.6853,3.2688],[101.6862,3.2706],[101.6873,3.2719],[101.6877,3.2724],[101.6871,3.2746],[101.6875,3.2795],[101.688,3.2816],[101.6896,3.2855],[101.6912,3.2877],[101.6917,3.2891],[101.6921,3.2933],[101.6928,3.2945],[101.6941,3.2945],[101.6946,3.2951],[101.694,3.2969],[101.6954,3.2991],[101.695,3.3017],[101.6952,3.3028],[101.6959,3.3031],[101.6973,3.3051],[101.6969,3.3065],[101.6975,3.3084],[101.6977,3.3104],[101.6987,3.3111],[101.6993,3.3147],[101.7002,3.3171],[101.7009,3.3215],[101.7018,3.3239],[101.7018,3.3254],[101.7035,3.3293],[101.7029,3.3312],[101.7043,3.3323],[101.7043,3.3332],[101.7034,3.3347],[101.7034,3.3354],[101.7023,3.3364],[101.7026,3.3381],[101.7043,3.3407],[101.705,3.3424],[101.7057,3.3443],[101.7057,3.3469],[101.7071,3.3479],[101.7085,3.3511],[101.7121,3.3565],[101.7129,3.3586],[101.7143,3.3603],[101.7152,3.3623],[101.7174,3.37],[101.72,3.3728],[101.7219,3.3754]],[[101.6247,3.2958],[101.6262,3.297],[101.6262,3.2971],[101.6267,3.2987],[101.6266,3.2989],[101.6265,3.2994],[101.6265,3.2996],[101.6262,3.3],[101.6262,3.3001],[101.6262,3.3005],[101.6262,3.3006],[101.6265,3.301],[101.6267,3.3027],[101.6253,3.3057]]]},"properties":{"name":"Sungai Batu","kind":"River"}},
{"type":"Feature","geometry":{"type":"LineString","coordinates":[[101.7086,3.2262],[101.7078,3.2246],[101.7067,3.2238],[101.7055,3.2236],[101.7019,3.2236],[101.6972,3.2234],[101.6965,3.2235]]},"properties":{"name":"Terusan Lencongan Sungai Gombak","kind":"River"}},
{"type":"Feature","geometry":{"type":"LineString","coordinates":[[101.6675,3.2218],[101.6652,3.2246],[101.6656,3.2259],[101.6654,3.2271],[101.6635,3.2289],[101.6613,3.2305],[101.6596,3.2368],[101.6584,3.2371],[101.6579,3.238],[101.6582,3.2413],[101.6581,3.2433],[101.6578,3.2446],[101.6568,3.2455],[101.655,3.2458],[101.6532,3.2468],[101.6478,3.2476],[101.6446,3.2491],[101.6436,3.2505],[101.6433,3.2521],[101.6443,3.2535],[101.6451,3.2561],[101.645,3.2569],[101.6431,3.257],[101.6419,3.2563],[101.6401,3.257],[101.6387,3.258],[101.6381,3.2594],[101.637,3.2593],[101.6354,3.2612],[101.633,3.2619],[101.6311,3.262],[101.6299,3.2624],[101.6289,3.2617],[101.6288,3.2617],[101.6276,3.2619],[101.6275,3.2619],[101.6271,3.2621]]},"properties":{"name":"Sungai Jinjang","kind":"River"}},
{"type":"Feature","geometry":{"type":"LineString","coordinates":[[101.5508,3.3459],[101.5535,3.3478],[101.5537,3.3495],[101.5547,3.3504],[101.5546,3.3545],[101.556,3.3579],[101.5604,3.3607],[101.5606,3.3624],[101.5621,3.3653],[101.5635,3.3662],[101.5658,3.366],[101.5672,3.3663],[101.5707,3.3661],[101.5714,3.3649],[101.5725,3.3645],[101.5745,3.363],[101.5754,3.3646],[101.5778,3.3648],[101.5793,3.3644],[101.5827,3.3648],[101.5856,3.3655],[101.587,3.3657],[101.5908,3.3665],[101.5936,3.3687],[101.594,3.37],[101.5952,3.3712],[101.5964,3.3711],[101.5982,3.3719],[101.5999,3.3721],[101.6017,3.3729],[101.6031,3.3728],[101.6044,3.3719],[101.6056,3.3702],[101.6066,3.3684],[101.6067,3.3682],[101.6081,3.367],[101.6087,3.3654],[101.6103,3.3651],[101.6122,3.3633],[101.6123,3.3633],[101.6127,3.3634],[101.6128,3.3634],[101.6149,3.3641],[101.6151,3.364],[101.6174,3.3628],[101.62,3.3628],[101.6226,3.3613],[101.6261,3.3629],[101.6263,3.3638],[101.6288,3.3663],[101.6301,3.3666],[101.6315,3.3662],[101.6321,3.3671],[101.6334,3.3675],[101.6347,3.3659],[101.6358,3.3654],[101.6365,3.3663],[101.6378,3.3665],[101.6387,3.3677],[101.6396,3.3659],[101.6412,3.3641],[101.6427,3.3646],[101.6437,3.3634],[101.6468,3.3618],[101.6483,3.3594],[101.6492,3.3578],[101.6516,3.3568],[101.6527,3.3567],[101.6542,3.3556],[101.6542,3.3548],[101.6554,3.353],[101.6555,3.3522],[101.6553,3.351]]},"properties":{"name":"Sungai Serendah","kind":"River"}},
{"type":"Feature","geometry":{"type":"LineString","coordinates":[[101.6056,3.3702],[101.608,3.3708],[101.609,3.3725],[101.6105,3.3731],[101.612,3.3741],[101.6135,3.3757],[101.6153,3.3771],[101.6159,3.3769],[101.6169,3.3777],[101.6171,3.378],[101.6188,3.3791],[101.6219,3.382],[101.6231,3.3828],[101.6247,3.3845],[101.6245,3.3859],[101.6244,3.3862],[101.6246,3.3875],[101.6244,3.3893],[101.6255,3.3912],[101.6262,3.3948],[101.6263,3.3949],[101.6265,3.3981],[101.6265,3.3983],[101.6265,3.3984],[101.6266,3.3987],[101.6268,3.4039],[101.6268,3.404],[101.6274,3.404],[101.6279,3.407]]},"properties":{"name":"Sungai Punggur","kind":"River"}},
{"type":"Feature","geometry":{"type":"LineString","coordinates":[[101.5282,3.2012],[101.5271,3.2005],[101.5266,3.198],[101.5267,3.1968],[101.5273,3.1956],[101.5274,3.1911],[101.5254,3.1898],[101.5255,3.1883],[101.5247,3.1877],[101.5243,3.1876],[101.5223,3.1862],[101.5221,3.186],[101.5221,3.1855],[101.5221,3.185],[101.5199,3.1836],[101.5198,3.1812],[101.5189,3.1805],[101.5185,3.1805],[101.5184,3.1805],[101.5155,3.1802],[101.5144,3.1797],[101.5129,3.1786],[101.5107,3.1788],[101.5094,3.1785],[101.5077,3.1771],[101.5045,3.1754],[101.504,3.1745],[101.5029,3.1735],[101.499,3.1728],[101.4974,3.1722],[101.4959,3.1726]]},"properties":{"name":"Sungai Subang","kind":"River"}},
{"type":"Feature","geometry":{"type":"MultiLineString","coordinates":[[[101.7696,3.0196],[101.7739,3.0205],[101.7758,3.0205],[101.776,3.0206],[101.7777,3.021],[101.7787,3.0218],[101.7804,3.0226],[101.7816,3.0222],[101.7832,3.0226],[101.7848,3.0217],[101.7875,3.0222],[101.7914,3.0237],[101.7919,3.0243],[101.7938,3.025],[101.7943,3.0243],[101.7973,3.0263],[101.7994,3.0265],[101.8007,3.0268],[101.8022,3.0268],[101.8027,3.0277],[101.805,3.0288],[101.8074,3.0325],[101.8088,3.0332],[101.8102,3.0356],[101.8114,3.0394],[101.8131,3.04],[101.8149,3.0417],[101.8164,3.0426],[101.8165,3.0439],[101.819,3.0458],[101.8196,3.0459],[101.823,3.0488],[101.8233,3.0501],[101.8273,3.0523],[101.8284,3.0542],[101.8298,3.0572]],[[101.5559,3.6871],[101.5549,3.6879],[101.5548,3.688],[101.5531,3.6888],[101.5526,3.6883],[101.5512,3.6887],[101.5499,3.6884],[101.5479,3.6889],[101.5456,3.689],[101.5438,3.6876],[101.5419,3.6872],[101.5408,3.6874],[101.5391,3.6866]]]},"properties":{"name":"Sungai Sekamat","kind":"River"}},
{"type":"Feature","geometry":{"type":"LineString","coordinates":[[101.5405,3.1503],[101.5394,3.1496],[101.5368,3.1486],[101.5355,3.1475],[101.5332,3.146],[101.5328,3.1451],[101.5325,3.1432],[101.5304,3.1416],[101.5276,3.1411],[101.5258,3.1398],[101.5254,3.1396],[101.5252,3.1395],[101.5246,3.139],[101.5234,3.1379],[101.5223,3.1362],[101.5222,3.1359],[101.5219,3.1357]]},"properties":{"name":"Sungai Pelumut","kind":"River"}},
{"type":"Feature","geometry":{"type":"LineString","coordinates":[[101.5528,3.0939],[101.5511,3.096],[101.5509,3.0997],[101.55,3.1003],[101.5498,3.103],[101.5495,3.1042],[101.5491,3.1086],[101.5485,3.1105],[101.5464,3.1116],[101.5455,3.1128]]},"properties":{"name":"Sungai Air Kuning","kind":"River"}},
{"type":"Feature","geometry":{"type":"LineString","coordinates":[[101.5685,3.125],[101.5715,3.1244],[101.5733,3.1228],[101.5753,3.1228],[101.5766,3.121],[101.579,3.1188],[101.5817,3.1155],[101.5826,3.1139],[101.5835,3.1133],[101.5876,3.1116],[101.5902,3.1114],[101.5922,3.1108],[101.5948,3.1109],[101.5971,3.1125],[101.5983,3.1149],[101.6013,3.1165],[101.6018,3.1182],[101.6023,3.1187],[101.6029,3.1209],[101.6064,3.1228],[101.6086,3.1229],[101.6101,3.1253],[101.6155,3.1324],[101.6165,3.1347],[101.6173,3.1388],[101.6175,3.1434],[101.6195,3.1451],[101.622,3.1465],[101.6246,3.1506],[101.6249,3.1529],[101.6254,3.1544],[101.6249,3.1564],[101.6243,3.1565]]},"properties":{"name":"Sungai Kayu Ara","kind":"River"}},
{"type":"Feature","geometry":{"type":"MultiLineString","coordinates":[[[101.6045,2.98],[101.6032,2.9794],[101.6027,2.9794],[101.5993,2.9796],[101.5977,2.9801],[101.5949,2.9802],[101.5944,2.9801],[101.5865,2.9801],[101.5813,2.9797],[101.5801,2.9797],[101.5775,2.9786],[101.5761,2.9792]],[[101.7479,2.9589],[101.7483,2.9589],[101.7497,2.9567],[101.7506,2.9564],[101.7545,2.9573],[101.7556,2.9567],[101.756,2.9567],[101.759,2.9578],[101.7601,2.9609],[101.7598,2.9625],[101.7594,2.9646],[101.7603,2.9656],[101.7656,2.9656],[101.7668,2.966],[101.7675,2.9676],[101.7724,2.9676],[101.7738,2.9673],[101.7752,2.9661],[101.7774,2.9664],[101.7858,2.9663],[101.7858,2.966]],[[101.6199,2.9965],[101.621,2.997]]]},"properties":{"name":"Sungai Air Hitam","kind":"River"}},
{"type":"Feature","geometry":{"type":"MultiLineString","coordinates":[[[101.8139,3.0633],[101.8156,3.0643],[101.816,3.0654],[101.8156,3.0661],[101.8163,3.0681],[101.815,3.0706]],[[101.8088,3.0556],[101.8088,3.0563],[101.8104,3.0586],[101.8109,3.0599]],[[101.8111,3.06],[101.8124,3.0612],[101.8126,3.0614],[101.8134,3.0629]],[[101.7701,3.0218],[101.7727,3.023],[101.774,3.0232],[101.7773,3.0247],[101.7792,3.0265],[101.7798,3.028],[101.7833,3.0341],[101.787,3.0384],[101.7886,3.0407],[101.7912,3.0426],[101.7925,3.0429],[101.8021,3.0508],[101.8028,3.0537],[101.8033,3.0543],[101.8088,3.0553]]]},"properties":{"name":"Sungai Long","kind":"River"}},
{"type":"Feature","geometry":{"type":"MultiLineString","coordinates":[[[101.5575,2.8178],[101.5595,2.8181],[101.5642,2.8185]],[[101.5379,2.8126],[101.5472,2.8189]],[[101.5763,2.8172],[101.581,2.8138],[101.5835,2.8123]]]},"properties":{"name":"Sungai Langat (pintasan)","kind":"River"}},
{"type":"Feature","geometry":{"type":"LineString","coordinates":[[101.768,2.9801],[101.7675,2.9816],[101.7666,2.9831],[101.7666,2.9848],[101.7653,2.9864],[101.7632,2.9884],[101.7624,2.9909],[101.7588,2.9912],[101.7547,2.9918],[101.7542,2.9916],[101.7541,2.9913],[101.7531,2.9904],[101.7506,2.9907],[101.7496,2.9911],[101.7482,2.9911],[101.7474,2.9917]]},"properties":{"name":"Sungai Ramal","kind":"River"}},
{"type":"Feature","geometry":{"type":"LineString","coordinates":[[101.3275,2.9866],[101.3321,2.9811],[101.3331,2.9807],[101.3369,2.9813],[101.3389,2.9808],[101.3399,2.98],[101.3429,2.9771],[101.346,2.975],[101.3475,2.9734],[101.3486,2.973],[101.3505,2.9732],[101.3523,2.973],[101.3546,2.9724],[101.3558,2.9718],[101.357,2.97],[101.3564,2.9671],[101.3567,2.965],[101.3583,2.9612],[101.3586,2.9572],[101.3585,2.9558],[101.358,2.9546],[101.3582,2.9526],[101.3579,2.9513],[101.3572,2.9503],[101.3574,2.9478],[101.3619,2.9459]]},"properties":{"name":"Sungai Chandong Besar","kind":"River"}},
{"type":"Feature","geometry":{"type":"LineString","coordinates":[[101.8713,2.8727],[101.8726,2.8701],[101.8734,2.8706],[101.8745,2.87],[101.8783,2.8692],[101.8822,2.8672],[101.8833,2.8672],[101.886,2.8659],[101.8885,2.8664],[101.8897,2.8657],[101.8925,2.8652],[101.8948,2.8646],[101.8973,2.8649],[101.8989,2.8657],[101.8993,2.8663],[101.9011,2.8664],[101.9019,2.8658],[101.9059,2.8645],[101.9073,2.8638],[101.9106,2.8614],[101.9113,2.8607],[101.9139,2.8601],[101.9136,2.8588],[101.9146,2.8577],[101.9172,2.8575],[101.9223,2.8566],[101.9227,2.8556],[101.9245,2.8543],[101.9259,2.8554],[101.9272,2.8556],[101.9285,2.8551],[101.9307,2.8562],[101.933,2.8564],[101.9335,2.857],[101.9354,2.8575],[101.9358,2.858],[101.9374,2.8577],[101.9381,2.8586],[101.9397,2.8584],[101.9416,2.8586],[101.9422,2.8576],[101.9445,2.858],[101.9452,2.8585],[101.9477,2.8576],[101.949,2.8582],[101.9492,2.8588],[101.9507,2.8603],[101.9526,2.8604],[101.954,2.8617],[101.9549,2.8618],[101.9566,2.8609],[101.9571,2.8595],[101.9582,2.8582],[101.9583,2.8563],[101.9605,2.8534],[101.9606,2.8526],[101.9617,2.8512],[101.9625,2.8509],[101.963,2.8486],[101.9603,2.8434]]},"properties":{"name":"Sungai Lenggeng","kind":"River"}},
{"type":"Feature","geometry":{"type":"LineString","coordinates":[[101.7749,3.0453],[101.7747,3.0466],[101.7748,3.0493],[101.7741,3.0508],[101.7725,3.0514],[101.7723,3.0519],[101.7723,3.0546],[101.7711,3.0575],[101.7698,3.0592]]},"properties":{"name":"Sungai Cheras","kind":"River"}},
{"type":"Feature","geometry":{"type":"MultiLineString","coordinates":[[[101.9106,2.9302],[101.9111,2.931],[101.9102,2.9333],[101.9104,2.9338],[101.9098,2.9354],[101.9093,2.9376],[101.9098,2.9408],[101.9108,2.9422],[101.9109,2.9422],[101.9111,2.9456],[101.9111,2.9457],[101.9129,2.9476],[101.9142,2.9507],[101.9143,2.9523],[101.9151,2.954],[101.9158,2.9569],[101.9165,2.9575]],[[101.8904,2.8947],[101.8921,2.898],[101.8937,2.8983],[101.8947,2.8991],[101.8959,2.8993],[101.8989,2.9011],[101.8994,2.9026],[101.8998,2.9054],[101.901,2.9082],[101.9014,2.9095],[101.9024,2.9096],[101.9035,2.9125],[101.9034,2.9148],[101.9038,2.9162],[101.9034,2.9167],[101.9042,2.9181],[101.9078,2.9199],[101.9088,2.9215],[101.9092,2.9238],[101.9096,2.9239],[101.9095,2.9271]]]},"properties":{"name":"Sungai Tarun","kind":"River"}},
{"type":"Feature","geometry":{"type":"LineString","coordinates":[[101.8113,2.9053],[101.8136,2.9057],[101.815,2.9052],[101.8173,2.9053],[101.8194,2.9066],[101.8227,2.9094],[101.8261,2.9118],[101.8291,2.9135],[101.83,2.9135],[101.8307,2.9135],[101.8331,2.9133],[101.8342,2.9149],[101.8346,2.9164],[101.836,2.9182],[101.8365,2.9185],[101.8383,2.918],[101.8392,2.9184],[101.8415,2.9174],[101.8432,2.9177],[101.8442,2.9173],[101.8457,2.9183],[101.8487,2.9186],[101.8501,2.9181],[101.8525,2.9182],[101.8547,2.9178],[101.8575,2.9176],[101.8623,2.9182],[101.8641,2.9189],[101.8656,2.9184],[101.8673,2.9189],[101.8686,2.9204],[101.8689,2.9225],[101.8704,2.9246],[101.8717,2.9255],[101.8744,2.9277],[101.8761,2.928],[101.8781,2.9292],[101.8793,2.9291],[101.8818,2.9301],[101.884,2.9314],[101.886,2.9317],[101.889,2.9342],[101.889,2.9345],[101.8896,2.9371],[101.8897,2.9375],[101.8898,2.9393],[101.8908,2.9394],[101.8915,2.9403],[101.8916,2.9403],[101.8922,2.9414],[101.8924,2.943],[101.8924,2.9431],[101.8922,2.9443],[101.8925,2.9455],[101.8926,2.9456],[101.8928,2.9479],[101.8943,2.949],[101.8974,2.9527],[101.8992,2.954],[101.902,2.9554]]},"properties":{"name":"Sungai Rinching","kind":"River"}},
{"type":"Feature","geometry":{"type":"LineString","coordinates":[[101.7399,3.2631],[101.7399,3.2629],[101.7394,3.2609],[101.7385,3.2601],[101.7384,3.2601],[101.7381,3.2599],[101.7372,3.2576],[101.7368,3.2558],[101.7363,3.2547],[101.7349,3.2537],[101.7336,3.2518],[101.7328,3.2502],[101.7327,3.25],[101.7325,3.2499]]},"properties":{"name":"Sungai Pusu","kind":"River"}},
{"type":"Feature","geometry":{"type":"LineString","coordinates":[[101.7218,3.246],[101.7247,3.2478],[101.7253,3.2488],[101.7261,3.2491],[101.7274,3.2481],[101.7289,3.2494],[101.7288,3.2501],[101.7306,3.2508],[101.7307,3.2507],[101.7325,3.2499],[101.7335,3.2497],[101.7337,3.2498],[101.7342,3.25],[101.7346,3.2498],[101.7356,3.2498],[101.7359,3.2499],[101.7368,3.2505],[101.7391,3.251],[101.7392,3.2507],[101.7393,3.2501],[101.7408,3.2498],[101.7419,3.2514],[101.7428,3.2524],[101.7431,3.2524],[101.7441,3.2524],[101.7454,3.2519],[101.7454,3.2518],[101.7455,3.2515]]},"properties":{"name":"Sungai Batang Pusu","kind":"River"}},
{"type":"Feature","geometry":{"type":"LineString","coordinates":[[101.5331,3.0093],[101.53,3.0048],[101.5298,3.0036],[101.5299,2.9982],[101.531,2.9982]]},"properties":{"name":"Canal Gardens","kind":"River"}},
{"type":"Feature","geometry":{"type":"MultiLineString","coordinates":[[[101.4932,3.0168],[101.4963,3.0131],[101.4963,3.0129]],[[101.4932,3.0178],[101.4932,3.0169]],[[101.4934,3.045],[101.4942,3.0443],[101.4939,3.035],[101.4938,3.0301],[101.4935,3.024],[101.4935,3.0236],[101.4933,3.019]],[[101.4933,3.019],[101.4932,3.0179]]]},"properties":{"name":"Sungai Kandis","kind":"River"}},
{"type":"Feature","geometry":{"type":"LineString","coordinates":[[101.3946,2.9882],[101.3979,2.9902],[101.3992,2.99],[101.4005,2.9877],[101.4016,2.9873],[101.4027,2.9882],[101.4031,2.9895],[101.4046,2.9925],[101.405,2.994],[101.4057,2.9946],[101.408,2.9951],[101.4095,2.9958],[101.41,2.9962],[101.4113,2.997],[101.4146,2.9974],[101.4171,2.9992],[101.4177,2.9989],[101.4188,2.9999],[101.4202,3.0011],[101.4204,3.0011],[101.4216,3.0011],[101.4265,3.0011],[101.4373,3.0007],[101.4376,3.0007],[101.4423,3.0005],[101.446,3.0006],[101.452,3.0006],[101.4522,3.0006],[101.455,3.0006],[101.4552,3.0006],[101.461,3.0007],[101.4649,3.0111],[101.4644,3.0113]]},"properties":{"name":"Sungai Aur","kind":"River"}},
{"type":"Feature","geometry":{"type":"LineString","coordinates":[[101.6351,3.5088],[101.6366,3.5095],[101.6371,3.5106],[101.6391,3.5123],[101.6416,3.5152],[101.6459,3.5136],[101.6469,3.5124],[101.6481,3.5126],[101.6512,3.5115],[101.6531,3.5118],[101.6535,3.5125],[101.6547,3.5119],[101.6549,3.5131],[101.6561,3.5172],[101.6582,3.5185],[101.6593,3.5181],[101.6598,3.5167],[101.6616,3.5151],[101.6635,3.5154],[101.6634,3.5134],[101.6623,3.5124],[101.663,3.5116],[101.6622,3.5103],[101.6636,3.5099],[101.6641,3.5093],[101.666,3.5091],[101.6657,3.5086],[101.6632,3.5072],[101.6644,3.5056],[101.6617,3.5028],[101.6603,3.5027],[101.6589,3.502],[101.6593,3.501],[101.6603,3.5001],[101.6596,3.4993],[101.6592,3.4972],[101.658,3.4955],[101.6602,3.4936],[101.6615,3.4939],[101.6622,3.4934],[101.6634,3.4909],[101.6646,3.4901],[101.6652,3.4915],[101.6673,3.4915],[101.6675,3.4927],[101.6688,3.4922],[101.6688,3.4906],[101.6709,3.4902],[101.6718,3.4924],[101.6734,3.4935],[101.6751,3.4938],[101.6755,3.4948],[101.6766,3.4942],[101.6789,3.4941],[101.6804,3.4946],[101.681,3.4959],[101.682,3.496],[101.683,3.4968],[101.6844,3.4949],[101.6868,3.4948],[101.6867,3.4941],[101.6891,3.4938],[101.6893,3.4926],[101.6903,3.4929],[101.6903,3.493],[101.6913,3.4928],[101.6925,3.4918],[101.6953,3.4926],[101.6954,3.4936],[101.6948,3.4946],[101.6968,3.495],[101.6977,3.4937],[101.6991,3.4937],[101.6996,3.4945],[101.7008,3.494],[101.7014,3.4945],[101.7022,3.4936],[101.7038,3.4942],[101.705,3.4936],[101.7054,3.4946],[101.7068,3.4962],[101.7086,3.4963],[101.7088,3.4968],[101.7104,3.4971],[101.7111,3.498],[101.7131,3.4974],[101.714,3.4961],[101.7149,3.4958],[101.7157,3.4965],[101.717,3.4969],[101.7174,3.4986],[101.7188,3.5002],[101.7189,3.5012],[101.7199,3.5016],[101.7206,3.5034],[101.7222,3.5032],[101.7244,3.5036],[101.7267,3.5055],[101.7262,3.5066],[101.7277,3.5074],[101.7304,3.5085],[101.7309,3.5096],[101.732,3.5118],[101.7329,3.513],[101.7369,3.5147],[101.742,3.5161],[101.743,3.516]]},"properties":{"name":"Sungai Rening","kind":"River"}},
{"type":"Feature","geometry":{"type":"LineString","coordinates":[[101.6475,3.4535],[101.6485,3.4529],[101.6501,3.4535],[101.6508,3.4531],[101.6521,3.4504],[101.6522,3.4497],[101.6533,3.4481],[101.6546,3.4472],[101.656,3.4474],[101.6566,3.4468],[101.6591,3.4469],[101.6603,3.4455],[101.6602,3.4449],[101.6616,3.4425],[101.6614,3.4396],[101.6627,3.4373],[101.6629,3.4361],[101.6643,3.4348],[101.664,3.4341],[101.6664,3.4328],[101.6673,3.4337],[101.6696,3.432],[101.6703,3.432],[101.6707,3.4305],[101.6716,3.429],[101.6711,3.4283],[101.672,3.4265],[101.6733,3.4259],[101.675,3.426],[101.6751,3.4243],[101.6757,3.4233],[101.6758,3.4223],[101.6748,3.4213],[101.6744,3.4202],[101.6749,3.4194],[101.674,3.4182],[101.6747,3.4169],[101.6747,3.4159],[101.6759,3.4149],[101.6769,3.4147],[101.678,3.4133],[101.6783,3.4124],[101.6778,3.4117],[101.6783,3.4104],[101.679,3.4099],[101.682,3.4097],[101.6826,3.407],[101.6834,3.4055],[101.6833,3.4047],[101.6842,3.4033]]},"properties":{"name":"Sungai Kalung","kind":"River"}},
{"type":"Feature","geometry":{"type":"LineString","coordinates":[[101.6085,3.4843],[101.6118,3.4834],[101.6141,3.4844],[101.615,3.4843],[101.6181,3.4822],[101.62,3.4828],[101.6217,3.4819],[101.6219,3.4812],[101.621,3.4793],[101.6214,3.4762],[101.6225,3.4755],[101.6242,3.4752],[101.6261,3.4745],[101.6267,3.4729],[101.6276,3.473],[101.6289,3.472],[101.6306,3.4731],[101.6348,3.4711],[101.6382,3.4699],[101.6418,3.4694],[101.6432,3.4699],[101.6439,3.4696],[101.6463,3.4694],[101.6468,3.469],[101.6498,3.4691],[101.6513,3.4686],[101.6539,3.4666],[101.6559,3.4672],[101.6561,3.4694],[101.6577,3.469],[101.6587,3.4702],[101.6602,3.4709],[101.661,3.4705],[101.6629,3.4681],[101.6644,3.4667],[101.6653,3.4671],[101.6673,3.4663],[101.668,3.4652],[101.6699,3.4643],[101.671,3.4654],[101.6723,3.4646],[101.6737,3.4669],[101.6748,3.4668],[101.6751,3.4652],[101.6769,3.4657],[101.6783,3.4655],[101.6793,3.4647],[101.6816,3.463],[101.6809,3.4622],[101.6808,3.4611],[101.6826,3.4608],[101.6839,3.4603],[101.6844,3.4595],[101.6845,3.4576],[101.6857,3.4555],[101.6856,3.4535],[101.6848,3.4521],[101.6854,3.451],[101.6869,3.4511],[101.6879,3.4503],[101.6893,3.4499],[101.6903,3.4491],[101.6889,3.4479],[101.687,3.4475],[101.6874,3.4464],[101.6869,3.4439],[101.6861,3.443],[101.6878,3.4421],[101.6896,3.4416],[101.6919,3.4405],[101.6933,3.4417],[101.6951,3.441],[101.6961,3.441],[101.6971,3.4422],[101.6998,3.4408],[101.701,3.4427],[101.7025,3.443],[101.7033,3.4416],[101.7047,3.4423],[101.7069,3.4414],[101.7071,3.44],[101.7079,3.4403],[101.7087,3.4406],[101.7093,3.4423],[101.7124,3.4417],[101.7124,3.4404],[101.7141,3.4393],[101.7144,3.4378],[101.7153,3.4363],[101.7165,3.4361],[101.7173,3.4348],[101.719,3.435],[101.721,3.4332],[101.721,3.4317],[101.7228,3.431],[101.7244,3.431],[101.7265,3.4313],[101.7275,3.4305],[101.7286,3.4303],[101.7288,3.4279],[101.7304,3.4275],[101.7324,3.4272],[101.733,3.4259],[101.7331,3.4254],[101.733,3.4235],[101.7356,3.4218],[101.7362,3.4211],[101.7363,3.419],[101.7369,3.418],[101.7386,3.4163],[101.7397,3.4155],[101.741,3.4137],[101.7427,3.4121],[101.7431,3.4105],[101.7428,3.4088],[101.7436,3.4072],[101.7434,3.4059],[101.7426,3.4051],[101.7444,3.4043],[101.7452,3.4023]]},"properties":{"name":"Sungai Batang Kali","kind":"River"}},
{"type":"Feature","geometry":{"type":"MultiLineString","coordinates":[[[101.7586,3.4449],[101.7573,3.4436],[101.7564,3.4411],[101.7554,3.4405],[101.754,3.4382],[101.7521,3.437],[101.7504,3.4366],[101.7493,3.435],[101.7481,3.4351],[101.7452,3.4345],[101.7442,3.4349],[101.7429,3.4343],[101.7421,3.4321],[101.7412,3.4313],[101.7391,3.4316],[101.7375,3.4311],[101.7363,3.4311],[101.7345,3.4305],[101.7316,3.4305],[101.7298,3.4314],[101.7283,3.4313],[101.7262,3.4322],[101.7244,3.4318],[101.7232,3.432],[101.7225,3.4327],[101.721,3.4332]],[[101.5529,3.1808],[101.5515,3.1814],[101.5494,3.1829],[101.5453,3.1844],[101.5441,3.1865],[101.5436,3.1867],[101.5431,3.1883],[101.5418,3.1892],[101.5416,3.1905],[101.5399,3.1921],[101.5372,3.1933],[101.5363,3.1942],[101.5347,3.1944],[101.533,3.1945],[101.5328,3.1962]]]},"properties":{"name":"Sungai Kedondong","kind":"River"}},
{"type":"Feature","geometry":{"type":"LineString","coordinates":[[101.4005,2.9877],[101.4001,2.9859],[101.4008,2.9848],[101.4003,2.9833],[101.4004,2.9793],[101.4016,2.9783]]},"properties":{"name":"Sungai Samagaga","kind":"River"}},
{"type":"Feature","geometry":{"type":"MultiLineString","coordinates":[[[101.552,3.0288],[101.555,3.0344],[101.5559,3.0356]],[[101.5563,3.0363],[101.5573,3.0387],[101.5581,3.0396],[101.5595,3.0425],[101.5622,3.0422],[101.5651,3.0446]]]},"properties":{"name":"Sungai Nibong","kind":"River"}},
{"type":"Feature","geometry":{"type":"LineString","coordinates":[[101.7941,2.8954],[101.7944,2.8941],[101.797,2.8928],[101.7969,2.891],[101.7982,2.8898],[101.7999,2.8878],[101.8015,2.8866],[101.8026,2.8863],[101.8054,2.8868],[101.806,2.8863],[101.8084,2.886],[101.8102,2.8854],[101.8118,2.8846],[101.8124,2.8851],[101.8146,2.8846],[101.8157,2.8837],[101.8168,2.8838],[101.8172,2.8845],[101.8217,2.8861],[101.8228,2.8861],[101.8241,2.8871],[101.8265,2.888],[101.8279,2.8878],[101.8296,2.8885],[101.8311,2.8881],[101.8324,2.8873],[101.8332,2.8862],[101.8344,2.8853],[101.8379,2.8835],[101.8387,2.8819],[101.8406,2.881],[101.8408,2.8777],[101.8419,2.8768],[101.8434,2.875],[101.8443,2.8744],[101.8453,2.8725],[101.8468,2.8724],[101.8472,2.8718],[101.8503,2.8716],[101.8507,2.8727],[101.8524,2.8734],[101.8548,2.8757],[101.8566,2.8759],[101.8577,2.8767],[101.8586,2.8763],[101.8607,2.8767],[101.8629,2.8763],[101.8646,2.8768],[101.8671,2.877],[101.8721,2.879],[101.8724,2.88],[101.8744,2.8807],[101.8756,2.882],[101.8756,2.8856],[101.8757,2.8864],[101.8779,2.8882],[101.8776,2.89],[101.8791,2.8905],[101.8799,2.8914],[101.8818,2.891],[101.8828,2.8898],[101.8848,2.8895],[101.8871,2.8914],[101.8878,2.893],[101.8896,2.8936],[101.8904,2.8947],[101.8952,2.8941],[101.8964,2.8943],[101.8968,2.8934],[101.8979,2.8932],[101.9011,2.893],[101.9032,2.8924],[101.9034,2.8915],[101.9056,2.8912],[101.9071,2.8913],[101.9087,2.8906],[101.9105,2.8905],[101.911,2.8912],[101.9134,2.8916],[101.9138,2.8911],[101.9161,2.8924],[101.9171,2.8936],[101.9184,2.8933],[101.9197,2.8938],[101.9195,2.8945],[101.9208,2.8966],[101.9212,2.8977],[101.9228,2.8986],[101.9231,2.8991],[101.9248,2.8994],[101.9267,2.899],[101.928,2.9008],[101.9305,2.9006],[101.9316,2.9],[101.9341,2.8981],[101.9355,2.8984],[101.9373,2.898],[101.9395,2.8981],[101.9408,2.899],[101.9407,2.8996],[101.9427,2.9006],[101.943,2.901],[101.9454,2.9011],[101.9458,2.9006],[101.9477,2.9006],[101.9495,2.9012],[101.9502,2.9029],[101.9512,2.904],[101.9521,2.9043],[101.9531,2.9059],[101.9557,2.9057],[101.9567,2.9062],[101.9581,2.9053],[101.9603,2.9032],[101.9605,2.9017],[101.9597,2.9007],[101.9578,2.9]]},"properties":{"name":"Sungai Beranang","kind":"River"}},
{"type":"Feature","geometry":{"type":"LineString","coordinates":[[101.5597,3.3367],[101.5602,3.3366],[101.5603,3.3366],[101.5617,3.3374],[101.5629,3.3373],[101.5644,3.3377],[101.5648,3.3389],[101.5669,3.34],[101.5676,3.3392],[101.5728,3.3392],[101.5733,3.3401],[101.5751,3.3402],[101.5765,3.3412],[101.5776,3.3413],[101.5782,3.3415],[101.5797,3.343],[101.5817,3.3436],[101.5837,3.3436],[101.586,3.3445],[101.5878,3.344],[101.5886,3.3435],[101.5898,3.343],[101.5941,3.3427],[101.5946,3.3433],[101.5964,3.3427],[101.5975,3.341],[101.5987,3.3408],[101.599,3.3406],[101.5999,3.3391],[101.603,3.3389],[101.6039,3.3396],[101.6057,3.3385],[101.607,3.3382],[101.6093,3.3371],[101.6099,3.3347]]},"properties":{"name":"Sungai Chu","kind":"River"}},
{"type":"Feature","geometry":{"type":"LineString","coordinates":[[101.6127,3.4138],[101.6115,3.4135],[101.6105,3.4117],[101.6091,3.411],[101.6088,3.4098],[101.6076,3.4088],[101.6051,3.4097],[101.6042,3.4109],[101.6023,3.4124],[101.6015,3.4137],[101.6002,3.4132],[101.5993,3.4142],[101.5977,3.4149],[101.5961,3.4149],[101.5958,3.4149],[101.5952,3.4147],[101.5939,3.4128],[101.592,3.413],[101.5917,3.413],[101.5896,3.4118],[101.5893,3.4117],[101.5875,3.4106],[101.5816,3.4107],[101.5812,3.4107],[101.5795,3.4107],[101.5776,3.4111],[101.5766,3.4105],[101.5747,3.4109],[101.5737,3.4115],[101.5736,3.4119],[101.5718,3.4134],[101.5715,3.4137],[101.5707,3.4138],[101.5701,3.4135],[101.5687,3.4119],[101.5685,3.4115],[101.5669,3.4089],[101.5653,3.4073],[101.5654,3.4052],[101.557,3.4051],[101.5568,3.4049],[101.5568,3.3976],[101.5564,3.3971],[101.5504,3.3971],[101.5493,3.3983],[101.5487,3.3984],[101.5459,3.3974],[101.5458,3.3964],[101.543,3.3954],[101.5417,3.3955],[101.5394,3.3941],[101.5379,3.3949],[101.5371,3.3918],[101.5353,3.3918],[101.5342,3.3929],[101.531,3.3931],[101.5295,3.3934],[101.5286,3.3913],[101.5269,3.3903],[101.5258,3.3907],[101.5248,3.3917],[101.5235,3.391],[101.5216,3.3915],[101.5212,3.3906],[101.5191,3.3897],[101.5181,3.3889],[101.5168,3.3887],[101.5109,3.3869],[101.51,3.3855],[101.5073,3.3848],[101.5063,3.3855],[101.5047,3.384],[101.5045,3.382],[101.5035,3.3813],[101.5024,3.3786],[101.5008,3.3777],[101.5,3.3763],[101.4986,3.3751],[101.4975,3.3734],[101.4953,3.3713],[101.4924,3.3694],[101.4899,3.3692],[101.4893,3.3688]]},"properties":{"name":"Sungai Guntong","kind":"River"}},
{"type":"Feature","geometry":{"type":"LineString","coordinates":[[101.5902,3.1674],[101.5893,3.1663],[101.5891,3.1661],[101.5882,3.1651],[101.5881,3.1649],[101.5859,3.1625],[101.5857,3.1621],[101.5844,3.161],[101.5815,3.1605],[101.5797,3.1574],[101.5781,3.1563],[101.5774,3.156],[101.5772,3.1559],[101.5769,3.1558],[101.575,3.1531],[101.5731,3.1476],[101.5732,3.1463],[101.5744,3.1462],[101.5745,3.145]]},"properties":{"name":"Sungai Tambul","kind":"River"}},
{"type":"Feature","geometry":{"type":"LineString","coordinates":[[101.8355,2.8697],[101.835,2.8692],[101.8341,2.8667],[101.8311,2.8646],[101.8289,2.8652],[101.8274,2.8646],[101.8252,2.8632],[101.8242,2.8622],[101.8221,2.8592],[101.8215,2.8572],[101.8224,2.8536],[101.8233,2.8508],[101.8242,2.8502],[101.8246,2.8482]]},"properties":{"name":"Sungai Batang Benar","kind":"River"}},
{"type":"Feature","geometry":{"type":"MultiLineString","coordinates":[[[101.5163,3.3254],[101.5216,3.3267],[101.5239,3.325],[101.5238,3.3232],[101.5234,3.3223],[101.5234,3.3222],[101.5247,3.321],[101.525,3.3204],[101.5263,3.3199],[101.5279,3.3183],[101.5294,3.3174],[101.5331,3.3159],[101.5348,3.3146],[101.5356,3.3132],[101.5359,3.313],[101.5366,3.3132],[101.5389,3.3117],[101.5402,3.3111],[101.5417,3.3094],[101.5418,3.3092],[101.5426,3.3093],[101.5443,3.3085],[101.5449,3.3078],[101.5453,3.3075],[101.5464,3.307],[101.5491,3.3081],[101.5493,3.3082],[101.5522,3.3092],[101.5535,3.3092]],[[101.5247,3.3201],[101.525,3.3204]]]},"properties":{"name":"Sungai Gong","kind":"River"}},
{"type":"Feature","geometry":{"type":"LineString","coordinates":[[101.5654,3.4052],[101.5681,3.405],[101.5683,3.4046],[101.5689,3.4036],[101.569,3.4034],[101.57,3.4019],[101.5702,3.4017],[101.5714,3.3997],[101.5716,3.3989],[101.5729,3.3988],[101.5732,3.3988],[101.5732,3.397],[101.5744,3.3968],[101.5745,3.3966],[101.5747,3.3959],[101.5747,3.3956],[101.575,3.3933],[101.5751,3.3933],[101.5767,3.3933],[101.5769,3.3933]]},"properties":{"name":"Sungai Buaya","kind":"River"}},
{"type":"Feature","geometry":{"type":"LineString","coordinates":[[101.6588,3.4061],[101.6589,3.4096],[101.6587,3.4111],[101.6593,3.4125],[101.6596,3.4128],[101.6593,3.4155],[101.658,3.4173],[101.6585,3.4196],[101.6577,3.4203],[101.6576,3.4212],[101.659,3.4227],[101.6591,3.4232],[101.6576,3.4262],[101.6581,3.4273]]},"properties":{"name":"Sungai Cheh","kind":"River"}},
{"type":"Feature","geometry":{"type":"LineString","coordinates":[[101.7444,3.466],[101.7419,3.4632],[101.7403,3.4622],[101.7388,3.4608],[101.7387,3.4603],[101.7359,3.4596],[101.7336,3.4583],[101.7289,3.4586],[101.7278,3.4576],[101.7252,3.4572],[101.7242,3.4561],[101.7224,3.4565],[101.7208,3.4575],[101.7202,3.4586],[101.7177,3.4581],[101.717,3.4563],[101.7157,3.4546],[101.7142,3.4538],[101.713,3.4532],[101.7123,3.4534],[101.7126,3.4548],[101.7114,3.4561],[101.7106,3.4575],[101.7073,3.4577],[101.7062,3.4586],[101.7061,3.4603],[101.7053,3.4609],[101.7027,3.4636],[101.7015,3.464],[101.6999,3.4652],[101.6994,3.4669],[101.6983,3.4672],[101.6944,3.4666],[101.6951,3.4679],[101.6947,3.4695],[101.6931,3.4705],[101.6923,3.4698],[101.6902,3.4697],[101.6894,3.4707],[101.6881,3.4705],[101.6867,3.4709],[101.6862,3.4687],[101.6846,3.4655],[101.6824,3.4652],[101.6819,3.4647],[101.6808,3.4654],[101.6793,3.4647]]},"properties":{"name":"Sungai Tamu","kind":"River"}},
{"type":"Feature","geometry":{"type":"LineString","coordinates":[[101.7142,3.4538],[101.7151,3.4535],[101.717,3.454],[101.7185,3.4529],[101.7201,3.4523],[101.7205,3.4516],[101.7221,3.4511],[101.7231,3.4483],[101.7236,3.4479],[101.7262,3.4474],[101.7278,3.4454],[101.7279,3.4449]]},"properties":{"name":"Sungai Lumpur","kind":"River"}},
{"type":"Feature","geometry":{"type":"LineString","coordinates":[[101.7373,3.5705],[101.7365,3.5697],[101.7376,3.5685],[101.7371,3.5677],[101.7369,3.566],[101.7388,3.5653],[101.7389,3.5648],[101.7405,3.5646],[101.7419,3.5604],[101.7433,3.5591],[101.7432,3.5579],[101.7442,3.5561],[101.7439,3.5545],[101.7444,3.5523],[101.7435,3.5498],[101.744,3.5467],[101.7457,3.5457],[101.747,3.5436],[101.7492,3.5431],[101.7515,3.5421],[101.7525,3.5422],[101.7535,3.5407],[101.7555,3.5409],[101.7571,3.5406],[101.7581,3.5398]]},"properties":{"name":"Sungai Rinting","kind":"River"}},
{"type":"Feature","geometry":{"type":"MultiLineString","coordinates":[[[101.7881,3.5665],[101.7861,3.5666],[101.7843,3.5661],[101.7824,3.5652],[101.7805,3.5635],[101.7798,3.5635],[101.7783,3.5644],[101.7756,3.5652],[101.7742,3.5644],[101.7684,3.565],[101.7656,3.5657],[101.7649,3.5654],[101.7637,3.5656],[101.7631,3.5643],[101.762,3.5642],[101.7603,3.5647],[101.7569,3.564],[101.7555,3.5628],[101.7543,3.5623],[101.7524,3.5628],[101.751,3.5623],[101.7501,3.5626],[101.7489,3.5641],[101.7474,3.563],[101.7447,3.5654],[101.7435,3.5653],[101.7421,3.5659],[101.742,3.5668],[101.7401,3.567],[101.7398,3.5686],[101.7384,3.5691],[101.7373,3.5705],[101.7381,3.5721],[101.7367,3.5742],[101.736,3.5747],[101.7345,3.5761],[101.7349,3.5777],[101.732,3.5782],[101.7312,3.5783],[101.7304,3.5791],[101.7294,3.5797],[101.7265,3.5797],[101.7258,3.5793],[101.722,3.5817],[101.721,3.5806],[101.7199,3.5811],[101.7181,3.581],[101.7175,3.5823]],[[101.7367,3.5742],[101.736,3.5747]]]},"properties":{"name":"Sungai Luit","kind":"River"}},
{"type":"Feature","geometry":{"type":"LineString","coordinates":[[101.7111,3.4711],[101.7102,3.4715],[101.7088,3.4737],[101.7057,3.4754],[101.7033,3.4761],[101.7019,3.4757],[101.7011,3.4763],[101.701,3.4763],[101.6997,3.4758],[101.6988,3.4767],[101.6963,3.4765],[101.6944,3.4768],[101.6933,3.4761],[101.691,3.4762],[101.6905,3.4754],[101.6891,3.4751],[101.6898,3.4735],[101.6894,3.4707]]},"properties":{"name":"Sungai Senama","kind":"River"}},
{"type":"Feature","geometry":{"type":"LineString","coordinates":[[101.6925,3.4918],[101.6928,3.4909],[101.6941,3.4904],[101.6946,3.4892],[101.6957,3.4886],[101.6948,3.4871],[101.6984,3.486],[101.7003,3.4857],[101.7032,3.4863],[101.7045,3.4872],[101.7069,3.4848],[101.7085,3.4846],[101.7111,3.4856],[101.7128,3.4859],[101.716,3.4855],[101.7177,3.4848],[101.7198,3.4827],[101.723,3.4824],[101.7253,3.4828],[101.7295,3.4829]]},"properties":{"name":"Sungai Hijau","kind":"River"}},
{"type":"Feature","geometry":{"type":"LineString","coordinates":[[101.8225,3.188],[101.8235,3.1871],[101.8244,3.185],[101.8246,3.1831],[101.8242,3.1815],[101.8249,3.1778],[101.8259,3.176],[101.826,3.1743],[101.8269,3.173],[101.8268,3.1717],[101.8262,3.1702],[101.827,3.1674],[101.8266,3.1651],[101.827,3.1634],[101.8267,3.1626],[101.8272,3.1604],[101.8268,3.1566],[101.8264,3.1554],[101.8266,3.154],[101.8264,3.1505],[101.827,3.1486],[101.8269,3.1468],[101.8262,3.1463],[101.8256,3.1438],[101.8255,3.1419],[101.8259,3.1409],[101.8257,3.1396],[101.8242,3.1391],[101.823,3.1367],[101.824,3.1356],[101.8242,3.134],[101.8232,3.1323],[101.8238,3.1306],[101.8238,3.1274],[101.8243,3.1262],[101.824,3.1252],[101.8246,3.1237],[101.8234,3.1226],[101.8235,3.1209],[101.8223,3.1205],[101.8228,3.1185]]},"properties":{"name":"Sungai Semungkis","kind":"River"}},
{"type":"Feature","geometry":{"type":"LineString","coordinates":[[101.8561,3.1902],[101.8549,3.1911],[101.8558,3.1921],[101.8549,3.1942],[101.8553,3.1951],[101.8545,3.197],[101.8519,3.1984],[101.8499,3.1978],[101.8494,3.1994],[101.8487,3.2],[101.8489,3.2023],[101.8478,3.2026],[101.8472,3.2052],[101.8467,3.2059],[101.8452,3.2067],[101.8439,3.2079],[101.8429,3.2101],[101.8425,3.2118],[101.8409,3.213],[101.8398,3.2178],[101.8396,3.2195],[101.8397,3.2215],[101.8392,3.2235],[101.8393,3.2264],[101.8389,3.2273],[101.8385,3.2304],[101.8399,3.2345],[101.839,3.2359],[101.8385,3.2379],[101.8396,3.2414],[101.8403,3.2444],[101.8402,3.2454],[101.8417,3.2487],[101.8433,3.2532],[101.8459,3.2542]]},"properties":{"name":"Sungai Congkak","kind":"River"}},
{"type":"Feature","geometry":{"type":"LineString","coordinates":[[101.4776,3.0397],[101.4788,3.0384],[101.4791,3.0364],[101.4801,3.0341],[101.48,3.0336],[101.4779,3.0328],[101.478,3.032]]},"properties":{"name":"Sungai Teluk Menegun","kind":"River"}},
{"type":"Feature","geometry":{"type":"LineString","coordinates":[[101.7496,2.778],[101.7517,2.7776],[101.7539,2.7778],[101.7552,2.7774],[101.7573,2.7759],[101.7607,2.7746],[101.764,2.7716],[101.7687,2.7691],[101.7701,2.768],[101.7724,2.7683],[101.7735,2.768],[101.7752,2.7656],[101.7769,2.7642],[101.7781,2.7613],[101.7791,2.7607],[101.7803,2.7591],[101.7803,2.7567],[101.7797,2.7557],[101.7805,2.7547],[101.7808,2.753],[101.7822,2.7515],[101.7828,2.7501],[101.7851,2.7495],[101.7857,2.7496],[101.7871,2.7487],[101.7879,2.7473],[101.7908,2.7457],[101.7929,2.7462],[101.8001,2.7489],[101.8021,2.7472],[101.8028,2.7447],[101.8038,2.743],[101.8069,2.7399],[101.8111,2.7362],[101.8121,2.7358]]},"properties":{"name":"Sungai Jijan","kind":"River"}},
{"type":"Feature","geometry":{"type":"LineString","coordinates":[[101.6416,3.3377],[101.6415,3.3399],[101.6396,3.343],[101.6374,3.3452],[101.6355,3.3458],[101.634,3.3472],[101.6322,3.3477],[101.6293,3.3491],[101.6255,3.3505],[101.6205,3.3531],[101.6191,3.3541],[101.6171,3.3557],[101.6172,3.3567]]},"properties":{"name":"Sungai Selaru","kind":"River"}},
{"type":"Feature","geometry":{"type":"LineString","coordinates":[[101.5222,3.6784],[101.5228,3.6771],[101.5242,3.6761],[101.5272,3.6748],[101.5279,3.6739],[101.5287,3.6743],[101.5315,3.6728],[101.5327,3.6703],[101.5339,3.67],[101.5343,3.6692],[101.5362,3.6694],[101.5385,3.6686],[101.5426,3.666],[101.5428,3.6658],[101.5456,3.6627],[101.5458,3.6621],[101.5483,3.6609],[101.5506,3.6593],[101.5509,3.6588],[101.5543,3.6496],[101.5542,3.6471],[101.5545,3.6458],[101.5558,3.6436],[101.5571,3.6421],[101.5583,3.6412],[101.5586,3.6399],[101.5608,3.6367],[101.5608,3.6359],[101.5618,3.6346],[101.5632,3.6321],[101.564,3.632],[101.5651,3.6305],[101.565,3.6299],[101.5673,3.6287],[101.5679,3.6271],[101.569,3.6255],[101.5709,3.6265],[101.5708,3.6271],[101.5717,3.6284],[101.5745,3.6271],[101.5774,3.6272],[101.5782,3.6268],[101.5813,3.6262],[101.5832,3.6283],[101.5833,3.6283],[101.5834,3.6308],[101.5839,3.6332],[101.5863,3.6341],[101.5874,3.6335],[101.588,3.6363],[101.5875,3.6373],[101.5876,3.6388],[101.5864,3.6391],[101.588,3.641],[101.59,3.6428],[101.5902,3.6443],[101.5913,3.6467],[101.5928,3.6475],[101.594,3.649],[101.5949,3.6491],[101.5958,3.6519],[101.5968,3.6518],[101.5987,3.6531],[101.6001,3.6546],[101.6009,3.6549],[101.6029,3.6571],[101.6047,3.6564],[101.606,3.6567],[101.6078,3.6585],[101.6099,3.6577],[101.611,3.6575],[101.613,3.6583],[101.6147,3.6586],[101.6162,3.6602],[101.6172,3.6606],[101.6179,3.6616],[101.6211,3.6634],[101.6214,3.6641],[101.6241,3.6656],[101.6251,3.667],[101.6265,3.6678],[101.6284,3.6695],[101.6322,3.671],[101.6331,3.6719],[101.6343,3.6776],[101.6342,3.6797],[101.6347,3.6817],[101.6361,3.6835],[101.6371,3.6856],[101.6381,3.6864],[101.64,3.6872],[101.6405,3.6888],[101.6416,3.6901],[101.6423,3.6921],[101.6432,3.6936],[101.6448,3.6949],[101.6459,3.6972],[101.6467,3.698]]},"properties":{"name":"Sungai Inki","kind":"River"}},
{"type":"Feature","geometry":{"type":"LineString","coordinates":[[101.5449,3.6207],[101.5435,3.6218],[101.5418,3.625],[101.5425,3.6282],[101.5437,3.6301],[101.5429,3.6307],[101.5432,3.6327],[101.5433,3.6346],[101.5418,3.6344],[101.5419,3.6352],[101.5433,3.6359],[101.5416,3.6387],[101.5412,3.6412],[101.5406,3.642],[101.5383,3.6436],[101.5378,3.6464],[101.5351,3.6494],[101.5347,3.6498],[101.5333,3.6513],[101.5324,3.6541],[101.532,3.6569],[101.532,3.6571],[101.5318,3.6573],[101.5316,3.6575],[101.5301,3.6597],[101.5284,3.6611],[101.5258,3.6638],[101.5244,3.6662],[101.5209,3.6716],[101.5197,3.6738],[101.519,3.6766],[101.5184,3.6779],[101.5167,3.6799],[101.516,3.6818],[101.5143,3.6833],[101.5141,3.6847],[101.5131,3.6858],[101.5119,3.6863],[101.5109,3.6876]]},"properties":{"name":"Sungai Merapoh","kind":"River"}},
{"type":"Feature","geometry":{"type":"LineString","coordinates":[[101.4205,3.7522],[101.4215,3.751],[101.4214,3.7487],[101.4221,3.7472],[101.4218,3.7462],[101.4208,3.7467],[101.4175,3.7436],[101.4172,3.7414],[101.4171,3.7389],[101.4182,3.7355],[101.4188,3.7343],[101.4183,3.7327],[101.4189,3.7313],[101.4185,3.7303],[101.4195,3.7286],[101.42,3.7268],[101.4192,3.7257],[101.4204,3.724],[101.4204,3.7233],[101.4229,3.7222],[101.4236,3.72],[101.4243,3.7187],[101.4264,3.7181],[101.4278,3.7164],[101.4295,3.7161],[101.4308,3.7152],[101.4308,3.7142],[101.4318,3.7131],[101.4323,3.711],[101.4318,3.7104],[101.4323,3.7078],[101.4347,3.7067],[101.4359,3.7066],[101.4365,3.7054],[101.4382,3.7054],[101.4385,3.7037],[101.4408,3.7014],[101.4405,3.7005],[101.4412,3.6986]]},"properties":{"name":"Sungai Gesir","kind":"River"}},
{"type":"Feature","geometry":{"type":"LineString","coordinates":[[101.7008,3.1893],[101.7011,3.1927],[101.7005,3.1947],[101.7009,3.1969],[101.7002,3.1983],[101.6989,3.1995],[101.6984,3.2017],[101.6988,3.2045],[101.6994,3.2049],[101.7002,3.2069],[101.7012,3.2079],[101.7011,3.2107],[101.7026,3.2119],[101.703,3.2141],[101.7025,3.2152],[101.703,3.2167],[101.7044,3.2174],[101.7056,3.2175],[101.7063,3.2181],[101.7072,3.2197],[101.7072,3.221],[101.7081,3.2224],[101.7093,3.2232],[101.7096,3.2251],[101.7086,3.2262],[101.7083,3.2283],[101.7091,3.2303],[101.7102,3.2313],[101.711,3.2329],[101.7119,3.234],[101.7122,3.2371],[101.7118,3.2391],[101.7122,3.2411],[101.7129,3.2422],[101.7138,3.2448],[101.7146,3.2455],[101.7162,3.2456],[101.7172,3.2452],[101.7185,3.2457],[101.7205,3.2456],[101.7218,3.246],[101.7214,3.2466],[101.7218,3.248],[101.7212,3.2488],[101.7216,3.2512],[101.7231,3.255],[101.7251,3.2555],[101.7257,3.2574],[101.7257,3.2587],[101.7268,3.2597],[101.7263,3.2612],[101.7266,3.2623],[101.7258,3.2637],[101.7256,3.2652],[101.7266,3.2667],[101.7279,3.2705],[101.7287,3.2735],[101.7284,3.2755],[101.7293,3.2789],[101.7286,3.2802],[101.7291,3.2827],[101.7301,3.2842],[101.7298,3.2861],[101.7303,3.2876],[101.7302,3.289],[101.7313,3.2909],[101.7303,3.2915],[101.7302,3.2926],[101.7312,3.2966],[101.7321,3.2964],[101.7329,3.2973],[101.733,3.2973],[101.7339,3.299],[101.7341,3.2992],[101.7342,3.2994],[101.7358,3.301],[101.7363,3.3022],[101.7359,3.3044],[101.7342,3.3071],[101.7336,3.3078],[101.7326,3.3085],[101.7354,3.3112],[101.7372,3.3119],[101.7372,3.3143],[101.7384,3.3146],[101.7403,3.3168],[101.744,3.319],[101.7443,3.3206],[101.7453,3.3216],[101.7464,3.3212],[101.7472,3.3219],[101.748,3.3238],[101.7497,3.3254],[101.7525,3.3256],[101.7541,3.3262],[101.7545,3.3285],[101.7565,3.3305],[101.7582,3.3325],[101.7587,3.3332],[101.7608,3.3349],[101.7614,3.335],[101.7626,3.337],[101.7638,3.3368],[101.7649,3.3373],[101.7652,3.338],[101.7665,3.3383],[101.7667,3.3386],[101.7681,3.3401],[101.7683,3.3404],[101.769,3.3433],[101.7686,3.344],[101.7697,3.3458],[101.7693,3.3469],[101.77,3.348],[101.7695,3.3516],[101.7688,3.3531]]},"properties":{"name":"Sungai Gombak","kind":"River"}},
{"type":"Feature","geometry":{"type":"MultiLineString","coordinates":[[[101.7345,3.5925],[101.736,3.593],[101.7372,3.593],[101.7377,3.592],[101.7391,3.5935],[101.7414,3.5931],[101.7425,3.5938],[101.743,3.5949],[101.7444,3.594],[101.7446,3.5938],[101.7463,3.5953],[101.7459,3.5962],[101.7469,3.5967],[101.7475,3.5959],[101.7485,3.5962],[101.7487,3.5952],[101.7499,3.5959],[101.7507,3.5956],[101.7508,3.594],[101.752,3.5938],[101.753,3.5926],[101.7548,3.5923],[101.7559,3.5927],[101.7576,3.5926],[101.7578,3.5909],[101.7583,3.5904],[101.7603,3.5909],[101.761,3.5901],[101.7604,3.5884],[101.762,3.5874],[101.7622,3.5866],[101.7616,3.5849],[101.7627,3.585],[101.7643,3.5844],[101.7675,3.585],[101.7697,3.5855],[101.7721,3.5873],[101.774,3.5878],[101.7791,3.5902],[101.7807,3.5905],[101.7845,3.5926],[101.7867,3.5942],[101.7878,3.5963],[101.7899,3.5971],[101.792,3.5963],[101.7944,3.5959]],[[101.7446,3.5938],[101.7444,3.594]]]},"properties":{"name":"Sungai Chiling","kind":"River"}},
{"type":"Feature","geometry":{"type":"LineString","coordinates":[[101.666,3.5091],[101.6691,3.5083],[101.6702,3.5085],[101.6707,3.5094],[101.6727,3.5104],[101.6736,3.5113],[101.6743,3.51],[101.6759,3.5098],[101.6773,3.5091],[101.6789,3.5091],[101.6792,3.508],[101.6817,3.507],[101.6821,3.5061],[101.6841,3.5059],[101.6855,3.5047],[101.6878,3.5049],[101.6898,3.5059],[101.691,3.5055],[101.6915,3.5044],[101.6939,3.5021],[101.6956,3.5031]]},"properties":{"name":"Sungai Kiul","kind":"River"}},
{"type":"Feature","geometry":{"type":"LineString","coordinates":[[101.6865,3.5433],[101.6856,3.5439],[101.6839,3.5442],[101.683,3.5434],[101.6822,3.5414],[101.6807,3.5406],[101.6788,3.5388],[101.6785,3.5379],[101.6764,3.5379],[101.6761,3.5382]]},"properties":{"name":"Sungai Roh","kind":"River"}},
{"type":"Feature","geometry":{"type":"LineString","coordinates":[[101.6674,3.479],[101.6664,3.4779],[101.6658,3.4749],[101.6645,3.4737],[101.6631,3.472],[101.663,3.4719],[101.6622,3.4718],[101.661,3.4705]]},"properties":{"name":"Sungai Kental","kind":"River"}},
{"type":"Feature","geometry":{"type":"LineString","coordinates":[[101.5437,3.4816],[101.5449,3.4828],[101.5455,3.4847],[101.5462,3.4854],[101.548,3.4851],[101.5498,3.4861],[101.5508,3.4871],[101.5514,3.4863],[101.5528,3.4881],[101.5536,3.4886],[101.5547,3.4874],[101.5576,3.4876],[101.5578,3.492],[101.5585,3.4919],[101.5598,3.4905],[101.5612,3.4902],[101.5618,3.4916],[101.5635,3.4927],[101.5646,3.4942],[101.5637,3.4951],[101.5628,3.497],[101.5632,3.4987],[101.5625,3.4993],[101.5639,3.5003],[101.5643,3.5009],[101.5657,3.5014],[101.5678,3.5043],[101.567,3.5056],[101.566,3.5061],[101.5649,3.5078],[101.5629,3.5071],[101.5609,3.5079],[101.5617,3.5096],[101.5612,3.5107],[101.5612,3.5123],[101.5618,3.5146],[101.5627,3.5154],[101.5614,3.5163],[101.5598,3.5168],[101.5583,3.5166],[101.558,3.5171],[101.5564,3.5182],[101.5567,3.5212],[101.5564,3.5225],[101.5575,3.5243],[101.5589,3.5232],[101.5608,3.5225],[101.5611,3.523],[101.559,3.5246],[101.558,3.5272],[101.5606,3.5278],[101.5619,3.5276],[101.5619,3.5286],[101.5605,3.5288],[101.5593,3.5295],[101.559,3.5316],[101.5598,3.5332],[101.5626,3.5337],[101.5633,3.5346],[101.5654,3.5353],[101.5667,3.5344],[101.5665,3.5366],[101.5677,3.5381],[101.5686,3.538],[101.57,3.5395],[101.5712,3.5396],[101.5721,3.5373],[101.5731,3.537],[101.5747,3.5384],[101.5739,3.5401],[101.5755,3.5401],[101.5765,3.5413],[101.5769,3.5432],[101.5789,3.544],[101.5794,3.5453],[101.5805,3.5445],[101.5801,3.5465],[101.5809,3.5474],[101.5793,3.5484],[101.58,3.5493],[101.5799,3.551],[101.582,3.5517],[101.5824,3.5532],[101.5816,3.5533],[101.5811,3.5544],[101.582,3.555],[101.5846,3.5569],[101.586,3.5588],[101.5848,3.5603],[101.5849,3.5663],[101.5853,3.5667],[101.5867,3.5659],[101.5892,3.5661],[101.5887,3.5691],[101.5894,3.571],[101.5875,3.5724],[101.5853,3.5722],[101.5842,3.5724],[101.5837,3.5734],[101.5818,3.5752],[101.5821,3.5772],[101.5833,3.5791],[101.5843,3.5795],[101.5844,3.5809],[101.5851,3.582],[101.5888,3.5831],[101.5921,3.5843],[101.5934,3.585],[101.5957,3.5871],[101.5963,3.5868],[101.5968,3.5853],[101.598,3.5853],[101.5998,3.5846],[101.6017,3.5846],[101.6049,3.5873],[101.608,3.5894],[101.6094,3.5901],[101.6097,3.5909],[101.6112,3.5919],[101.614,3.593],[101.6152,3.5962],[101.6157,3.5962],[101.6161,3.5981],[101.6157,3.6001],[101.6145,3.6018],[101.6137,3.6022],[101.6137,3.6034],[101.6149,3.6048],[101.6143,3.6057],[101.6125,3.6069],[101.6117,3.6069],[101.6106,3.608],[101.611,3.6089],[101.6094,3.6101],[101.6084,3.6105],[101.6101,3.6131],[101.6101,3.6137],[101.6105,3.6149],[101.6115,3.6154],[101.612,3.617],[101.6113,3.6174],[101.6104,3.6193],[101.6127,3.6213],[101.6128,3.6228],[101.6137,3.6241],[101.6152,3.6255],[101.6166,3.6247],[101.6174,3.6236],[101.6187,3.6246],[101.6186,3.6262],[101.6205,3.6265],[101.6209,3.6284],[101.6222,3.6293],[101.6238,3.6297],[101.6279,3.6324],[101.6283,3.6339],[101.6293,3.6356],[101.6294,3.6376],[101.6315,3.6374],[101.6322,3.6381],[101.6326,3.6395],[101.6334,3.6399],[101.6333,3.6417],[101.6346,3.6418],[101.6356,3.643],[101.6365,3.6434],[101.6373,3.6452],[101.6403,3.6468],[101.6411,3.6479],[101.6423,3.6484],[101.6432,3.6481],[101.645,3.6483],[101.6464,3.6481],[101.6474,3.649],[101.6464,3.6499],[101.6462,3.6511],[101.6471,3.6534],[101.6513,3.6555],[101.6532,3.6554],[101.6532,3.6565],[101.6541,3.6573],[101.6572,3.6575],[101.6583,3.66],[101.6581,3.6617],[101.66,3.6616],[101.6598,3.6629],[101.6611,3.6632],[101.6622,3.663],[101.6623,3.664],[101.6632,3.6649],[101.6623,3.6665],[101.6652,3.6692],[101.6661,3.669],[101.6671,3.6707],[101.6683,3.6715],[101.6686,3.6745],[101.6707,3.6767],[101.6714,3.6772],[101.6728,3.6772],[101.6737,3.6759],[101.6746,3.6757],[101.6766,3.677],[101.679,3.6791],[101.6805,3.6793],[101.6811,3.679],[101.6836,3.68],[101.6867,3.6803],[101.6896,3.6811],[101.692,3.6812],[101.6943,3.682],[101.6955,3.6839],[101.6968,3.6845],[101.6972,3.6857],[101.6989,3.6864],[101.6983,3.689],[101.6989,3.6898],[101.7006,3.6904],[101.7014,3.6912]]},"properties":{"name":"Sungai Kerling","kind":"River"}},
{"type":"Feature","geometry":{"type":"LineString","coordinates":[[101.4222,3.6782],[101.4221,3.6772],[101.4244,3.6744],[101.4254,3.6718],[101.4241,3.6704],[101.4229,3.67],[101.4219,3.668],[101.4211,3.6676],[101.419,3.6685],[101.4187,3.6674],[101.4165,3.6664],[101.4158,3.6665],[101.4143,3.6656],[101.4125,3.6655],[101.4121,3.6668],[101.4103,3.6678],[101.4059,3.6679],[101.4042,3.6677],[101.4029,3.6673],[101.4007,3.6691],[101.3998,3.6707],[101.3966,3.6734],[101.3953,3.6736],[101.394,3.6727],[101.3922,3.6735],[101.391,3.6733],[101.39,3.6738],[101.3894,3.675],[101.388,3.6755],[101.386,3.6747],[101.3835,3.6752],[101.3829,3.6745],[101.381,3.6746],[101.3805,3.6753],[101.3784,3.6739],[101.3776,3.673],[101.3754,3.6728],[101.3738,3.672],[101.3707,3.6702],[101.3699,3.6701],[101.3672,3.6708],[101.3653,3.6716],[101.3637,3.6719],[101.3624,3.6716],[101.3605,3.6716],[101.3597,3.6725],[101.3589,3.6723],[101.3575,3.6732],[101.3555,3.6735],[101.3528,3.6748],[101.3497,3.6751],[101.3467,3.6744],[101.3456,3.6749]]},"properties":{"name":"Sungai Dusun","kind":"River"}},
{"type":"Feature","geometry":{"type":"LineString","coordinates":[[101.6704,3.5273],[101.6698,3.5259],[101.6691,3.5263],[101.6675,3.5258],[101.6668,3.5242],[101.6627,3.5217],[101.6628,3.52],[101.6627,3.52],[101.6625,3.5192],[101.6608,3.5189],[101.6593,3.5181]]},"properties":{"name":"Sungai Kinjai","kind":"River"}},
{"type":"Feature","geometry":{"type":"LineString","coordinates":[[101.733,3.4259],[101.734,3.4252],[101.7371,3.4252],[101.7404,3.4265],[101.7413,3.4269],[101.7444,3.4255],[101.7461,3.4258],[101.7481,3.4249],[101.749,3.4232],[101.7506,3.4212],[101.7543,3.419],[101.7545,3.4173],[101.754,3.4161],[101.7542,3.4152],[101.7554,3.4144],[101.7569,3.4139],[101.7581,3.4127],[101.7596,3.4124],[101.7606,3.411],[101.7627,3.4121],[101.763,3.4121],[101.7648,3.4123],[101.7696,3.4136],[101.7711,3.4145],[101.7727,3.4162]]},"properties":{"name":"Sungai Pencheras","kind":"River"}},
{"type":"Feature","geometry":{"type":"MultiLineString","coordinates":[[[101.7236,3.3184],[101.7252,3.3164],[101.7262,3.3161],[101.7272,3.3145],[101.7279,3.3143],[101.7288,3.3127],[101.7301,3.3111],[101.7316,3.3106],[101.7321,3.3097],[101.7322,3.3094],[101.7322,3.3093]],[[101.7326,3.3085],[101.7324,3.3087],[101.7324,3.3088]],[[101.7324,3.3088],[101.7324,3.3087]],[[101.7323,3.3093],[101.7322,3.3094]]]},"properties":{"name":"Sungai Pisang","kind":"River"}},
{"type":"Feature","geometry":{"type":"LineString","coordinates":[[101.8662,3.209],[101.8672,3.2105],[101.8672,3.2107],[101.8682,3.2116],[101.8673,3.2136],[101.8665,3.2142],[101.8656,3.2159],[101.8654,3.2183],[101.8648,3.2189],[101.8641,3.2204],[101.8641,3.2225],[101.864,3.2241],[101.8634,3.2245],[101.8635,3.2259],[101.8625,3.2273],[101.8608,3.2289],[101.8606,3.23],[101.8615,3.2336],[101.862,3.2345],[101.8619,3.2358],[101.8625,3.2374],[101.8634,3.239],[101.8637,3.241],[101.8631,3.2436],[101.8639,3.2464],[101.8648,3.2477],[101.8658,3.2501],[101.8671,3.2505],[101.8677,3.2511],[101.868,3.2533],[101.8697,3.2559]]},"properties":{"name":"Sungai Lepo","kind":"River"}},
{"type":"Feature","geometry":{"type":"MultiLineString","coordinates":[[[101.5242,3.269],[101.5249,3.2697],[101.5259,3.2697],[101.5271,3.2707],[101.529,3.2709],[101.5296,3.2726],[101.5305,3.2735],[101.5335,3.2741],[101.5355,3.2736],[101.536,3.2746],[101.5383,3.276],[101.5382,3.277],[101.5395,3.2798],[101.5403,3.281],[101.5424,3.2816],[101.544,3.2815],[101.5452,3.2809],[101.5466,3.2795],[101.5486,3.2785],[101.55,3.279],[101.5515,3.2786],[101.5522,3.2778],[101.5539,3.277],[101.5549,3.2766],[101.5556,3.2763],[101.5577,3.2766],[101.5583,3.2775],[101.5585,3.2775],[101.5617,3.2767]],[[101.7963,3.0893],[101.7962,3.0897],[101.7961,3.0898],[101.7961,3.0902],[101.7955,3.0905],[101.7955,3.0906],[101.7944,3.0913],[101.7942,3.0914],[101.7929,3.0926],[101.7917,3.093],[101.7916,3.0931],[101.7903,3.0939],[101.788,3.0945],[101.7873,3.0959],[101.7871,3.0974],[101.7863,3.0986],[101.7854,3.1027]],[[101.713,3.261],[101.7111,3.2614],[101.7097,3.2584],[101.7086,3.2582]]]},"properties":{"name":"Sungai Serai","kind":"River"}},
{"type":"Feature","geometry":{"type":"MultiLineString","coordinates":[[[101.6001,3.289],[101.5987,3.2903],[101.5986,3.2904],[101.5985,3.2905],[101.5979,3.2912],[101.5978,3.2914],[101.5977,3.2915]],[[101.8809,2.8236],[101.8793,2.8242],[101.8767,2.826],[101.8751,2.8264],[101.873,2.8277],[101.8705,2.828],[101.8694,2.8278],[101.8674,2.8282],[101.8669,2.828],[101.864,2.8283],[101.8626,2.8289],[101.8588,2.8296],[101.8566,2.8337],[101.857,2.8353],[101.8556,2.838],[101.8527,2.8398],[101.8512,2.8402],[101.8494,2.8397],[101.8476,2.8405],[101.846,2.842],[101.8448,2.8441],[101.8443,2.8474],[101.8438,2.8484],[101.8438,2.8515],[101.8435,2.8529],[101.8425,2.8544],[101.842,2.8558],[101.8427,2.8564],[101.8426,2.8574],[101.8435,2.8581],[101.8432,2.8601],[101.8422,2.862],[101.8417,2.8645],[101.8402,2.8655],[101.8373,2.8668],[101.8362,2.8691],[101.8355,2.8697],[101.8357,2.8727],[101.8368,2.8746],[101.8367,2.8752],[101.8378,2.8765],[101.839,2.8761],[101.8401,2.8775],[101.8408,2.8777]]]},"properties":{"name":"Sungai Pajam","kind":"River"}},
{"type":"Feature","geometry":{"type":"LineString","coordinates":[[101.7538,2.9291],[101.7561,2.9281],[101.7569,2.9266],[101.7568,2.9244],[101.7552,2.9226],[101.7545,2.9208],[101.7542,2.9187],[101.7535,2.917],[101.7537,2.9162],[101.7548,2.9149]]},"properties":{"name":"Sungai Merab Luar","kind":"River"}},
{"type":"Feature","geometry":{"type":"LineString","coordinates":[[101.8485,3.1626],[101.8501,3.1629],[101.8508,3.1626],[101.8534,3.1643],[101.8532,3.1656],[101.8547,3.1661],[101.8553,3.167],[101.8571,3.1667],[101.8571,3.166],[101.8587,3.1652],[101.8593,3.1669],[101.8585,3.1684],[101.857,3.1697],[101.8569,3.1704],[101.8588,3.1715],[101.8592,3.1722],[101.8622,3.1714],[101.8637,3.1727],[101.865,3.1722],[101.8655,3.1732],[101.8666,3.1725],[101.8683,3.1736],[101.8698,3.1735],[101.8712,3.1729],[101.8715,3.1709],[101.8734,3.1686],[101.8751,3.1684],[101.8756,3.1673],[101.8772,3.1662],[101.8784,3.166],[101.8793,3.1654],[101.8821,3.1676],[101.8839,3.1682],[101.8859,3.1679],[101.8868,3.1665],[101.8889,3.1655],[101.8884,3.1649],[101.8888,3.1638],[101.8886,3.1623],[101.8876,3.162],[101.8882,3.16],[101.8897,3.1584],[101.8895,3.1569],[101.8905,3.1563],[101.8906,3.1549],[101.8923,3.1544],[101.8931,3.1533],[101.8948,3.1553],[101.8957,3.1553],[101.898,3.1548],[101.8983,3.1555],[101.8995,3.1549],[101.9002,3.1553],[101.9021,3.1553],[101.9026,3.154],[101.9019,3.1525],[101.9029,3.1525],[101.9043,3.1516],[101.9047,3.1507],[101.9081,3.15],[101.9099,3.1489],[101.9105,3.148],[101.9117,3.1483],[101.9134,3.1484],[101.9148,3.148],[101.9158,3.147],[101.9157,3.1459],[101.917,3.1449],[101.9171,3.1443],[101.9194,3.1446],[101.9209,3.1443],[101.9211,3.1453],[101.9228,3.1453],[101.925,3.1439],[101.925,3.1418],[101.9266,3.1396],[101.9285,3.1386],[101.9294,3.1369],[101.9314,3.1367],[101.9323,3.1367],[101.9342,3.136],[101.9352,3.134],[101.939,3.1327],[101.9399,3.1296],[101.9422,3.1283],[101.9433,3.1273],[101.9452,3.1271],[101.9464,3.1262]]},"properties":{"name":"Sungai Lui","kind":"River"}},
{"type":"Feature","geometry":{"type":"LineString","coordinates":[[101.7856,3.2317],[101.7878,3.2311],[101.7881,3.2306],[101.7881,3.2259],[101.7889,3.2236],[101.7896,3.2228],[101.791,3.2227],[101.7949,3.2212],[101.796,3.2213]]},"properties":{"name":"Sungai Batu Asah","kind":"River"}},
{"type":"Feature","geometry":{"type":"LineString","coordinates":[[101.5665,3.5366],[101.5657,3.539],[101.5659,3.5415],[101.5643,3.5413],[101.5643,3.5423],[101.5621,3.5442],[101.5619,3.5462],[101.5576,3.5469],[101.5575,3.5481],[101.5582,3.5494],[101.5579,3.5501],[101.5564,3.5504],[101.5554,3.5515],[101.5538,3.5526],[101.5526,3.5522],[101.5518,3.5534],[101.5502,3.5547],[101.5489,3.5548],[101.5492,3.557],[101.5514,3.558],[101.551,3.5604],[101.551,3.5618],[101.549,3.5625],[101.548,3.5621],[101.5456,3.5634],[101.5435,3.5639],[101.54,3.5637],[101.5381,3.5647],[101.5357,3.5653],[101.5343,3.5665],[101.5333,3.5686],[101.5325,3.5692],[101.5295,3.5702],[101.5287,3.5708],[101.5283,3.5721],[101.5291,3.5737],[101.53,3.575],[101.5298,3.5775],[101.5306,3.5789],[101.5314,3.5829],[101.5324,3.5853],[101.5333,3.5855],[101.5335,3.5872],[101.5338,3.589],[101.5353,3.5906],[101.5358,3.5921],[101.5376,3.5919],[101.5363,3.5945],[101.5351,3.5946],[101.5347,3.5957],[101.535,3.5967],[101.5345,3.5976],[101.5327,3.5971],[101.5311,3.597],[101.5305,3.5984],[101.5282,3.5988],[101.5287,3.6009],[101.5286,3.6019],[101.5293,3.6029],[101.5278,3.6045],[101.5278,3.6046],[101.5276,3.6065],[101.5292,3.608],[101.5288,3.6085],[101.5267,3.6095],[101.5262,3.6115],[101.5228,3.6117],[101.5222,3.6129],[101.5216,3.6131],[101.5212,3.6144],[101.5182,3.6154],[101.5167,3.6151],[101.5171,3.6181],[101.5163,3.6187],[101.5158,3.62],[101.5169,3.6204],[101.5181,3.6225],[101.5176,3.6234],[101.5159,3.624],[101.5155,3.6264]]},"properties":{"name":"Sungai Beletak","kind":"River"}},
{"type":"Feature","geometry":{"type":"MultiLineString","coordinates":[[[101.7172,3.2487],[101.7172,3.2468],[101.7172,3.2467],[101.7162,3.2456]],[[101.7171,3.2488],[101.7174,3.2502],[101.7173,3.2503],[101.7173,3.2513],[101.7165,3.2518],[101.7163,3.2516],[101.7155,3.2517],[101.7147,3.253],[101.7147,3.2531],[101.715,3.2559],[101.7146,3.2574],[101.7139,3.258],[101.713,3.261],[101.7129,3.2614],[101.7128,3.2615],[101.7116,3.2633],[101.7121,3.2658],[101.7114,3.2666],[101.7113,3.2666],[101.7097,3.2674],[101.7096,3.2675],[101.7093,3.2674],[101.7092,3.2674],[101.7079,3.2692],[101.7074,3.2704],[101.7062,3.2704],[101.7056,3.2715],[101.7057,3.2732],[101.7049,3.2751]]]},"properties":{"name":"Sungai Semampus","kind":"River"}},
{"type":"Feature","geometry":{"type":"LineString","coordinates":[[101.8626,2.8695],[101.864,2.8689],[101.8657,2.869],[101.8661,2.8681],[101.8687,2.8675],[101.8698,2.8669],[101.8707,2.8651],[101.8706,2.8632],[101.8712,2.8629],[101.8708,2.8594]]},"properties":{"name":"Sungai Putih","kind":"River"}},
{"type":"Feature","geometry":{"type":"LineString","coordinates":[[101.8476,2.9479],[101.8486,2.9479],[101.8507,2.9472],[101.8519,2.9476],[101.8532,2.9468],[101.8554,2.9467],[101.8577,2.9463],[101.858,2.9462],[101.8583,2.9458],[101.8616,2.9462],[101.8619,2.9466],[101.8621,2.9468],[101.864,2.9471],[101.8688,2.9471],[101.8721,2.949],[101.8769,2.9531],[101.8786,2.9555],[101.8787,2.9556],[101.8798,2.9562],[101.8806,2.9576],[101.8807,2.9593],[101.8815,2.9591],[101.8837,2.9609],[101.8859,2.9603],[101.8864,2.9584],[101.8875,2.9581],[101.8885,2.9591],[101.8886,2.9592],[101.8908,2.9611],[101.8939,2.9595]]},"properties":{"name":"Sungai Saringgit","kind":"River"}},
{"type":"Feature","geometry":{"type":"LineString","coordinates":[[101.5111,3.6876],[101.5154,3.687],[101.5173,3.6883],[101.5169,3.6889]]},"properties":{"name":"Sungai Berof","kind":"River"}},
{"type":"Feature","geometry":{"type":"MultiLineString","coordinates":[[[101.7615,3.1929],[101.762,3.1936],[101.7625,3.1937]],[[101.7813,3.0629],[101.7784,3.0655],[101.7751,3.0676],[101.7735,3.068],[101.7718,3.068],[101.77,3.0711],[101.7695,3.0729],[101.77,3.0751],[101.7696,3.076],[101.7685,3.0762],[101.7685,3.0771],[101.769,3.0785],[101.7684,3.0805],[101.7682,3.081],[101.7679,3.0819],[101.7667,3.0821],[101.7662,3.0859],[101.7657,3.0873],[101.7664,3.0881],[101.7661,3.0895],[101.7661,3.0896],[101.7661,3.0915],[101.7657,3.0925],[101.7656,3.0928],[101.7647,3.0962],[101.7647,3.0963],[101.7635,3.0982],[101.7638,3.0987],[101.7639,3.0988],[101.7641,3.1004]]]},"properties":{"name":"Sungai Sering","kind":"River"}},
{"type":"Feature","geometry":{"type":"LineString","coordinates":[[101.7596,2.8464],[101.7553,2.8462],[101.7538,2.8475],[101.7523,2.8475],[101.7499,2.8493],[101.7485,2.8515],[101.7482,2.8527],[101.7466,2.8534],[101.7456,2.855],[101.7442,2.8553],[101.7429,2.8549],[101.7418,2.8531],[101.7407,2.8529],[101.74,2.8538],[101.7395,2.8551],[101.7376,2.8575],[101.7337,2.8637],[101.7319,2.8645],[101.731,2.8663],[101.7301,2.867],[101.7289,2.8666],[101.7247,2.8685],[101.7217,2.8722],[101.7185,2.8737],[101.7162,2.8736],[101.7139,2.8757],[101.7127,2.8775],[101.7123,2.8791],[101.7116,2.8809],[101.7073,2.8841],[101.7013,2.8903],[101.7009,2.8917]]},"properties":{"name":"Sungai Jenderam","kind":"River"}},
{"type":"Feature","geometry":{"type":"LineString","coordinates":[[100.934,3.6901],[100.9342,3.6909],[100.9364,3.6933],[100.9384,3.6948],[100.9394,3.6962],[100.9457,3.7045],[100.9489,3.7073]]},"properties":{"name":"Sungai Burong","kind":"River"}},
{"type":"Feature","geometry":{"type":"LineString","coordinates":[[100.9175,3.7236],[100.919,3.7256],[100.9198,3.7264],[100.922,3.7277],[100.9249,3.7303]]},"properties":{"name":"Sungai Pulai","kind":"River"}},
{"type":"Feature","geometry":{"type":"LineString","coordinates":[[100.8724,3.7677],[100.8742,3.7686],[100.8779,3.772],[100.8796,3.7741],[100.8819,3.7774],[100.8827,3.7779]]},"properties":{"name":"Sungai Bagan Nakhoda Omar","kind":"River"}},
{"type":"Feature","geometry":{"type":"MultiLineString","coordinates":[[[100.9792,3.6674],[100.9813,3.6709],[100.9831,3.6728]],[[101.2524,3.0179],[101.2527,3.0203],[101.2521,3.0212],[101.2521,3.0251],[101.2527,3.0259],[101.2546,3.027],[101.2539,3.0288]],[[101.558,3.5272],[101.5584,3.5286],[101.5566,3.5307],[101.5565,3.5317],[101.5556,3.5328],[101.5526,3.5325],[101.5505,3.5333]]]},"properties":{"name":"Sungai Besar","kind":"River"}},
{"type":"Feature","geometry":{"type":"LineString","coordinates":[[101.021,3.64],[101.0197,3.6388],[101.0194,3.6386]]},"properties":{"name":"Sungai Haji Dorani","kind":"River"}},
{"type":"Feature","geometry":{"type":"LineString","coordinates":[[101.6782,2.8497],[101.6764,2.8506],[101.6741,2.852],[101.6731,2.8533],[101.6725,2.8554],[101.673,2.8587],[101.6736,2.8596],[101.6732,2.8608],[101.67,2.8638],[101.6684,2.8659],[101.6683,2.8667],[101.6691,2.8681],[101.6685,2.8694],[101.6685,2.871],[101.6663,2.874],[101.666,2.8754],[101.6642,2.8764],[101.6625,2.8788],[101.6623,2.8812],[101.658,2.8872],[101.6566,2.8874],[101.6548,2.8889],[101.6545,2.8926],[101.6529,2.8943]]},"properties":{"name":"Sungai Parit Tampoi","kind":"River"}},
{"type":"Feature","geometry":{"type":"LineString","coordinates":[[101.7701,3.0151],[101.7684,3.0151],[101.7628,3.0164],[101.7598,3.0155],[101.7577,3.0177],[101.7569,3.0179],[101.7559,3.0204],[101.7554,3.0224],[101.7541,3.0223],[101.7519,3.0238],[101.7508,3.0241],[101.7503,3.0253],[101.7487,3.0262]]},"properties":{"name":"Sungai Balak","kind":"River"}},
{"type":"Feature","geometry":{"type":"LineString","coordinates":[[101.8212,3.1174],[101.8186,3.1195],[101.8187,3.121],[101.8176,3.1212],[101.8171,3.1229],[101.8163,3.1245],[101.8153,3.1245],[101.8148,3.1256],[101.815,3.1267],[101.8143,3.128],[101.8141,3.129],[101.8148,3.1303],[101.8145,3.1311],[101.8143,3.1339],[101.8135,3.1354],[101.8135,3.1355],[101.8131,3.1371],[101.8136,3.1389],[101.8138,3.1393],[101.8139,3.1395],[101.8139,3.1396],[101.8136,3.1404],[101.815,3.1453],[101.815,3.1454],[101.815,3.1456]]},"properties":{"name":"Sungai Gahal","kind":"River"}},
{"type":"Feature","geometry":{"type":"LineString","coordinates":[[101.6866,3.3645],[101.6865,3.3655],[101.6858,3.3671],[101.6844,3.3685],[101.6841,3.3709],[101.6825,3.3729],[101.6819,3.3767],[101.6814,3.3782],[101.6817,3.3789],[101.6806,3.3807],[101.6806,3.3815],[101.679,3.3833],[101.679,3.3847],[101.6782,3.3858],[101.6783,3.3876],[101.6753,3.3922],[101.6757,3.3936],[101.6737,3.3948],[101.6739,3.3964],[101.672,3.3986],[101.6722,3.4002],[101.6718,3.401],[101.6721,3.4028],[101.67,3.4067],[101.6699,3.4078],[101.6683,3.4103],[101.6684,3.4123],[101.6676,3.4136],[101.6671,3.4155],[101.6658,3.4191],[101.6656,3.4203],[101.6646,3.4215],[101.6644,3.4226],[101.6635,3.423],[101.6617,3.4246],[101.6618,3.4255],[101.6603,3.4266],[101.6581,3.4273],[101.6574,3.428],[101.6548,3.4297],[101.6539,3.432],[101.6544,3.4334],[101.6564,3.4355],[101.6571,3.4371],[101.6564,3.4399],[101.6557,3.4403],[101.6537,3.4432],[101.6524,3.4443],[101.6505,3.4467],[101.6496,3.4472],[101.6484,3.4486],[101.6477,3.451],[101.6475,3.4535],[101.6458,3.455],[101.6436,3.4562],[101.6429,3.4574],[101.6412,3.4595],[101.6401,3.46],[101.6396,3.4595],[101.6377,3.46],[101.6331,3.4641],[101.6329,3.4649],[101.6316,3.4666],[101.6303,3.4674],[101.6298,3.4667],[101.6285,3.4668],[101.6281,3.4677],[101.6266,3.468],[101.6253,3.4687],[101.6239,3.4704]]},"properties":{"name":"Sungai Liam","kind":"River"}},
{"type":"Feature","geometry":{"type":"LineString","coordinates":[[101.74,2.8538],[101.7392,2.852],[101.7395,2.8489],[101.7392,2.8466],[101.7387,2.8457],[101.7392,2.8431],[101.7403,2.841],[101.7402,2.8393],[101.7406,2.8382],[101.7407,2.8355],[101.7402,2.8348],[101.7404,2.8322],[101.74,2.8289],[101.7401,2.8288],[101.7418,2.8252]]},"properties":{"name":"Sungai Palembang","kind":"River"}},
{"type":"Feature","geometry":{"type":"LineString","coordinates":[[101.8751,2.8741],[101.876,2.8736],[101.8771,2.8721],[101.88,2.8723],[101.881,2.8707],[101.8823,2.8705],[101.8828,2.8697],[101.8847,2.8699]]},"properties":{"name":"Sungai Machang","kind":"River"}},
{"type":"Feature","geometry":{"type":"LineString","coordinates":[[101.8713,2.8727],[101.8702,2.8728],[101.8696,2.8722],[101.8671,2.8726],[101.865,2.8722],[101.8626,2.8695],[101.8608,2.8705],[101.8609,2.8715],[101.8592,2.8721],[101.8591,2.8727],[101.8574,2.8732],[101.8559,2.873],[101.8545,2.8724],[101.8524,2.8734]]},"properties":{"name":"Sungai Sompo","kind":"River"}},
{"type":"Feature","geometry":{"type":"LineString","coordinates":[[101.6703,3.432],[101.6724,3.432],[101.6733,3.4307],[101.6735,3.4286],[101.6754,3.4284],[101.6761,3.4277],[101.6784,3.4287],[101.6799,3.4285],[101.6829,3.4276],[101.6838,3.427],[101.6877,3.4264]]},"properties":{"name":"Sungai Batu Balang","kind":"River"}},
{"type":"Feature","geometry":{"type":"LineString","coordinates":[[101.5065,3.5094],[101.5049,3.5108],[101.5047,3.5115],[101.5029,3.5127],[101.4977,3.512],[101.4956,3.5129],[101.4943,3.5141],[101.4939,3.5149],[101.4909,3.5151],[101.49,3.5147],[101.4899,3.5147],[101.4874,3.5142],[101.4852,3.5143]]},"properties":{"name":"Sungai Merbau","kind":"River"}},
{"type":"Feature","geometry":{"type":"LineString","coordinates":[[101.5508,3.3459],[101.5491,3.3459],[101.5486,3.3466],[101.5461,3.3472],[101.544,3.3474],[101.5426,3.3468],[101.5417,3.3455],[101.54,3.3461],[101.5391,3.3479],[101.5379,3.3487],[101.5349,3.3463],[101.5337,3.3459],[101.5319,3.3465],[101.5312,3.3459],[101.5295,3.3455],[101.526,3.3456],[101.525,3.3459],[101.5235,3.3458],[101.5222,3.3465],[101.522,3.3479],[101.5207,3.3491],[101.5185,3.3493],[101.5165,3.3506],[101.5145,3.3516],[101.5129,3.3497],[101.5109,3.3521],[101.5088,3.3529],[101.5079,3.3522],[101.507,3.3507],[101.5052,3.3504],[101.5028,3.3508],[101.5022,3.352],[101.5007,3.3515],[101.5004,3.3527],[101.4992,3.354],[101.4989,3.3566],[101.4984,3.3575],[101.4987,3.3583],[101.4984,3.3597],[101.4974,3.3597],[101.4967,3.3605],[101.4965,3.3619],[101.4968,3.3632],[101.4952,3.3633],[101.4932,3.3659],[101.4929,3.3669],[101.4919,3.3674],[101.4917,3.3682],[101.4904,3.3681],[101.4893,3.3688]]},"properties":{"name":"Sungai Garing","kind":"River"}},
{"type":"Feature","geometry":{"type":"MultiLineString","coordinates":[[[101.4626,3.3964],[101.4652,3.3936],[101.4662,3.3908],[101.4678,3.39],[101.4693,3.3912],[101.4703,3.3899],[101.4712,3.3895],[101.4722,3.3877],[101.4735,3.3869],[101.4737,3.3854],[101.4752,3.3852],[101.4757,3.3845],[101.4776,3.3829],[101.4781,3.3814],[101.4791,3.38],[101.4787,3.3778],[101.4791,3.3752],[101.479,3.3733],[101.4799,3.3716],[101.4801,3.3703],[101.4812,3.3702],[101.4821,3.3694],[101.4834,3.3701],[101.4841,3.3687],[101.4853,3.3678],[101.487,3.3691],[101.4893,3.3688]],[[101.4673,3.3078],[101.4664,3.3078],[101.466,3.3086],[101.4637,3.3094],[101.4636,3.3094],[101.4617,3.3087],[101.4596,3.3086],[101.4556,3.3092],[101.4553,3.309]]]},"properties":{"name":"Sungai Sembah","kind":"River"}},
{"type":"Feature","geometry":{"type":"LineString","coordinates":[[101.7616,2.7932],[101.7602,2.7921],[101.7592,2.792],[101.7586,2.7913],[101.7549,2.7903],[101.7543,2.7888],[101.7523,2.7874],[101.751,2.787],[101.7451,2.7867],[101.7437,2.7868],[101.7399,2.7896],[101.7361,2.7892],[101.7349,2.7897],[101.7334,2.7896],[101.7311,2.789],[101.7287,2.7875],[101.7262,2.7835],[101.7243,2.7821],[101.7189,2.7788],[101.7146,2.7768],[101.7115,2.7768],[101.7082,2.7771],[101.7067,2.7775],[101.705,2.7786],[101.7041,2.7812],[101.7011,2.7882],[101.6998,2.7897],[101.6978,2.7902],[101.6971,2.791],[101.696,2.7932],[101.6955,2.7954],[101.6916,2.8047],[101.6873,2.8105],[101.6848,2.8131],[101.683,2.8143],[101.6817,2.8156],[101.6771,2.8188],[101.6735,2.8226],[101.6723,2.8232],[101.6703,2.8236],[101.6666,2.8236],[101.6649,2.8226]]},"properties":{"name":"Sungai Labu","kind":"River"}},
{"type":"Feature","geometry":{"type":"LineString","coordinates":[[100.829,3.7771],[100.8296,3.779],[100.8303,3.7802],[100.831,3.7837],[100.8322,3.7852],[100.8334,3.7858],[100.835,3.7858]]},"properties":{"name":"Sungai Telok Ru","kind":"River"}},
{"type":"Feature","geometry":{"type":"LineString","coordinates":[[100.8239,3.7784],[100.8252,3.7812],[100.8251,3.782],[100.8259,3.7839],[100.8259,3.7841],[100.827,3.7861],[100.8278,3.7864],[100.8297,3.7894],[100.8297,3.7927]]},"properties":{"name":"Sungai Beting Kepah","kind":"River"}},
{"type":"Feature","geometry":{"type":"LineString","coordinates":[[101.5944,3.3625],[101.5949,3.362],[101.5972,3.3612],[101.6001,3.3612],[101.6002,3.3611],[101.6016,3.3592]]},"properties":{"name":"Sungai Kelaci","kind":"River"}},
{"type":"Feature","geometry":{"type":"LineString","coordinates":[[101.6559,3.5448],[101.6593,3.5494],[101.6597,3.5502],[101.66,3.5527],[101.6582,3.5561],[101.6571,3.5576],[101.6589,3.5579],[101.6616,3.5596],[101.6624,3.5606],[101.6627,3.5616],[101.6626,3.5617],[101.6619,3.5622],[101.6629,3.5654],[101.6642,3.5674],[101.6646,3.5697]]},"properties":{"name":"Sungai Kubu","kind":"River"}},
{"type":"Feature","geometry":{"type":"LineString","coordinates":[[101.5535,3.3478],[101.5537,3.3477],[101.5567,3.3478],[101.5615,3.3486],[101.5627,3.3493],[101.5628,3.3517],[101.5668,3.3516],[101.5689,3.3517],[101.5689,3.3529],[101.5698,3.3538],[101.5699,3.3538],[101.5716,3.3543],[101.5718,3.3543],[101.5721,3.3544],[101.5727,3.3545],[101.5728,3.3545],[101.5741,3.3545],[101.5754,3.3538],[101.576,3.3525]]},"properties":{"name":"Sungai Choh","kind":"River"}},
{"type":"Feature","geometry":{"type":"LineString","coordinates":[[101.5174,3.2732],[101.5174,3.2759],[101.517,3.2782],[101.5171,3.2792],[101.5163,3.2813],[101.5164,3.2826],[101.5153,3.2854],[101.5154,3.2894],[101.5146,3.2936],[101.5134,3.2943],[101.5123,3.2966],[101.512,3.2987],[101.5111,3.3005],[101.5105,3.3009],[101.5106,3.3022],[101.5102,3.3042],[101.5104,3.3116],[101.5108,3.3137],[101.5127,3.3164],[101.5142,3.3177],[101.516,3.3209],[101.5161,3.3216],[101.5163,3.3254],[101.5136,3.3272],[101.513,3.3287],[101.513,3.3324],[101.5127,3.3338],[101.5112,3.3366],[101.5076,3.3417],[101.5054,3.3423],[101.5051,3.3438],[101.5033,3.3448],[101.501,3.3448],[101.501,3.3474],[101.5004,3.3487],[101.4989,3.3501],[101.4993,3.3514],[101.498,3.3527],[101.4974,3.3546],[101.4964,3.355],[101.4965,3.3561],[101.4958,3.3571],[101.4952,3.3596],[101.4941,3.3615],[101.4953,3.3621],[101.4952,3.3633]]},"properties":{"name":"Sungai Kundang","kind":"River"}},
{"type":"Feature","geometry":{"type":"LineString","coordinates":[[101.5161,3.3216],[101.5179,3.3204],[101.518,3.3204],[101.5181,3.3201],[101.5183,3.3198],[101.5193,3.3201],[101.5199,3.3184],[101.5199,3.3163],[101.5203,3.315],[101.521,3.3142],[101.5209,3.3123],[101.5209,3.3122],[101.5209,3.3106],[101.5204,3.3097],[101.5214,3.3083],[101.5217,3.3071],[101.5227,3.3065],[101.5227,3.3053],[101.5227,3.3052],[101.5227,3.3037],[101.5234,3.3022],[101.524,3.302],[101.5241,3.302],[101.5247,3.3015],[101.5249,3.3003]]},"properties":{"name":"Sungai Bakau","kind":"River"}},
{"type":"Feature","geometry":{"type":"MultiLineString","coordinates":[[[101.528,3.2041],[101.529,3.2043],[101.5295,3.2051],[101.5317,3.2064],[101.5341,3.2064],[101.5364,3.2055],[101.5389,3.2049],[101.5432,3.2045],[101.5441,3.2045]],[[101.5253,3.2337],[101.5267,3.2324],[101.5276,3.2316],[101.5284,3.2301],[101.5296,3.2279],[101.5302,3.2274],[101.5307,3.2258],[101.5304,3.2244],[101.5304,3.2243],[101.5302,3.2226],[101.5307,3.2219],[101.5305,3.2203],[101.5307,3.2185],[101.5315,3.2178],[101.5343,3.2164],[101.5361,3.2122],[101.5356,3.2106],[101.5355,3.2104],[101.5345,3.2082],[101.5331,3.207],[101.5317,3.2064]]]},"properties":{"name":"Sungai Plong","kind":"River"}},
{"type":"Feature","geometry":{"type":"LineString","coordinates":[[101.405,2.994],[101.4041,2.9954],[101.403,2.9964],[101.4025,2.9987]]},"properties":{"name":"Sungai Che Lela","kind":"River"}},
{"type":"Feature","geometry":{"type":"LineString","coordinates":[[101.4095,2.9958],[101.4094,2.9972],[101.4075,2.9987]]},"properties":{"name":"Sungai Che Jeriah","kind":"River"}},
{"type":"Feature","geometry":{"type":"MultiLineString","coordinates":[[[101.6017,3.5846],[101.6025,3.5834],[101.6037,3.5833],[101.6039,3.5814],[101.6051,3.5801],[101.607,3.5799],[101.6072,3.579],[101.6084,3.5781],[101.6097,3.578],[101.6108,3.579],[101.6111,3.5791],[101.6117,3.5794],[101.6119,3.5795],[101.613,3.5803],[101.6135,3.5803],[101.6139,3.5808],[101.614,3.5809],[101.6151,3.5817],[101.6173,3.5829],[101.6209,3.5868],[101.6226,3.5876],[101.6236,3.5875],[101.6254,3.588],[101.6274,3.5875]],[[101.6119,3.5795],[101.6117,3.5794]]]},"properties":{"name":"Sungai Jang","kind":"River"}},
{"type":"Feature","geometry":{"type":"LineString","coordinates":[[100.896,3.7493],[100.8994,3.7508],[100.9003,3.7509],[100.9032,3.7518],[100.9044,3.7526],[100.9099,3.7542]]},"properties":{"name":"Sungai Banting","kind":"River"}},
{"type":"Feature","geometry":{"type":"LineString","coordinates":[[101.6195,3.1834],[101.6191,3.1834],[101.6196,3.188],[101.6195,3.1894],[101.6192,3.1914],[101.6185,3.1927],[101.6184,3.194],[101.6188,3.1949],[101.6187,3.1969],[101.6182,3.1981],[101.6158,3.1997],[101.6139,3.2001],[101.6128,3.1998],[101.611,3.1987],[101.6096,3.1982],[101.6062,3.198],[101.6011,3.199],[101.5994,3.2],[101.5984,3.2],[101.596,3.1993],[101.5943,3.1995],[101.5932,3.2001],[101.5905,3.2005],[101.5901,3.2009],[101.5874,3.2013],[101.5866,3.2021],[101.584,3.2036],[101.5835,3.2043],[101.5812,3.205],[101.58,3.2051],[101.5792,3.2053],[101.5767,3.2056],[101.5761,3.2059],[101.5739,3.2058],[101.5718,3.2048],[101.5688,3.2046]]},"properties":{"name":"Sungai Gasi","kind":"River"}},
{"type":"Feature","geometry":{"type":"LineString","coordinates":[[101.5156,3.0536],[101.5156,3.0544],[101.5174,3.0558],[101.5197,3.0608],[101.5195,3.062]]},"properties":{"name":"Sungai Renggam","kind":"River"}},
{"type":"Feature","geometry":{"type":"LineString","coordinates":[[101.6562,3.316],[101.6566,3.3143],[101.6559,3.3126],[101.6554,3.3105],[101.6552,3.306],[101.6567,3.3042],[101.657,3.3027],[101.6579,3.3009],[101.6583,3.2987],[101.6591,3.2977],[101.6591,3.2961],[101.6577,3.2956],[101.6568,3.2957],[101.6549,3.2952],[101.654,3.2934],[101.6532,3.2905],[101.6539,3.289],[101.6533,3.2878],[101.6535,3.2864],[101.6527,3.2862],[101.6518,3.287],[101.6505,3.286],[101.6499,3.2864],[101.6472,3.2853],[101.6461,3.2858],[101.6448,3.2853],[101.6446,3.2864],[101.643,3.2869],[101.641,3.2871],[101.6393,3.2873],[101.6375,3.287],[101.637,3.2872],[101.6351,3.2885],[101.6343,3.2901],[101.6327,3.2913],[101.6314,3.2918],[101.6274,3.2942],[101.6253,3.295],[101.6247,3.2958],[101.6236,3.2966],[101.6217,3.2974],[101.6197,3.2986],[101.616,3.2971],[101.6146,3.2963],[101.6142,3.2955],[101.6124,3.2959]]},"properties":{"name":"Sungai Kanching","kind":"River"}},
{"type":"Feature","geometry":{"type":"MultiLineString","coordinates":[[[101.5924,3.1473],[101.5909,3.1474],[101.5901,3.1484],[101.589,3.1483],[101.5863,3.1495],[101.5816,3.1497],[101.5799,3.149],[101.5792,3.1478],[101.5767,3.1469],[101.5757,3.1463],[101.5745,3.145],[101.574,3.1448],[101.5719,3.1418],[101.5713,3.1404],[101.5707,3.1377],[101.5698,3.1368],[101.5688,3.1359],[101.5687,3.135],[101.5684,3.1335],[101.5684,3.1307]],[[101.7342,3.2994],[101.7366,3.2992],[101.7382,3.2982],[101.7403,3.2988],[101.7426,3.2979],[101.7455,3.2957],[101.7469,3.2952]]]},"properties":{"name":"Sungai Rumput","kind":"River"}},
{"type":"Feature","geometry":{"type":"MultiLineString","coordinates":[[[101.6377,3.46],[101.6372,3.457],[101.6377,3.4547],[101.6365,3.4533],[101.6359,3.4519],[101.6368,3.4511]],[[101.6488,3.4185],[101.6496,3.4176],[101.6505,3.4175],[101.6519,3.4151],[101.652,3.4138],[101.6512,3.413]],[[101.637,3.4401],[101.637,3.439],[101.6372,3.4389],[101.6368,3.4364]]]},"properties":{"name":"Sungai Pedang","kind":"River"}},
{"type":"Feature","geometry":{"type":"LineString","coordinates":[[101.6624,3.5606],[101.6631,3.561],[101.6651,3.5608],[101.6664,3.5621],[101.6688,3.5627],[101.67,3.5634],[101.67,3.5635],[101.6713,3.5643],[101.6728,3.5642]]},"properties":{"name":"Sungai Kelempung","kind":"River"}},
{"type":"Feature","geometry":{"type":"LineString","coordinates":[[101.2719,3.0302],[101.2709,3.0313],[101.2696,3.032],[101.2687,3.0337],[101.268,3.036],[101.2655,3.038],[101.2637,3.0383],[101.2611,3.0398],[101.2598,3.0409],[101.2578,3.0411],[101.2566,3.0406],[101.2562,3.0415],[101.2538,3.0433]]},"properties":{"name":"Sungai Empat","kind":"River"}},
{"type":"Feature","geometry":{"type":"LineString","coordinates":[[101.2799,3.0403],[101.2781,3.0408],[101.2778,3.0422],[101.2766,3.0421],[101.2758,3.0434],[101.2735,3.0431],[101.2715,3.0433],[101.27,3.0441],[101.2697,3.0448]]},"properties":{"name":"Sungai Lima","kind":"River"}},
{"type":"Feature","geometry":{"type":"LineString","coordinates":[[101.8897,3.1584],[101.8906,3.1578],[101.8941,3.158],[101.8942,3.1593],[101.8965,3.1604],[101.8976,3.1624],[101.901,3.1621],[101.9012,3.1627],[101.9028,3.163],[101.9032,3.1646],[101.9059,3.1657],[101.9081,3.1658],[101.9087,3.1663],[101.9104,3.1668],[101.9125,3.1693],[101.9138,3.1695],[101.9145,3.1704],[101.9149,3.1728],[101.9155,3.174],[101.917,3.175],[101.9203,3.1764]]},"properties":{"name":"Sungai Gabai","kind":"River"}},
{"type":"Feature","geometry":{"type":"LineString","coordinates":[[101.8996,3.144],[101.8999,3.1458],[101.8981,3.1468],[101.8967,3.1498],[101.8959,3.1506],[101.8958,3.1506],[101.8934,3.1523],[101.8931,3.1533]]},"properties":{"name":"Sungai Tuntung","kind":"River"}},
{"type":"Feature","geometry":{"type":"LineString","coordinates":[[101.2856,2.9387],[101.283,2.9382],[101.2809,2.9371]]},"properties":{"name":"Sungai Chingam","kind":"River"}},
{"type":"Feature","geometry":{"type":"LineString","coordinates":[[101.2943,2.9525],[101.2907,2.9525],[101.2828,2.9517]]},"properties":{"name":"Sungai Trusan","kind":"River"}},
{"type":"Feature","geometry":{"type":"LineString","coordinates":[[101.2636,2.9385],[101.2647,2.9395],[101.2659,2.939],[101.2669,2.938],[101.2686,2.9379],[101.2699,2.9374],[101.2706,2.936],[101.2724,2.9344],[101.2743,2.9343],[101.2754,2.9336],[101.2745,2.9328],[101.2724,2.9323],[101.2718,2.9311]]},"properties":{"name":"Sungai Pak Tuapong","kind":"River"}},
{"type":"Feature","geometry":{"type":"LineString","coordinates":[[101.2685,2.9524],[101.2709,2.9523],[101.2721,2.9513],[101.2736,2.9491],[101.2783,2.951],[101.2802,2.9515]]},"properties":{"name":"Sungai Bongok","kind":"River"}},
{"type":"Feature","geometry":{"type":"LineString","coordinates":[[101.2562,3.0154],[101.256,3.0144],[101.255,3.0134],[101.2558,3.0111],[101.2554,3.0079],[101.2549,3.0064]]},"properties":{"name":"Sungai Arak Kechil","kind":"River"}},
{"type":"Feature","geometry":{"type":"LineString","coordinates":[[101.2537,3.0154],[101.2541,3.0146],[101.2538,3.0133],[101.252,3.012],[101.2519,3.01]]},"properties":{"name":"Sungai Arak Besar","kind":"River"}},
{"type":"Feature","geometry":{"type":"LineString","coordinates":[[101.2427,3.0136],[101.2445,3.013],[101.2452,3.0119],[101.2459,3.0101],[101.246,3.0084],[101.2453,3.0064]]},"properties":{"name":"Sungai Kedidi","kind":"River"}},
{"type":"Feature","geometry":{"type":"LineString","coordinates":[[101.2333,3.0095],[101.2344,3.0081],[101.2343,3.0062],[101.2351,3.0049],[101.237,3.0047],[101.2385,3.0028],[101.2392,3.0025]]},"properties":{"name":"Sungai Siput","kind":"River"}},
{"type":"Feature","geometry":{"type":"LineString","coordinates":[[101.2362,3.0466],[101.2385,3.0469],[101.239,3.0453],[101.2412,3.0442]]},"properties":{"name":"Sungai Pulau Ketam Luar","kind":"River"}},
{"type":"Feature","geometry":{"type":"LineString","coordinates":[[101.2694,3.0283],[101.2684,3.0298],[101.2668,3.0307],[101.2667,3.0322]]},"properties":{"name":"Sungai Karang","kind":"River"}},
{"type":"Feature","geometry":{"type":"LineString","coordinates":[[101.266,3.0265],[101.2662,3.0277],[101.2658,3.0289],[101.2645,3.0298],[101.2634,3.0299],[101.261,3.0293],[101.2603,3.0296],[101.2597,3.0331],[101.2586,3.0342],[101.2576,3.0346],[101.2559,3.0358],[101.2531,3.0373],[101.2512,3.0375]]},"properties":{"name":"Sungai Tiga","kind":"River"}},
{"type":"Feature","geometry":{"type":"LineString","coordinates":[[101.2584,3.0195],[101.26,3.0215],[101.2615,3.0241],[101.2613,3.0258]]},"properties":{"name":"Sungai Dua","kind":"River"}},
{"type":"Feature","geometry":{"type":"LineString","coordinates":[[101.2495,3.0181],[101.2496,3.0197],[101.2489,3.0224],[101.2488,3.0253],[101.2482,3.0272],[101.2486,3.0277],[101.2481,3.0296]]},"properties":{"name":"Sungai Bagan Lama","kind":"River"}},
{"type":"Feature","geometry":{"type":"LineString","coordinates":[[101.2472,3.0179],[101.2472,3.0193],[101.2464,3.0213],[101.2466,3.0239],[101.2459,3.0257],[101.2452,3.0283]]},"properties":{"name":"Sungai Pawang Said","kind":"River"}},
{"type":"Feature","geometry":{"type":"LineString","coordinates":[[101.2398,3.0155],[101.2398,3.0185],[101.242,3.0201],[101.2428,3.0217],[101.2426,3.0227],[101.2416,3.0245],[101.2412,3.0259]]},"properties":{"name":"Sungai Ampang Pak Pajar","kind":"River"}},
{"type":"Feature","geometry":{"type":"LineString","coordinates":[[101.2369,3.0142],[101.2364,3.0162],[101.2377,3.0178],[101.2379,3.0194],[101.2376,3.0221]]},"properties":{"name":"Sungai Haji Lias","kind":"River"}},
{"type":"Feature","geometry":{"type":"MultiLineString","coordinates":[[[101.3178,2.9618],[101.3183,2.9608],[101.3184,2.9587],[101.3174,2.9557],[101.3157,2.9541],[101.3154,2.9522],[101.3142,2.9503],[101.314,2.9494]],[[101.3149,2.966],[101.3164,2.9648],[101.3175,2.9625]]]},"properties":{"name":"Sungai Perigi Nanas","kind":"River"}},
{"type":"Feature","geometry":{"type":"LineString","coordinates":[[101.3225,2.9913],[101.3224,2.9946],[101.3235,2.9954],[101.3235,2.9961],[101.3217,2.9961],[101.3205,2.9954],[101.3199,2.9961],[101.3203,2.997],[101.3202,3.0001]]},"properties":{"name":"Sungai Chondong Besar","kind":"River"}},
{"type":"Feature","geometry":{"type":"LineString","coordinates":[[101.3186,2.9893],[101.3174,2.9909],[101.3173,2.9923],[101.3185,2.9935],[101.3183,2.994],[101.3167,2.9942],[101.3162,2.9967],[101.3152,2.9993],[101.3164,3.001],[101.316,3.0025]]},"properties":{"name":"Sungai Chondong Kechil","kind":"River"}},
{"type":"Feature","geometry":{"type":"LineString","coordinates":[[101.3125,2.9843],[101.3111,2.9863],[101.312,2.9889],[101.3122,2.9908],[101.3112,2.9929],[101.3113,2.995],[101.3097,2.9973],[101.3094,2.9993]]},"properties":{"name":"Sungai Gajah","kind":"River"}},
{"type":"Feature","geometry":{"type":"LineString","coordinates":[[101.2924,2.9765],[101.2925,2.9777],[101.2949,2.979],[101.2952,2.9802],[101.294,2.9829],[101.2939,2.9842],[101.2944,2.9856],[101.2961,2.9877],[101.2964,2.9904],[101.2976,2.992],[101.2996,2.9929],[101.3004,2.9941],[101.3004,2.995],[101.2986,2.9978],[101.2991,2.9987]]},"properties":{"name":"Sungai Bakau Chondong","kind":"River"}},
{"type":"Feature","geometry":{"type":"LineString","coordinates":[[101.2837,2.9701],[101.2823,2.9719],[101.2795,2.973],[101.2796,2.9742],[101.2812,2.9758],[101.2836,2.9768],[101.2854,2.9781],[101.2865,2.9806],[101.2862,2.9819],[101.2854,2.9834]]},"properties":{"name":"Sungai Labohan Bilek","kind":"River"}},
{"type":"Feature","geometry":{"type":"LineString","coordinates":[[101.2786,2.968],[101.2785,2.9711],[101.2782,2.9723],[101.2766,2.973],[101.2759,2.9739],[101.2757,2.9756]]},"properties":{"name":"Sungai Selat Meriam","kind":"River"}},
{"type":"Feature","geometry":{"type":"LineString","coordinates":[[101.2632,2.9753],[101.2652,2.9761],[101.2674,2.9762],[101.2699,2.9751],[101.2709,2.9739],[101.2712,2.9728],[101.2707,2.9722]]},"properties":{"name":"Sungai Sadar","kind":"River"}},
{"type":"Feature","geometry":{"type":"LineString","coordinates":[[101.2772,3.0002],[101.2802,2.9989],[101.2818,2.9978],[101.283,2.9967],[101.2834,2.9956],[101.2836,2.9925],[101.2844,2.9912],[101.2858,2.9903]]},"properties":{"name":"Sungai Mat Darus Kechil","kind":"River"}},
{"type":"Feature","geometry":{"type":"LineString","coordinates":[[101.2764,2.998],[101.279,2.9964],[101.2798,2.9952],[101.2807,2.9933],[101.2824,2.9901],[101.2848,2.9851],[101.2854,2.9834]]},"properties":{"name":"Sungai Mat Darus Besar","kind":"River"}},
{"type":"Feature","geometry":{"type":"LineString","coordinates":[[101.3164,3.0123],[101.3143,3.014],[101.314,3.0153],[101.3151,3.0182],[101.315,3.0189],[101.3139,3.0197],[101.3117,3.0198],[101.3099,3.0207],[101.3091,3.0215]]},"properties":{"name":"Sungai Terusan Tiram","kind":"River"}},
{"type":"Feature","geometry":{"type":"LineString","coordinates":[[101.3166,3.0276],[101.3182,3.0277],[101.3187,3.0267],[101.3181,3.0257],[101.3187,3.0244],[101.3207,3.0243],[101.3222,3.0239],[101.3248,3.0227],[101.3266,3.0215],[101.3274,3.0205],[101.3275,3.019],[101.3266,3.0178],[101.3256,3.0154],[101.3257,3.0145],[101.3274,3.014],[101.3324,3.0165],[101.3344,3.0173],[101.3365,3.0174]]},"properties":{"name":"Sungai Tiram Besar","kind":"River"}},
{"type":"Feature","geometry":{"type":"LineString","coordinates":[[101.3373,3.047],[101.3331,3.0478],[101.3284,3.0466],[101.3272,3.0465],[101.324,3.0472],[101.3216,3.047],[101.3204,3.0463],[101.3164,3.0422],[101.3151,3.0399],[101.3155,3.0381],[101.3169,3.0375],[101.3176,3.0366],[101.3184,3.0338],[101.318,3.0327],[101.3189,3.0316],[101.319,3.0299],[101.3182,3.0277]]},"properties":{"name":"Sungai Nyiris Besar","kind":"River"}},
{"type":"Feature","geometry":{"type":"MultiLineString","coordinates":[[[101.3372,3.0593],[101.3335,3.0592],[101.3319,3.0587],[101.3307,3.0571],[101.3298,3.0567],[101.3266,3.0565],[101.3248,3.0574],[101.3234,3.0576],[101.3206,3.0586]],[[101.6926,3.6195],[101.6922,3.6205],[101.6925,3.6216],[101.6913,3.6242],[101.6919,3.6251],[101.6918,3.6274],[101.6918,3.6302],[101.6908,3.6316],[101.6912,3.6332],[101.6905,3.6348],[101.6891,3.6362],[101.689,3.6378],[101.6898,3.6398],[101.6899,3.6413],[101.6906,3.6428]]]},"properties":{"name":"Sungai Keramat","kind":"River"}},
{"type":"Feature","geometry":{"type":"LineString","coordinates":[[101.3029,3.0601],[101.3054,3.0585],[101.3078,3.0564],[101.3107,3.0542],[101.3131,3.0533],[101.3152,3.0538],[101.3163,3.0545],[101.3176,3.056]]},"properties":{"name":"Sungai Hantu Laut","kind":"River"}},
{"type":"Feature","geometry":{"type":"LineString","coordinates":[[101.5926,3.0108],[101.5932,3.0105],[101.5964,3.0135],[101.599,3.0137],[101.601,3.0135],[101.6104,3.0136],[101.6121,3.0139],[101.6131,3.0196],[101.615,3.0193],[101.6154,3.0197],[101.6172,3.0193],[101.6187,3.0194],[101.619,3.0208]]},"properties":{"name":"Sungai Pasir Putih","kind":"River"}},
{"type":"Feature","geometry":{"type":"LineString","coordinates":[[101.7104,3.0147],[101.7106,3.0136],[101.7099,3.0121],[101.71,3.0112]]},"properties":{"name":"Anak Sungai Kuyoh","kind":"River"}},
{"type":"Feature","geometry":{"type":"MultiLineString","coordinates":[[[101.7324,3.3088],[101.7322,3.3093]],[[101.7324,3.3088],[101.7323,3.3093]]]},"properties":{"name":"Terowong Sungai Pisang","kind":"River"}},
{"type":"Feature","geometry":{"type":"LineString","coordinates":[[101.7131,3.2835],[101.7135,3.2828],[101.715,3.2823],[101.7155,3.2809],[101.7167,3.2804],[101.7191,3.2809],[101.7203,3.2817],[101.7211,3.2833],[101.7224,3.2836],[101.7241,3.2829],[101.7246,3.2816],[101.7246,3.28],[101.7238,3.2778],[101.7242,3.2766],[101.7256,3.2766],[101.7263,3.2758],[101.7259,3.2737],[101.726,3.2723],[101.7279,3.2705]]},"properties":{"name":"Sungai Salak","kind":"River"}},
{"type":"Feature","geometry":{"type":"LineString","coordinates":[[101.8654,3.2183],[101.8648,3.2189]]},"properties":{"name":"Sungai Lepuh","kind":"River"}},
{"type":"Feature","geometry":{"type":"LineString","coordinates":[[101.7148,3.6569],[101.7142,3.6537],[101.7132,3.6518],[101.7135,3.6508],[101.7129,3.6495],[101.7111,3.6475],[101.7096,3.647],[101.7088,3.6446],[101.7078,3.6437],[101.7078,3.6417],[101.7074,3.6394],[101.7061,3.6374],[101.7058,3.6358],[101.7024,3.6325],[101.7016,3.6303],[101.7013,3.6281],[101.6992,3.6253],[101.6982,3.6234],[101.697,3.6207],[101.6941,3.6205],[101.6926,3.6195],[101.6921,3.6173],[101.6913,3.6162],[101.6915,3.6155],[101.6914,3.613],[101.6903,3.6104],[101.689,3.6092],[101.6883,3.6069],[101.6886,3.6057],[101.6899,3.6051],[101.6891,3.603],[101.6893,3.601],[101.6899,3.6008],[101.691,3.5984],[101.6928,3.5983],[101.695,3.597],[101.6963,3.5968],[101.6994,3.5971],[101.7034,3.5948],[101.7065,3.5859],[101.7096,3.5768]]},"properties":{"name":"Sungai Gerachi","kind":"River"}},
{"type":"Feature","geometry":{"type":"MultiLineString","coordinates":[[[101.6177,3.3119],[101.6189,3.3102],[101.6186,3.308],[101.6197,3.3067],[101.6198,3.3051],[101.6189,3.3042],[101.6193,3.303],[101.6193,3.3028],[101.6194,3.3026],[101.6193,3.3023],[101.6192,3.3016],[101.6193,3.3013],[101.6193,3.2997],[101.6197,3.2986]],[[101.6193,3.3029],[101.6193,3.3028],[101.6193,3.3029],[101.6193,3.303]],[[101.6194,3.3026],[101.6193,3.3023]]]},"properties":{"name":"Sungai Chul Tinggi","kind":"River"}},
{"type":"Feature","geometry":{"type":"LineString","coordinates":[[101.7786,3.2208],[101.7773,3.2209],[101.775,3.2187],[101.7749,3.2177],[101.774,3.2157],[101.773,3.2152],[101.7726,3.2143],[101.7714,3.2157],[101.7705,3.215],[101.7699,3.2129],[101.7684,3.2129],[101.7677,3.2135],[101.7677,3.2147],[101.7661,3.2141],[101.7635,3.2115],[101.7633,3.2109],[101.7609,3.2091],[101.7591,3.2091],[101.7573,3.209],[101.756,3.2072]]},"properties":{"name":"Sungai Kemensah","kind":"River"}},
{"type":"Feature","geometry":{"type":"LineString","coordinates":[[101.8672,3.0167],[101.8696,3.0172],[101.871,3.0189],[101.873,3.0195],[101.8743,3.0172],[101.8759,3.0166],[101.8763,3.0169],[101.8774,3.0194],[101.8776,3.0204],[101.8795,3.0201],[101.8811,3.0222],[101.8827,3.023],[101.883,3.0246],[101.8845,3.0248],[101.8851,3.0241],[101.8876,3.0237],[101.8885,3.0216],[101.8898,3.0228],[101.8916,3.0218],[101.8924,3.0225],[101.8933,3.0216],[101.8942,3.0228],[101.8949,3.0248],[101.8945,3.0258],[101.8955,3.0265],[101.8961,3.0257],[101.8975,3.0264],[101.8989,3.0267],[101.9004,3.0286],[101.9023,3.0293],[101.9034,3.0303],[101.9045,3.0299],[101.9053,3.0309],[101.9068,3.0309],[101.9094,3.0324],[101.9104,3.0336],[101.9115,3.0361],[101.9134,3.0388],[101.914,3.041],[101.9135,3.0422],[101.9152,3.0437],[101.9161,3.045],[101.9166,3.0467],[101.9177,3.0474],[101.9194,3.0476],[101.921,3.0491],[101.9211,3.0506],[101.9217,3.0519],[101.9224,3.0518],[101.9233,3.0505],[101.9244,3.0499],[101.9248,3.0488],[101.9261,3.0477],[101.9284,3.0473],[101.9298,3.0471],[101.9331,3.0456],[101.9334,3.0439],[101.9325,3.0424],[101.9317,3.0418],[101.9318,3.0403],[101.933,3.0393],[101.9336,3.0382],[101.9346,3.0373],[101.9347,3.0357],[101.9361,3.0343],[101.9372,3.0327],[101.9387,3.032],[101.9394,3.0311],[101.9405,3.0314],[101.9419,3.0308],[101.9445,3.032]]},"properties":{"name":"Sungai Batangsi","kind":"River"}},
{"type":"Feature","geometry":{"type":"LineString","coordinates":[[101.6149,3.6048],[101.6181,3.6052],[101.6193,3.6058],[101.623,3.6069],[101.6252,3.6084],[101.6242,3.6105],[101.6242,3.6107],[101.6242,3.6127],[101.6265,3.6132],[101.6274,3.6126],[101.6274,3.6112],[101.6282,3.6107],[101.6297,3.6116],[101.6314,3.6108],[101.6315,3.6099],[101.6333,3.6093],[101.6338,3.6103],[101.6351,3.6104],[101.6365,3.6117],[101.637,3.6111],[101.6414,3.6112],[101.6424,3.6105],[101.6443,3.6103],[101.6448,3.6088],[101.6458,3.6081],[101.6487,3.6074]]},"properties":{"name":"Sungai Kerling Kecil","kind":"River"}},
{"type":"Feature","geometry":{"type":"LineString","coordinates":[[101.6075,3.0709],[101.6068,3.0711],[101.6078,3.0711]]},"properties":{"name":"Z Ambezi River","kind":"River"}},
{"type":"Feature","geometry":{"type":"LineString","coordinates":[[101.9299,3.1654],[101.9295,3.1641],[101.9279,3.1627],[101.9272,3.1614],[101.9235,3.1581],[101.923,3.1571],[101.9215,3.1559],[101.9209,3.1524],[101.9203,3.1509],[101.9212,3.149],[101.9205,3.1477],[101.9212,3.1461],[101.9211,3.1453]]},"properties":{"name":"Sungai Lawing","kind":"River"}},
{"type":"Feature","geometry":{"type":"LineString","coordinates":[[101.8572,3.1803],[101.857,3.1808],[101.857,3.1809],[101.8559,3.1831],[101.855,3.1836],[101.8545,3.185],[101.8536,3.1853],[101.8532,3.1869],[101.8523,3.187],[101.8501,3.1911],[101.849,3.1917],[101.8483,3.1932],[101.8471,3.1943],[101.8453,3.1967],[101.8436,3.1982],[101.8437,3.1992],[101.8436,3.1993],[101.8426,3.2002],[101.8424,3.2002],[101.8423,3.2002],[101.8402,3.2031],[101.8388,3.2042],[101.8386,3.2046],[101.8356,3.2066],[101.8345,3.2071],[101.8326,3.2072],[101.8315,3.2081],[101.829,3.2087],[101.827,3.2119]]},"properties":{"name":"Sungai Perdek","kind":"River"}},
{"type":"Feature","geometry":{"type":"LineString","coordinates":[[101.826,3.1743],[101.8241,3.1745],[101.8218,3.174],[101.8208,3.1726],[101.8206,3.1709],[101.8195,3.1698],[101.8179,3.1712],[101.8158,3.172],[101.8164,3.1738],[101.8149,3.1749]]},"properties":{"name":"Sungai Resam","kind":"River"}},
{"type":"Feature","geometry":{"type":"LineString","coordinates":[[101.7394,3.6106],[101.741,3.6113],[101.7411,3.6131],[101.7449,3.6145],[101.7477,3.6166],[101.7489,3.6186],[101.7504,3.62],[101.7514,3.6222],[101.7518,3.6238],[101.7517,3.6254],[101.7521,3.6267],[101.7537,3.6283],[101.7551,3.6305],[101.7565,3.6315],[101.7578,3.6335],[101.7604,3.6349],[101.7619,3.6372],[101.7644,3.6388],[101.7659,3.6401]]},"properties":{"name":"Sungai Gumut","kind":"River"}},
{"type":"Feature","geometry":{"type":"MultiLineString","coordinates":[[[101.7944,3.0932],[101.7941,3.0936],[101.794,3.0936],[101.7949,3.0961],[101.7953,3.1001],[101.7943,3.1011]],[[101.7961,3.0902],[101.7959,3.0915],[101.7952,3.0926],[101.7951,3.0927],[101.7944,3.0931]]]},"properties":{"name":"Sungai Air Jernih","kind":"River"}},
{"type":"Feature","geometry":{"type":"LineString","coordinates":[[101.5819,3.727],[101.5848,3.7278],[101.5866,3.729],[101.5873,3.7287],[101.5888,3.7293],[101.59,3.7287],[101.592,3.7293],[101.5939,3.7287],[101.5978,3.7293],[101.5997,3.7303],[101.6021,3.7308],[101.6026,3.7313],[101.6054,3.7317],[101.6073,3.7323],[101.6086,3.7338],[101.6094,3.7341],[101.6107,3.7357],[101.6132,3.7365],[101.6138,3.7379],[101.6155,3.7385],[101.6165,3.7394],[101.6191,3.7396],[101.6206,3.7407],[101.6219,3.7432],[101.6248,3.7445]]},"properties":{"name":"Sungai Lempong","kind":"River"}},
{"type":"Feature","geometry":{"type":"LineString","coordinates":[[101.6302,3.7303],[101.6293,3.7283],[101.6285,3.7282],[101.6272,3.7289],[101.6242,3.7287],[101.6205,3.727],[101.6187,3.7258],[101.6169,3.7261],[101.6158,3.7256],[101.6144,3.723],[101.6119,3.723],[101.6085,3.7227],[101.6073,3.7229],[101.605,3.7243],[101.6008,3.725],[101.5993,3.7249],[101.5961,3.7237],[101.5932,3.723],[101.5905,3.723],[101.5892,3.7224],[101.5885,3.7207],[101.589,3.7198],[101.5888,3.7187],[101.5865,3.7187],[101.586,3.7197],[101.584,3.72],[101.5828,3.7192],[101.5831,3.7182],[101.5821,3.7169],[101.5795,3.717],[101.5771,3.7176],[101.5765,3.7189],[101.5757,3.7187],[101.5744,3.7173],[101.5745,3.7153],[101.5734,3.7136],[101.5725,3.7137],[101.5717,3.7128],[101.5701,3.7123],[101.5685,3.7111],[101.5673,3.7102],[101.5653,3.7098]]},"properties":{"name":"Sungai Perah","kind":"River"}},
{"type":"Feature","geometry":{"type":"LineString","coordinates":[[101.5888,3.7187],[101.5892,3.7174],[101.5916,3.7161],[101.5924,3.7159],[101.594,3.7143],[101.5941,3.7131],[101.5949,3.7106],[101.5966,3.7104],[101.5972,3.7088],[101.5995,3.7078],[101.6005,3.7079],[101.6041,3.7073],[101.6058,3.7089],[101.6091,3.7089],[101.6111,3.7098],[101.6118,3.7105],[101.6145,3.7112],[101.6146,3.7138],[101.6159,3.7147],[101.6172,3.7148],[101.6187,3.7155],[101.6195,3.7177],[101.622,3.7173],[101.6248,3.7173],[101.6275,3.7176],[101.6284,3.7181],[101.63,3.7183],[101.6312,3.7191],[101.6329,3.7197],[101.6348,3.7196],[101.6357,3.7203],[101.6371,3.7201],[101.6392,3.7209],[101.6405,3.7208]]},"properties":{"name":"Sungai Lubuk Kawah","kind":"River"}},
{"type":"Feature","geometry":{"type":"LineString","coordinates":[[101.5627,3.7065],[101.5639,3.706],[101.5648,3.7047],[101.5665,3.7031],[101.5675,3.7017],[101.5673,3.699],[101.5686,3.695],[101.5685,3.6939],[101.5695,3.6925],[101.5701,3.6924],[101.5728,3.6914],[101.5734,3.6906],[101.5767,3.6892],[101.5789,3.6886],[101.5797,3.688],[101.583,3.6863]]},"properties":{"name":"Sungai Gading","kind":"River"}},
{"type":"Feature","geometry":{"type":"LineString","coordinates":[[101.7898,3.261],[101.7905,3.2594],[101.7918,3.2579],[101.7917,3.2561],[101.7908,3.2547],[101.7919,3.2535],[101.7955,3.2514],[101.7962,3.2503],[101.8009,3.2475],[101.8022,3.2465],[101.8038,3.2467],[101.8048,3.2463],[101.8069,3.2444],[101.8085,3.2423]]},"properties":{"name":"Sungai Gobak","kind":"River"}},
{"type":"Feature","geometry":{"type":"LineString","coordinates":[[101.7838,3.2606],[101.7837,3.2585],[101.7822,3.258],[101.7813,3.259],[101.7813,3.26],[101.7804,3.2603],[101.7798,3.2603],[101.7783,3.261],[101.7777,3.2611]]},"properties":{"name":"Sungai Tangga","kind":"River"}},
{"type":"Feature","geometry":{"type":"LineString","coordinates":[[101.8519,3.109],[101.8526,3.1105],[101.8544,3.1127],[101.8555,3.1123],[101.8568,3.1127],[101.8578,3.1116],[101.8599,3.1124],[101.8608,3.1122],[101.8611,3.1141],[101.8625,3.1141],[101.8652,3.116]]},"properties":{"name":"Sungai Limbat","kind":"River"}},
{"type":"Feature","geometry":{"type":"LineString","coordinates":[[101.4027,2.9882],[101.4047,2.9873]]},"properties":{"name":"Sungai Beting","kind":"River"}},
{"type":"Feature","geometry":{"type":"LineString","coordinates":[[101.7392,3.6655],[101.7379,3.6666],[101.7377,3.6679],[101.7369,3.6688],[101.7333,3.6691],[101.7326,3.672],[101.7313,3.6725],[101.7309,3.6737],[101.7291,3.6746],[101.7283,3.6764],[101.7286,3.678],[101.7277,3.68],[101.7278,3.6807],[101.727,3.6821],[101.7256,3.6829],[101.7225,3.6828],[101.7217,3.6831],[101.7212,3.6841],[101.7198,3.6852],[101.7191,3.6874],[101.7184,3.688]]},"properties":{"name":"Sungai Sanglai","kind":"River"}},
{"type":"Feature","geometry":{"type":"LineString","coordinates":[[101.5796,3.2172],[101.5793,3.2182],[101.5795,3.219],[101.579,3.2207],[101.579,3.2208],[101.5792,3.2225],[101.5792,3.2226],[101.579,3.2234],[101.5791,3.2235],[101.5797,3.2239],[101.5797,3.224],[101.5795,3.2259],[101.5795,3.2266],[101.5794,3.2275]]},"properties":{"name":"Sungai Misileh","kind":"River"}},
{"type":"Feature","geometry":{"type":"LineString","coordinates":[[101.5822,3.2623],[101.5844,3.2622],[101.5851,3.2618],[101.5866,3.2619],[101.5887,3.261]]},"properties":{"name":"Sungai Manau","kind":"River"}},
{"type":"Feature","geometry":{"type":"LineString","coordinates":[[101.5584,3.2609],[101.5612,3.2602],[101.5617,3.2601],[101.5627,3.2596],[101.5632,3.2588],[101.5633,3.2587],[101.5645,3.2571],[101.5668,3.2566],[101.5671,3.256],[101.5679,3.2554],[101.5689,3.2547],[101.569,3.2546],[101.5698,3.2544],[101.57,3.2543],[101.5716,3.2538],[101.5719,3.2533]]},"properties":{"name":"Sungai Dungun","kind":"River"}},
{"type":"Feature","geometry":{"type":"LineString","coordinates":[[101.7381,3.5721],[101.7404,3.5729],[101.7426,3.5753],[101.7456,3.5767],[101.748,3.5768],[101.749,3.5775]]},"properties":{"name":"Sungai Lar","kind":"River"}},
{"type":"Feature","geometry":{"type":"LineString","coordinates":[[101.36,3.0723],[101.3617,3.0731],[101.3626,3.0731],[101.3632,3.0723],[101.3631,3.0704],[101.3639,3.0695],[101.3659,3.0709],[101.3665,3.0705],[101.3671,3.0692],[101.3684,3.0685],[101.3712,3.068],[101.3718,3.0674],[101.3737,3.0677],[101.3742,3.069],[101.3749,3.0693],[101.3759,3.0713]]},"properties":{"name":"Sungai Sementa Kechil","kind":"River"}},
{"type":"Feature","geometry":{"type":"LineString","coordinates":[[101.6377,3.4776],[101.6374,3.4767],[101.6373,3.4765],[101.6367,3.4742],[101.6367,3.474],[101.6361,3.472],[101.6348,3.4711]]},"properties":{"name":"Sungai Tenang","kind":"River"}},
{"type":"Feature","geometry":{"type":"MultiLineString","coordinates":[[[101.7421,3.4321],[101.743,3.4315],[101.7445,3.4316],[101.7459,3.4322],[101.7469,3.4311],[101.747,3.4296],[101.7483,3.4287],[101.7492,3.4276],[101.7509,3.4266],[101.7522,3.4266],[101.7533,3.4277],[101.7542,3.428],[101.7578,3.4271]],[[101.5053,3.465],[101.5093,3.4648],[101.5094,3.4646],[101.5106,3.464],[101.512,3.4642],[101.5132,3.4638],[101.5149,3.4645],[101.5168,3.4645],[101.5184,3.465],[101.5199,3.4636],[101.5204,3.4626],[101.523,3.4613],[101.5294,3.4591],[101.5289,3.457],[101.5289,3.4569],[101.5283,3.4548],[101.5289,3.4532],[101.529,3.4505],[101.5288,3.4498],[101.5288,3.4497],[101.5289,3.4484],[101.5297,3.448],[101.5291,3.4458],[101.5301,3.4424],[101.5314,3.4412],[101.5322,3.4395],[101.5328,3.4394],[101.5326,3.4371],[101.5326,3.437],[101.5325,3.4362],[101.5317,3.4347],[101.5317,3.4346],[101.5294,3.4334],[101.5283,3.4323],[101.5279,3.4306],[101.5262,3.4289],[101.5263,3.4277],[101.527,3.4269]]]},"properties":{"name":"Sungai Mengkuang","kind":"River"}},
{"type":"Feature","geometry":{"type":"LineString","coordinates":[[101.6135,3.3757],[101.6129,3.3772],[101.6131,3.3793],[101.6128,3.3802],[101.6119,3.3808],[101.6101,3.3832],[101.61,3.3833],[101.6096,3.3853],[101.6106,3.3885],[101.6111,3.3902],[101.6106,3.3908],[101.6092,3.393]]},"properties":{"name":"Sungai Gapis","kind":"River"}},
{"type":"Feature","geometry":{"type":"LineString","coordinates":[[101.6831,3.3101],[101.6824,3.309],[101.6803,3.3072],[101.68,3.3051],[101.6806,3.3033],[101.6805,3.302],[101.6798,3.3007],[101.6799,3.2985],[101.6797,3.2967],[101.6812,3.2958],[101.6831,3.2941],[101.6832,3.2933],[101.6813,3.2919],[101.681,3.2901],[101.68,3.2887],[101.6792,3.2877],[101.6792,3.2827],[101.6875,3.2795]]},"properties":{"name":"Sungai Tua","kind":"River"}},
{"type":"Feature","geometry":{"type":"LineString","coordinates":[[101.68,3.2887],[101.6785,3.2897],[101.6771,3.2899],[101.674,3.2939],[101.6742,3.2958],[101.6734,3.2996],[101.6727,3.3004],[101.6732,3.3018],[101.6733,3.3067]]},"properties":{"name":"Sungai Bisul","kind":"River"}},
{"type":"Feature","geometry":{"type":"LineString","coordinates":[[101.6309,3.2986],[101.632,3.3009],[101.6325,3.3014],[101.6317,3.3026],[101.6318,3.3046],[101.6313,3.3075],[101.6321,3.31],[101.6331,3.3123]]},"properties":{"name":"Sungai Baharu","kind":"River"}},
{"type":"Feature","geometry":{"type":"LineString","coordinates":[[101.641,3.2871],[101.6422,3.2894],[101.6418,3.2919],[101.6424,3.2938],[101.6439,3.2958],[101.6441,3.2982],[101.6438,3.2991]]},"properties":{"name":"Sungai Bangkap","kind":"River"}},
{"type":"Feature","geometry":{"type":"MultiLineString","coordinates":[[[101.5267,3.2324],[101.5283,3.2333],[101.529,3.2333],[101.5291,3.2334],[101.5302,3.234],[101.5303,3.234],[101.5317,3.2336],[101.5318,3.2336],[101.5319,3.2336],[101.532,3.2336],[101.5321,3.2336],[101.534,3.2331],[101.5341,3.2331],[101.5351,3.2327],[101.5356,3.2321],[101.5368,3.2311],[101.537,3.2311],[101.5384,3.23]],[[101.5673,3.6473],[101.5662,3.6479],[101.565,3.6462],[101.5635,3.6458],[101.5613,3.6469],[101.5613,3.6468],[101.5611,3.6464],[101.5589,3.6468],[101.5578,3.6478],[101.556,3.6484],[101.5543,3.6496]]]},"properties":{"name":"Sungai Mangga","kind":"River"}},
{"type":"Feature","geometry":{"type":"LineString","coordinates":[[101.8064,3.2596],[101.8062,3.2626],[101.8075,3.2642],[101.8087,3.2651],[101.8086,3.2673],[101.8109,3.2698],[101.8115,3.2711],[101.8148,3.273],[101.8189,3.2756]]},"properties":{"name":"Sungai Pemulas","kind":"River"}},
{"type":"Feature","geometry":{"type":"LineString","coordinates":[[101.8216,3.2627],[101.8194,3.262],[101.818,3.2639],[101.8161,3.2647],[101.8154,3.2654],[101.8137,3.265],[101.8086,3.2623],[101.8076,3.2607],[101.8064,3.2596],[101.8057,3.2583],[101.8038,3.2584],[101.803,3.2569]]},"properties":{"name":"Sungai Batang Kelang","kind":"River"}},
{"type":"Feature","geometry":{"type":"LineString","coordinates":[[101.7844,3.2611],[101.7833,3.2632],[101.7832,3.265],[101.7837,3.2661],[101.7849,3.2676],[101.7864,3.2681],[101.7891,3.2703],[101.7895,3.2738],[101.7889,3.2753],[101.7865,3.2774],[101.7841,3.2792],[101.782,3.282],[101.782,3.2849],[101.7828,3.2866],[101.7834,3.2899],[101.7855,3.291],[101.7863,3.2925],[101.786,3.2936],[101.7861,3.2952],[101.7868,3.2962],[101.7891,3.2979]]},"properties":{"name":"Sungai Sleh","kind":"River"}},
{"type":"Feature","geometry":{"type":"LineString","coordinates":[[101.7786,3.2208],[101.7789,3.2221],[101.7802,3.2235],[101.78,3.2246],[101.7813,3.2251],[101.7815,3.2264],[101.7829,3.2297],[101.7846,3.2313],[101.7856,3.2317]]},"properties":{"name":"Sungai Semaping","kind":"River"}},
{"type":"Feature","geometry":{"type":"MultiLineString","coordinates":[[[101.8749,3.2095],[101.8755,3.2105],[101.8753,3.2115],[101.8763,3.2143],[101.8777,3.2157],[101.8776,3.2183],[101.8782,3.2202],[101.879,3.2215],[101.8797,3.2251],[101.8805,3.2269],[101.8795,3.2293],[101.8798,3.2356],[101.8796,3.2395]],[[101.8634,3.2234],[101.8639,3.2227],[101.8641,3.2225]]]},"properties":{"name":"Sungai Pangsun","kind":"River"}},
{"type":"Feature","geometry":{"type":"LineString","coordinates":[[101.9045,3.2405],[101.904,3.2397],[101.9036,3.2376],[101.9021,3.2362],[101.902,3.2354],[101.903,3.2338],[101.903,3.2326],[101.9016,3.2305],[101.9,3.2268],[101.8974,3.2254],[101.8961,3.2241],[101.8948,3.2216],[101.8945,3.2204],[101.892,3.2181],[101.8897,3.2113]]},"properties":{"name":"Sungai Lolo","kind":"River"}},
{"type":"Feature","geometry":{"type":"LineString","coordinates":[[101.8859,3.1679],[101.8864,3.1713],[101.8875,3.1735],[101.8875,3.1736],[101.889,3.1744],[101.889,3.1745],[101.8894,3.1754],[101.8888,3.177],[101.8886,3.1795],[101.8905,3.1819],[101.8923,3.1829],[101.8936,3.1848],[101.8942,3.1872],[101.8948,3.1882]]},"properties":{"name":"Sungai Pagoh","kind":"River"}},
{"type":"Feature","geometry":{"type":"LineString","coordinates":[[101.8839,3.1568],[101.8841,3.1579],[101.8829,3.1598],[101.8829,3.1611],[101.8819,3.1629],[101.8818,3.163],[101.8809,3.1645],[101.8793,3.1654]]},"properties":{"name":"Sungai Chinarek","kind":"River"}},
{"type":"Feature","geometry":{"type":"LineString","coordinates":[[101.9012,3.1627],[101.9011,3.163],[101.9011,3.1631],[101.9018,3.1642],[101.9019,3.1654],[101.9032,3.1661],[101.904,3.1671],[101.9043,3.1683],[101.9044,3.1711],[101.9041,3.1727],[101.9046,3.1741]]},"properties":{"name":"Sungai Kenung","kind":"River"}},
{"type":"Feature","geometry":{"type":"LineString","coordinates":[[101.9117,3.1483],[101.9123,3.1465],[101.9126,3.146],[101.9112,3.1447],[101.9106,3.1433],[101.9094,3.1434],[101.9085,3.1429],[101.9084,3.1416],[101.9075,3.1419],[101.9061,3.1406],[101.9055,3.1389],[101.9055,3.1388],[101.9049,3.1368],[101.9057,3.1354]]},"properties":{"name":"Sungai Gemi","kind":"River"}},
{"type":"Feature","geometry":{"type":"LineString","coordinates":[[101.9314,3.1367],[101.9326,3.1417],[101.9345,3.1423],[101.9371,3.1418],[101.9383,3.1423]]},"properties":{"name":"Sungai Rood","kind":"River"}},
{"type":"Feature","geometry":{"type":"LineString","coordinates":[[101.9048,3.0683],[101.9029,3.0675],[101.8997,3.0688],[101.8997,3.0695],[101.897,3.0707],[101.8859,3.0783]]},"properties":{"name":"Sungai Lanjut","kind":"River"}},
{"type":"Feature","geometry":{"type":"LineString","coordinates":[[101.9284,3.0473],[101.9288,3.0483],[101.9308,3.0499],[101.9318,3.0522],[101.9333,3.0539],[101.935,3.0549],[101.936,3.055],[101.938,3.054],[101.9394,3.0546],[101.9409,3.0538],[101.9424,3.0541]]},"properties":{"name":"Sungai Paumbang","kind":"River"}},
{"type":"Feature","geometry":{"type":"LineString","coordinates":[[101.8742,2.9956],[101.8777,2.9962],[101.8801,2.9971],[101.8811,2.998],[101.8812,2.998],[101.8815,2.999],[101.8841,2.9991],[101.8846,2.9989],[101.8866,2.9991],[101.8879,3],[101.8895,3.0028],[101.892,3.0046],[101.8941,3.005],[101.8954,3.0063],[101.8969,3.0085],[101.897,3.0091],[101.8985,3.0111],[101.9007,3.0145],[101.9027,3.0148],[101.9047,3.0155],[101.9055,3.0152],[101.9064,3.0153],[101.9083,3.0148],[101.9097,3.0139],[101.9116,3.0146],[101.9134,3.0123],[101.9152,3.0115],[101.9204,3.0097],[101.9218,3.0096],[101.923,3.0088],[101.924,3.0087]]},"properties":{"name":"Sungai Lalang","kind":"River"}},
{"type":"Feature","geometry":{"type":"LineString","coordinates":[[101.9197,2.9867],[101.9183,2.9875],[101.9152,2.9881],[101.9119,2.9877],[101.9116,2.9882],[101.9096,2.9891],[101.9076,2.9892],[101.9054,2.9892],[101.9034,2.989],[101.9019,2.9895],[101.9018,2.9896],[101.9018,2.9897],[101.9014,2.9897],[101.9006,2.992],[101.8981,2.9937],[101.8972,2.9948],[101.8957,2.995],[101.8946,2.9959],[101.8914,2.9976],[101.8901,2.9989],[101.89,2.999],[101.8879,3]]},"properties":{"name":"Sungai Kacau","kind":"River"}},
{"type":"Feature","geometry":{"type":"LineString","coordinates":[[101.836,3.1203],[101.8344,3.1188],[101.8336,3.1169],[101.8326,3.1167],[101.8316,3.1171],[101.8303,3.1166],[101.8292,3.1166]]},"properties":{"name":"Sungai Makau","kind":"River"}},
{"type":"Feature","geometry":{"type":"MultiLineString","coordinates":[[[101.8652,3.116],[101.8655,3.1164],[101.8654,3.1165],[101.8655,3.1183],[101.8653,3.1192],[101.8646,3.1199],[101.8655,3.1214],[101.8657,3.1229],[101.8658,3.123],[101.866,3.1232],[101.866,3.1233],[101.8659,3.1249],[101.8663,3.1274],[101.866,3.1284],[101.8663,3.1297],[101.866,3.1307],[101.8662,3.1321],[101.8668,3.1329],[101.8674,3.1348],[101.8668,3.1366],[101.8668,3.1367],[101.8667,3.1383],[101.8677,3.1389],[101.8678,3.1389]],[[101.8239,3.1182],[101.8256,3.1171],[101.8282,3.1169],[101.8292,3.1166],[101.8292,3.1147],[101.8323,3.1132],[101.8358,3.1116],[101.837,3.1114],[101.837,3.1115],[101.8385,3.1115],[101.8394,3.1126],[101.8411,3.1121],[101.8423,3.1123],[101.8436,3.1117],[101.8436,3.1108],[101.8455,3.1108],[101.8482,3.1102],[101.8493,3.1091],[101.8519,3.109]]]},"properties":{"name":"Sungai Tekali","kind":"River"}},
{"type":"Feature","geometry":{"type":"LineString","coordinates":[[101.8292,3.1147],[101.829,3.1141],[101.8302,3.112],[101.8302,3.1117],[101.8301,3.1094],[101.8301,3.1093],[101.831,3.108],[101.8316,3.1059],[101.8316,3.1058],[101.8315,3.1041],[101.831,3.1035]]},"properties":{"name":"Sungai Muchok","kind":"River"}},
{"type":"Feature","geometry":{"type":"LineString","coordinates":[[101.8358,3.1116],[101.8362,3.111],[101.8363,3.1109],[101.8373,3.1101],[101.838,3.1076],[101.8376,3.1065],[101.8377,3.1052],[101.8371,3.1046],[101.8371,3.103],[101.8374,3.1018],[101.8374,3.1016],[101.838,3.0999],[101.8381,3.098],[101.8377,3.097],[101.838,3.0953]]},"properties":{"name":"Sungai Kapur","kind":"River"}},
{"type":"Feature","geometry":{"type":"LineString","coordinates":[[101.8739,3.0579],[101.8729,3.0571],[101.8711,3.0591],[101.8678,3.0607],[101.8676,3.0612]]},"properties":{"name":"Sungai Tekala","kind":"River"}},
{"type":"Feature","geometry":{"type":"LineString","coordinates":[[101.8121,3.1082],[101.8119,3.109],[101.8119,3.1094],[101.8094,3.1108],[101.8089,3.1119],[101.8088,3.112],[101.8083,3.1128],[101.8069,3.1135],[101.8068,3.1136],[101.806,3.1145],[101.8061,3.1145],[101.8057,3.1171],[101.8051,3.1187],[101.8049,3.1217],[101.8044,3.123]]},"properties":{"name":"Sungai Michu","kind":"River"}},
{"type":"Feature","geometry":{"type":"LineString","coordinates":[[101.7591,3.2091],[101.759,3.2106],[101.7593,3.2129],[101.7594,3.2134],[101.7597,3.2145],[101.7599,3.2146],[101.7601,3.2146],[101.7601,3.2149],[101.7605,3.216],[101.7608,3.2161],[101.7618,3.2169],[101.7619,3.2169],[101.7622,3.2175],[101.7624,3.2177],[101.7629,3.2181],[101.7626,3.2197],[101.7627,3.2199]]},"properties":{"name":"Sungai Pandang","kind":"River"}},
{"type":"Feature","geometry":{"type":"LineString","coordinates":[[101.7304,3.4275],[101.7295,3.4249],[101.7303,3.4229],[101.7305,3.4207],[101.729,3.4182],[101.7291,3.4155],[101.7257,3.4109],[101.7254,3.4097]]},"properties":{"name":"Sungai Kubung","kind":"River"}},
{"type":"Feature","geometry":{"type":"MultiLineString","coordinates":[[[101.4424,3.6173],[101.4406,3.6169],[101.439,3.6176],[101.4375,3.6176],[101.4367,3.6166],[101.4351,3.6161],[101.4339,3.6161],[101.4334,3.6155],[101.4315,3.6162],[101.4314,3.6156],[101.4279,3.6132],[101.4272,3.6133],[101.4255,3.6138],[101.4251,3.615],[101.4238,3.6144],[101.4226,3.616],[101.4204,3.6176],[101.4199,3.6194],[101.4188,3.6202],[101.4156,3.6201]],[[101.5837,3.5734],[101.5828,3.5738],[101.5827,3.5738],[101.5813,3.5741],[101.5787,3.5721],[101.5744,3.5717]]]},"properties":{"name":"Sungai Keranji","kind":"River"}},
{"type":"Feature","geometry":{"type":"LineString","coordinates":[[101.7559,3.5927],[101.758,3.5957],[101.759,3.5984],[101.7596,3.5993],[101.7617,3.6008],[101.7634,3.6024],[101.7641,3.6033],[101.7666,3.6056],[101.7693,3.6071],[101.7716,3.6077],[101.7739,3.6094],[101.7754,3.609],[101.7767,3.6079],[101.7785,3.6071]]},"properties":{"name":"Sungai Kul","kind":"River"}},
{"type":"Feature","geometry":{"type":"LineString","coordinates":[[101.4272,3.6133],[101.4273,3.6115],[101.4278,3.6103],[101.4278,3.6102],[101.4289,3.6093],[101.4293,3.608],[101.4294,3.608],[101.4302,3.6074],[101.4307,3.6058],[101.4316,3.6052],[101.4328,3.6029],[101.4335,3.6025]]},"properties":{"name":"Sungai Rambai","kind":"River"}},
{"type":"Feature","geometry":{"type":"LineString","coordinates":[[101.4086,3.6208],[101.41,3.6232],[101.412,3.6236],[101.4136,3.6254],[101.4156,3.6265]]},"properties":{"name":"Sungai Tembaga","kind":"River"}},
{"type":"Feature","geometry":{"type":"LineString","coordinates":[[101.3516,3.574],[101.3506,3.5823],[101.346,3.6357],[101.3428,3.6487],[101.3414,3.6576],[101.3416,3.6583],[101.3444,3.6597],[101.3451,3.6608],[101.3456,3.6632],[101.3448,3.6666],[101.345,3.6678],[101.3459,3.6701],[101.3455,3.6746],[101.3456,3.6749],[101.3464,3.6764],[101.3476,3.6772],[101.3485,3.6787],[101.3487,3.6818],[101.348,3.6832],[101.3468,3.6842],[101.3462,3.6855],[101.3466,3.688],[101.3453,3.6906],[101.3443,3.6913],[101.3429,3.6918],[101.3415,3.693],[101.3412,3.6939]]},"properties":{"name":"Sungai Panjang","kind":"River"}},
{"type":"Feature","geometry":{"type":"LineString","coordinates":[[101.5235,3.5248],[101.5245,3.5192],[101.525,3.5182],[101.5248,3.517],[101.5238,3.5159],[101.5232,3.516],[101.5214,3.5149],[101.5204,3.5138],[101.5193,3.5135],[101.5185,3.5125],[101.5197,3.509],[101.5206,3.5084],[101.5207,3.5083],[101.5218,3.5067],[101.5232,3.5065],[101.5254,3.5044],[101.5262,3.5024],[101.5267,3.5027],[101.5274,3.5023],[101.5275,3.5013],[101.5288,3.4996],[101.5283,3.499],[101.5283,3.4986],[101.5283,3.4985],[101.5286,3.4974],[101.5281,3.4965],[101.5285,3.496],[101.529,3.4948],[101.5292,3.493],[101.5277,3.4911],[101.5272,3.4895],[101.526,3.4888],[101.5234,3.4886],[101.5224,3.4872],[101.5224,3.4863],[101.5222,3.4852],[101.5226,3.4833],[101.522,3.4827],[101.5215,3.4809],[101.5215,3.4808],[101.5203,3.4794],[101.5203,3.4793],[101.5203,3.4791]]},"properties":{"name":"Sungai Kempas","kind":"River"}},
{"type":"Feature","geometry":{"type":"LineString","coordinates":[[101.5096,3.5377],[101.51,3.5388],[101.5091,3.5412],[101.5102,3.5419],[101.5119,3.5414],[101.5131,3.5418],[101.5141,3.541],[101.5141,3.5409],[101.515,3.5408],[101.5162,3.5396],[101.517,3.5396],[101.5183,3.5386],[101.5192,3.5394],[101.5198,3.5419],[101.5216,3.5428],[101.5216,3.5438],[101.5215,3.5439],[101.5215,3.544],[101.5203,3.5442],[101.5193,3.5452],[101.5191,3.5471],[101.5194,3.5487],[101.5189,3.5492],[101.5182,3.5492],[101.5177,3.5505],[101.5165,3.5524],[101.5171,3.5564],[101.5162,3.558],[101.5149,3.5584],[101.5144,3.5603],[101.5136,3.5617],[101.5138,3.5639],[101.515,3.5653],[101.5149,3.5672]]},"properties":{"name":"Sungai Gajah Mati","kind":"River"}},
{"type":"Feature","geometry":{"type":"MultiLineString","coordinates":[[[101.4845,3.5406],[101.4858,3.5389],[101.4858,3.5381],[101.4859,3.5371],[101.4878,3.5366],[101.4897,3.5351],[101.4901,3.534],[101.4893,3.5331],[101.4877,3.5322],[101.4872,3.5314],[101.4852,3.5294]],[[101.5048,3.5239],[101.5037,3.525],[101.5032,3.5264],[101.5011,3.5292],[101.4992,3.5301],[101.4985,3.5308],[101.4985,3.5309],[101.498,3.5313],[101.4965,3.5309],[101.4934,3.5328],[101.4933,3.5328],[101.4919,3.5336],[101.4907,3.5335],[101.4901,3.534]]]},"properties":{"name":"Sungai Dua Senama","kind":"River"}},
{"type":"Feature","geometry":{"type":"LineString","coordinates":[[101.551,3.5618],[101.5506,3.5631],[101.5499,3.5632],[101.5496,3.5639],[101.5485,3.5656],[101.5484,3.5666],[101.5487,3.5688],[101.5481,3.5697],[101.5483,3.5711],[101.5509,3.5723],[101.5525,3.5726],[101.5536,3.5753],[101.5537,3.578]]},"properties":{"name":"Sungai Lebai","kind":"River"}},
{"type":"Feature","geometry":{"type":"LineString","coordinates":[[101.5324,3.5853],[101.5316,3.5866],[101.5297,3.5856],[101.5286,3.5856],[101.528,3.5868],[101.528,3.5869],[101.5271,3.5878],[101.5263,3.5878],[101.5248,3.5885],[101.5241,3.5897],[101.5225,3.5906],[101.5218,3.5916],[101.5199,3.5919],[101.519,3.5934],[101.5182,3.5938],[101.5184,3.5953]]},"properties":{"name":"Sungai Jerneh","kind":"River"}},
{"type":"Feature","geometry":{"type":"LineString","coordinates":[[101.54,3.5979],[101.5404,3.5984],[101.5426,3.5985],[101.5446,3.5984],[101.5459,3.5996],[101.5476,3.5995],[101.5509,3.6012],[101.5514,3.6008],[101.5515,3.6006],[101.5527,3.5996]]},"properties":{"name":"Sungai Sabai","kind":"River"}},
{"type":"Feature","geometry":{"type":"LineString","coordinates":[[101.5298,3.5775],[101.5289,3.5784],[101.5286,3.5787],[101.5279,3.5792],[101.5257,3.5799],[101.5238,3.5792],[101.5235,3.5787],[101.5228,3.5778],[101.5219,3.5774]]},"properties":{"name":"Sungai Gelugor","kind":"River"}},
{"type":"Feature","geometry":{"type":"LineString","coordinates":[[101.5044,3.6111],[101.506,3.6107],[101.5081,3.6108],[101.5104,3.6104],[101.514,3.6114],[101.5156,3.6112],[101.5168,3.612],[101.5194,3.6114],[101.5212,3.612],[101.5219,3.6119],[101.5228,3.6117]]},"properties":{"name":"Sungai Puteh","kind":"River"}},
{"type":"Feature","geometry":{"type":"LineString","coordinates":[[101.582,3.555],[101.5816,3.5558],[101.5816,3.5559],[101.5822,3.5573],[101.5823,3.5574],[101.5823,3.5593],[101.5806,3.5607],[101.5776,3.5609],[101.5768,3.5608],[101.5757,3.5616],[101.5758,3.5624],[101.5743,3.5626],[101.5735,3.5637]]},"properties":{"name":"Sungai Changgah","kind":"River"}},
{"type":"Feature","geometry":{"type":"LineString","coordinates":[[101.6049,3.5873],[101.6045,3.5877],[101.6044,3.5878],[101.6038,3.5892],[101.604,3.5902],[101.6041,3.5902],[101.6049,3.5905],[101.6052,3.5906],[101.6054,3.5912],[101.6054,3.5916],[101.6052,3.5924],[101.6049,3.5939],[101.6038,3.5957],[101.6039,3.5958],[101.604,3.5958],[101.6041,3.5959],[101.6041,3.5965],[101.6042,3.5965],[101.6051,3.5973],[101.6057,3.5997]]},"properties":{"name":"Sungai Chanbang","kind":"River"}},
{"type":"Feature","geometry":{"type":"LineString","coordinates":[[101.558,3.5171],[101.5565,3.5172],[101.5562,3.5179],[101.5551,3.5185],[101.5532,3.5183],[101.5526,3.5188],[101.5498,3.5193],[101.549,3.5211]]},"properties":{"name":"Sungai Juagang","kind":"River"}},
{"type":"Feature","geometry":{"type":"LineString","coordinates":[[101.5639,3.5003],[101.5656,3.5002],[101.5664,3.4994],[101.5673,3.4999],[101.5682,3.4992],[101.5698,3.4993],[101.5703,3.4997],[101.5722,3.5],[101.5744,3.5027],[101.5777,3.5041],[101.5782,3.5053],[101.58,3.5057],[101.5809,3.5066],[101.5827,3.5071],[101.5829,3.5085],[101.5839,3.5112],[101.5864,3.5117],[101.5868,3.513],[101.5882,3.514],[101.5885,3.518]]},"properties":{"name":"Sungai Beruang","kind":"River"}},
{"type":"Feature","geometry":{"type":"LineString","coordinates":[[101.5805,3.5445],[101.5813,3.5445],[101.585,3.5454],[101.5856,3.5462],[101.5876,3.5504],[101.5919,3.5486],[101.5947,3.5448],[101.5954,3.5422]]},"properties":{"name":"Sungai Ledang","kind":"River"}},
{"type":"Feature","geometry":{"type":"LineString","coordinates":[[101.5815,3.5785],[101.5805,3.5778],[101.5798,3.5783],[101.5778,3.5784],[101.5766,3.579],[101.5746,3.5786],[101.5724,3.5791],[101.5712,3.5788],[101.5696,3.5793],[101.5691,3.5804],[101.5674,3.5818]]},"properties":{"name":"Sungai Lewai","kind":"River"}},
{"type":"Feature","geometry":{"type":"LineString","coordinates":[[101.5852,3.5969],[101.5845,3.5945],[101.5832,3.5926],[101.5811,3.5911],[101.5791,3.5882],[101.5791,3.5877],[101.5784,3.5854],[101.5788,3.5838],[101.5797,3.5826],[101.5814,3.5813],[101.5812,3.5792],[101.5815,3.5785],[101.5821,3.5772]]},"properties":{"name":"Sungai Ngot","kind":"River"}},
{"type":"Feature","geometry":{"type":"LineString","coordinates":[[101.5937,3.4598],[101.5949,3.4584],[101.595,3.4584],[101.5964,3.4592],[101.5965,3.4593],[101.5965,3.4592],[101.5968,3.4583],[101.5968,3.4582],[101.5973,3.4577],[101.5976,3.4574],[101.5985,3.4573],[101.6016,3.4553],[101.6023,3.456]]},"properties":{"name":"Sungai Geriang","kind":"River"}},
{"type":"Feature","geometry":{"type":"LineString","coordinates":[[101.544,3.2815],[101.5463,3.2831],[101.5465,3.2831],[101.547,3.2837],[101.5467,3.2866],[101.5461,3.2872]]},"properties":{"name":"Anak Sungai Serai","kind":"River"}},
{"type":"Feature","geometry":{"type":"LineString","coordinates":[[101.5403,3.281],[101.5403,3.2813],[101.54,3.2825],[101.5394,3.2825],[101.538,3.2846],[101.5386,3.2858],[101.5379,3.2874],[101.5361,3.2891],[101.5351,3.2904],[101.5326,3.2927]]},"properties":{"name":"Sungai Pechah Mangkok","kind":"River"}},
{"type":"Feature","geometry":{"type":"LineString","coordinates":[[101.4764,3.3042],[101.4725,3.3019],[101.4716,3.3023],[101.4711,3.3],[101.4706,3.2993],[101.4705,3.2992],[101.4698,3.2967],[101.4689,3.2952],[101.4665,3.2925],[101.4646,3.2907],[101.4638,3.2903],[101.4638,3.2888],[101.4638,3.2887],[101.4629,3.2865],[101.4623,3.2864],[101.4622,3.2864],[101.4601,3.2876]]},"properties":{"name":"Sungai Lubok Moyang","kind":"River"}},
{"type":"Feature","geometry":{"type":"LineString","coordinates":[[101.4897,3.2983],[101.4896,3.2982],[101.4894,3.298],[101.4888,3.2966],[101.4885,3.2953],[101.4878,3.2944],[101.4879,3.2936],[101.4889,3.2916],[101.4883,3.2905]]},"properties":{"name":"Anak Sungai Ayer Hitam","kind":"River"}},
{"type":"Feature","geometry":{"type":"LineString","coordinates":[[101.5053,3.3096],[101.504,3.3091],[101.503,3.3093],[101.5002,3.3092],[101.4999,3.3093],[101.4971,3.3113],[101.4965,3.3126],[101.4952,3.3139],[101.4943,3.3142],[101.4939,3.3153]]},"properties":{"name":"Sungai Kangar","kind":"River"}},
{"type":"Feature","geometry":{"type":"LineString","coordinates":[[101.4766,3.3042],[101.4767,3.3045],[101.4766,3.3046],[101.4768,3.3073],[101.4774,3.3095],[101.4776,3.3112],[101.4773,3.3135],[101.4778,3.3144],[101.4758,3.3185],[101.4752,3.319],[101.4751,3.3191],[101.4734,3.3191],[101.4721,3.3191],[101.4718,3.3191]]},"properties":{"name":"Sungai Batu Arang","kind":"River"}},
{"type":"Feature","geometry":{"type":"LineString","coordinates":[[101.5233,3.2985],[101.5223,3.3006],[101.5222,3.3008],[101.5217,3.3011],[101.5217,3.3012],[101.5203,3.3042],[101.5202,3.3058],[101.5206,3.3072],[101.5214,3.3083]]},"properties":{"name":"Sungai Biyuku","kind":"River"}},
{"type":"Feature","geometry":{"type":"LineString","coordinates":[[101.5142,3.3177],[101.514,3.3179],[101.5128,3.3185],[101.5126,3.3184],[101.5116,3.3176],[101.5095,3.3172],[101.5085,3.3166],[101.5075,3.3165],[101.5072,3.3164],[101.5071,3.3163],[101.5049,3.3158],[101.5023,3.3162],[101.5022,3.3162],[101.5018,3.3165],[101.5019,3.3195],[101.5016,3.3199],[101.5021,3.3215]]},"properties":{"name":"Sungai Jelutong","kind":"River"}},
{"type":"Feature","geometry":{"type":"LineString","coordinates":[[101.5381,3.5647],[101.5392,3.5652],[101.5395,3.5661],[101.5398,3.5662],[101.5409,3.5677],[101.5412,3.5696],[101.5407,3.5709],[101.5408,3.572],[101.54,3.5732],[101.5398,3.5744],[101.5425,3.5749],[101.5427,3.575],[101.5435,3.5752],[101.5449,3.5781],[101.546,3.5791],[101.5473,3.5795],[101.549,3.5816],[101.5491,3.5816],[101.5501,3.5823],[101.5502,3.5822],[101.5523,3.5822]]},"properties":{"name":"Sungai Sebai","kind":"River"}},
{"type":"Feature","geometry":{"type":"LineString","coordinates":[[101.4869,3.5029],[101.4888,3.5038],[101.4896,3.5036],[101.4918,3.5042],[101.4922,3.5037],[101.4926,3.5031],[101.4945,3.5034],[101.4958,3.5019],[101.4985,3.5],[101.5007,3.4988],[101.5008,3.4988],[101.5023,3.4978],[101.5032,3.4962],[101.5046,3.495],[101.506,3.4952],[101.5091,3.4956],[101.5108,3.4939],[101.5118,3.4937],[101.512,3.4933],[101.5129,3.4922],[101.5144,3.4913],[101.5154,3.4908],[101.5154,3.4909],[101.5167,3.4901]]},"properties":{"name":"Sungai Bangkar","kind":"River"}},
{"type":"Feature","geometry":{"type":"LineString","coordinates":[[101.5144,3.4913],[101.5138,3.4913],[101.5127,3.49],[101.5087,3.4898],[101.5069,3.4888],[101.5058,3.4891],[101.5035,3.4889],[101.5024,3.4896],[101.5011,3.4893]]},"properties":{"name":"Sungai Ranting","kind":"River"}},
{"type":"Feature","geometry":{"type":"LineString","coordinates":[[101.5369,3.4943],[101.5361,3.49],[101.5362,3.4899],[101.5359,3.4867],[101.5354,3.4849]]},"properties":{"name":"Sungai Terap","kind":"River"}},
{"type":"Feature","geometry":{"type":"LineString","coordinates":[[101.5457,3.4777],[101.5457,3.4752],[101.5458,3.4748],[101.5444,3.4728],[101.5443,3.4697],[101.5435,3.4679],[101.5441,3.4672],[101.5434,3.4655]]},"properties":{"name":"Sungai Nilam","kind":"River"}},
{"type":"Feature","geometry":{"type":"LineString","coordinates":[[101.5545,3.4725],[101.5554,3.4727],[101.5583,3.472],[101.5602,3.472],[101.5609,3.4724]]},"properties":{"name":"Sungai Palawan","kind":"River"}},
{"type":"Feature","geometry":{"type":"LineString","coordinates":[[101.381,3.736],[101.3812,3.7358],[101.3813,3.7358],[101.3828,3.7343],[101.3832,3.7327],[101.3832,3.7305],[101.3836,3.7299],[101.382,3.7264],[101.3819,3.7247],[101.3812,3.7234],[101.3803,3.7227],[101.3788,3.7224],[101.3736,3.7222],[101.3723,3.7219],[101.3713,3.7212],[101.3696,3.7219],[101.3682,3.7213],[101.3672,3.7216],[101.3656,3.7209],[101.3618,3.7204],[101.3566,3.7178],[101.3526,3.7142],[101.3515,3.7117],[101.3495,3.7106],[101.3481,3.7112],[101.3471,3.7112]]},"properties":{"name":"Sungai Gedangsa","kind":"River"}},
{"type":"Feature","geometry":{"type":"LineString","coordinates":[[101.4595,3.7163],[101.4602,3.7144],[101.4609,3.7142],[101.4621,3.7117],[101.464,3.7099],[101.4641,3.708],[101.4659,3.7078],[101.4668,3.7073],[101.4671,3.7052],[101.4669,3.7043],[101.4674,3.7029],[101.4692,3.7015],[101.4694,3.7008],[101.4704,3.699],[101.4704,3.6989],[101.47,3.6976],[101.4704,3.6961],[101.4689,3.6944],[101.4687,3.693],[101.4689,3.6899],[101.4688,3.6899],[101.4686,3.6889],[101.4675,3.6875],[101.4679,3.687],[101.467,3.686],[101.4672,3.6848],[101.4661,3.6836],[101.4662,3.6822],[101.4651,3.6816],[101.4634,3.6817],[101.4619,3.6826]]},"properties":{"name":"Sungai Serigala","kind":"River"}},
{"type":"Feature","geometry":{"type":"LineString","coordinates":[[101.8863,2.8746],[101.8854,2.8746],[101.8853,2.8747],[101.8842,2.8762],[101.883,2.8769],[101.8812,2.8761],[101.8795,2.8746],[101.8794,2.8745],[101.8776,2.8743],[101.8759,2.8746],[101.8751,2.8741],[101.8732,2.8732],[101.8713,2.8727]]},"properties":{"name":"Sungai Jai","kind":"River"}},
{"type":"Feature","geometry":{"type":"LineString","coordinates":[[101.8568,2.8947],[101.8573,2.8947],[101.8574,2.8947],[101.8578,2.8947],[101.8579,2.8947],[101.8591,2.8948],[101.8592,2.8948],[101.8605,2.8948],[101.8606,2.8948],[101.8614,2.8947],[101.8615,2.8934],[101.8633,2.8934],[101.8634,2.8923],[101.8634,2.8922],[101.8634,2.8891],[101.8634,2.8886],[101.8634,2.8868],[101.8628,2.8856],[101.8627,2.8851],[101.8625,2.8844],[101.8616,2.8811],[101.8603,2.8788],[101.8586,2.8763]]},"properties":{"name":"Sungai Kabul","kind":"River"}},
{"type":"Feature","geometry":{"type":"LineString","coordinates":[[101.8727,2.9037],[101.8745,2.9025],[101.876,2.9019],[101.8765,2.9011],[101.8769,2.901],[101.877,2.9009],[101.8773,2.9008],[101.8777,2.9006],[101.8782,2.9004],[101.8783,2.9004],[101.8792,2.8993],[101.8785,2.8977],[101.8789,2.8968],[101.8781,2.8958],[101.8772,2.8936],[101.8772,2.8909],[101.876,2.8887],[101.8752,2.888],[101.8756,2.8856]]},"properties":{"name":"Suak Mengkarang","kind":"River"}},
{"type":"Feature","geometry":{"type":"LineString","coordinates":[[101.5949,3.3037],[101.5951,3.3037],[101.597,3.3039],[101.5971,3.3041],[101.5971,3.3043],[101.5975,3.3057],[101.5985,3.3059],[101.5986,3.306],[101.6,3.3072],[101.601,3.307],[101.6021,3.3063],[101.6047,3.3062],[101.6062,3.3054],[101.608,3.3059]]},"properties":{"name":"Sungai Terentang","kind":"River"}},
{"type":"Feature","geometry":{"type":"LineString","coordinates":[[101.5509,3.6588],[101.5521,3.6598],[101.5557,3.6614],[101.5588,3.6618],[101.5609,3.6611],[101.5622,3.6593],[101.5632,3.6589],[101.565,3.6593],[101.5663,3.6604]]},"properties":{"name":"Sungai Keliang","kind":"River"}},
{"type":"Feature","geometry":{"type":"LineString","coordinates":[[101.6711,3.6819],[101.6698,3.6832],[101.6685,3.6855],[101.6668,3.6872],[101.6669,3.6897],[101.6662,3.6938]]},"properties":{"name":"Sungai Lirik","kind":"River"}},
{"type":"Feature","geometry":{"type":"LineString","coordinates":[[101.677,3.707],[101.678,3.7061],[101.6781,3.7046],[101.6773,3.7031],[101.6761,3.7024],[101.6758,3.7005],[101.675,3.6986],[101.6741,3.6971],[101.6748,3.6958],[101.6742,3.6925],[101.6745,3.6916],[101.6732,3.6906],[101.6729,3.6882],[101.6729,3.6868],[101.6714,3.6842],[101.6711,3.6819],[101.6707,3.6791],[101.6707,3.6767]]},"properties":{"name":"Sungai Genohong","kind":"River"}},
{"type":"Feature","geometry":{"type":"LineString","coordinates":[[101.7422,3.6713],[101.7448,3.6719],[101.7464,3.6718],[101.7485,3.671],[101.7488,3.6711],[101.7519,3.6713],[101.7532,3.6708],[101.7548,3.6709],[101.7559,3.6714],[101.7568,3.6711]]},"properties":{"name":"Sungai Semangkuk","kind":"River"}},
{"type":"Feature","geometry":{"type":"LineString","coordinates":[[101.5156,3.6265],[101.516,3.6275],[101.518,3.6281],[101.5188,3.6296],[101.5199,3.6302],[101.5201,3.6312],[101.5189,3.6325],[101.5188,3.6354],[101.5174,3.6368],[101.5161,3.6393],[101.5134,3.6406],[101.5115,3.6427],[101.5116,3.6449],[101.5111,3.6453],[101.5086,3.6455],[101.5077,3.647],[101.5068,3.6471],[101.5045,3.6465],[101.5031,3.6471],[101.5019,3.6499],[101.5016,3.6515],[101.5006,3.6533],[101.4995,3.6532]]},"properties":{"name":"Sungai Belata","kind":"River"}},
{"type":"Feature","geometry":{"type":"LineString","coordinates":[[101.3805,3.7946],[101.3821,3.7937],[101.3833,3.7943],[101.3848,3.794],[101.3859,3.7949],[101.3872,3.7953]]},"properties":{"name":"Sungai Badak","kind":"River"}},
{"type":"Feature","geometry":{"type":"LineString","coordinates":[[101.3381,3.7952],[101.3402,3.796],[101.3399,3.7974],[101.3408,3.7983],[101.341,3.7991],[101.3422,3.8008],[101.3424,3.8017],[101.344,3.8028],[101.3445,3.8044],[101.3443,3.805],[101.3459,3.8068],[101.3455,3.8074],[101.3461,3.8097],[101.3459,3.8135],[101.3454,3.8141],[101.3431,3.8157],[101.3422,3.8154],[101.3406,3.8162],[101.3395,3.8174],[101.3398,3.8183],[101.3388,3.8197],[101.3361,3.8203],[101.3337,3.8222],[101.3318,3.8225],[101.3296,3.8246],[101.3282,3.8248],[101.3272,3.8262],[101.3268,3.8289],[101.326,3.83],[101.3252,3.8323],[101.3241,3.8339],[101.3199,3.8353],[101.3186,3.8355],[101.3174,3.8365],[101.3168,3.8363],[101.3091,3.8418],[101.3034,3.8434],[101.3014,3.8451],[101.2999,3.8457]]},"properties":{"name":"Sungai Tras","kind":"River"}}
]}