{"type":"FeatureCollection","features":[{"type":"Feature","properties":{"name":"SMK Tasik Kesuma","category":"school"},"geometry":{"type":"Point","coordinates":[101.87069,2.89925]}},{"type":"Feature","properties":{"name":"Institut Latihan Pihak Berkuasa Tempatan","category":"school"},"geometry":{"type":"Point","coordinates":[101.44271,2.75147]}},{"type":"Feature","properties":{"name":"Sekolah Islam Hira'","category":"school"},"geometry":{"type":"Point","coordinates":[101.56394,3.01347]}},{"type":"Feature","properties":{"name":"Sekolah Integrasi Shah Alam","category":"school","address":"16, 40000, Shah Alam"},"geometry":{"type":"Point","coordinates":[101.5098,3.08151]}},{"type":"Feature","properties":{"name":"SK Salak","category":"school"},"geometry":{"type":"Point","coordinates":[101.74701,2.79673]}},{"type":"Feature","properties":{"name":"SK Agama Integrasi Salak Tinggi","category":"school"},"geometry":{"type":"Point","coordinates":[101.74973,2.79444]}},{"type":"Feature","properties":{"name":"SK Jalan Semenyih 1 & 2 (Integ)","category":"school","address":"Kajang"},"geometry":{"type":"Point","coordinates":[101.79458,2.99333]}},{"type":"Feature","properties":{"name":"SJK (T) Kajang","category":"school","address":"Kajang"},"geometry":{"type":"Point","coordinates":[101.79504,2.9944]}},{"type":"Feature","properties":{"name":"KAFA Integrasi Al-Ikhwan","category":"school"},"geometry":{"type":"Point","coordinates":[101.56871,3.21424]}},{"type":"Feature","properties":{"name":"Kampus Perguruan Islam","category":"school"},"geometry":{"type":"Point","coordinates":[101.7494,2.94604]}},{"type":"Feature","properties":{"name":"PERMATA","category":"school"},"geometry":{"type":"Point","coordinates":[101.73733,2.96305]}},{"type":"Feature","properties":{"name":"SRA Sungai Ramal Dalam","category":"school","address":"Kajang"},"geometry":{"type":"Point","coordinates":[101.75789,2.96999]}},{"type":"Feature","properties":{"name":"R.E.A.L Kids Ampang","category":"school"},"geometry":{"type":"Point","coordinates":[101.75422,3.15321]}},{"type":"Feature","properties":{"name":"SRA Bukit Kapar Barat","category":"school","address":"Jalan Durian, 42200"},"geometry":{"type":"Point","coordinates":[101.42145,3.16138]}},{"type":"Feature","properties":{"name":"SRA Bukit Kapar Timur","category":"school"},"geometry":{"type":"Point","coordinates":[101.43497,3.16685]}},{"type":"Feature","properties":{"name":"Sekolah Rendah Agama Sungai Kantan 3","category":"school"},"geometry":{"type":"Point","coordinates":[101.79755,3.00705]}},{"type":"Feature","properties":{"name":"Honsbridge Academy","category":"school"},"geometry":{"type":"Point","coordinates":[101.59232,3.1523]}},{"type":"Feature","properties":{"name":"SK Sungai Serai","category":"school"},"geometry":{"type":"Point","coordinates":[101.54698,3.28133]}},{"type":"Feature","properties":{"name":"Sekolah Agama KAFA As-Syakirin","category":"school","address":"43500"},"geometry":{"type":"Point","coordinates":[101.86328,2.93091]}},{"type":"Feature","properties":{"name":"Sekolah Kebangsaan Batu Laut","category":"school"},"geometry":{"type":"Point","coordinates":[101.51509,2.67627]}},{"type":"Feature","properties":{"name":"Sekolah Menengah Kebangsaan Batu Laut","category":"school"},"geometry":{"type":"Point","coordinates":[101.51512,2.67795]}},{"type":"Feature","properties":{"name":"Pusat Tuition Denai Alam Utama","category":"school","address":"Jalan U16/F, 40800"},"geometry":{"type":"Point","coordinates":[101.5132,3.16163]}},{"type":"Feature","properties":{"name":"Touch Learning Center","category":"school"},"geometry":{"type":"Point","coordinates":[101.75778,3.13828]}},{"type":"Feature","properties":{"name":"Greenview International School","category":"school"},"geometry":{"type":"Point","coordinates":[101.52815,3.10302]}},{"type":"Feature","properties":{"name":"Pusat Pengajian Al Quran Teknik al-Baghdadi","category":"school"},"geometry":{"type":"Point","coordinates":[101.52834,3.10315]}},{"type":"Feature","properties":{"name":"KUMON","category":"school"},"geometry":{"type":"Point","coordinates":[101.5351,3.10714]}},{"type":"Feature","properties":{"name":"Algebra Training & Consultant","category":"school"},"geometry":{"type":"Point","coordinates":[101.5361,3.09806]}},{"type":"Feature","properties":{"name":"iMuslim Academy","category":"school"},"geometry":{"type":"Point","coordinates":[101.53648,3.09673]}},{"type":"Feature","properties":{"name":"SAM Singapore Maths Subang USJ","category":"school","address":"47-1 Jalan USJ 21/11, 47630"},"geometry":{"type":"Point","coordinates":[101.58203,3.02387]}},{"type":"Feature","properties":{"name":"SAM Singapore Maths Meranti Jaya","category":"school","address":"161-2 Jalan Meranti Jaya 3/1, 47100"},"geometry":{"type":"Point","coordinates":[101.60498,2.97946]}},{"type":"Feature","properties":{"name":"SAM Singapore Maths Bandar Puteri Puchong","category":"school","address":"11-1 Jalan Puteri 2/7, 47100"},"geometry":{"type":"Point","coordinates":[101.61844,3.02316]}},{"type":"Feature","properties":{"name":"TTC Education","category":"school"},"geometry":{"type":"Point","coordinates":[101.58698,3.04728]}},{"type":"Feature","properties":{"name":"Sekolah Kebangsaan Sg Tua Baharu","category":"school","address":"Jalan Melati, Kg Sg Tua Baharu, Batu Caves, 68100"},"geometry":{"type":"Point","coordinates":[101.67375,3.25509]}},{"type":"Feature","properties":{"name":"Pusat Tuisyen Inisiatif","category":"school"},"geometry":{"type":"Point","coordinates":[101.5869,3.04716]}},{"type":"Feature","properties":{"name":"Tuisyen Kancil","category":"school"},"geometry":{"type":"Point","coordinates":[101.58743,3.04759]}},{"type":"Feature","properties":{"name":"Sekolah Menengah Islam Zadut Taqwa","category":"school"},"geometry":{"type":"Point","coordinates":[101.53954,3.08144]}},{"type":"Feature","properties":{"name":"KAFA Integrasi Kampung Pinang Tunggal","category":"school","address":"Jalan PJS 1/52, 46000, Petaling Jaya"},"geometry":{"type":"Point","coordinates":[101.65418,3.07774]}},{"type":"Feature","properties":{"name":"KAFA Integrasi Al-Islah","category":"school","address":"Petaling Jaya"},"geometry":{"type":"Point","coordinates":[101.64278,3.07449]}},{"type":"Feature","properties":{"name":"SK Bukit Changgang","category":"school","address":"Banting"},"geometry":{"type":"Point","coordinates":[101.62756,2.832]}},{"type":"Feature","properties":{"name":"SRA Bukit Changgang","category":"school","address":"Banting"},"geometry":{"type":"Point","coordinates":[101.62829,2.83201]}},{"type":"Feature","properties":{"name":"Maahad Tahfiz D-Itqan","category":"school","address":"Banting"},"geometry":{"type":"Point","coordinates":[101.59874,2.83547]}},{"type":"Feature","properties":{"name":"SRA Olak Lempit","category":"school","address":"Banting"},"geometry":{"type":"Point","coordinates":[101.58661,2.83825]}},{"type":"Feature","properties":{"name":"Sekolah Rendah Islam Integrasi At-Taqwa","category":"school","address":"Banting"},"geometry":{"type":"Point","coordinates":[101.63256,2.82447]}},{"type":"Feature","properties":{"name":"Maahad Tahfiz Miftah Al-Ulum","category":"school","address":"Banting"},"geometry":{"type":"Point","coordinates":[101.64466,2.83862]}},{"type":"Feature","properties":{"name":"Kem Bina At-Taqwa","category":"school","address":"Banting"},"geometry":{"type":"Point","coordinates":[101.64403,2.84273]}},{"type":"Feature","properties":{"name":"Madrasah Tahfiz Lil Banin","category":"school","address":"Banting"},"geometry":{"type":"Point","coordinates":[101.63063,2.83693]}},{"type":"Feature","properties":{"name":"SRA Dato Ahmad Razali","category":"school","address":"Dengkil"},"geometry":{"type":"Point","coordinates":[101.66999,2.88046]}},{"type":"Feature","properties":{"name":"Sekolah Kiblah Dengkil","category":"school"},"geometry":{"type":"Point","coordinates":[101.68849,2.85366]}},{"type":"Feature","properties":{"name":"SK Antara Gapi","category":"school","address":"Serendah"},"geometry":{"type":"Point","coordinates":[101.63,3.42212]}},{"type":"Feature","properties":{"name":"SJK (T) Sungai Manggis","category":"school","address":"42700, Banting"},"geometry":{"type":"Point","coordinates":[101.54106,2.82722]}},{"type":"Feature","properties":{"name":"SAR Darus Salim","category":"school","address":"Jalan Sempadan Batu 7, Teluk Panglima Garang"},"geometry":{"type":"Point","coordinates":[101.44149,2.95043]}},{"type":"Feature","properties":{"name":"SK Jalan Tanjung","category":"school","address":"Teluk Panglima Garang"},"geometry":{"type":"Point","coordinates":[101.43636,2.92428]}},{"type":"Feature","properties":{"name":"Kompleks Darul Thibbun Nabawi (MATAN)","category":"school","address":"Shah Alam"},"geometry":{"type":"Point","coordinates":[101.51717,3.08923]}},{"type":"Feature","properties":{"name":"KAFA Integrasi Nahdatul Islamiah","category":"school","address":"alan PJS 4/16, 46000, Petaling Jaya"},"geometry":{"type":"Point","coordinates":[101.63033,3.07321]}},{"type":"Feature","properties":{"name":"SRA Labohan Dagang","category":"school","address":"Banting"},"geometry":{"type":"Point","coordinates":[101.61061,2.80433]}},{"type":"Feature","properties":{"name":"Nuh's Ark Islamic Montessori","category":"school","address":"Shah Alam"},"geometry":{"type":"Point","coordinates":[101.49851,3.08142]}},{"type":"Feature","properties":{"name":"Madrasati Islamic School","category":"school","address":"Shah Alam"},"geometry":{"type":"Point","coordinates":[101.49835,3.08149]}},{"type":"Feature","properties":{"name":"Amsa Driving Academy","category":"school","address":"Kajang"},"geometry":{"type":"Point","coordinates":[101.79357,2.99108]}},{"type":"Feature","properties":{"name":"SJK (C) Sungai Chua","category":"school","address":"Kajang"},"geometry":{"type":"Point","coordinates":[101.7707,2.98847]}},{"type":"Feature","properties":{"name":"SRA Taman Kajang Raya","category":"school","address":"Kajang"},"geometry":{"type":"Point","coordinates":[101.77765,2.98048]}},{"type":"Feature","properties":{"name":"SRA Batang Kali","category":"school","address":"Jalan Batang Kali - Ulu Yam, 44300, Batang Kali"},"geometry":{"type":"Point","coordinates":[101.6447,3.46664]}},{"type":"Feature","properties":{"name":"BM Tuition","category":"school"},"geometry":{"type":"Point","coordinates":[101.58217,3.06052]}},{"type":"Feature","properties":{"name":"SK Ampang Pecah","category":"school","address":"Kuala Kubu Bharu"},"geometry":{"type":"Point","coordinates":[101.66265,3.54208]}},{"type":"Feature","properties":{"name":"SMK Ampang Pecah","category":"school","address":"Kuala Kubu Bharu"},"geometry":{"type":"Point","coordinates":[101.6635,3.54172]}},{"type":"Feature","properties":{"name":"Madrasah Darul Atiq","category":"school","address":"Kuala Kubu Bharu"},"geometry":{"type":"Point","coordinates":[101.6333,3.52297]}},{"type":"Feature","properties":{"name":"SMK Dato Haji Kamaruddin","category":"school","address":"Kuala Kubu Bharu"},"geometry":{"type":"Point","coordinates":[101.65809,3.56707]}},{"type":"Feature","properties":{"name":"Sekolah Kebangsaan Kuala Kubu Bharu Satu","category":"school","address":"Kuala Kubu Bharu"},"geometry":{"type":"Point","coordinates":[101.65752,3.56757]}},{"type":"Feature","properties":{"name":"Sekolah Kebangsaan Kuala Kubu Bharu Dua","category":"school","address":"Kuala Kubu Bharu"},"geometry":{"type":"Point","coordinates":[101.65733,3.56828]}},{"type":"Feature","properties":{"name":"Sekolah Kebangsaan Tun Abdul Razak","category":"school","address":"Kuala Kubu Bharu"},"geometry":{"type":"Point","coordinates":[101.65453,3.57331]}},{"type":"Feature","properties":{"name":"SAR Kafa Ar-Raudhah","category":"school","address":"Bukit Beruntung"},"geometry":{"type":"Point","coordinates":[101.59139,3.43161]}},{"type":"Feature","properties":{"name":"School of Tahfiz Al-Quran and Arabic Malaysia","category":"school","address":"Jalan Medan Pusat Bandar 7a, Bandar Baru Bangi"},"geometry":{"type":"Point","coordinates":[101.75633,2.96088]}},{"type":"Feature","properties":{"name":"SJK(C)Hai Ping 双武隆海滨华文小学","category":"school"},"geometry":{"type":"Point","coordinates":[100.93756,3.69252]}},{"type":"Feature","properties":{"name":"SJK(C) Lum Hua 沙白安南南华华文小学","category":"school"},"geometry":{"type":"Point","coordinates":[100.9853,3.76902]}},{"type":"Feature","properties":{"name":"Seri Restu","category":"school"},"geometry":{"type":"Point","coordinates":[101.58641,3.04605]}},{"type":"Feature","properties":{"name":"KAFA Integrasi Puncak Alam 3","category":"school","address":"Jalan Astana A 13/E, Puncak Alam"},"geometry":{"type":"Point","coordinates":[101.42621,3.24549]}},{"type":"Feature","properties":{"name":"Maahad Tahfiz Darul Hafidzin","category":"school","address":"Klang"},"geometry":{"type":"Point","coordinates":[101.39503,3.05585]}},{"type":"Feature","properties":{"name":"SJK (T) Ladang Kerling","category":"school","address":"Kerling"},"geometry":{"type":"Point","coordinates":[101.58717,3.56718]}},{"type":"Feature","properties":{"name":"SRA Syed Masyhur","category":"school","address":"44100, Kerling"},"geometry":{"type":"Point","coordinates":[101.59966,3.58629]}},{"type":"Feature","properties":{"name":"Cambridge English For Life (CEFL)","category":"school","address":"C-23A-2 Jalan C180/1, 43200, Cheras"},"geometry":{"type":"Point","coordinates":[101.76617,3.03541]}},{"type":"Feature","properties":{"name":"SK Seri Utama","category":"school"},"geometry":{"type":"Point","coordinates":[100.98659,3.68035]}},{"type":"Feature","properties":{"name":"Forte Performing Arts","category":"school","address":"2A Jalan Kerja Ayer Lama, 68000"},"geometry":{"type":"Point","coordinates":[101.75893,3.16087]}},{"type":"Feature","properties":{"name":"Hall","category":"school"},"geometry":{"type":"Point","coordinates":[101.63929,2.91803]}},{"type":"Feature","properties":{"name":"Sekolah Kebangsaan Bandar Rinching","category":"school"},"geometry":{"type":"Point","coordinates":[101.84937,2.92609]}},{"type":"Feature","properties":{"name":"Sekolah Kebangsaan Parit Enam","category":"school"},"geometry":{"type":"Point","coordinates":[101.00688,3.71218]}},{"type":"Feature","properties":{"name":"Australian International School Malaysia","category":"school","address":"22 Jalan Anggerik, 43300, Seri Kembangan"},"geometry":{"type":"Point","coordinates":[101.72326,3.02083]}},{"type":"Feature","properties":{"name":"Pusat Tuisen Seroja","category":"school"},"geometry":{"type":"Point","coordinates":[101.54827,2.93333]}},{"type":"Feature","properties":{"name":"tadika kemas layang labi","category":"school"},"geometry":{"type":"Point","coordinates":[101.61803,2.79517]}},{"type":"Feature","properties":{"name":"SRA Bukit Bangkong","category":"school"},"geometry":{"type":"Point","coordinates":[101.67341,2.66054]}},{"type":"Feature","properties":{"name":"Makmal Sains","category":"school"},"geometry":{"type":"Point","coordinates":[101.44555,2.82715]}},{"type":"Feature","properties":{"name":"Bengkel Elektrik","category":"school"},"geometry":{"type":"Point","coordinates":[101.4453,2.82679]}},{"type":"Feature","properties":{"name":"Bengkel Kayu","category":"school"},"geometry":{"type":"Point","coordinates":[101.44529,2.8267]}},{"type":"Feature","properties":{"name":"Bengkel Paip","category":"school"},"geometry":{"type":"Point","coordinates":[101.4453,2.8266]}},{"type":"Feature","properties":{"name":"Dataran As-Saadah","category":"school"},"geometry":{"type":"Point","coordinates":[101.44562,2.82726]}},{"type":"Feature","properties":{"name":"SJK (C) Sin Bin","category":"school"},"geometry":{"type":"Point","coordinates":[101.27707,3.04041]}},{"type":"Feature","properties":{"name":"Kingsgate International School","category":"school"},"geometry":{"type":"Point","coordinates":[101.69128,3.04408]}},{"type":"Feature","properties":{"name":"SK Lobok Pusing","category":"school"},"geometry":{"type":"Point","coordinates":[101.0736,3.76067]}},{"type":"Feature","properties":{"name":"SK Tok Khalifah","category":"school"},"geometry":{"type":"Point","coordinates":[101.07333,3.72849]}},{"type":"Feature","properties":{"name":"Sekolah Rendah Agama Sg Balak","category":"school"},"geometry":{"type":"Point","coordinates":[101.77143,3.01523]}},{"type":"Feature","properties":{"name":"Kafa Integrasi As-Syakirin","category":"school"},"geometry":{"type":"Point","coordinates":[101.74604,3.05165]}},{"type":"Feature","properties":{"name":"Sekolah Rendah Agama Bukit Naga","category":"school"},"geometry":{"type":"Point","coordinates":[101.50458,2.99389]}},{"type":"Feature","properties":{"name":"Sekolah KAFA Integrasi Ar-Rahmaniah","category":"school"},"geometry":{"type":"Point","coordinates":[101.75862,3.14747]}},{"type":"Feature","properties":{"name":"Sekolah Menengah Agama (A) ILMI","category":"school","address":"22 Jalan Rasmi 7"},"geometry":{"type":"Point","coordinates":[101.77031,3.15272]}},{"type":"Feature","properties":{"name":"Sekolah Rendah Islam Integrasi ILMI","category":"school","address":"Jalan Rasmi 7"},"geometry":{"type":"Point","coordinates":[101.77036,3.1528]}},{"type":"Feature","properties":{"name":"KAFA Integrasi Al Falah Kampung Idaman","category":"school","address":"Jalan Banting, Pelabuhan Klang"},"geometry":{"type":"Point","coordinates":[101.42054,2.9932]}},{"type":"Feature","properties":{"name":"SRI Al-Thaqafah","category":"school","address":"3A Jalan Anggerik Tania 31/AX, 40460, Shah Alam"},"geometry":{"type":"Point","coordinates":[101.53155,2.98466]}},{"type":"Feature","properties":{"name":"Victoria International School","category":"school"},"geometry":{"type":"Point","coordinates":[101.53394,2.82288]}},{"type":"Feature","properties":{"name":"Sekolah Rendah Sri Al-Amin","category":"school","address":"Bangi"},"geometry":{"type":"Point","coordinates":[101.78957,2.94262]}},{"type":"Feature","properties":{"name":"Sekolah Menengah Sri Al-Amin Bangi","category":"school"},"geometry":{"type":"Point","coordinates":[101.78963,2.94352]}},{"type":"Feature","properties":{"name":"Tadika ceria az zahrah","category":"school"},"geometry":{"type":"Point","coordinates":[101.42412,3.04266]}},{"type":"Feature","properties":{"name":"Hua Xia International School","category":"school"},"geometry":{"type":"Point","coordinates":[101.72636,3.00462]}},{"type":"Feature","properties":{"name":"SRII Huffaz","category":"school"},"geometry":{"type":"Point","coordinates":[101.48731,3.20335]}},{"type":"Feature","properties":{"name":"Islamic International School Malaysia","category":"school"},"geometry":{"type":"Point","coordinates":[101.7263,3.24735]}},{"type":"Feature","properties":{"name":"International Islamic School Malaysia","category":"school"},"geometry":{"type":"Point","coordinates":[101.72683,3.24735]}},{"type":"Feature","properties":{"name":"Sekolah Rendah Islam As-Sakinah","category":"school","address":"62A & 62B Jalan Nova N U5/N, 40150, Subang Bestari"},"geometry":{"type":"Point","coordinates":[101.54799,3.17634]}},{"type":"Feature","properties":{"name":"Sekolah Rendah Islam Az-Zahrawi","category":"school","address":"28-32"},"geometry":{"type":"Point","coordinates":[101.4286,3.23557]}},{"type":"Feature","properties":{"name":"Young Muslim Centre","category":"school"},"geometry":{"type":"Point","coordinates":[101.54635,3.17629]}},{"type":"Feature","properties":{"name":"Maahad Tahfiz Dar Tarim","category":"school"},"geometry":{"type":"Point","coordinates":[101.54633,3.17608]}},{"type":"Feature","properties":{"name":"Acton Academy","category":"school"},"geometry":{"type":"Point","coordinates":[101.60237,3.12451]}},{"type":"Feature","properties":{"name":"Sekolah Rendah Islam Al-Imtiyaz","category":"school"},"geometry":{"type":"Point","coordinates":[101.65162,2.92358]}},{"type":"Feature","properties":{"name":"Sekolah Rendah Agama Kampung Melayu Subang","category":"school"},"geometry":{"type":"Point","coordinates":[101.53164,3.15025]}},{"type":"Feature","properties":{"name":"KAFA Integrasi Al-Islamiah","category":"school","address":"Lorong PJS 6/3D, 46000, Petaling Jaya"},"geometry":{"type":"Point","coordinates":[101.6145,3.07863]}},{"type":"Feature","properties":{"name":"Sekolah Kebangsaan Assunta (2)","category":"school","address":"Jalan Assunta"},"geometry":{"type":"Point","coordinates":[101.64463,3.09256]}},{"type":"Feature","properties":{"name":"Sekolah Kebangsaan (2) Jalan Selangor","category":"school","address":"Jalan Selangor, Petaling Jaya"},"geometry":{"type":"Point","coordinates":[101.64459,3.09148]}},{"type":"Feature","properties":{"name":"KAFA Integrasi Nurul Yaqin","category":"school"},"geometry":{"type":"Point","coordinates":[101.60314,3.0921]}},{"type":"Feature","properties":{"name":"KAFA Integrasi Al-Ikhlas","category":"school","address":"Jalan SS 3/47, 47300, Petaling Jaya"},"geometry":{"type":"Point","coordinates":[101.61409,3.10744]}},{"type":"Feature","properties":{"name":"KAFA Integrasi Al-Muhtadin","category":"school","address":"Jalan PJU 10/1D, 47830, Petaling Jaya"},"geometry":{"type":"Point","coordinates":[101.59577,3.1944]}},{"type":"Feature","properties":{"name":"KAFA Integrasi Al-Aziziah","category":"school"},"geometry":{"type":"Point","coordinates":[101.63424,3.11231]}},{"type":"Feature","properties":{"name":"Maahad Tahfiz Al-Fadilah","category":"school"},"geometry":{"type":"Point","coordinates":[101.42777,3.24297]}},{"type":"Feature","properties":{"name":"Sekolah Kebangsaan Jalan Selangor (Satu)","category":"school","address":"Jalan Selangor, Petaling Jaya"},"geometry":{"type":"Point","coordinates":[101.64456,3.09195]}},{"type":"Feature","properties":{"name":"Sekolah Kebangsaan Assunta Satu","category":"school","address":"Jalan Assunta"},"geometry":{"type":"Point","coordinates":[101.64462,3.09297]}},{"type":"Feature","properties":{"name":"Heritage International School","category":"school"},"geometry":{"type":"Point","coordinates":[101.63439,3.11594]}},{"type":"Feature","properties":{"name":"Sekolah Rendah Islam Seri Mawaddah","category":"school"},"geometry":{"type":"Point","coordinates":[101.42737,3.24022]}},{"type":"Feature","properties":{"name":"SJKT LADANG SUNGAI BERNAM","category":"school","address":"LADANG SUNGAI BERNAM, 45200, SABAK BERNAM"},"geometry":{"type":"Point","coordinates":[100.93441,3.84367]}},{"type":"Feature","properties":{"name":"Dewan","category":"school"},"geometry":{"type":"Point","coordinates":[101.54422,3.17865]}},{"type":"Feature","properties":{"name":"Sekolah Rendah Islam As-Sakinah","category":"school"},"geometry":{"type":"Point","coordinates":[101.51381,3.1646]}},{"type":"Feature","properties":{"name":"Sekolah Rendah Islam Nur Al-Insyirah","category":"school"},"geometry":{"type":"Point","coordinates":[101.53247,3.18867]}},{"type":"Feature","properties":{"name":"Dewan","category":"school"},"geometry":{"type":"Point","coordinates":[101.54302,3.17948]}},{"type":"Feature","properties":{"name":"Blok Teknik & Vokasional","category":"school"},"geometry":{"type":"Point","coordinates":[101.5438,3.17854]}},{"type":"Feature","properties":{"name":"Kafa Integrasi","category":"school"},"geometry":{"type":"Point","coordinates":[101.42317,3.2435]}},{"type":"Feature","properties":{"name":"Bilik Guru","category":"school"},"geometry":{"type":"Point","coordinates":[101.5429,3.1798]}},{"type":"Feature","properties":{"name":"Blok Akademik 'B'","category":"school"},"geometry":{"type":"Point","coordinates":[101.54378,3.17777]}},{"type":"Feature","properties":{"name":"Bilik Makmal Kimia 1","category":"school"},"geometry":{"type":"Point","coordinates":[101.54336,3.17804]}},{"type":"Feature","properties":{"name":"Bilik Makmal Biologi 2","category":"school"},"geometry":{"type":"Point","coordinates":[101.54337,3.17785]}},{"type":"Feature","properties":{"name":"Bilik Makmal Biologi 1","category":"school"},"geometry":{"type":"Point","coordinates":[101.54338,3.17764]}},{"type":"Feature","properties":{"name":"Dunia Bestari Tuition","category":"school"},"geometry":{"type":"Point","coordinates":[101.54521,3.17766]}},{"type":"Feature","properties":{"name":"KAFA Integrasi Puncak Alam 3","category":"school"},"geometry":{"type":"Point","coordinates":[101.42686,3.24592]}},{"type":"Feature","properties":{"name":"Al-Amin Darul Musthopa","category":"school"},"geometry":{"type":"Point","coordinates":[101.5253,3.18643]}},{"type":"Feature","properties":{"name":"Al-Amin Darul Musthopa","category":"school"},"geometry":{"type":"Point","coordinates":[101.52531,3.18582]}},{"type":"Feature","properties":{"name":"SRA Sungai Tengar","category":"school"},"geometry":{"type":"Point","coordinates":[100.87558,3.82446]}},{"type":"Feature","properties":{"name":"Sekolah Rendah Islam Ummah An-Nur","category":"school"},"geometry":{"type":"Point","coordinates":[101.76975,2.94389]}},{"type":"Feature","properties":{"name":"Sekolah Rendah Islam Wardah Addin","category":"school","address":"43650, Bandar Baru Bangi"},"geometry":{"type":"Point","coordinates":[101.78068,2.93835]}},{"type":"Feature","properties":{"name":"Sekolah Rendah Integrasi Teras Islam Darul Amiin Puncak Alam","category":"school","address":"53&55 Jalan Dataran Suria 15/7/1"},"geometry":{"type":"Point","coordinates":[101.41341,3.23321]}},{"type":"Feature","properties":{"name":"Sekolah Rendah Islam Ummah Al-Hasanah","category":"school"},"geometry":{"type":"Point","coordinates":[101.75228,2.96401]}},{"type":"Feature","properties":{"name":"Sekolah Rendah Islam Integrasi Tahfiz As Syakirin","category":"school","address":"Jalan Seri Putra 1/5A, 43000, Kajang"},"geometry":{"type":"Point","coordinates":[101.78975,2.886]}},{"type":"Feature","properties":{"name":"Sekolah Rendah Islam Integrasi Pintar","category":"school","address":"17 Jalan Astaka M U8/M"},"geometry":{"type":"Point","coordinates":[101.54656,3.10642]}},{"type":"Feature","properties":{"name":"Arrows International School","category":"school"},"geometry":{"type":"Point","coordinates":[101.57673,3.11272]}},{"type":"Feature","properties":{"name":"SRI Intergeasi Al-Hikmah","category":"school"},"geometry":{"type":"Point","coordinates":[101.44699,3.24117]}},{"type":"Feature","properties":{"name":"Portman International","category":"school"},"geometry":{"type":"Point","coordinates":[101.48491,3.06603]}},{"type":"Feature","properties":{"name":"Sekolah Rendah Integrasi Teras Islam Subang","category":"school"},"geometry":{"type":"Point","coordinates":[101.54568,3.17789]}},{"type":"Feature","properties":{"name":"Sekolah Rendah Islam Permata Al-Haziq","category":"school","address":"43800, Dengkil"},"geometry":{"type":"Point","coordinates":[101.76274,2.90205]}},{"type":"Feature","properties":{"name":"Tabika Kemas Jalan Bersatu","category":"school"},"geometry":{"type":"Point","coordinates":[101.43781,2.94727]}},{"type":"Feature","properties":{"name":"Sekolah KAFA Integrasi Benteng Tengah Sijangkang","category":"school"},"geometry":{"type":"Point","coordinates":[101.43474,2.93224]}},{"type":"Feature","properties":{"name":"PDK Kota Raja","category":"school"},"geometry":{"type":"Point","coordinates":[101.44711,3.01346]}},{"type":"Feature","properties":{"name":"Love & Laugh Infant Care and Preschool","category":"school","address":"10, Jalan Platinum 7/37, 40000, Shah Alam"},"geometry":{"type":"Point","coordinates":[101.49638,3.08635]}},{"type":"Feature","properties":{"name":"Little Caliphs Jalan Platinum","category":"school","address":"28, Jalan Platinum 7/43D, 40000, Shah Alam"},"geometry":{"type":"Point","coordinates":[101.49385,3.08606]}},{"type":"Feature","properties":{"name":"Sekolah Rendah Agama Seksyen 24 Shah Alam","category":"school","address":"Jalan Timun A 24/A, 40300, Shah Alam"},"geometry":{"type":"Point","coordinates":[101.51909,3.03687]}},{"type":"Feature","properties":{"name":"Sekolah Menengah Kebangsaan Seksyen 24 Shah Alam","category":"school","address":"Jalan Cili Bunga 24/25, 40300, Shah Alam"},"geometry":{"type":"Point","coordinates":[101.51732,3.03712]}},{"type":"Feature","properties":{"name":"Sekolah Rendah Islam Integrasi Hira Rawang","category":"school"},"geometry":{"type":"Point","coordinates":[101.53535,3.3315]}},{"type":"Feature","properties":{"name":"Sekolah Rendah Islam Al-Muttaqin","category":"school"},"geometry":{"type":"Point","coordinates":[101.76566,3.08367]}},{"type":"Feature","properties":{"name":"ALKAUTHAR EDUQIDS","category":"school"},"geometry":{"type":"Point","coordinates":[101.53968,3.08323]}},{"type":"Feature","properties":{"name":"Sekolah Rendah Islam Al Azra","category":"school"},"geometry":{"type":"Point","coordinates":[101.53957,3.0828]}},{"type":"Feature","properties":{"name":"Smart Reader KIDS","category":"school"},"geometry":{"type":"Point","coordinates":[101.53958,3.08278]}},{"type":"Feature","properties":{"name":"Maahad Al-Tahzib Wa Al-Ta’alim (M.T.W.T)","category":"school","address":"Jalan Bola Tampar 13/14, 40100, Syeksen 13"},"geometry":{"type":"Point","coordinates":[101.53989,3.082]}},{"type":"Feature","properties":{"name":"Pertubuhan Rumah Ngaji Laman Seri","category":"school","address":"138, Blok 5 Persiaran Sukan, 40150, Shah Alam"},"geometry":{"type":"Point","coordinates":[101.54408,3.0925]}},{"type":"Feature","properties":{"name":"SEKOLAH KEBANGSAAN TAMAN SRI MUDA (2)","category":"school","address":"Jalan Cermat 25/36, 40400, Shah Alam"},"geometry":{"type":"Point","coordinates":[101.53743,3.03413]}},{"type":"Feature","properties":{"name":"佛光山佛光文教中心","category":"school"},"geometry":{"type":"Point","coordinates":[101.61153,3.09672]}},{"type":"Feature","properties":{"name":"Sekolah Kebangsaan (2) Jalan Bukit","category":"school"},"geometry":{"type":"Point","coordinates":[101.79145,2.98371]}},{"type":"Feature","properties":{"name":"TABIKA PERPADUAN TAMAN ALAM INDAH","category":"school"},"geometry":{"type":"Point","coordinates":[101.55357,3.01768]}},{"type":"Feature","properties":{"name":"Sekolah Rendah Integrasi Teras Islam Al-Jundi","category":"school"},"geometry":{"type":"Point","coordinates":[101.75579,3.11474]}},{"type":"Feature","properties":{"name":"KAFA Integrasi As-Salam","category":"school"},"geometry":{"type":"Point","coordinates":[101.76715,3.11274]}},{"type":"Feature","properties":{"name":"Straits International School Rawang","category":"school"},"geometry":{"type":"Point","coordinates":[101.54382,3.3099]}},{"type":"Feature","properties":{"name":"Maahad Tahfiz Integrasi Nadi Huffaz","category":"school"},"geometry":{"type":"Point","coordinates":[101.50912,3.32012]}},{"type":"Feature","properties":{"name":"Nova Spectrum","category":"school"},"geometry":{"type":"Point","coordinates":[101.52666,3.32356]}},{"type":"Feature","properties":{"name":"Sekolah Rendah Agama Kampung Pasir Baru","category":"school"},"geometry":{"type":"Point","coordinates":[101.87141,3.00329]}},{"type":"Feature","properties":{"name":"SRITI Subang","category":"school"},"geometry":{"type":"Point","coordinates":[101.54599,3.17775]}},{"type":"Feature","properties":{"name":"Sekolah Rendah Integrasi Teras Islam Darul Furqan","category":"school"},"geometry":{"type":"Point","coordinates":[101.75781,3.04728]}},{"type":"Feature","properties":{"name":"Sekolah Menengah Agama Tinggi Ar-Rahman","category":"school"},"geometry":{"type":"Point","coordinates":[101.75924,3.03622]}},{"type":"Feature","properties":{"name":"Sekolah Rendah Islam Integrasi Ash-Shafie","category":"school"},"geometry":{"type":"Point","coordinates":[101.75922,3.03616]}},{"type":"Feature","properties":{"name":"KAFA Integrasi Al-Firdaus","category":"school"},"geometry":{"type":"Point","coordinates":[101.63641,3.03928]}},{"type":"Feature","properties":{"name":"PASTI Al-Furqan","category":"school","address":"Lot 70499 & 70500 (No. 13)"},"geometry":{"type":"Point","coordinates":[101.67634,3.25013]}},{"type":"Feature","properties":{"name":"Selangor Human Resource Development Centre (SHRDC)","category":"school"},"geometry":{"type":"Point","coordinates":[101.54171,3.07141]}},{"type":"Feature","properties":{"name":"Hin Hua High School 巴生興華中學","category":"school"},"geometry":{"type":"Point","coordinates":[101.43947,3.03365]}},{"type":"Feature","properties":{"name":"Sekolah Kebangsaan Seksyen 6","category":"school","address":"Shah Alam"},"geometry":{"type":"Point","coordinates":[101.51047,3.08428]}},{"type":"Feature","properties":{"name":"Sekolah Kebangsaan Bandar Anggerik","category":"school","address":"Shah Alam"},"geometry":{"type":"Point","coordinates":[101.50782,3.08775]}},{"type":"Feature","properties":{"name":"SM Pendidikan Khas Vokasional Shah Alam","category":"school"},"geometry":{"type":"Point","coordinates":[101.50015,3.05027]}},{"type":"Feature","properties":{"name":"SK Seksyen 17","category":"school"},"geometry":{"type":"Point","coordinates":[101.5037,3.0439]}},{"type":"Feature","properties":{"name":"SK Pendidikan Khas","category":"school"},"geometry":{"type":"Point","coordinates":[101.51518,3.04818]}},{"type":"Feature","properties":{"name":"SK Seksyen 20","category":"school"},"geometry":{"type":"Point","coordinates":[101.54044,3.05547]}},{"type":"Feature","properties":{"name":"SMK Seksyen 16","category":"school"},"geometry":{"type":"Point","coordinates":[101.50415,3.0552]}},{"type":"Feature","properties":{"name":"Sekolah Rendah Agama Seksyen 3","category":"school"},"geometry":{"type":"Point","coordinates":[101.50757,3.0774]}},{"type":"Feature","properties":{"name":"Sekolah Rendah Kebangsaan Seksyen 13","category":"school","address":"Jalan Bola Sepak 13/11, 40100"},"geometry":{"type":"Point","coordinates":[101.53874,3.08359]}},{"type":"Feature","properties":{"name":"Sekolah Kebangsaan Teluk Pulai","category":"school"},"geometry":{"type":"Point","coordinates":[101.42844,3.04647]}},{"type":"Feature","properties":{"name":"SJK (T) Ladang Highlands","category":"school"},"geometry":{"type":"Point","coordinates":[101.4424,2.99252]}},{"type":"Feature","properties":{"name":"SAR Nurul Hidayah","category":"school","address":"40000"},"geometry":{"type":"Point","coordinates":[101.56147,3.0743]}},{"type":"Feature","properties":{"name":"Sekolah Kebangsaan Kampung Tunku","category":"school","address":"Jalan SS1/11, 47300, Petaling Jaya"},"geometry":{"type":"Point","coordinates":[101.61991,3.09832]}},{"type":"Feature","properties":{"name":"Sekolah Menengah Kebangsaan Taman SEA","category":"school"},"geometry":{"type":"Point","coordinates":[101.61703,3.1104]}},{"type":"Feature","properties":{"name":"SK Bandar Tasik Kesuma","category":"school"},"geometry":{"type":"Point","coordinates":[101.86955,2.90009]}},{"type":"Feature","properties":{"name":"SMK Bandar Tasik Kesuma","category":"school"},"geometry":{"type":"Point","coordinates":[101.86986,2.89904]}},{"type":"Feature","properties":{"name":"SK Kantan Permai","category":"school"},"geometry":{"type":"Point","coordinates":[101.80739,3.01865]}},{"type":"Feature","properties":{"name":"SK Saujana Impian","category":"school"},"geometry":{"type":"Point","coordinates":[101.78723,3.01313]}},{"type":"Feature","properties":{"name":"SMK Sultan Abdul Aziz Shah","category":"school"},"geometry":{"type":"Point","coordinates":[101.78311,3.00574]}},{"type":"Feature","properties":{"name":"SJK (T) Sungai Rengam","category":"school"},"geometry":{"type":"Point","coordinates":[101.51636,3.04852]}},{"type":"Feature","properties":{"name":"SRA Fastabiqul Khayrat","category":"school"},"geometry":{"type":"Point","coordinates":[101.55749,3.06042]}},{"type":"Feature","properties":{"name":"Cambridge Al-Ikhlas","category":"school"},"geometry":{"type":"Point","coordinates":[101.53898,3.08246]}},{"type":"Feature","properties":{"name":"SMK Seksyen 9","category":"school"},"geometry":{"type":"Point","coordinates":[101.52232,3.08806]}},{"type":"Feature","properties":{"name":"Sekolah Rendah Agama Integrasi","category":"school","address":"40300"},"geometry":{"type":"Point","coordinates":[101.53304,3.05322]}},{"type":"Feature","properties":{"name":"Sekolah Menengah Kebangsaan Seksyen 19","category":"school","address":"40300"},"geometry":{"type":"Point","coordinates":[101.53355,3.05174]}},{"type":"Feature","properties":{"name":"Sekolah Kebangsaan Shah Alam","category":"school","address":"Jalan Dawai 16/2, Seksyen 16, 40200, Shah Alam"},"geometry":{"type":"Point","coordinates":[101.50396,3.0584]}},{"type":"Feature","properties":{"name":"Sekolah Menengah Kebangsaan Damansara Damai","category":"school"},"geometry":{"type":"Point","coordinates":[101.59229,3.19163]}},{"type":"Feature","properties":{"name":"Sekolah Kebangsaan Damansara Damai","category":"school"},"geometry":{"type":"Point","coordinates":[101.59244,3.19327]}},{"type":"Feature","properties":{"name":"Sekolah Menengah Kebangsaan Subang Utama","category":"school"},"geometry":{"type":"Point","coordinates":[101.58195,3.06876]}},{"type":"Feature","properties":{"name":"Sekolah Menengah Kebangsaan Subang Jaya","category":"school"},"geometry":{"type":"Point","coordinates":[101.59023,3.06953]}},{"type":"Feature","properties":{"name":"Sekolah Kebangsaan Sri Subang Jaya","category":"school"},"geometry":{"type":"Point","coordinates":[101.59004,3.06496]}},{"type":"Feature","properties":{"name":"Sekolah Kebangsaan Subang Jaya","category":"school"},"geometry":{"type":"Point","coordinates":[101.58816,3.06963]}},{"type":"Feature","properties":{"name":"Sekolah Menengah Kebangsaan SS 17","category":"school"},"geometry":{"type":"Point","coordinates":[101.58311,3.07696]}},{"type":"Feature","properties":{"name":"Sekolah Kebangsaan SS 19","category":"school"},"geometry":{"type":"Point","coordinates":[101.57612,3.06678]}},{"type":"Feature","properties":{"name":"Sekolah Jenis Kebangsaan (Cina) Lick Hung","category":"school"},"geometry":{"type":"Point","coordinates":[101.57743,3.06671]}},{"type":"Feature","properties":{"name":"SK Bandar Baru Sungai Buloh","category":"school"},"geometry":{"type":"Point","coordinates":[101.56258,3.20812]}},{"type":"Feature","properties":{"name":"SMK Bandar Baru Sungai Buloh","category":"school"},"geometry":{"type":"Point","coordinates":[101.56195,3.20674]}},{"type":"Feature","properties":{"name":"Sekolah Kebangsaan Kelana Jaya 2","category":"school","address":"Petaling Jaya"},"geometry":{"type":"Point","coordinates":[101.60792,3.10564]}},{"type":"Feature","properties":{"name":"Sekolah Jenis Kebangsaan (Cina) Desa Jaya 2","category":"school"},"geometry":{"type":"Point","coordinates":[101.60583,3.18551]}},{"type":"Feature","properties":{"name":"Sekolah Kebangsaan Sri Damansara 3","category":"school"},"geometry":{"type":"Point","coordinates":[101.61635,3.1878]}},{"type":"Feature","properties":{"name":"Sekolah Menengah Kebangsaan Bandar Sri Damansara 1","category":"school"},"geometry":{"type":"Point","coordinates":[101.60431,3.18512]}},{"type":"Feature","properties":{"name":"Sekolah Kebangsaan Sri Kelana","category":"school","address":"Petaling Jaya"},"geometry":{"type":"Point","coordinates":[101.60524,3.0989]}},{"type":"Feature","properties":{"name":"Sekolah Menengah Kebangsaan Kelana Jaya","category":"school","address":"Petaling Jaya"},"geometry":{"type":"Point","coordinates":[101.59702,3.10815]}},{"type":"Feature","properties":{"name":"Sekolah Antarabangsa Sri Bestari","category":"school","address":"Persiaran Margosa, 52200, Bandar Sri Damansarab"},"geometry":{"type":"Point","coordinates":[101.60927,3.1943]}},{"type":"Feature","properties":{"name":"Sekolah Kebangsaan Bandar Baru Sri Damansara 2","category":"school"},"geometry":{"type":"Point","coordinates":[101.60757,3.19582]}},{"type":"Feature","properties":{"name":"Sekolah Kebangsaan Bandar Sri Damansara 1","category":"school"},"geometry":{"type":"Point","coordinates":[101.60564,3.19164]}},{"type":"Feature","properties":{"name":"Sekolah Menengah Kebangsaan Bandar Sri Damansara 2","category":"school"},"geometry":{"type":"Point","coordinates":[101.60411,3.19164]}},{"type":"Feature","properties":{"name":"Sekolah Kebangsaan Bandar Utama Damansara (4)","category":"school"},"geometry":{"type":"Point","coordinates":[101.61144,3.15178]}},{"type":"Feature","properties":{"name":"Sekolah Menengah Kebangsaan Bandar Utama Damansara (4)","category":"school"},"geometry":{"type":"Point","coordinates":[101.61133,3.15375]}},{"type":"Feature","properties":{"name":"SK Bukit Rahman Putra","category":"school"},"geometry":{"type":"Point","coordinates":[101.55253,3.2272]}},{"type":"Feature","properties":{"name":"Sekolah Jenis Kebangsaan (Tamil) Saraswathy","category":"school"},"geometry":{"type":"Point","coordinates":[101.57718,3.2085]}},{"type":"Feature","properties":{"name":"Sekolah Menengah Kebangsaan Jalan Tiga","category":"school","address":"Jalan 3/4, 43650, Bandar Baru Bangi"},"geometry":{"type":"Point","coordinates":[101.77969,2.9447]}},{"type":"Feature","properties":{"name":"SK Jalan Empat","category":"school","address":"Jalan 4/5, 43650, Bandar Baru Bangi"},"geometry":{"type":"Point","coordinates":[101.78002,2.95075]}},{"type":"Feature","properties":{"name":"Sekolah Rendah Kebangsaan Jalan Tiga","category":"school","address":"Jalan 3/4, 43650, Bandar Baru Bangi"},"geometry":{"type":"Point","coordinates":[101.77951,2.94665]}},{"type":"Feature","properties":{"name":"SMK Bukit Rahman Putra","category":"school"},"geometry":{"type":"Point","coordinates":[101.55595,3.23023]}},{"type":"Feature","properties":{"name":"Alice Smith School","category":"school"},"geometry":{"type":"Point","coordinates":[101.67716,3.00173]}},{"type":"Feature","properties":{"name":"Sekolah Jenis Kebangsaan (Cina) Han Ming","category":"school","address":"Jalan Masjid, 47100, Puchong"},"geometry":{"type":"Point","coordinates":[101.62263,2.99664]}},{"type":"Feature","properties":{"name":"Sekolah Menengah Kebangsaan Seri Serdang","category":"school","address":"Seri Kembangan"},"geometry":{"type":"Point","coordinates":[101.71427,3.00644]}},{"type":"Feature","properties":{"name":"Sekolah Kebangsaan La Salle","category":"school","address":"Jalan 5/8, 46000, Petaling Jaya"},"geometry":{"type":"Point","coordinates":[101.65282,3.10102]}},{"type":"Feature","properties":{"name":"Sekolah Menengah Kebangsaan La Salle PJ","category":"school","address":"Jalan Chantek, 46000, Petaling Jaya"},"geometry":{"type":"Point","coordinates":[101.65366,3.10083]}},{"type":"Feature","properties":{"name":"Sekolah Kebangsaan Methodist","category":"school","address":"46000"},"geometry":{"type":"Point","coordinates":[101.6562,3.10983]}},{"type":"Feature","properties":{"name":"Sekolah Kebangsaan Taman Universiti","category":"school","address":"43300, Taman Universiti Indah, Seri Kembangan"},"geometry":{"type":"Point","coordinates":[101.6897,3.00492]}},{"type":"Feature","properties":{"name":"Sekolah Jenis Kebangsaan (Cina) Chen Moh","category":"school","address":"Petaling Jaya"},"geometry":{"type":"Point","coordinates":[101.64406,3.08497]}},{"type":"Feature","properties":{"name":"Sekolah Kebangsaan Bukit Bintang 1 & 2","category":"school","address":"Petaling Jaya"},"geometry":{"type":"Point","coordinates":[101.63658,3.09767]}},{"type":"Feature","properties":{"name":"Sekolah Jenis Kebangsaan (Tamil) Vivekananda","category":"school"},"geometry":{"type":"Point","coordinates":[101.63662,3.09662]}},{"type":"Feature","properties":{"name":"Sekolah Kebangsaan Sri Petaling","category":"school"},"geometry":{"type":"Point","coordinates":[101.63962,3.10942]}},{"type":"Feature","properties":{"name":"SK Dusun Nanding","category":"school"},"geometry":{"type":"Point","coordinates":[101.7916,3.083]}},{"type":"Feature","properties":{"name":"SM Dusun Nanding","category":"school"},"geometry":{"type":"Point","coordinates":[101.79104,3.0819]}},{"type":"Feature","properties":{"name":"Sekolah Kebangsaan Sungai Pelek","category":"school","address":"45950"},"geometry":{"type":"Point","coordinates":[101.7218,2.64561]}},{"type":"Feature","properties":{"name":"Sekolah Kebangsaan Seri Kundang","category":"school"},"geometry":{"type":"Point","coordinates":[101.52162,3.25625]}},{"type":"Feature","properties":{"name":"Sekolah Menengah Kebangsaan Seri Kundang","category":"school"},"geometry":{"type":"Point","coordinates":[101.5204,3.25538]}},{"type":"Feature","properties":{"name":"Sekolah Menengah Kebangsaan Sultan Abdul Samad","category":"school"},"geometry":{"type":"Point","coordinates":[101.64439,3.1173]}},{"type":"Feature","properties":{"name":"Nobel International School","category":"school","address":"Jalan SS 22/41, 47400"},"geometry":{"type":"Point","coordinates":[101.62275,3.12745]}},{"type":"Feature","properties":{"name":"Sekolah Menengah Kebangsaan Bandar Utama Damansara (2)","category":"school"},"geometry":{"type":"Point","coordinates":[101.61125,3.13915]}},{"type":"Feature","properties":{"name":"Sekolah Kebangsaan Sri Damai","category":"school"},"geometry":{"type":"Point","coordinates":[101.6344,3.12169]}},{"type":"Feature","properties":{"name":"Deutsche Schule Kuala Lumpur","category":"school","address":"Lot 5 Lorong Utara B, Off Jalan Utara, 46200, Petaling Jaya"},"geometry":{"type":"Point","coordinates":[101.64073,3.10564]}},{"type":"Feature","properties":{"name":"Sekolah Kebangsaan Taman Megah","category":"school"},"geometry":{"type":"Point","coordinates":[101.60684,3.11613]}},{"type":"Feature","properties":{"name":"SMK Bukit Gading","category":"school"},"geometry":{"type":"Point","coordinates":[101.52975,3.2144]}},{"type":"Feature","properties":{"name":"SK Kuang","category":"school"},"geometry":{"type":"Point","coordinates":[101.53555,3.22973]}},{"type":"Feature","properties":{"name":"Mutiara International Grammar School","category":"school"},"geometry":{"type":"Point","coordinates":[101.75438,3.16139]}},{"type":"Feature","properties":{"name":"Pasti Al-Munirah","category":"school"},"geometry":{"type":"Point","coordinates":[101.53154,3.21904]}},{"type":"Feature","properties":{"name":"Sekolah Rendah Agama An-Nur","category":"school"},"geometry":{"type":"Point","coordinates":[101.52422,3.25339]}},{"type":"Feature","properties":{"name":"SR (A) Taman Ehsan","category":"school"},"geometry":{"type":"Point","coordinates":[101.62192,3.22064]}},{"type":"Feature","properties":{"name":"SMK Taman Ehsan","category":"school","address":"Jalan E3/4, 52100, Taman Ehsan"},"geometry":{"type":"Point","coordinates":[101.6226,3.22234]}},{"type":"Feature","properties":{"name":"SRA Kampung Medan 2","category":"school","address":"Petaling Jaya"},"geometry":{"type":"Point","coordinates":[101.63139,3.07836]}},{"type":"Feature","properties":{"name":"Sekolah Kebangsaan Taman Medan","category":"school","address":"Petaling Jaya"},"geometry":{"type":"Point","coordinates":[101.63036,3.07849]}},{"type":"Feature","properties":{"name":"Sekolah Menengah Kebangsaan Taman Dato' Harun","category":"school"},"geometry":{"type":"Point","coordinates":[101.63494,3.07784]}},{"type":"Feature","properties":{"name":"Sekolah Kebangsaan Taman Dato' Harun (Satu)","category":"school"},"geometry":{"type":"Point","coordinates":[101.63596,3.07753]}},{"type":"Feature","properties":{"name":"SK Perdana Jaya SS19","category":"school","address":"Jalan SS19/1, 47500, Subang Jaya"},"geometry":{"type":"Point","coordinates":[101.57373,3.0777]}},{"type":"Feature","properties":{"name":"Sri Kuala Lumpur International School","category":"school"},"geometry":{"type":"Point","coordinates":[101.59231,3.07486]}},{"type":"Feature","properties":{"name":"Sekolah Menengah Kebangsaan Seksyen 24 (2)","category":"school"},"geometry":{"type":"Point","coordinates":[101.51732,3.03712]}},{"type":"Feature","properties":{"name":"Kolej Tingkatan Enam Shah Alam","category":"school","address":"26 Jalan Timun 24/1, 40300, Shah Alam"},"geometry":{"type":"Point","coordinates":[101.51631,3.03786]}},{"type":"Feature","properties":{"name":"SMK Bandar Puchong Jaya (B)","category":"school","address":"Jalan Tempua 3, Puchong"},"geometry":{"type":"Point","coordinates":[101.62594,3.04371]}},{"type":"Feature","properties":{"name":"Sekolah Kebangsaan Pusat Bandar Puchong (1)","category":"school"},"geometry":{"type":"Point","coordinates":[101.62203,3.02753]}},{"type":"Feature","properties":{"name":"Sekolah Menengah Kebangsaan Pusat Bandar Puchong (1)","category":"school","address":"Jalan Wawasan 2/23, Puchong"},"geometry":{"type":"Point","coordinates":[101.62313,3.02785]}},{"type":"Feature","properties":{"name":"Sekolah Kebangsaan Pusat Bandar Puchong 2","category":"school"},"geometry":{"type":"Point","coordinates":[101.62799,3.02845]}},{"type":"Feature","properties":{"name":"Sekolah Jenis Kebangsaan (Cina) Poi Min","category":"school"},"geometry":{"type":"Point","coordinates":[101.60962,3.04021]}},{"type":"Feature","properties":{"name":"SMK Bandar Puchong Jaya (A)","category":"school"},"geometry":{"type":"Point","coordinates":[101.62338,3.0634]}},{"type":"Feature","properties":{"name":"SK Puchong Jaya 2","category":"school"},"geometry":{"type":"Point","coordinates":[101.62401,3.06378]}},{"type":"Feature","properties":{"name":"Sekolah Kebangsaan Puchong Jaya","category":"school"},"geometry":{"type":"Point","coordinates":[101.6263,3.05677]}},{"type":"Feature","properties":{"name":"SK USJ 20","category":"school"},"geometry":{"type":"Point","coordinates":[101.58786,3.02882]}},{"type":"Feature","properties":{"name":"SMK USJ 13","category":"school"},"geometry":{"type":"Point","coordinates":[101.58068,3.03783]}},{"type":"Feature","properties":{"name":"Kompleks Sekolah Wawasan USJ15","category":"school","address":"Persiaran Kewajipan, 47630, Subang Jaya"},"geometry":{"type":"Point","coordinates":[101.5893,3.03636]}},{"type":"Feature","properties":{"name":"SMK USJ 23","category":"school"},"geometry":{"type":"Point","coordinates":[101.58088,3.01859]}},{"type":"Feature","properties":{"name":"SJK Islam Pintar SRIP","category":"school"},"geometry":{"type":"Point","coordinates":[101.59203,3.03747]}},{"type":"Feature","properties":{"name":"Sekolah Kebangsaan USJ 12","category":"school"},"geometry":{"type":"Point","coordinates":[101.57426,3.04276]}},{"type":"Feature","properties":{"name":"Sekolah Menengah Kebangsaan USJ 12","category":"school"},"geometry":{"type":"Point","coordinates":[101.57442,3.04406]}},{"type":"Feature","properties":{"name":"SK Seafield 3","category":"school","address":"Jalan USJ 8/2A, 47610, Subang Jaya"},"geometry":{"type":"Point","coordinates":[101.59163,3.0439]}},{"type":"Feature","properties":{"name":"SMK USJ 8","category":"school","address":"Persiaran Kewajipan, 47610, Subang Jaya"},"geometry":{"type":"Point","coordinates":[101.59144,3.04532]}},{"type":"Feature","properties":{"name":"SK Seafield","category":"school"},"geometry":{"type":"Point","coordinates":[101.58858,3.05559]}},{"type":"Feature","properties":{"name":"SJK (C) Chee Wen 首邦市子文华文小学","category":"school"},"geometry":{"type":"Point","coordinates":[101.6032,3.05028]}},{"type":"Feature","properties":{"name":"SJK (C) Bandar Baru Sungai Long","category":"school","address":"Kajang"},"geometry":{"type":"Point","coordinates":[101.80342,3.05174]}},{"type":"Feature","properties":{"name":"SMK Bandar Baru Sungai Long","category":"school"},"geometry":{"type":"Point","coordinates":[101.802,3.05307]}},{"type":"Feature","properties":{"name":"SK Bandar Kinrara Seksyen 2","category":"school","address":"Puchong"},"geometry":{"type":"Point","coordinates":[101.63586,3.05158]}},{"type":"Feature","properties":{"name":"SMK Seksyen 3 Bandar Kinrara","category":"school","address":"Puchong"},"geometry":{"type":"Point","coordinates":[101.64179,3.03914]}},{"type":"Feature","properties":{"name":"SMK Seksyen 1 Bandar Kinrara","category":"school","address":"Puchong"},"geometry":{"type":"Point","coordinates":[101.64294,3.05088]}},{"type":"Feature","properties":{"name":"SK Bukit Kuchai","category":"school","address":"Puchong"},"geometry":{"type":"Point","coordinates":[101.63522,3.05565]}},{"type":"Feature","properties":{"name":"Kafa Integrasi Al-Falah","category":"school","address":"Puchong"},"geometry":{"type":"Point","coordinates":[101.63834,3.0559]}},{"type":"Feature","properties":{"name":"SMK Saujana Impian","category":"school"},"geometry":{"type":"Point","coordinates":[101.789,3.01333]}},{"type":"Feature","properties":{"name":"Sekolah Jenis Kebangsaan (Cina) Yak Chee","category":"school","address":"Puchong"},"geometry":{"type":"Point","coordinates":[101.64231,3.05548]}},{"type":"Feature","properties":{"name":"SK Seksyen 1 Bandar Kinrara","category":"school","address":"Puchong"},"geometry":{"type":"Point","coordinates":[101.64355,3.05346]}},{"type":"Feature","properties":{"name":"Cempaka International School Cheras","category":"school","address":"Persiaran Awana, 43200, Cheras"},"geometry":{"type":"Point","coordinates":[101.76254,3.0841]}},{"type":"Feature","properties":{"name":"SK Taman Puteri","category":"school"},"geometry":{"type":"Point","coordinates":[101.77187,3.07792]}},{"type":"Feature","properties":{"name":"Oxburgh International School","category":"school"},"geometry":{"type":"Point","coordinates":[101.7781,3.07694]}},{"type":"Feature","properties":{"name":"SK Sungai Buloh","category":"school"},"geometry":{"type":"Point","coordinates":[101.57882,3.21552]}},{"type":"Feature","properties":{"name":"SMK Dengkil","category":"school","address":"Dengkil"},"geometry":{"type":"Point","coordinates":[101.67215,2.86585]}},{"type":"Feature","properties":{"name":"HIS International School","category":"school"},"geometry":{"type":"Point","coordinates":[101.59123,3.07534]}},{"type":"Feature","properties":{"name":"SK Kampung Jawa 2","category":"school"},"geometry":{"type":"Point","coordinates":[101.46591,3.02429]}},{"type":"Feature","properties":{"name":"Sekolah Jenis Kebangsaan (Cina) Yuk Chyun","category":"school","address":"Petaling Jaya"},"geometry":{"type":"Point","coordinates":[101.65239,3.0779]}},{"type":"Feature","properties":{"name":"Sekolah Menengah Kebangsaan Sri Andalas","category":"school"},"geometry":{"type":"Point","coordinates":[101.45209,3.01917]}},{"type":"Feature","properties":{"name":"Sekolah Kebangsaan Sri Andalas","category":"school"},"geometry":{"type":"Point","coordinates":[101.45206,3.01834]}},{"type":"Feature","properties":{"name":"SMKA Kuala Selangor","category":"school"},"geometry":{"type":"Point","coordinates":[101.24592,3.36051]}},{"type":"Feature","properties":{"name":"Sekolah Menengah Kebangsaan Damansara Jaya","category":"school"},"geometry":{"type":"Point","coordinates":[101.61577,3.13129]}},{"type":"Feature","properties":{"name":"SMK Bandar Tun Hussein Onn 2","category":"school","address":"43200, Batu 9 Cheras"},"geometry":{"type":"Point","coordinates":[101.75474,3.05455]}},{"type":"Feature","properties":{"name":"SK Bandar Tun Hussein Onn 2","category":"school","address":"Jalan Suadamai, 43200, Bandar Tun Hussein Onn"},"geometry":{"type":"Point","coordinates":[101.75456,3.053]}},{"type":"Feature","properties":{"name":"SK Padang Jawa","category":"school","address":"Jalan Padang Jawa, 40200, Shah Alam"},"geometry":{"type":"Point","coordinates":[101.4915,3.05297]}},{"type":"Feature","properties":{"name":"Sekolah Kebangsaan Kajang","category":"school","address":"Kajang"},"geometry":{"type":"Point","coordinates":[101.79045,2.99462]}},{"type":"Feature","properties":{"name":"Sekolah Jenis Kebangsaan (Cina) Hin Hua","category":"school"},"geometry":{"type":"Point","coordinates":[101.42955,3.00925]}},{"type":"Feature","properties":{"name":"Sekolah Kebangsaan Bukit Tinggi","category":"school"},"geometry":{"type":"Point","coordinates":[101.4406,3.00399]}},{"type":"Feature","properties":{"name":"Sekolah Rendah Kebangsaan Klang Jaya","category":"school"},"geometry":{"type":"Point","coordinates":[101.45017,3.00351]}},{"type":"Feature","properties":{"name":"Sekolah Rendah Agama Klang Jaya","category":"school"},"geometry":{"type":"Point","coordinates":[101.45056,3.00473]}},{"type":"Feature","properties":{"name":"Sekolah Rendah Agama Taman Sri Andalas","category":"school"},"geometry":{"type":"Point","coordinates":[101.44402,3.02296]}},{"type":"Feature","properties":{"name":"SMK Raja Mahadi","category":"school"},"geometry":{"type":"Point","coordinates":[101.44849,3.01048]}},{"type":"Feature","properties":{"name":"SJK (Tamil) Simpang Lima","category":"school"},"geometry":{"type":"Point","coordinates":[101.44571,3.01509]}},{"type":"Feature","properties":{"name":"Sekolah Jenis Kebangsaan (Cina) Serdang Baru (1)","category":"school","address":"Jalan Sekolah, 43300, Seri Kembangan"},"geometry":{"type":"Point","coordinates":[101.70078,3.02527]}},{"type":"Feature","properties":{"name":"Sekolah Menengah Kebangsaan Seri Kembangan","category":"school","address":"Jalan Sekolah, 43300, Seri Kembangan"},"geometry":{"type":"Point","coordinates":[101.6979,3.02724]}},{"type":"Feature","properties":{"name":"Sekolah Kebangsaan Bandar Utama Damansara 2","category":"school"},"geometry":{"type":"Point","coordinates":[101.61438,3.14105]}},{"type":"Feature","properties":{"name":"Kolej Tingkatan Enam Bandar Utama","category":"school","address":"1 Persiaran Bandar Utama, 47800, Petaling Jaya"},"geometry":{"type":"Point","coordinates":[101.6145,3.14296]}},{"type":"Feature","properties":{"name":"The Japanese School of Kuala Lumpur","category":"school","address":"Persiaran Golf, 40150, Shah Alam"},"geometry":{"type":"Point","coordinates":[101.57791,3.10934]}},{"type":"Feature","properties":{"name":"Sekolah Seri Puteri Cyberjaya","category":"school","address":"Cyberjaya"},"geometry":{"type":"Point","coordinates":[101.66413,2.91204]}},{"type":"Feature","properties":{"name":"Sekolah Rendah Agama Padang Jawa","category":"school"},"geometry":{"type":"Point","coordinates":[101.4897,3.05308]}},{"type":"Feature","properties":{"name":"SMK Tinggi Kajang","category":"school","address":"Jalan Semenyih, 43000, Kajang"},"geometry":{"type":"Point","coordinates":[101.79641,2.99324]}},{"type":"Feature","properties":{"name":"elc International School Cyberjaya Campus","category":"school","address":"Lingkaran Cyber Point Barat, Cyberjaya"},"geometry":{"type":"Point","coordinates":[101.6473,2.92701]}},{"type":"Feature","properties":{"name":"SK Cyberjaya","category":"school"},"geometry":{"type":"Point","coordinates":[101.63857,2.91915]}},{"type":"Feature","properties":{"name":"SMK Cyberjaya","category":"school"},"geometry":{"type":"Point","coordinates":[101.63955,2.91874]}},{"type":"Feature","properties":{"name":"SK Taman Desa","category":"school"},"geometry":{"type":"Point","coordinates":[101.52649,3.33135]}},{"type":"Feature","properties":{"name":"SMK Bukit Kapar","category":"school","address":"Jalan Haji Hashim, 42200, Klang"},"geometry":{"type":"Point","coordinates":[101.40976,3.16289]}},{"type":"Feature","properties":{"name":"SMK Sultan Salahuddin Abdul Aziz Shah","category":"school"},"geometry":{"type":"Point","coordinates":[101.5095,3.07235]}},{"type":"Feature","properties":{"name":"SJK (C) Keng Chee Pulau Ketam","category":"school","address":"42940, Pulau Ketam"},"geometry":{"type":"Point","coordinates":[101.24493,3.01968]}},{"type":"Feature","properties":{"name":"SMK Seri Bedena","category":"school"},"geometry":{"type":"Point","coordinates":[100.9838,3.67872]}},{"type":"Feature","properties":{"name":"SK Sungai Merab Luar","category":"school"},"geometry":{"type":"Point","coordinates":[101.75048,2.93713]}},{"type":"Feature","properties":{"name":"Sekolah Agama Menengah Sungai Merab Luar","category":"school"},"geometry":{"type":"Point","coordinates":[101.74976,2.93882]}},{"type":"Feature","properties":{"name":"SK Sungai Limau","category":"school"},"geometry":{"type":"Point","coordinates":[101.00477,3.66131]}},{"type":"Feature","properties":{"name":"SRA Sungai Limau","category":"school"},"geometry":{"type":"Point","coordinates":[101.00546,3.66195]}},{"type":"Feature","properties":{"name":"Tadika","category":"school"},"geometry":{"type":"Point","coordinates":[101.00597,3.66118]}},{"type":"Feature","properties":{"name":"SMK Bandar Rinching","category":"school"},"geometry":{"type":"Point","coordinates":[101.86568,2.93189]}},{"type":"Feature","properties":{"name":"SJK (T) Ladang Rinching","category":"school"},"geometry":{"type":"Point","coordinates":[101.85963,2.92292]}},{"type":"Feature","properties":{"name":"Sekolah Menengah Kebangsaan Tanjung Sepat","category":"school"},"geometry":{"type":"Point","coordinates":[101.5667,2.65733]}},{"type":"Feature","properties":{"name":"Sekolah Jenis Kebangsaan (Tamil) Teluk Merbau","category":"school"},"geometry":{"type":"Point","coordinates":[101.66061,2.64345]}},{"type":"Feature","properties":{"name":"Sekolah Rendah Agama Sungai Pelek","category":"school"},"geometry":{"type":"Point","coordinates":[101.72223,2.64606]}},{"type":"Feature","properties":{"name":"Sekolah Rendah Agama Tanjong Sepat","category":"school"},"geometry":{"type":"Point","coordinates":[101.55509,2.67311]}},{"type":"Feature","properties":{"name":"SMJK Kwang Hua","category":"school"},"geometry":{"type":"Point","coordinates":[101.45945,3.0648]}},{"type":"Feature","properties":{"name":"Sekolah Kebangsaan Taman Nirwana","category":"school"},"geometry":{"type":"Point","coordinates":[101.75188,3.14342]}},{"type":"Feature","properties":{"name":"Sekolah Menengah Kebangsaan Bukit Tinggi","category":"school"},"geometry":{"type":"Point","coordinates":[101.42874,3.00928]}},{"type":"Feature","properties":{"name":"Bengkel Daya Klang","category":"school"},"geometry":{"type":"Point","coordinates":[101.43932,3.01459]}},{"type":"Feature","properties":{"name":"Sekolah Kebangsaan Klang","category":"school"},"geometry":{"type":"Point","coordinates":[101.45106,3.03981]}},{"type":"Feature","properties":{"name":"SK Convent 1, SK Convent 2, SMK Convent","category":"school"},"geometry":{"type":"Point","coordinates":[101.44489,3.03813]}},{"type":"Feature","properties":{"name":"Sekolah Menengah Kebangsaan ACS (Methodist) Klang","category":"school"},"geometry":{"type":"Point","coordinates":[101.44081,3.04282]}},{"type":"Feature","properties":{"name":"SM (P) Methodist Klang","category":"school"},"geometry":{"type":"Point","coordinates":[101.44145,3.04517]}},{"type":"Feature","properties":{"name":"Sekolah Menengah Pin Hwa","category":"school","address":"No. 13 Jalan Goh Hock Huat, 41400, Klang"},"geometry":{"type":"Point","coordinates":[101.44487,3.05306]}},{"type":"Feature","properties":{"name":"Sekolah Kebangsaan AU Keramat","category":"school"},"geometry":{"type":"Point","coordinates":[101.75846,3.18836]}},{"type":"Feature","properties":{"name":"Sekolah Kebangsaan Meru (2)","category":"school","address":"Jalan Paip, 41050"},"geometry":{"type":"Point","coordinates":[101.46101,3.15367]}},{"type":"Feature","properties":{"name":"SK Selayang Utama","category":"school"},"geometry":{"type":"Point","coordinates":[101.64127,3.23692]}},{"type":"Feature","properties":{"name":"KAFA Integrasi Manarul Islam","category":"school","address":"2 Jalan SS 1/35, 47300, Petaling Jaya"},"geometry":{"type":"Point","coordinates":[101.61978,3.10132]}},{"type":"Feature","properties":{"name":"SMK Jalan Kebun","category":"school"},"geometry":{"type":"Point","coordinates":[101.50756,2.98093]}},{"type":"Feature","properties":{"name":"SMJK Chung Hwa Klang","category":"school","address":"Jalan Nagasari 36/10, 40470, Shah Alam"},"geometry":{"type":"Point","coordinates":[101.48731,3.02412]}},{"type":"Feature","properties":{"name":"SK Taman Melawati 2","category":"school"},"geometry":{"type":"Point","coordinates":[101.7524,3.21252]}},{"type":"Feature","properties":{"name":"SMK Taman Melawati","category":"school"},"geometry":{"type":"Point","coordinates":[101.75125,3.21473]}},{"type":"Feature","properties":{"name":"SJK (T) Taman Melawati","category":"school"},"geometry":{"type":"Point","coordinates":[101.75017,3.21673]}},{"type":"Feature","properties":{"name":"Sekolah Kebangsaan Taman Sri Muda","category":"school","address":"Jalan Nyaman 25/20, 40400, Shah Alam"},"geometry":{"type":"Point","coordinates":[101.5293,3.03219]}},{"type":"Feature","properties":{"name":"Sekolah Menengah Kebangsaan Taman Sri Muda","category":"school","address":"Jalan Sabar 25/83, 40400, Taman Sri Muda"},"geometry":{"type":"Point","coordinates":[101.54,3.02582]}},{"type":"Feature","properties":{"name":"SJK (T) Ladang Emerald","category":"school"},"geometry":{"type":"Point","coordinates":[101.53435,3.01831]}},{"type":"Feature","properties":{"name":"Chinese Taipei School (Kuala Lumpur)","category":"school"},"geometry":{"type":"Point","coordinates":[101.52761,2.99721]}},{"type":"Feature","properties":{"name":"SK Bukit Rimau","category":"school"},"geometry":{"type":"Point","coordinates":[101.52696,2.99227]}},{"type":"Feature","properties":{"name":"SJK (C) Sin Ming Puchong","category":"school","address":"Puchong"},"geometry":{"type":"Point","coordinates":[101.61423,2.96588]}},{"type":"Feature","properties":{"name":"Sekolah Menengah Kebangsaan Puchong Permai","category":"school"},"geometry":{"type":"Point","coordinates":[101.59605,2.99515]}},{"type":"Feature","properties":{"name":"Sekolah Rendah Agama Desa Air Hitam","category":"school"},"geometry":{"type":"Point","coordinates":[101.61196,2.96525]}},{"type":"Feature","properties":{"name":"SJKC Lee Min","category":"school"},"geometry":{"type":"Point","coordinates":[101.38878,2.95964]}},{"type":"Feature","properties":{"name":"SK Sungai Manggis","category":"school","address":"Banting"},"geometry":{"type":"Point","coordinates":[101.53843,2.82431]}},{"type":"Feature","properties":{"name":"SJK (C) Taman Rashna","category":"school"},"geometry":{"type":"Point","coordinates":[101.47286,3.05462]}},{"type":"Feature","properties":{"name":"SMK Bandar Baru Salak Tinggi","category":"school"},"geometry":{"type":"Point","coordinates":[101.72068,2.82699]}},{"type":"Feature","properties":{"name":"SJK (T) Batu Ampat","category":"school"},"geometry":{"type":"Point","coordinates":[101.48771,3.01126]}},{"type":"Feature","properties":{"name":"SJK (C) Sungai Buloh 宋溪毛糯华文小学","category":"school"},"geometry":{"type":"Point","coordinates":[101.56887,3.1953]}},{"type":"Feature","properties":{"name":"SMK Batu Unjur","category":"school"},"geometry":{"type":"Point","coordinates":[101.43482,3.01167]}},{"type":"Feature","properties":{"name":"ADTEC Shah Alam","category":"school"},"geometry":{"type":"Point","coordinates":[101.50953,3.0123]}},{"type":"Feature","properties":{"name":"Sekolah Berasrama Penuh Integrasi Rawang","category":"school"},"geometry":{"type":"Point","coordinates":[101.49156,3.29788]}},{"type":"Feature","properties":{"name":"SK Bukit Beruntung ll","category":"school"},"geometry":{"type":"Point","coordinates":[101.56864,3.41904]}},{"type":"Feature","properties":{"name":"Sekolah Menengah Kebangsaan Seksyen 4 Kota Damansara","category":"school"},"geometry":{"type":"Point","coordinates":[101.58109,3.15194]}},{"type":"Feature","properties":{"name":"Kolej Vokasional Kuala Selangor","category":"school","address":"45600, Bestari Jaya"},"geometry":{"type":"Point","coordinates":[101.39838,3.38338]}},{"type":"Feature","properties":{"name":"SMK (P) Kapar","category":"school"},"geometry":{"type":"Point","coordinates":[101.38088,3.13509]}},{"type":"Feature","properties":{"name":"Sekolah Menengah Kebangsaan Bandar Utama Damansara (3)","category":"school"},"geometry":{"type":"Point","coordinates":[101.60765,3.13924]}},{"type":"Feature","properties":{"name":"Sekolah Menengah Kebangsaan Seksyen 10 Kota Damansara","category":"school","address":"Jalan Merbuk 10/1, Kota Damansara"},"geometry":{"type":"Point","coordinates":[101.57948,3.16934]}},{"type":"Feature","properties":{"name":"Sekolah Menengah Kebangsaan Seksyen 8","category":"school"},"geometry":{"type":"Point","coordinates":[101.57968,3.17824]}},{"type":"Feature","properties":{"name":"Sekolah Kebangsaan Subang Bestari 2","category":"school"},"geometry":{"type":"Point","coordinates":[101.54305,3.18013]}},{"type":"Feature","properties":{"name":"SMK Subang Bestari","category":"school"},"geometry":{"type":"Point","coordinates":[101.54364,3.17846]}},{"type":"Feature","properties":{"name":"Sekolah Menengah Kebangsaan Bandar Damai Perdana","category":"school"},"geometry":{"type":"Point","coordinates":[101.73701,3.04429]}},{"type":"Feature","properties":{"name":"SK Sungai Terap","category":"school"},"geometry":{"type":"Point","coordinates":[101.22201,3.38932]}},{"type":"Feature","properties":{"name":"Sekolah Kebangsaan Bagan Terap","category":"school"},"geometry":{"type":"Point","coordinates":[101.05655,3.74636]}},{"type":"Feature","properties":{"name":"Sekolah Menengah Kebangsaan Kajang Utama","category":"school"},"geometry":{"type":"Point","coordinates":[101.79543,2.9731]}},{"type":"Feature","properties":{"name":"Sekolah Dato' Mustaffa","category":"school"},"geometry":{"type":"Point","coordinates":[101.07209,3.56701]}},{"type":"Feature","properties":{"name":"Sekolah Kebangsaan Binjai Jaya","category":"school"},"geometry":{"type":"Point","coordinates":[101.12612,3.7165]}},{"type":"Feature","properties":{"name":"Sekolah Kebangsaan Puchong Indah","category":"school"},"geometry":{"type":"Point","coordinates":[101.60666,3.01091]}},{"type":"Feature","properties":{"name":"Sekolah Kebangsaan Damansara Damai (2)","category":"school","address":"Jalan PJU 10/4C, Damansara Damai, Petaling Jaya"},"geometry":{"type":"Point","coordinates":[101.58392,3.19247]}},{"type":"Feature","properties":{"name":"Sekolah Jenis Kebangsaan (Tamil) Ladang Effingham","category":"school"},"geometry":{"type":"Point","coordinates":[101.60398,3.13268]}},{"type":"Feature","properties":{"name":"Sekolah Jenis Kebangsaan (Tamil) Kinrara","category":"school","address":"Puchong"},"geometry":{"type":"Point","coordinates":[101.64898,3.05656]}},{"type":"Feature","properties":{"name":"Sekolah Jenis Kebangsaan (Cina) Kung Man","category":"school","address":"43300"},"geometry":{"type":"Point","coordinates":[101.7212,3.01536]}},{"type":"Feature","properties":{"name":"SMK Dato’ Abu Bakar Baginda","category":"school"},"geometry":{"type":"Point","coordinates":[101.74999,2.95046]}},{"type":"Feature","properties":{"name":"Sekolah Menengah Kebangsaan Seri Sepang","category":"school"},"geometry":{"type":"Point","coordinates":[101.74102,2.81031]}},{"type":"Feature","properties":{"name":"SK Ampang","category":"school","address":"Jalan Merbau"},"geometry":{"type":"Point","coordinates":[101.7604,3.15278]}},{"type":"Feature","properties":{"name":"SMK Bukit Jelutong","category":"school"},"geometry":{"type":"Point","coordinates":[101.53194,3.10842]}},{"type":"Feature","properties":{"name":"SK Bukit Jelutong","category":"school"},"geometry":{"type":"Point","coordinates":[101.53185,3.1065]}},{"type":"Feature","properties":{"name":"SJK(C) Kheow Bin 侨民华文小学","category":"school"},"geometry":{"type":"Point","coordinates":[101.67397,3.23286]}},{"type":"Feature","properties":{"name":"SJK (T) Batu Caves","category":"school"},"geometry":{"type":"Point","coordinates":[101.68215,3.23652]}},{"type":"Feature","properties":{"name":"Sekolah Kebangsaan (1) Taman Selayang","category":"school","address":"Jalan Sungai Tua, 68100, Batu Caves"},"geometry":{"type":"Point","coordinates":[101.67278,3.24044]}},{"type":"Feature","properties":{"name":"Sekolah Kebangsaan Seksyen 7","category":"school"},"geometry":{"type":"Point","coordinates":[101.57491,3.16845]}},{"type":"Feature","properties":{"name":"SMK Saujana Utama","category":"school"},"geometry":{"type":"Point","coordinates":[101.47834,3.20862]}},{"type":"Feature","properties":{"name":"SK Saujana Utama","category":"school"},"geometry":{"type":"Point","coordinates":[101.47831,3.21007]}},{"type":"Feature","properties":{"name":"Sekolah Rendah Agama Bukit Jelutong","category":"school"},"geometry":{"type":"Point","coordinates":[101.52557,3.09946]}},{"type":"Feature","properties":{"name":"Sekolah Kebangsaan Kepong (FRIM)","category":"school"},"geometry":{"type":"Point","coordinates":[101.63508,3.23095]}},{"type":"Feature","properties":{"name":"JPSM Forest Training Centre","category":"school"},"geometry":{"type":"Point","coordinates":[101.63038,3.23569]}},{"type":"Feature","properties":{"name":"FRIM-MNS-Shell Nature Education Centre","category":"school"},"geometry":{"type":"Point","coordinates":[101.62618,3.23258]}},{"type":"Feature","properties":{"name":"Sekolah Menengah Kebangsaan Taman Medan","category":"school","address":"Petaling Jaya"},"geometry":{"type":"Point","coordinates":[101.63547,3.07634]}},{"type":"Feature","properties":{"name":"SRA Sijangkang","category":"school","address":"Teluk Panglima Garang"},"geometry":{"type":"Point","coordinates":[101.45858,2.9387]}},{"type":"Feature","properties":{"name":"SK Sijangkang","category":"school","address":"Teluk Panglima Garang"},"geometry":{"type":"Point","coordinates":[101.45705,2.9407]}},{"type":"Feature","properties":{"name":"SMK Bukit Changgang","category":"school","address":"Banting"},"geometry":{"type":"Point","coordinates":[101.62262,2.82327]}},{"type":"Feature","properties":{"name":"Sekolah Menengah Kebangsaan Sri Gombak","category":"school"},"geometry":{"type":"Point","coordinates":[101.70158,3.23107]}},{"type":"Feature","properties":{"name":"SJK (T) Ladang Semenyih","category":"school"},"geometry":{"type":"Point","coordinates":[101.85215,2.94796]}},{"type":"Feature","properties":{"name":"Sekolah Rendah Agama Taman Dato' Harun","category":"school","address":"Petaling Jaya"},"geometry":{"type":"Point","coordinates":[101.63585,3.08263]}},{"type":"Feature","properties":{"name":"Sekolah Jenis Kebangsaan (Cina) Yu Hua","category":"school","address":"Kajang"},"geometry":{"type":"Point","coordinates":[101.79146,2.99505]}},{"type":"Feature","properties":{"name":"SRA Sungai Kantan 2","category":"school","address":"Kajang"},"geometry":{"type":"Point","coordinates":[101.78711,2.9977]}},{"type":"Feature","properties":{"name":"Sekolah Menengah Kebangsaan Jalan Bukit","category":"school","address":"Kajang"},"geometry":{"type":"Point","coordinates":[101.79205,2.98546]}},{"type":"Feature","properties":{"name":"Sekolah Kebangsaan Jalan Bukit (1)","category":"school","address":"Kajang"},"geometry":{"type":"Point","coordinates":[101.79173,2.98387]}},{"type":"Feature","properties":{"name":"SMK Convent Kajang","category":"school","address":"Kajang"},"geometry":{"type":"Point","coordinates":[101.78978,2.98971]}},{"type":"Feature","properties":{"name":"Sekolah Rendah Agama Rahmaniah","category":"school","address":"Kajang"},"geometry":{"type":"Point","coordinates":[101.76697,2.99162]}},{"type":"Feature","properties":{"name":"SMKA Maahad Hamidiah","category":"school","address":"Kajang"},"geometry":{"type":"Point","coordinates":[101.75258,2.98364]}},{"type":"Feature","properties":{"name":"SK Seksyen 7","category":"school","address":"43650, Bandar Baru Bangi"},"geometry":{"type":"Point","coordinates":[101.77557,2.97049]}},{"type":"Feature","properties":{"name":"Akademi Darul Huffaz","category":"school","address":"Jalan Putra 4, Kajang"},"geometry":{"type":"Point","coordinates":[101.77267,2.9783]}},{"type":"Feature","properties":{"name":"SK Rancangan Tanah Belia Bukit Changgang","category":"school","address":"Banting"},"geometry":{"type":"Point","coordinates":[101.65703,2.80516]}},{"type":"Feature","properties":{"name":"SRA Rancangan Tanah Belia Bukit Changgang","category":"school","address":"Banting"},"geometry":{"type":"Point","coordinates":[101.65629,2.80404]}},{"type":"Feature","properties":{"name":"Sekolah Jenis Kebangsaan (Cina) Kampung Gurney","category":"school","address":"Lorong Gurney 4, Ulu Yam Bharu"},"geometry":{"type":"Point","coordinates":[101.66248,3.42133]}},{"type":"Feature","properties":{"name":"SK Batang Kali","category":"school","address":"Jalan Batang Kali - Ulu Yam, 44300, Batang Kali"},"geometry":{"type":"Point","coordinates":[101.64493,3.46816]}},{"type":"Feature","properties":{"name":"SMK Syed Mashor","category":"school","address":"44300, Batang Kali"},"geometry":{"type":"Point","coordinates":[101.64715,3.46521]}},{"type":"Feature","properties":{"name":"SMK Bandar Baru Batang Kali","category":"school","address":"Batang Kali"},"geometry":{"type":"Point","coordinates":[101.65383,3.45791]}},{"type":"Feature","properties":{"name":"SK Bandar Baru Batang Kali","category":"school","address":"Batang Kali"},"geometry":{"type":"Point","coordinates":[101.65427,3.45934]}},{"type":"Feature","properties":{"name":"SRA Bandar Utama Batang Kali","category":"school","address":"Batang Kali"},"geometry":{"type":"Point","coordinates":[101.65543,3.45765]}},{"type":"Feature","properties":{"name":"SRA Kuala Kubu Bharu","category":"school","address":"Kuala Kubu Bharu"},"geometry":{"type":"Point","coordinates":[101.65541,3.56222]}},{"type":"Feature","properties":{"name":"Sekolah Jenis Kebangsaan (Tamil) Sepang","category":"school","address":"Jalan Kelab, Sepang"},"geometry":{"type":"Point","coordinates":[101.75014,2.6949]}},{"type":"Feature","properties":{"name":"Sekolah Jenis Kebangsaan (Cina) Sepang","category":"school","address":"Sepang"},"geometry":{"type":"Point","coordinates":[101.74918,2.68922]}},{"type":"Feature","properties":{"name":"Sekolah Jenis Kebangsaan (Cina) Damansara","category":"school"},"geometry":{"type":"Point","coordinates":[101.59994,3.13801]}},{"type":"Feature","properties":{"name":"St. Joseph's Institution","category":"school","address":"1 Jalan PJU 3/13, 47410, Petaling Jaya"},"geometry":{"type":"Point","coordinates":[101.59543,3.13975]}},{"type":"Feature","properties":{"name":"SK Kg Johan Setia","category":"school"},"geometry":{"type":"Point","coordinates":[101.48963,2.97859]}},{"type":"Feature","properties":{"name":"SAMT Kuala Kubu Bharu","category":"school","address":"Kuala Kubu Bharu"},"geometry":{"type":"Point","coordinates":[101.64347,3.55854]}},{"type":"Feature","properties":{"name":"Sekolah Agama Menengah Bestari","category":"school","address":"Jalan USJ 5/3A, 47610, Subang Jaya"},"geometry":{"type":"Point","coordinates":[101.58099,3.0552]}},{"type":"Feature","properties":{"name":"Sekolah Menengah Kebangsaan USJ 4","category":"school","address":"Jalan USJ 4/3, 47600, Subang Jaya"},"geometry":{"type":"Point","coordinates":[101.57534,3.05497]}},{"type":"Feature","properties":{"name":"Sekolah Menengah Kebangsaan Seafield","category":"school","address":"Jalan USJ 2/5"},"geometry":{"type":"Point","coordinates":[101.58577,3.06156]}},{"type":"Feature","properties":{"name":"SRA Kampung Melayu Rasa","category":"school","address":"Rasa"},"geometry":{"type":"Point","coordinates":[101.637,3.50078]}},{"type":"Feature","properties":{"name":"SK Rasa","category":"school","address":"Rasa"},"geometry":{"type":"Point","coordinates":[101.63522,3.50156]}},{"type":"Feature","properties":{"name":"SJK (C) Choon Hwa Batu 18","category":"school","address":"Jalan Dusun Tua, 43100, Hulu Langat"},"geometry":{"type":"Point","coordinates":[101.8479,3.164]}},{"type":"Feature","properties":{"name":"SJK (C) Simpang Morib 新邦摩立华文小学","category":"school"},"geometry":{"type":"Point","coordinates":[101.45999,2.78047]}},{"type":"Feature","properties":{"name":"Sekolah Jenis Kebangsaan (Tamil) Ladang Midlands","category":"school","address":"Jalan Plumbum 7/100, Shah Alam"},"geometry":{"type":"Point","coordinates":[101.48735,3.0683]}},{"type":"Feature","properties":{"name":"Sekolah Kebangsaan Taman Sri Muda 2","category":"school"},"geometry":{"type":"Point","coordinates":[101.53709,3.03368]}},{"type":"Feature","properties":{"name":"Madrassah","category":"school"},"geometry":{"type":"Point","coordinates":[101.69532,3.43457]}},{"type":"Feature","properties":{"name":"SMK Seksyen 4 Bandar Kinrara","category":"school","address":"47100, Puchong"},"geometry":{"type":"Point","coordinates":[101.64661,3.04512]}},{"type":"Feature","properties":{"name":"SAMT Tengku Ampuan Rahimah","category":"school","address":"Banting"},"geometry":{"type":"Point","coordinates":[101.533,2.83326]}},{"type":"Feature","properties":{"name":"SRAI Sungai Manggis","category":"school","address":"Banting"},"geometry":{"type":"Point","coordinates":[101.53583,2.83072]}},{"type":"Feature","properties":{"name":"Sekolah Menengah Kebangsaan Sungai Manggis","category":"school","address":"Banting"},"geometry":{"type":"Point","coordinates":[101.53722,2.82633]}},{"type":"Feature","properties":{"name":"SJK (C) Dengkil","category":"school","address":"Dengkil"},"geometry":{"type":"Point","coordinates":[101.67777,2.85974]}},{"type":"Feature","properties":{"name":"SRA Dengkil","category":"school","address":"Dengkil"},"geometry":{"type":"Point","coordinates":[101.6779,2.85889]}},{"type":"Feature","properties":{"name":"SJK (T) Dengkil","category":"school","address":"Dengkil"},"geometry":{"type":"Point","coordinates":[101.67939,2.85529]}},{"type":"Feature","properties":{"name":"SK Dengkil","category":"school","address":"Dengkil"},"geometry":{"type":"Point","coordinates":[101.67291,2.864]}},{"type":"Feature","properties":{"name":"Sekolah Kebangsaan Desa Pinggiran Putra","category":"school","address":"Kajang"},"geometry":{"type":"Point","coordinates":[101.7057,2.89948]}},{"type":"Feature","properties":{"name":"Sri Emas International School","category":"school","address":"Petaling Jaya"},"geometry":{"type":"Point","coordinates":[101.60861,3.08422]}},{"type":"Feature","properties":{"name":"Sekolah Jenis Kebangsaan (Cina) Kheng Chee","category":"school","address":"Puchong"},"geometry":{"type":"Point","coordinates":[101.62864,3.02194]}},{"type":"Feature","properties":{"name":"SK Seri Pristana","category":"school"},"geometry":{"type":"Point","coordinates":[101.47072,3.20875]}},{"type":"Feature","properties":{"name":"Sekolah Kebangsaan Sungei Way","category":"school","address":"Jalan SS9/13, 47300, Petaling Jaya"},"geometry":{"type":"Point","coordinates":[101.61631,3.08527]}},{"type":"Feature","properties":{"name":"Spectrum International School","category":"school","address":"Persiaran Timur"},"geometry":{"type":"Point","coordinates":[101.71003,2.92293]}},{"type":"Feature","properties":{"name":"SK Kalumpang","category":"school","address":"44100, Kalumpang"},"geometry":{"type":"Point","coordinates":[101.56526,3.63811]}},{"type":"Feature","properties":{"name":"SJK (C) Tanjong Sepat 丹绒士拔华文小学","category":"school","address":"Tanjong Sepat"},"geometry":{"type":"Point","coordinates":[101.5576,2.66163]}},{"type":"Feature","properties":{"name":"SJK (C) Tiong Nam 双溪峇也中南华文小学","category":"school"},"geometry":{"type":"Point","coordinates":[101.44035,2.84245]}},{"type":"Feature","properties":{"name":"SJK(C) Kah Wah 浮罗直落昆仑启化华文小学","category":"school"},"geometry":{"type":"Point","coordinates":[101.50133,2.82397]}},{"type":"Feature","properties":{"name":"SJK(C) Choong Hua","category":"school","address":"517 Jalan Sultan Alam Shah, 42700, Banting"},"geometry":{"type":"Point","coordinates":[101.49737,2.80791]}},{"type":"Feature","properties":{"name":"Sekolah Jenis Kebangsaan (Cina) Jenjarom","category":"school","address":"42600, Jenjarom"},"geometry":{"type":"Point","coordinates":[101.49624,2.87491]}},{"type":"Feature","properties":{"name":"SJK (C) Peng Ming 直落平民华文小学","category":"school"},"geometry":{"type":"Point","coordinates":[101.46777,2.90709]}},{"type":"Feature","properties":{"name":"SK Gesir Tengah","category":"school","address":"Kuala Kubu Bharu"},"geometry":{"type":"Point","coordinates":[101.42894,3.72481]}},{"type":"Feature","properties":{"name":"SRA Felda Gedangsa","category":"school","address":"Kuala Kubu Bharu"},"geometry":{"type":"Point","coordinates":[101.38404,3.74234]}},{"type":"Feature","properties":{"name":"SK Gedangsa","category":"school","address":"Kuala Kubu Bharu"},"geometry":{"type":"Point","coordinates":[101.38081,3.73855]}},{"type":"Feature","properties":{"name":"SMK Gedangsa","category":"school","address":"Kuala Kubu Bharu"},"geometry":{"type":"Point","coordinates":[101.38404,3.7328]}},{"type":"Feature","properties":{"name":"SK Seri Fajar","category":"school","address":"Kuala Kubu Bharu"},"geometry":{"type":"Point","coordinates":[101.43626,3.56396]}},{"type":"Feature","properties":{"name":"Sekolah Menengah Kebangsaan Bandar Puncak Jalil","category":"school","address":"Seri Kembangan"},"geometry":{"type":"Point","coordinates":[101.67846,3.02704]}},{"type":"Feature","properties":{"name":"SJK(C) Tanjong Karang 丹绒加弄华文小学","category":"school","address":"Tanjong Karang"},"geometry":{"type":"Point","coordinates":[101.17193,3.42636]}},{"type":"Feature","properties":{"name":"SJK (C) Yit Khwan 丹绒加弄峇眼益群华文小学","category":"school"},"geometry":{"type":"Point","coordinates":[101.17308,3.4005]}},{"type":"Feature","properties":{"name":"SJK (C) Chung Wah, Sasaran 沙沙兰中华华文小学","category":"school"},"geometry":{"type":"Point","coordinates":[101.31131,3.26049]}},{"type":"Feature","properties":{"name":"SJK(C) Ijok 依约华文小学","category":"school"},"geometry":{"type":"Point","coordinates":[101.41588,3.31598]}},{"type":"Feature","properties":{"name":"Sekolah Jenis Kebangsaan (Cina) Tun Tan Siew Sin","category":"school"},"geometry":{"type":"Point","coordinates":[101.57339,3.02138]}},{"type":"Feature","properties":{"name":"Sekolah Jenis Kebangsaan (Cina) Puay Chai 2","category":"school","address":"Lebuh Bandar Utama"},"geometry":{"type":"Point","coordinates":[101.61094,3.14677]}},{"type":"Feature","properties":{"name":"Sekolah Jenis Kebangsaan (Cina) Sungai Way","category":"school","address":"Jalan SS 9A/1"},"geometry":{"type":"Point","coordinates":[101.62115,3.08786]}},{"type":"Feature","properties":{"name":"SJK (C) Selayang Baru","category":"school","address":"Jalan 45, 68100, Batu Caves"},"geometry":{"type":"Point","coordinates":[101.66748,3.25406]}},{"type":"Feature","properties":{"name":"SJK (C) Desa Jaya","category":"school","address":"Jalan 31, 52100, Kuala Lumpur"},"geometry":{"type":"Point","coordinates":[101.62525,3.21611]}},{"type":"Feature","properties":{"name":"SJK (C) Kota Emerald","category":"school","address":"Kota Emerald"},"geometry":{"type":"Point","coordinates":[101.54936,3.32328]}},{"type":"Feature","properties":{"name":"SJK (C) San Yuk","category":"school","address":"Rawang"},"geometry":{"type":"Point","coordinates":[101.58208,3.31906]}},{"type":"Feature","properties":{"name":"SK Puncak Alam","category":"school","address":"Jalan Mahkota Impian 2/1, Puncak Alam"},"geometry":{"type":"Point","coordinates":[101.43151,3.21289]}},{"type":"Feature","properties":{"name":"SMK Puncak Alam","category":"school","address":"Jalan Mahkota Impian 2/1, Puncak Alam"},"geometry":{"type":"Point","coordinates":[101.43042,3.21091]}},{"type":"Feature","properties":{"name":"SMK Puncak Alam 3","category":"school","address":"Puncak Alam"},"geometry":{"type":"Point","coordinates":[101.42374,3.24646]}},{"type":"Feature","properties":{"name":"SK Puncak Alam 3","category":"school","address":"Puncak Alam"},"geometry":{"type":"Point","coordinates":[101.42494,3.24542]}},{"type":"Feature","properties":{"name":"SRA Puncak Alam","category":"school","address":"42300, Puncak Alam"},"geometry":{"type":"Point","coordinates":[101.42837,3.22632]}},{"type":"Feature","properties":{"name":"SK Puncak Alam 2","category":"school","address":"Puncak Alam"},"geometry":{"type":"Point","coordinates":[101.42644,3.22614]}},{"type":"Feature","properties":{"name":"SK Desa Aman","category":"school","address":"Sungai Buloh"},"geometry":{"type":"Point","coordinates":[101.48507,3.23401]}},{"type":"Feature","properties":{"name":"SAM Nurul Iman","category":"school","address":"Klang"},"geometry":{"type":"Point","coordinates":[101.45375,3.17857]}},{"type":"Feature","properties":{"name":"SK Desa Aman Puri","category":"school","address":"52100, Kuala Lumpur"},"geometry":{"type":"Point","coordinates":[101.61439,3.21746]}},{"type":"Feature","properties":{"name":"SK Pelabuhan Utara","category":"school","address":"Pelabuhan Klang"},"geometry":{"type":"Point","coordinates":[101.38031,3.03262]}},{"type":"Feature","properties":{"name":"KAFA Integrasi Bandar Sultan Suleiman","category":"school","address":"Pelabuhan Klang"},"geometry":{"type":"Point","coordinates":[101.37977,3.03052]}},{"type":"Feature","properties":{"name":"SMK Bandar Baru Sultan Suleiman","category":"school","address":"Pelabuhan Klang"},"geometry":{"type":"Point","coordinates":[101.38131,3.02876]}},{"type":"Feature","properties":{"name":"SRA Nurul Ehsan","category":"school","address":"Klang"},"geometry":{"type":"Point","coordinates":[101.42494,3.06392]}},{"type":"Feature","properties":{"name":"SK Rantau Panjang","category":"school","address":"42100, Klang"},"geometry":{"type":"Point","coordinates":[101.41102,3.06792]}},{"type":"Feature","properties":{"name":"SMK Rantau Panjang","category":"school","address":"Jalan Sekolah, 42100, Klang"},"geometry":{"type":"Point","coordinates":[101.40984,3.06862]}},{"type":"Feature","properties":{"name":"Sekolah Rendah Agama Rantau Panjang","category":"school","address":"Jalan Palembang, 42100, Klang"},"geometry":{"type":"Point","coordinates":[101.40796,3.0559]}},{"type":"Feature","properties":{"name":"SK Batu Belah","category":"school","address":"Klang"},"geometry":{"type":"Point","coordinates":[101.44366,3.07037]}},{"type":"Feature","properties":{"name":"SK Bandar Sunway Semenyih","category":"school","address":"43500, Semenyih"},"geometry":{"type":"Point","coordinates":[101.84052,2.96707]}},{"type":"Feature","properties":{"name":"SK Kerling","category":"school","address":"44100, Kerling"},"geometry":{"type":"Point","coordinates":[101.60268,3.58871]}},{"type":"Feature","properties":{"name":"SK Lembah Beringin","category":"school","address":"44100"},"geometry":{"type":"Point","coordinates":[101.53243,3.58164]}},{"type":"Feature","properties":{"name":"SRA Kalumpang","category":"school","address":"Kalumpang"},"geometry":{"type":"Point","coordinates":[101.57234,3.6387]}},{"type":"Feature","properties":{"name":"SJK (C) Kalumpang","category":"school","address":"Kalumpang"},"geometry":{"type":"Point","coordinates":[101.57011,3.63466]}},{"type":"Feature","properties":{"name":"SMK Kalumpang","category":"school","address":"44100, Kalumpang"},"geometry":{"type":"Point","coordinates":[101.56481,3.63638]}},{"type":"Feature","properties":{"name":"SJK (C) Connaught 2","category":"school"},"geometry":{"type":"Point","coordinates":[101.74201,3.04613]}},{"type":"Feature","properties":{"name":"SK Kuala Kubu Bharu","category":"school","address":"Kuala Kubu Bharu"},"geometry":{"type":"Point","coordinates":[101.65224,3.56372]}},{"type":"Feature","properties":{"name":"SJK (C) Khing Ming","category":"school","address":"Kuala Kubu Bharu"},"geometry":{"type":"Point","coordinates":[101.65368,3.56284]}},{"type":"Feature","properties":{"name":"Maktab Rendah Sains MARA Kuala Kubu Bharu","category":"school","address":"Kuala Kubu Bharu"},"geometry":{"type":"Point","coordinates":[101.67566,3.54812]}},{"type":"Feature","properties":{"name":"Sekolah Agama Darul Ehsan","category":"school","address":"Subang Jaya"},"geometry":{"type":"Point","coordinates":[101.58625,3.08101]}},{"type":"Feature","properties":{"name":"SJK (T) Ladang Kalumpang","category":"school","address":"Hulu Bernam"},"geometry":{"type":"Point","coordinates":[101.53387,3.66413]}},{"type":"Feature","properties":{"name":"SRA Hulu Bernam","category":"school","address":"Hulu Bernam"},"geometry":{"type":"Point","coordinates":[101.52555,3.67047]}},{"type":"Feature","properties":{"name":"SK Hulu Bernam","category":"school","address":"35900, Hulu Bernam"},"geometry":{"type":"Point","coordinates":[101.52229,3.67207]}},{"type":"Feature","properties":{"name":"SMK Datuk Ahmad Razali","category":"school","address":"Jalan 13b"},"geometry":{"type":"Point","coordinates":[101.75971,3.15681]}},{"type":"Feature","properties":{"name":"Sekolah Menengah Kebangsaan Bandar Baru Ampang","category":"school"},"geometry":{"type":"Point","coordinates":[101.76791,3.13671]}},{"type":"Feature","properties":{"name":"Sekolah Menengah Kebangsaan Gombak Setia","category":"school"},"geometry":{"type":"Point","coordinates":[101.71534,3.22038]}},{"type":"Feature","properties":{"name":"Sekolah Kebangsaan Gombak Setia","category":"school"},"geometry":{"type":"Point","coordinates":[101.71565,3.21872]}},{"type":"Feature","properties":{"name":"SK(2) Gombak","category":"school"},"geometry":{"type":"Point","coordinates":[101.71165,3.21556]}},{"type":"Feature","properties":{"name":"Sekolah Rendah Agama Muwafaqah","category":"school"},"geometry":{"type":"Point","coordinates":[101.75539,3.21159]}},{"type":"Feature","properties":{"name":"SK Saujana Impian (2)","category":"school"},"geometry":{"type":"Point","coordinates":[101.79228,3.0215]}},{"type":"Feature","properties":{"name":"Sekolah Kebangsaan Taman Permata","category":"school"},"geometry":{"type":"Point","coordinates":[101.74734,3.2059]}},{"type":"Feature","properties":{"name":"Sekolah Agama Rakyat Muhammadi","category":"school"},"geometry":{"type":"Point","coordinates":[101.74159,3.22077]}},{"type":"Feature","properties":{"name":"Sekolah Menengah Kebangsaan Taman Kosas","category":"school"},"geometry":{"type":"Point","coordinates":[101.77245,3.14839]}},{"type":"Feature","properties":{"name":"SK Taman Kosas","category":"school"},"geometry":{"type":"Point","coordinates":[101.77443,3.14772]}},{"type":"Feature","properties":{"name":"Sekolah Jenis Kebangsaan (Cina) Kampung Baru Semenyih","category":"school"},"geometry":{"type":"Point","coordinates":[101.84419,2.94915]}},{"type":"Feature","properties":{"name":"SK Ampang Campuran","category":"school","address":"68000, Ampang Jaya"},"geometry":{"type":"Point","coordinates":[101.76788,3.13327]}},{"type":"Feature","properties":{"name":"Sekolah Rendah Agama Kampung Melayu Ampang","category":"school","address":"68000, Ampang"},"geometry":{"type":"Point","coordinates":[101.76403,3.14927]}},{"type":"Feature","properties":{"name":"Sekolah Kebangsaan Taman Melawati","category":"school"},"geometry":{"type":"Point","coordinates":[101.74706,3.22533]}},{"type":"Feature","properties":{"name":"Sekolah Kebangsaan Semenyih","category":"school"},"geometry":{"type":"Point","coordinates":[101.84476,2.95043]}},{"type":"Feature","properties":{"name":"SJK (C) Kg Baru Ampang","category":"school","address":"Jalan Wawasan Merdeka, 68000, Ampang"},"geometry":{"type":"Point","coordinates":[101.76378,3.14085]}},{"type":"Feature","properties":{"name":"SK Taman Seri Gombak 2","category":"school"},"geometry":{"type":"Point","coordinates":[101.69849,3.24265]}},{"type":"Feature","properties":{"name":"SK Taman Seri Gombak 1","category":"school"},"geometry":{"type":"Point","coordinates":[101.69849,3.24327]}},{"type":"Feature","properties":{"name":"SK Taman Samudra","category":"school"},"geometry":{"type":"Point","coordinates":[101.69375,3.23393]}},{"type":"Feature","properties":{"name":"Eaton International School","category":"school","address":"Persiaran Bandar Puncak Utama, 43000, Kajang"},"geometry":{"type":"Point","coordinates":[101.75264,2.99262]}},{"type":"Feature","properties":{"name":"SMK Kuala Kubu Bharu","category":"school","address":"Jalan Kolam Air, Kuala Kubu Bharu"},"geometry":{"type":"Point","coordinates":[101.66325,3.56846]}},{"type":"Feature","properties":{"name":"Sekolah Kebangsaan Bandar Rinching","category":"school"},"geometry":{"type":"Point","coordinates":[101.84881,2.92665]}},{"type":"Feature","properties":{"name":"SMK Bandar Tasik Puteri","category":"school","address":"Bandar Tasik Puteri, 48000, Rawang"},"geometry":{"type":"Point","coordinates":[101.47336,3.28705]}},{"type":"Feature","properties":{"name":"SK Bandar Tasik Puteri","category":"school","address":"Jalan Tasik Puteri, 48020, Bandar Tasik Puteri"},"geometry":{"type":"Point","coordinates":[101.47504,3.28629]}},{"type":"Feature","properties":{"name":"Sekolah Rendah Agama Pandamaran Jaya","category":"school","address":"Jalan Pandamaran Jaya, 42000, Pelabuhan Klang"},"geometry":{"type":"Point","coordinates":[101.4262,3.00361]}},{"type":"Feature","properties":{"name":"SK Kampung Rinching","category":"school"},"geometry":{"type":"Point","coordinates":[101.8622,2.91539]}},{"type":"Feature","properties":{"name":"Sekolah Agama Kafa Kampung Rinching","category":"school"},"geometry":{"type":"Point","coordinates":[101.8629,2.91417]}},{"type":"Feature","properties":{"name":"Sekolah Menengah Sains Hulu Selangor","category":"school","address":"Jalan Ulu Yam, 44300, Batang Kali"},"geometry":{"type":"Point","coordinates":[101.66123,3.40899]}},{"type":"Feature","properties":{"name":"Sekolah Rendah Agama Hulu Yam Bharu","category":"school","address":"Jalan Ulu Yam, 44300, Batang Kali"},"geometry":{"type":"Point","coordinates":[101.65537,3.43744]}},{"type":"Feature","properties":{"name":"SK Ulu Yam Bharu","category":"school","address":"Jalan Batang Kali - Ulu Yam, 44300, Batang Kali"},"geometry":{"type":"Point","coordinates":[101.6601,3.4379]}},{"type":"Feature","properties":{"name":"SJK (T) Batang Kali","category":"school","address":"44300, Batang Kali"},"geometry":{"type":"Point","coordinates":[101.64994,3.46726]}},{"type":"Feature","properties":{"name":"Sekolah Kebangsaan (2) Taman Selayang","category":"school","address":"Jalan Sungai Tua, 68100, Batu Caves"},"geometry":{"type":"Point","coordinates":[101.67261,3.24128]}},{"type":"Feature","properties":{"name":"Sekolah Menengah Kebangsaan Seri Selayang","category":"school","address":"Jalan Sungai Tua, 68100, Batu Caves"},"geometry":{"type":"Point","coordinates":[101.67236,3.24237]}},{"type":"Feature","properties":{"name":"Sekolah Menengah Kebangsaan Taman Selayang","category":"school","address":"Jalan Sungai Tua, 68100, Batu Caves"},"geometry":{"type":"Point","coordinates":[101.67304,3.24366]}},{"type":"Feature","properties":{"name":"ELC International School","category":"school"},"geometry":{"type":"Point","coordinates":[101.58135,3.20734]}},{"type":"Feature","properties":{"name":"Integrated Islamic School Shah Alam","category":"school"},"geometry":{"type":"Point","coordinates":[101.52794,3.05397]}},{"type":"Feature","properties":{"name":"Integrated Islamic School Shah Alam","category":"school"},"geometry":{"type":"Point","coordinates":[101.54042,3.05181]}},{"type":"Feature","properties":{"name":"Sekolah Menengah Kebangsaan Pandan Mewah","category":"school"},"geometry":{"type":"Point","coordinates":[101.76192,3.12551]}},{"type":"Feature","properties":{"name":"Sekolah Rendah Agama Kampung Medan","category":"school","address":"46000, Petaling Jaya"},"geometry":{"type":"Point","coordinates":[101.62832,3.07959]}},{"type":"Feature","properties":{"name":"SJK (C) On Pong","category":"school"},"geometry":{"type":"Point","coordinates":[101.76157,3.14675]}},{"type":"Feature","properties":{"name":"Sekolah Jenis Kebangsaan (Tamil) Ampang","category":"school"},"geometry":{"type":"Point","coordinates":[101.76351,3.14799]}},{"type":"Feature","properties":{"name":"SAMT Tengku Ampuan Jemaah","category":"school","address":"Persiaran Bandaraya, 40100, Seksyen 11"},"geometry":{"type":"Point","coordinates":[101.52612,3.07738]}},{"type":"Feature","properties":{"name":"SMK Seksyen 11 (Sekolah Sukan Negeri Selangor)","category":"school"},"geometry":{"type":"Point","coordinates":[101.52943,3.07331]}},{"type":"Feature","properties":{"name":"SK Desa Baiduri","category":"school","address":"Jalan Persiaran Baiduri, 56000, Cheras"},"geometry":{"type":"Point","coordinates":[101.75099,3.04796]}},{"type":"Feature","properties":{"name":"Sekolah Kebangsaan Taman Tasik","category":"school"},"geometry":{"type":"Point","coordinates":[101.77296,3.12665]}},{"type":"Feature","properties":{"name":"Sekolah Menengah Kebangsaan Taman Tasik","category":"school"},"geometry":{"type":"Point","coordinates":[101.77421,3.12616]}},{"type":"Feature","properties":{"name":"Sekolah Kebangsaan Seksyen 9","category":"school"},"geometry":{"type":"Point","coordinates":[101.5827,3.17443]}},{"type":"Feature","properties":{"name":"Sekolah Kebangsaan Puchong Utama 3","category":"school"},"geometry":{"type":"Point","coordinates":[101.61285,3.00088]}},{"type":"Feature","properties":{"name":"Sekolah Rendah Sri Acmar","category":"school"},"geometry":{"type":"Point","coordinates":[101.46245,3.0627]}},{"type":"Feature","properties":{"name":"Sekolah Sri Acmar (Menengah)","category":"school"},"geometry":{"type":"Point","coordinates":[101.46331,3.0613]}},{"type":"Feature","properties":{"name":"Sekolah Agama Rakyat Kampung Atap","category":"school"},"geometry":{"type":"Point","coordinates":[101.44246,3.04636]}},{"type":"Feature","properties":{"name":"IGB International School","category":"school","address":"Jalan Sierramas Utama, 47000, Sungai Buloh"},"geometry":{"type":"Point","coordinates":[101.58682,3.20452]}},{"type":"Feature","properties":{"name":"SMK Khir Johari","category":"school","address":"Beranang"},"geometry":{"type":"Point","coordinates":[101.87119,2.86736]}},{"type":"Feature","properties":{"name":"SK Beranang","category":"school","address":"Beranang"},"geometry":{"type":"Point","coordinates":[101.87143,2.86836]}},{"type":"Feature","properties":{"name":"SBP Integrasi Sabak Bernam","category":"school","address":"45100, Sungai Air Tawar"},"geometry":{"type":"Point","coordinates":[100.81596,3.80485]}},{"type":"Feature","properties":{"name":"SAM Muhammadiah Pekan Sabak","category":"school","address":"Sabak Bernam"},"geometry":{"type":"Point","coordinates":[100.97659,3.76265]}},{"type":"Feature","properties":{"name":"SK Panchang Bedena","category":"school","address":"45300, Sungai Besar"},"geometry":{"type":"Point","coordinates":[100.95794,3.69665]}},{"type":"Feature","properties":{"name":"SK Kampung Baharu","category":"school","address":"45200, Sabak Bernam"},"geometry":{"type":"Point","coordinates":[100.94908,3.79228]}},{"type":"Feature","properties":{"name":"SRA Kampung Baru","category":"school","address":"45200, Sabak Bernam"},"geometry":{"type":"Point","coordinates":[100.95359,3.79576]}},{"type":"Feature","properties":{"name":"SAMT Sultan Salahuddin Abdul Aziz Shah","category":"school","address":"45200, Sabak Bernam"},"geometry":{"type":"Point","coordinates":[100.95467,3.75306]}},{"type":"Feature","properties":{"name":"SRA Batu 38","category":"school","address":"45200, Sabak Bernam"},"geometry":{"type":"Point","coordinates":[100.95685,3.75262]}},{"type":"Feature","properties":{"name":"SK Batu 38","category":"school","address":"45200, Sabak Bernam"},"geometry":{"type":"Point","coordinates":[100.95592,3.75388]}},{"type":"Feature","properties":{"name":"SK Kampong Banting","category":"school","address":"45200, Sabak Bernam"},"geometry":{"type":"Point","coordinates":[100.92406,3.75782]}},{"type":"Feature","properties":{"name":"Oasis International School (Kuala Lumpur)","category":"school","address":"No. 1 Jalan Flora 2, 42500, Bandar Rimbayu"},"geometry":{"type":"Point","coordinates":[101.55083,2.93485]}},{"type":"Feature","properties":{"name":"Sekolah Menengah Kebangsaan Taman Desaminium","category":"school"},"geometry":{"type":"Point","coordinates":[101.66126,3.00682]}},{"type":"Feature","properties":{"name":"Sekolah Kebangsaan Taman Desaminium","category":"school"},"geometry":{"type":"Point","coordinates":[101.66125,3.00552]}},{"type":"Feature","properties":{"name":"Sekolah Jenis Kebangsaan (Cina) Bukit Serdang Seri Kembangan","category":"school","address":"Persiaran Lestari Perdana"},"geometry":{"type":"Point","coordinates":[101.67268,3.01105]}},{"type":"Feature","properties":{"name":"SMK Putra Perdana","category":"school","address":"47130, Puchong"},"geometry":{"type":"Point","coordinates":[101.62154,2.94384]}},{"type":"Feature","properties":{"name":"SK Taman Putra Perdana","category":"school"},"geometry":{"type":"Point","coordinates":[101.62058,2.94068]}},{"type":"Feature","properties":{"name":"SK Dato' Abu Bakar Baginda","category":"school"},"geometry":{"type":"Point","coordinates":[101.73048,2.95758]}},{"type":"Feature","properties":{"name":"Sekolah Menengah Kebangsaan Desa Serdang","category":"school"},"geometry":{"type":"Point","coordinates":[101.72766,3.01067]}},{"type":"Feature","properties":{"name":"SAM Bandar Baru Salak Tinggi","category":"school"},"geometry":{"type":"Point","coordinates":[101.73479,2.82022]}},{"type":"Feature","properties":{"name":"Sekolah Kebangsaan Kota Warisan","category":"school"},"geometry":{"type":"Point","coordinates":[101.70512,2.82628]}},{"type":"Feature","properties":{"name":"Sekolah Menengah Kebangsaan Engku Husain","category":"school","address":"Jalan Kenangan"},"geometry":{"type":"Point","coordinates":[101.83989,2.95385]}},{"type":"Feature","properties":{"name":"Sekolah Menengah Kebangsaan Tropicana","category":"school"},"geometry":{"type":"Point","coordinates":[101.5975,3.12923]}},{"type":"Feature","properties":{"name":"Sekolah Kebangsaan Tropicana","category":"school"},"geometry":{"type":"Point","coordinates":[101.59843,3.12974]}},{"type":"Feature","properties":{"name":"SJK (C) Khe Beng, Klang","category":"school","address":"Persiaran Kemuning Prima, 40460, Shah Alam"},"geometry":{"type":"Point","coordinates":[101.53218,3.01353]}},{"type":"Feature","properties":{"name":"The British International School of Kuala Lumpur","category":"school"},"geometry":{"type":"Point","coordinates":[101.60674,3.13641]}},{"type":"Feature","properties":{"name":"SMS Banting (BASIS)","category":"school"},"geometry":{"type":"Point","coordinates":[101.44518,2.82707]}},{"type":"Feature","properties":{"name":"Dataran As-Saadah","category":"school"},"geometry":{"type":"Point","coordinates":[101.44547,2.8273]}},{"type":"Feature","properties":{"name":"Dataran As-Saadah","category":"school"},"geometry":{"type":"Point","coordinates":[101.44562,2.82726]}},{"type":"Feature","properties":{"name":"Sekolah Agama Rakyat Bandar Kinrara 5","category":"school"},"geometry":{"type":"Point","coordinates":[101.6467,3.04397]}},{"type":"Feature","properties":{"name":"SK Lubok Kelubi","category":"school"},"geometry":{"type":"Point","coordinates":[101.85552,3.17744]}},{"type":"Feature","properties":{"name":"SK Taman Putra Perdana 2","category":"school"},"geometry":{"type":"Point","coordinates":[101.61101,2.93973]}},{"type":"Feature","properties":{"name":"SK Taman Bukit Teratai","category":"school"},"geometry":{"type":"Point","coordinates":[101.7646,3.10919]}},{"type":"Feature","properties":{"name":"Kwang Hua Private High School","category":"school"},"geometry":{"type":"Point","coordinates":[101.45834,3.06399]}},{"type":"Feature","properties":{"name":"Chung Hua Independent High School 巴生中华独中","category":"school","address":"129 Jalan Kota Raja, 41000, Klang"},"geometry":{"type":"Point","coordinates":[101.45257,3.03666]}},{"type":"Feature","properties":{"name":"Hin Hua High School 巴生兴华中学","category":"school","address":"141 Persiaran Raja Muda Musa, 41200, Klang"},"geometry":{"type":"Point","coordinates":[101.43957,3.03356]}},{"type":"Feature","properties":{"name":"SJK(C) Aik Thee 瓜雪益智华文小学","category":"school"},"geometry":{"type":"Point","coordinates":[101.24394,3.34775]}},{"type":"Feature","properties":{"name":"Sekolah Rendah Agama Integrasi Tengku Ampuan Fatimah","category":"school"},"geometry":{"type":"Point","coordinates":[101.44424,3.06811]}},{"type":"Feature","properties":{"name":"Sekolah Rendah Agama Sungai Sekamat","category":"school"},"geometry":{"type":"Point","coordinates":[101.78173,3.02438]}},{"type":"Feature","properties":{"name":"Sekolah Kebangsaan Seri Sekamat","category":"school","address":"43000, Kajang"},"geometry":{"type":"Point","coordinates":[101.77961,3.02444]}},{"type":"Feature","properties":{"name":"Sekolah Menengah Kebangsaan Puchong Utama (1)","category":"school"},"geometry":{"type":"Point","coordinates":[101.61035,2.98349]}},{"type":"Feature","properties":{"name":"Sekolah Kebangsaan Puchong Utama 1","category":"school"},"geometry":{"type":"Point","coordinates":[101.6111,2.98936]}},{"type":"Feature","properties":{"name":"Sekolah Kebangsaan Puchong Utama 2","category":"school"},"geometry":{"type":"Point","coordinates":[101.61319,2.98154]}},{"type":"Feature","properties":{"name":"Sekolah Jenis Kebangsaan (Cina) Shin Cheng (Harcroft)","category":"school"},"geometry":{"type":"Point","coordinates":[101.63049,3.04082]}},{"type":"Feature","properties":{"name":"SJK (C) Bandar Kajang 2","category":"school"},"geometry":{"type":"Point","coordinates":[101.79393,2.96702]}},{"type":"Feature","properties":{"name":"Sekolah Kebangsaan Jenderam","category":"school","address":"43800"},"geometry":{"type":"Point","coordinates":[101.73185,2.86901]}},{"type":"Feature","properties":{"name":"Sekolah Rendah Agama Jenderam Hulu","category":"school","address":"43800"},"geometry":{"type":"Point","coordinates":[101.73261,2.8699]}},{"type":"Feature","properties":{"name":"Sekolah Kebangsaan Leftenan Adnan","category":"school"},"geometry":{"type":"Point","coordinates":[101.76801,2.98636]}},{"type":"Feature","properties":{"name":"Sekolah Agama Islam","category":"school"},"geometry":{"type":"Point","coordinates":[101.73194,3.29312]}},{"type":"Feature","properties":{"name":"SMK Jugra","category":"school"},"geometry":{"type":"Point","coordinates":[101.45654,2.82029]}},{"type":"Feature","properties":{"name":"Sekolah Menengah Kebangsaan Taman Keramat","category":"school"},"geometry":{"type":"Point","coordinates":[101.74363,3.1707]}},{"type":"Feature","properties":{"name":"Sekolah Kebangsaan Taman Keramat","category":"school"},"geometry":{"type":"Point","coordinates":[101.74221,3.17038]}},{"type":"Feature","properties":{"name":"SJK (C) Pin Hwa 2","category":"school","address":"Lorong Haji Abdul Manan, 40150, Klang"},"geometry":{"type":"Point","coordinates":[101.40708,3.09838]}},{"type":"Feature","properties":{"name":"SK Sijangkang Jaya","category":"school","address":"Teluk Panglima Garang"},"geometry":{"type":"Point","coordinates":[101.47606,2.93071]}},{"type":"Feature","properties":{"name":"SMK Sijangkang Jaya","category":"school","address":"Teluk Panglima Garang"},"geometry":{"type":"Point","coordinates":[101.47595,2.9322]}},{"type":"Feature","properties":{"name":"SK Kampung Medan","category":"school","address":"Teluk Panglima Garang"},"geometry":{"type":"Point","coordinates":[101.47449,2.93026]}},{"type":"Feature","properties":{"name":"SRA Kampung Medan","category":"school"},"geometry":{"type":"Point","coordinates":[101.47462,2.92836]}},{"type":"Feature","properties":{"name":"SK Jalan Kebun","category":"school"},"geometry":{"type":"Point","coordinates":[101.51787,2.97329]}},{"type":"Feature","properties":{"name":"SJK (C) Chung Hua Klang","category":"school","address":"1A Persiaran Anggerik Eria, 40460, Shah Alam"},"geometry":{"type":"Point","coordinates":[101.53401,2.9883]}},{"type":"Feature","properties":{"name":"SJK (C) Bukit Fraser (Kuala Langat)","category":"school"},"geometry":{"type":"Point","coordinates":[101.52884,2.94686]}},{"type":"Feature","properties":{"name":"Tenby International School Tropicana Aman","category":"school"},"geometry":{"type":"Point","coordinates":[101.5297,2.94504]}},{"type":"Feature","properties":{"name":"SJK (C) Choon Hwa, Lembah Maju","category":"school"},"geometry":{"type":"Point","coordinates":[101.75823,3.12422]}},{"type":"Feature","properties":{"name":"Sekolah Menengah Kebangsaan Pandan Jaya","category":"school"},"geometry":{"type":"Point","coordinates":[101.73801,3.13698]}},{"type":"Feature","properties":{"name":"Sekolah Rendah Agama Kota Damansara 5","category":"school","address":"Jalan Sepah Puteri 5/20, 47810, Kota Damansara"},"geometry":{"type":"Point","coordinates":[101.58729,3.16084]}},{"type":"Feature","properties":{"name":"Sekolah Rendah Agama Taman Permata","category":"school","address":"Jalan Permata 4"},"geometry":{"type":"Point","coordinates":[101.74723,3.20672]}},{"type":"Feature","properties":{"name":"Sekolah Kebangsaan Batu Sembilan","category":"school","address":"Jalan Cheras, 43200, Cheras"},"geometry":{"type":"Point","coordinates":[101.76871,3.06985]}},{"type":"Feature","properties":{"name":"Sekolah Rendah Agama Batu 9","category":"school"},"geometry":{"type":"Point","coordinates":[101.7693,3.06709]}},{"type":"Feature","properties":{"name":"SK Setia Alam","category":"school"},"geometry":{"type":"Point","coordinates":[101.4543,3.09407]}},{"type":"Feature","properties":{"name":"Sekolah Jenis Kebangsaan (Cina) Subang","category":"school","address":"Jalan Pekan Subang, 40150, Shah Alam"},"geometry":{"type":"Point","coordinates":[101.53479,3.14342]}},{"type":"Feature","properties":{"name":"Sekolah Jenis Kebangsaan (Cina) Serdang Baru (2)","category":"school"},"geometry":{"type":"Point","coordinates":[101.70945,3.01318]}},{"type":"Feature","properties":{"name":"SJK (C) Perempuan","category":"school"},"geometry":{"type":"Point","coordinates":[101.45346,3.03856]}},{"type":"Feature","properties":{"name":"SJK (C) Chuen Min","category":"school"},"geometry":{"type":"Point","coordinates":[101.43153,3.03831]}},{"type":"Feature","properties":{"name":"SJK (C) Kong Hoe","category":"school"},"geometry":{"type":"Point","coordinates":[101.45241,3.04745]}},{"type":"Feature","properties":{"name":"Sekolah Jenis Kebangsaan (Cina) Pandamaran 'A'","category":"school"},"geometry":{"type":"Point","coordinates":[101.41267,3.00673]}},{"type":"Feature","properties":{"name":"Sekolah Jenis Kebangsaan (Cina) Pandamaran 'B'","category":"school"},"geometry":{"type":"Point","coordinates":[101.4198,3.01141]}},{"type":"Feature","properties":{"name":"SJK (C) Pui Ying 巴生培英华文小学","category":"school"},"geometry":{"type":"Point","coordinates":[101.41133,3.07285]}},{"type":"Feature","properties":{"name":"SJK (C) Soo Jin","category":"school"},"geometry":{"type":"Point","coordinates":[101.3738,3.13948]}},{"type":"Feature","properties":{"name":"SK Telok Gadong","category":"school"},"geometry":{"type":"Point","coordinates":[101.41956,3.03873]}},{"type":"Feature","properties":{"name":"SK Sungai Udang","category":"school"},"geometry":{"type":"Point","coordinates":[101.41863,3.03949]}},{"type":"Feature","properties":{"name":"Sekolah Kebangsaan Pelabuhan Klang","category":"school"},"geometry":{"type":"Point","coordinates":[101.40095,3.00028]}},{"type":"Feature","properties":{"name":"Sekolah Jenis Kebangsaan (Tamil) Persiaran Raja Muda Musa","category":"school"},"geometry":{"type":"Point","coordinates":[101.40192,3.00098]}},{"type":"Feature","properties":{"name":"SK Telok Menegon","category":"school"},"geometry":{"type":"Point","coordinates":[101.47554,3.03106]}},{"type":"Feature","properties":{"name":"Sekolah Kebangsaan Bukit Naga","category":"school"},"geometry":{"type":"Point","coordinates":[101.50472,3.00302]}},{"type":"Feature","properties":{"name":"SK Sementa","category":"school"},"geometry":{"type":"Point","coordinates":[101.38447,3.09301]}},{"type":"Feature","properties":{"name":"SK Kapar","category":"school"},"geometry":{"type":"Point","coordinates":[101.37702,3.13387]}},{"type":"Feature","properties":{"name":"SMK Tengku Idris Shah","category":"school","address":"Jalan Hamzah Alang 3, 42200, Kapar"},"geometry":{"type":"Point","coordinates":[101.37715,3.1351]}},{"type":"Feature","properties":{"name":"SK Bukit Kapar","category":"school"},"geometry":{"type":"Point","coordinates":[101.42467,3.1665]}},{"type":"Feature","properties":{"name":"SK Sungai Binjai","category":"school"},"geometry":{"type":"Point","coordinates":[101.43833,3.13741]}},{"type":"Feature","properties":{"name":"SK Pulau Indah","category":"school"},"geometry":{"type":"Point","coordinates":[101.31936,2.93209]}},{"type":"Feature","properties":{"name":"SK Tok Muda","category":"school"},"geometry":{"type":"Point","coordinates":[101.34527,3.13403]}},{"type":"Feature","properties":{"name":"SK Bukit Kuda","category":"school"},"geometry":{"type":"Point","coordinates":[101.46117,3.0458]}},{"type":"Feature","properties":{"name":"Sekolah Kebangsaan Kampung Raja Uda","category":"school","address":"Pelabuhan Klang"},"geometry":{"type":"Point","coordinates":[101.4098,3.01697]}},{"type":"Feature","properties":{"name":"SK Pandamaran Jaya","category":"school","address":"Jalan Pendamaran Jaya 12, Kawasan 10, 42000, Pelabuhan Klang"},"geometry":{"type":"Point","coordinates":[101.42294,3.00581]}},{"type":"Feature","properties":{"name":"SMK Pandamaran Jaya","category":"school"},"geometry":{"type":"Point","coordinates":[101.42175,3.00569]}},{"type":"Feature","properties":{"name":"SK Sungai Serdang","category":"school"},"geometry":{"type":"Point","coordinates":[101.32768,3.1489]}},{"type":"Feature","properties":{"name":"SK Kg Pendamar","category":"school"},"geometry":{"type":"Point","coordinates":[101.42973,2.97855]}},{"type":"Feature","properties":{"name":"SK Telok Gong","category":"school"},"geometry":{"type":"Point","coordinates":[101.38546,2.96431]}},{"type":"Feature","properties":{"name":"Sekolah Kebangsaan Abdul Samat","category":"school"},"geometry":{"type":"Point","coordinates":[101.37146,3.13693]}},{"type":"Feature","properties":{"name":"SK Meru","category":"school"},"geometry":{"type":"Point","coordinates":[101.40829,3.13739]}},{"type":"Feature","properties":{"name":"Sekolah Kebangsaan Kampung Idaman","category":"school"},"geometry":{"type":"Point","coordinates":[101.42718,2.99319]}},{"type":"Feature","properties":{"name":"SK Taman Klang Utama","category":"school"},"geometry":{"type":"Point","coordinates":[101.42168,3.08396]}},{"type":"Feature","properties":{"name":"SMK Taman Klang Utama","category":"school"},"geometry":{"type":"Point","coordinates":[101.42216,3.08305]}},{"type":"Feature","properties":{"name":"SK Kampung Jawa","category":"school"},"geometry":{"type":"Point","coordinates":[101.46311,3.0259]}},{"type":"Feature","properties":{"name":"SK Taman Gembira","category":"school"},"geometry":{"type":"Point","coordinates":[101.42974,3.03693]}},{"type":"Feature","properties":{"name":"Sekolah Kebangsaan Bukit Kemuning 2","category":"school"},"geometry":{"type":"Point","coordinates":[101.54137,2.98352]}},{"type":"Feature","properties":{"name":"Sekolah Menengah Kebangsaan Kota Kemuning","category":"school"},"geometry":{"type":"Point","coordinates":[101.54116,2.98496]}},{"type":"Feature","properties":{"name":"SK Sungai Kapar Indah","category":"school"},"geometry":{"type":"Point","coordinates":[101.3853,3.10019]}},{"type":"Feature","properties":{"name":"SK Pulau Indah 2","category":"school"},"geometry":{"type":"Point","coordinates":[101.34542,2.97811]}},{"type":"Feature","properties":{"name":"SK Batu Unjur","category":"school"},"geometry":{"type":"Point","coordinates":[101.43709,3.01146]}},{"type":"Feature","properties":{"name":"Kolej Vokasional Klang","category":"school"},"geometry":{"type":"Point","coordinates":[101.43636,3.01299]}},{"type":"Feature","properties":{"name":"SK Bukit Cerakah","category":"school"},"geometry":{"type":"Point","coordinates":[101.43436,3.20441]}},{"type":"Feature","properties":{"name":"SK Jalan Batu Tiga","category":"school"},"geometry":{"type":"Point","coordinates":[101.46084,3.05697]}},{"type":"Feature","properties":{"name":"SK & SMK La Salle","category":"school"},"geometry":{"type":"Point","coordinates":[101.4381,3.0326]}},{"type":"Feature","properties":{"name":"Regent International School","category":"school"},"geometry":{"type":"Point","coordinates":[101.43763,3.03162]}},{"type":"Feature","properties":{"name":"SK 1 & 2 Simpang Lima","category":"school"},"geometry":{"type":"Point","coordinates":[101.43847,3.03078]}},{"type":"Feature","properties":{"name":"SMK Tengku Ampuan Rahimah","category":"school"},"geometry":{"type":"Point","coordinates":[101.43996,3.03191]}},{"type":"Feature","properties":{"name":"SK (1) Jalan Meru","category":"school"},"geometry":{"type":"Point","coordinates":[101.4511,3.05798]}},{"type":"Feature","properties":{"name":"SK (2) Jalan Meru","category":"school"},"geometry":{"type":"Point","coordinates":[101.44995,3.05499]}},{"type":"Feature","properties":{"name":"SMK Tinggi Klang","category":"school"},"geometry":{"type":"Point","coordinates":[101.44946,3.0541]}},{"type":"Feature","properties":{"name":"Sekolah Kebangsaan Methodist","category":"school","address":"Pelabuhan Klang"},"geometry":{"type":"Point","coordinates":[101.407,3.01422]}},{"type":"Feature","properties":{"name":"Sekolah Kebangsaan Tengku Bendahara Azman 1 & 2","category":"school"},"geometry":{"type":"Point","coordinates":[101.40823,3.00906]}},{"type":"Feature","properties":{"name":"Sekolah Menengah Kebangsaan Dato Hamzah","category":"school"},"geometry":{"type":"Point","coordinates":[101.40747,3.008]}},{"type":"Feature","properties":{"name":"SK Perempuan Bukit Kuda","category":"school"},"geometry":{"type":"Point","coordinates":[101.46004,3.04568]}},{"type":"Feature","properties":{"name":"SMK Sultan Abdul Samad","category":"school"},"geometry":{"type":"Point","coordinates":[101.45888,3.04542]}},{"type":"Feature","properties":{"name":"SMK (P) Bukit Kuda","category":"school"},"geometry":{"type":"Point","coordinates":[101.45774,3.04489]}},{"type":"Feature","properties":{"name":"Sekolah Kebangsaan St Anne's Convent","category":"school","address":"Pelabuhan Klang"},"geometry":{"type":"Point","coordinates":[101.40459,3.00831]}},{"type":"Feature","properties":{"name":"SJK (C) Tiong Hua Kok Bin","category":"school"},"geometry":{"type":"Point","coordinates":[101.43884,3.13547]}},{"type":"Feature","properties":{"name":"SJK (C) Tshing Nian","category":"school"},"geometry":{"type":"Point","coordinates":[101.3971,3.00611]}},{"type":"Feature","properties":{"name":"SJK (C) Wu Teck","category":"school"},"geometry":{"type":"Point","coordinates":[101.45162,2.96839]}},{"type":"Feature","properties":{"name":"Sekolah Jenis Kebangsaan (Cina) Ying Wah","category":"school"},"geometry":{"type":"Point","coordinates":[101.35054,3.14471]}},{"type":"Feature","properties":{"name":"SJK(T) Ladang Bukit Rajah","category":"school"},"geometry":{"type":"Point","coordinates":[101.43827,3.09147]}},{"type":"Feature","properties":{"name":"SJK (T) Ladang Jalan Acob","category":"school"},"geometry":{"type":"Point","coordinates":[101.37758,3.15987]}},{"type":"Feature","properties":{"name":"SJK(T) Jalan Tepi Sungai","category":"school"},"geometry":{"type":"Point","coordinates":[101.43886,3.05017]}},{"type":"Feature","properties":{"name":"SJK (T) Jalan Meru","category":"school"},"geometry":{"type":"Point","coordinates":[101.45323,3.05689]}},{"type":"Feature","properties":{"name":"SJK (T) Methodist","category":"school"},"geometry":{"type":"Point","coordinates":[101.37905,3.14295]}},{"type":"Feature","properties":{"name":"SJK(T) Ladang Vallambrosa","category":"school"},"geometry":{"type":"Point","coordinates":[101.37715,3.10035]}},{"type":"Feature","properties":{"name":"SJK(T) Taman Sentosa","category":"school"},"geometry":{"type":"Point","coordinates":[101.48238,2.9963]}},{"type":"Feature","properties":{"name":"SMK Raja Lumu","category":"school"},"geometry":{"type":"Point","coordinates":[101.41533,3.01497]}},{"type":"Feature","properties":{"name":"Sekolah Menengah Kebangsaan Tengku Ampuan Jemaah","category":"school","address":"Jalan Pandamaran, 42000, Pandamaran"},"geometry":{"type":"Point","coordinates":[101.40644,3.00618]}},{"type":"Feature","properties":{"name":"SMK Pulau Indah","category":"school"},"geometry":{"type":"Point","coordinates":[101.35418,2.94484]}},{"type":"Feature","properties":{"name":"Kolej Tingkatan Enam Sri Istana","category":"school"},"geometry":{"type":"Point","coordinates":[101.44733,3.0343]}},{"type":"Feature","properties":{"name":"SMK Telok Gadong","category":"school"},"geometry":{"type":"Point","coordinates":[101.42845,3.03891]}},{"type":"Feature","properties":{"name":"SMK Kampung Jawa","category":"school"},"geometry":{"type":"Point","coordinates":[101.46526,3.02588]}},{"type":"Feature","properties":{"name":"SMK Sungai Kapar Indah","category":"school"},"geometry":{"type":"Point","coordinates":[101.37585,3.09887]}},{"type":"Feature","properties":{"name":"SMK Shahbandaraya","category":"school"},"geometry":{"type":"Point","coordinates":[101.46497,3.02411]}},{"type":"Feature","properties":{"name":"Sekolah Menengah Kebangsaan Perempuan Raja Zarina","category":"school"},"geometry":{"type":"Point","coordinates":[101.40952,3.01077]}},{"type":"Feature","properties":{"name":"SMK Meru","category":"school"},"geometry":{"type":"Point","coordinates":[101.44085,3.13995]}},{"type":"Feature","properties":{"name":"Sekolah Agama Menengah Tinggi Sultan Hisamuddin","category":"school"},"geometry":{"type":"Point","coordinates":[101.46893,3.02789]}},{"type":"Feature","properties":{"name":"SAM Hisamuddin","category":"school"},"geometry":{"type":"Point","coordinates":[101.43763,3.04666]}},{"type":"Feature","properties":{"name":"Kolej Islam Sultan Alam Shah","category":"school"},"geometry":{"type":"Point","coordinates":[101.45257,3.03502]}},{"type":"Feature","properties":{"name":"SJK (C) Phooi Tee, Bagan Sungai Pulai 沙白浅顶培智华文小学","category":"school","address":"45200"},"geometry":{"type":"Point","coordinates":[100.9224,3.73034]}},{"type":"Feature","properties":{"name":"SK Simpang Empat Bagan Nakhoda Omar","category":"school"},"geometry":{"type":"Point","coordinates":[100.88143,3.77294]}},{"type":"Feature","properties":{"name":"SMK Subang","category":"school"},"geometry":{"type":"Point","coordinates":[101.52811,3.15179]}},{"type":"Feature","properties":{"name":"Sekolah Menengah Kebangsaan Hulu Kelang","category":"school"},"geometry":{"type":"Point","coordinates":[101.74822,3.1636]}},{"type":"Feature","properties":{"name":"SK Seksyen 19","category":"school","address":"Jalan Petani 19/1, 40300, Shah Alam"},"geometry":{"type":"Point","coordinates":[101.52694,3.05267]}},{"type":"Feature","properties":{"name":"SJK (C) Ton Fah, Eco Majestic 敦化华文小学","category":"school"},"geometry":{"type":"Point","coordinates":[101.85166,2.90771]}},{"type":"Feature","properties":{"name":"Sekolah Menengah Kebangsaan Puchong Perdana","category":"school"},"geometry":{"type":"Point","coordinates":[101.59991,3.00539]}},{"type":"Feature","properties":{"name":"Sekolah Kebangsaan Puchong Perdana","category":"school"},"geometry":{"type":"Point","coordinates":[101.60186,3.00495]}},{"type":"Feature","properties":{"name":"Sekolah Jenis Kebangsaan (Tamil) Puchong","category":"school","address":"Jalan Bunga Tanjung, 47100, Puchong"},"geometry":{"type":"Point","coordinates":[101.62166,3.00149]}},{"type":"Feature","properties":{"name":"Sekolah Menengah Kebangsaan Puchong","category":"school","address":"Batu 14 Jalan Puchong, 47100, Puchong"},"geometry":{"type":"Point","coordinates":[101.62196,3.00005]}},{"type":"Feature","properties":{"name":"Sekolah Kebangsaan Puchong","category":"school","address":"Jalan Masjid Batu 14, 47100, Puchong"},"geometry":{"type":"Point","coordinates":[101.62466,2.99566]}},{"type":"Feature","properties":{"name":"Sekolah Agama KAFA Integrasi Al-Thaqafah","category":"school"},"geometry":{"type":"Point","coordinates":[101.62399,2.99617]}},{"type":"Feature","properties":{"name":"KAFA Integrasi Ar-Rahmah","category":"school","address":"Jalan SS 9/7"},"geometry":{"type":"Point","coordinates":[101.61776,3.08662]}},{"type":"Feature","properties":{"name":"Sekolah Jenis Kebangsaan (Tamil) Bandar Mahkota Cheras","category":"school"},"geometry":{"type":"Point","coordinates":[101.79278,3.06503]}},{"type":"Feature","properties":{"name":"Sekolah Berasrama Penuh Integrasi Gombak","category":"school","address":"Batu 8 Jalan Sungai Pusu, 53100, Kuala Lumpur"},"geometry":{"type":"Point","coordinates":[101.72265,3.24378]}},{"type":"Feature","properties":{"name":"SMK Ideal Heights","category":"school"},"geometry":{"type":"Point","coordinates":[101.64154,3.24886]}},{"type":"Feature","properties":{"name":"Sekolah Kebangsaan Abd Aziz Majid","category":"school"},"geometry":{"type":"Point","coordinates":[101.81402,3.11684]}},{"type":"Feature","properties":{"name":"Sekolah Kebangsaan Gombak Utara","category":"school"},"geometry":{"type":"Point","coordinates":[101.71496,3.23913]}},{"type":"Feature","properties":{"name":"Sekolah Menengah Kebangsaan Sungai Pusu","category":"school"},"geometry":{"type":"Point","coordinates":[101.71753,3.2386]}},{"type":"Feature","properties":{"name":"SJK (C) Sin Min","category":"school","address":"Jalan Panchang Pedena, 45300, Sungai Besar"},"geometry":{"type":"Point","coordinates":[100.98084,3.67684]}},{"type":"Feature","properties":{"name":"Sekolah Kebangsaan Bandar Baru Sri Damansara","category":"school"},"geometry":{"type":"Point","coordinates":[101.62443,3.20605]}},{"type":"Feature","properties":{"name":"SK Bandar Baru Rawang","category":"school"},"geometry":{"type":"Point","coordinates":[101.5519,3.29418]}},{"type":"Feature","properties":{"name":"SMK Tiram Jaya","category":"school"},"geometry":{"type":"Point","coordinates":[101.23649,3.43438]}},{"type":"Feature","properties":{"name":"SMK Dato Harun","category":"school","address":"45500, Tanjong Karang"},"geometry":{"type":"Point","coordinates":[101.1703,3.42598]}},{"type":"Feature","properties":{"name":"Sekolah Rendah Agama Simpang Lima","category":"school","address":"45300"},"geometry":{"type":"Point","coordinates":[101.05849,3.61881]}},{"type":"Feature","properties":{"name":"SK KLIA","category":"school","address":"Taman Mawar, 43900, Sepang"},"geometry":{"type":"Point","coordinates":[101.73161,2.83178]}},{"type":"Feature","properties":{"name":"Sekolah Kebangsaan Taman Seroja","category":"school","address":"43900, Bandar Baru Salak Tinggi"},"geometry":{"type":"Point","coordinates":[101.72791,2.82927]}},{"type":"Feature","properties":{"name":"SRA Bandar Baru Salak Tinggi","category":"school","address":"43900"},"geometry":{"type":"Point","coordinates":[101.73165,2.81953]}},{"type":"Feature","properties":{"name":"Sekolah Rendah Agama Hidayatul Hasanah","category":"school"},"geometry":{"type":"Point","coordinates":[100.99196,3.78595]}},{"type":"Feature","properties":{"name":"SJK (T) Taman Permata","category":"school"},"geometry":{"type":"Point","coordinates":[101.6795,2.86976]}},{"type":"Feature","properties":{"name":"Sekolah Rendah Agama Banting","category":"school"},"geometry":{"type":"Point","coordinates":[101.492,2.80923]}},{"type":"Feature","properties":{"name":"Sekolah Kebangsaan Sri Langat","category":"school"},"geometry":{"type":"Point","coordinates":[101.49411,2.80992]}},{"type":"Feature","properties":{"name":"Brainy Bunch International School and Headquarters","category":"school"},"geometry":{"type":"Point","coordinates":[101.62502,2.9046]}},{"type":"Feature","properties":{"name":"Sekolah Kebangsaan Olak Lempit","category":"school","address":"42700"},"geometry":{"type":"Point","coordinates":[101.58741,2.83565]}},{"type":"Feature","properties":{"name":"Sekolah Rendah Agama Pekan Bangi","category":"school"},"geometry":{"type":"Point","coordinates":[101.77312,2.89986]}},{"type":"Feature","properties":{"name":"SK (1) Selayang Baru","category":"school","address":"Jalan 45, 68100, Batu Caves"},"geometry":{"type":"Point","coordinates":[101.66619,3.25442]}},{"type":"Feature","properties":{"name":"SK Selayang Baru (2)","category":"school","address":"Jalan 42, 68100, Batu Caves"},"geometry":{"type":"Point","coordinates":[101.66644,3.25338]}},{"type":"Feature","properties":{"name":"SMK Selayang Bharu","category":"school","address":"Jalan 29, 68100, Batu Caves"},"geometry":{"type":"Point","coordinates":[101.66714,3.25223]}},{"type":"Feature","properties":{"name":"SMK Darul Ehsan","category":"school","address":"Jalan 29, 68100, Batu Caves"},"geometry":{"type":"Point","coordinates":[101.66811,3.25282]}},{"type":"Feature","properties":{"name":"SMK Sultan Sulaiman Shah","category":"school","address":"Jalan Sekolah, 45600, Bestari Jaya"},"geometry":{"type":"Point","coordinates":[101.40676,3.37505]}},{"type":"Feature","properties":{"name":"Sekolah Menengah Jenis Kebangsaan Yu Hua","category":"school","address":"Kajang"},"geometry":{"type":"Point","coordinates":[101.79147,2.99602]}},{"type":"Feature","properties":{"name":"Maahad Integrasi Tahfiz Sains & Teknologi (MITS)","category":"school","address":"Jalan Pandan Mewah"},"geometry":{"type":"Point","coordinates":[101.75641,3.13139]}},{"type":"Feature","properties":{"name":"Sekolah Integrasi As-Syakirin","category":"school"},"geometry":{"type":"Point","coordinates":[101.55433,3.08775]}},{"type":"Feature","properties":{"name":"Sekolah Kebangsaan Tambak Jawa","category":"school","address":"KM 26, 45800, Jeram"},"geometry":{"type":"Point","coordinates":[101.31455,3.18221]}},{"type":"Feature","properties":{"name":"SJK (C) Pui Chi, Assam Jawa 亚三爪哇培志华文小学","category":"school"},"geometry":{"type":"Point","coordinates":[101.28817,3.30043]}},{"type":"Feature","properties":{"name":"SK Sungai Leman","category":"school"},"geometry":{"type":"Point","coordinates":[101.0879,3.53284]}},{"type":"Feature","properties":{"name":"SJK (C) On Pong 2","category":"school"},"geometry":{"type":"Point","coordinates":[101.76192,3.12682]}},{"type":"Feature","properties":{"name":"Sekolah Menengah Kebangsaan Bandar Sunway","category":"school","address":"Jalan PJS 7/15"},"geometry":{"type":"Point","coordinates":[101.61796,3.06986]}},{"type":"Feature","properties":{"name":"Sekolah Kebangsaan Bandar Sunway","category":"school"},"geometry":{"type":"Point","coordinates":[101.61764,3.06847]}},{"type":"Feature","properties":{"name":"Sekolah Kebangsaan Bukit Lanjan (Asli)","category":"school"},"geometry":{"type":"Point","coordinates":[101.60431,3.16825]}},{"type":"Feature","properties":{"name":"SJK (T) Ladang Sungai Choh","category":"school","address":"Rawang"},"geometry":{"type":"Point","coordinates":[101.5653,3.36722]}},{"type":"Feature","properties":{"name":"SMK Bukit Sentosa 2","category":"school","address":"48300, Rawang"},"geometry":{"type":"Point","coordinates":[101.58709,3.4163]}},{"type":"Feature","properties":{"name":"SK Bukit Sentosa","category":"school","address":"Jalan Bukit Sentosa 7, 48300, Rawang"},"geometry":{"type":"Point","coordinates":[101.58548,3.41488]}},{"type":"Feature","properties":{"name":"SJK (C) Bukit Tangga, Bukit Beruntung 武吉丁雅华文小学（武吉柏伦东）","category":"school"},"geometry":{"type":"Point","coordinates":[101.57308,3.40891]}},{"type":"Feature","properties":{"name":"SAR (F) Sungai Buayaa","category":"school","address":"48010, Rawang"},"geometry":{"type":"Point","coordinates":[101.52697,3.39243]}},{"type":"Feature","properties":{"name":"SK Bukit Rawang Jaya","category":"school","address":"Jalan Bukit Rawang, 48000, Rawang"},"geometry":{"type":"Point","coordinates":[101.58209,3.33597]}},{"type":"Feature","properties":{"name":"SJK (C) Kuang","category":"school","address":"Kuang"},"geometry":{"type":"Point","coordinates":[101.55357,3.25584]}},{"type":"Feature","properties":{"name":"SK Sungai Pelong","category":"school"},"geometry":{"type":"Point","coordinates":[101.54115,3.20862]}},{"type":"Feature","properties":{"name":"SJK (T) Kuang","category":"school"},"geometry":{"type":"Point","coordinates":[101.55255,3.26123]}},{"type":"Feature","properties":{"name":"SMK Sierramas","category":"school"},"geometry":{"type":"Point","coordinates":[101.58032,3.21429]}},{"type":"Feature","properties":{"name":"HELP International School","category":"school","address":"2 Persiaran Cakerawala, 40150, Shah Alam"},"geometry":{"type":"Point","coordinates":[101.55003,3.17947]}},{"type":"Feature","properties":{"name":"SK Merbau Sempak","category":"school","address":"47000"},"geometry":{"type":"Point","coordinates":[101.51266,3.21741]}},{"type":"Feature","properties":{"name":"Sekolah Kebangsaan Seksyen 11 Kota Damansara","category":"school"},"geometry":{"type":"Point","coordinates":[101.5935,3.16016]}},{"type":"Feature","properties":{"name":"Sekolah Jenis Kebangsaan (C) Serendah","category":"school"},"geometry":{"type":"Point","coordinates":[101.60339,3.36593]}},{"type":"Feature","properties":{"name":"Kingsley International School","category":"school"},"geometry":{"type":"Point","coordinates":[101.57837,3.00611]}},{"type":"Feature","properties":{"name":"Sekolah Menengah Kebangsaan Cheras Perdana","category":"school","address":"43200, Cheras"},"geometry":{"type":"Point","coordinates":[101.76581,3.04532]}},{"type":"Feature","properties":{"name":"SJK (C) Batu 11 Cheras","category":"school"},"geometry":{"type":"Point","coordinates":[101.7709,3.0462]}},{"type":"Feature","properties":{"name":"Sekolah Kebangsaan Cheras Jaya","category":"school"},"geometry":{"type":"Point","coordinates":[101.76292,3.02038]}},{"type":"Feature","properties":{"name":"Sekolah Menengah Kebangsaan Cheras Jaya","category":"school"},"geometry":{"type":"Point","coordinates":[101.76208,3.02005]}},{"type":"Feature","properties":{"name":"SMK Bandar Tun Hussein Onn","category":"school"},"geometry":{"type":"Point","coordinates":[101.75417,3.03296]}},{"type":"Feature","properties":{"name":"SK Bandar Tun Hussein Onn","category":"school"},"geometry":{"type":"Point","coordinates":[101.76605,3.05315]}},{"type":"Feature","properties":{"name":"Sekolah Kebangsaan Taming Jaya","category":"school","address":"43300, Balakong"},"geometry":{"type":"Point","coordinates":[101.74829,3.02534]}},{"type":"Feature","properties":{"name":"Sekolah Menengah Kebangsaan Perimbun","category":"school","address":"43200, Cheras"},"geometry":{"type":"Point","coordinates":[101.77,3.06132]}},{"type":"Feature","properties":{"name":"Beaconhouse Sri Murni","category":"school"},"geometry":{"type":"Point","coordinates":[101.77447,3.0661]}},{"type":"Feature","properties":{"name":"Sekolah Agama Menengah Hulu Langat","category":"school"},"geometry":{"type":"Point","coordinates":[101.77375,3.06426]}},{"type":"Feature","properties":{"name":"KAFA Integrasi Al-Mubarak","category":"school"},"geometry":{"type":"Point","coordinates":[101.57786,3.17551]}},{"type":"Feature","properties":{"name":"SK Sungai Ramal Dalam","category":"school","address":"Kajang"},"geometry":{"type":"Point","coordinates":[101.75706,2.96976]}},{"type":"Feature","properties":{"name":"Sekolah Jenis Kebangsaan (Cina) Sungai Chua","category":"school","address":"Kajang"},"geometry":{"type":"Point","coordinates":[101.77068,2.98851]}},{"type":"Feature","properties":{"name":"Sekolah Rendah Agama Kafa Integrasi Kg Pendamar","category":"school"},"geometry":{"type":"Point","coordinates":[101.43163,2.97704]}},{"type":"Feature","properties":{"name":"SK Labohan Dagang","category":"school","address":"Banting"},"geometry":{"type":"Point","coordinates":[101.61381,2.80559]}},{"type":"Feature","properties":{"name":"SK Kanchong Darat","category":"school"},"geometry":{"type":"Point","coordinates":[101.48246,2.78891]}},{"type":"Feature","properties":{"name":"SJK (T) Ladang Kuala Selangor","category":"school"},"geometry":{"type":"Point","coordinates":[101.30711,3.31003]}},{"type":"Feature","properties":{"name":"SK Raja Muda","category":"school","address":"40000, Shah Alam"},"geometry":{"type":"Point","coordinates":[101.51068,3.07746]}},{"type":"Feature","properties":{"name":"SMK Bandar Saujana Utama (2)","category":"school"},"geometry":{"type":"Point","coordinates":[101.48606,3.20881]}},{"type":"Feature","properties":{"name":"SR Agama Al-Hidayah","category":"school"},"geometry":{"type":"Point","coordinates":[101.59282,3.29504]}},{"type":"Feature","properties":{"name":"Sekolah Kebangsaan Putra Heights 2","category":"school"},"geometry":{"type":"Point","coordinates":[101.56414,2.99967]}},{"type":"Feature","properties":{"name":"Sekolah Kebangsaan HICOM","category":"school"},"geometry":{"type":"Point","coordinates":[101.5695,3.02602]}},{"type":"Feature","properties":{"name":"Sekolah Kebangsaan Seksyen 6 Kota Damansara","category":"school","address":"Jalan Cecawi 6/26, Kota Damansara"},"geometry":{"type":"Point","coordinates":[101.57575,3.15639]}},{"type":"Feature","properties":{"name":"SJK (T) Ladang Hammock","category":"school","address":"Jalan Setia Prima U U13/U, 40170, Shah Alam"},"geometry":{"type":"Point","coordinates":[101.44575,3.1038]}},{"type":"Feature","properties":{"name":"SMK Setia Alam","category":"school"},"geometry":{"type":"Point","coordinates":[101.45727,3.09381]}},{"type":"Feature","properties":{"name":"Sekolah KAFA Integrasi An-Najah","category":"school","address":"1 Jalan TK 5/14"},"geometry":{"type":"Point","coordinates":[101.63057,3.06844]}},{"type":"Feature","properties":{"name":"Sekolah Kebangsaan Tasik Puteri 2","category":"school"},"geometry":{"type":"Point","coordinates":[101.47402,3.28056]}},{"type":"Feature","properties":{"name":"Sekolah Rendah Agama As-Siddiqin","category":"school"},"geometry":{"type":"Point","coordinates":[101.47338,3.2816]}},{"type":"Feature","properties":{"name":"Sekolah Rendah Agama Denai Alam","category":"school"},"geometry":{"type":"Point","coordinates":[101.51073,3.16312]}},{"type":"Feature","properties":{"name":"Sri KDU International School","category":"school","address":"Jalan MP 2, 40150, Tropicana Metropark, Subang Jaya"},"geometry":{"type":"Point","coordinates":[101.56796,3.0749]}},{"type":"Feature","properties":{"name":"SRA Batu 13","category":"school"},"geometry":{"type":"Point","coordinates":[101.59229,3.02202]}},{"type":"Feature","properties":{"name":"SJK (T) Ladang Seafield","category":"school"},"geometry":{"type":"Point","coordinates":[101.5878,3.02942]}},{"type":"Feature","properties":{"name":"Sunway International School - Sunway City Kuala Lumpur Campus","category":"school","address":"PT 1379 Jalan Subang 1, 47600, Subang Jaya"},"geometry":{"type":"Point","coordinates":[101.59915,3.06076]}},{"type":"Feature","properties":{"name":"Sekolah Rendah Agama USJ 17","category":"school"},"geometry":{"type":"Point","coordinates":[101.58169,3.0319]}},{"type":"Feature","properties":{"name":"Sekolah Kebangsaan Seri Selangor","category":"school","address":"Jalan USJ 4/2, Subang Jaya"},"geometry":{"type":"Point","coordinates":[101.57545,3.05589]}},{"type":"Feature","properties":{"name":"Sekolah Kebangsaan USJ 2","category":"school","address":"Jalan USJ 2/3, 47600, Subang Jaya"},"geometry":{"type":"Point","coordinates":[101.58622,3.06208]}},{"type":"Feature","properties":{"name":"Sekolah Jenis Kebangsaan (Tamil) Seaport","category":"school","address":"Petaling Jaya"},"geometry":{"type":"Point","coordinates":[101.61845,3.07637]}},{"type":"Feature","properties":{"name":"Sekolah Jenis Kebangsaan (Tamil) PJS 1","category":"school"},"geometry":{"type":"Point","coordinates":[101.6549,3.07922]}},{"type":"Feature","properties":{"name":"SJK (T) Ladang Ebor","category":"school"},"geometry":{"type":"Point","coordinates":[101.55891,3.06404]}},{"type":"Feature","properties":{"name":"Sekolah Kebangsaan Taman Sungai Besi Indah","category":"school"},"geometry":{"type":"Point","coordinates":[101.7225,3.02602]}},{"type":"Feature","properties":{"name":"Wesley Methodist School Bandar Seri Coalfields","category":"school"},"geometry":{"type":"Point","coordinates":[101.48211,3.24684]}},{"type":"Feature","properties":{"name":"Sekolah Sri Sedaya","category":"school","address":"Jalan SS 13/4, 47500, Subang Jaya"},"geometry":{"type":"Point","coordinates":[101.59643,3.06927]}},{"type":"Feature","properties":{"name":"Tenby International Setia Ecohill","category":"school"},"geometry":{"type":"Point","coordinates":[101.84136,2.92107]}},{"type":"Feature","properties":{"name":"Sekolah Menengah Kebangsaan Shah Alam","category":"school","address":"Persiaran Anjung Seri, 40150, Shah Alam"},"geometry":{"type":"Point","coordinates":[101.5398,3.11202]}},{"type":"Feature","properties":{"name":"SMS Kuala Selangor","category":"school","address":"Kuala Selangor"},"geometry":{"type":"Point","coordinates":[101.25731,3.32236]}},{"type":"Feature","properties":{"name":"SK Taman Bukit Subang","category":"school"},"geometry":{"type":"Point","coordinates":[101.5132,3.17205]}},{"type":"Feature","properties":{"name":"KAFA Integrasi Anggur Al-Amin","category":"school"},"geometry":{"type":"Point","coordinates":[101.6029,3.07596]}},{"type":"Feature","properties":{"name":"Asia Pacific Schools","category":"school"},"geometry":{"type":"Point","coordinates":[101.56726,3.13052]}},{"type":"Feature","properties":{"name":"Sekolah Kebangsaan Lembah Subang","category":"school"},"geometry":{"type":"Point","coordinates":[101.5808,3.11521]}},{"type":"Feature","properties":{"name":"SJK (C) Rasa","category":"school"},"geometry":{"type":"Point","coordinates":[101.63392,3.49319]}},{"type":"Feature","properties":{"name":"Sekolah Tinta","category":"school"},"geometry":{"type":"Point","coordinates":[101.5831,3.0913]}},{"type":"Feature","properties":{"name":"Sekolah Menengah Islam Al Hikmah","category":"school"},"geometry":{"type":"Point","coordinates":[101.56934,3.03478]}},{"type":"Feature","properties":{"name":"SJK (T) Hicom","category":"school"},"geometry":{"type":"Point","coordinates":[101.565,3.01975]}},{"type":"Feature","properties":{"name":"Sekolah Kebangsaan Seksyen 27 (1)","category":"school"},"geometry":{"type":"Point","coordinates":[101.56587,3.02027]}},{"type":"Feature","properties":{"name":"Sekolah Menengah Kebangsaan Seksyen 27","category":"school"},"geometry":{"type":"Point","coordinates":[101.56652,3.02129]}},{"type":"Feature","properties":{"name":"SMK Sungai Besar","category":"school"},"geometry":{"type":"Point","coordinates":[100.99246,3.67756]}},{"type":"Feature","properties":{"name":"KVMRT Training Centre","category":"school"},"geometry":{"type":"Point","coordinates":[101.56752,3.18592]}},{"type":"Feature","properties":{"name":"Reigate Grammar School KL","category":"school"},"geometry":{"type":"Point","coordinates":[101.8036,2.96345]}},{"type":"Feature","properties":{"name":"SK Taman Bunga Raya (2)","category":"school"},"geometry":{"type":"Point","coordinates":[101.5524,3.44595]}},{"type":"Feature","properties":{"name":"SK Taman Bunga Raya (1)","category":"school"},"geometry":{"type":"Point","coordinates":[101.55161,3.43855]}},{"type":"Feature","properties":{"name":"SMK Taman Bunga Raya","category":"school"},"geometry":{"type":"Point","coordinates":[101.5526,3.43876]}},{"type":"Feature","properties":{"name":"SRA Taman Bunga Raya","category":"school"},"geometry":{"type":"Point","coordinates":[101.55242,3.43995]}},{"type":"Feature","properties":{"name":"STARS International School","category":"school","address":"Lot 7A Jalan 51A/223, 46000, Petaling Jaya"},"geometry":{"type":"Point","coordinates":[101.63219,3.10244]}},{"type":"Feature","properties":{"name":"Montfort Boys Town","category":"school"},"geometry":{"type":"Point","coordinates":[101.55626,3.09146]}},{"type":"Feature","properties":{"name":"Sekolah Menengah Kebangsaan TTDI Jaya","category":"school"},"geometry":{"type":"Point","coordinates":[101.5549,3.10485]}},{"type":"Feature","properties":{"name":"Sekolah Kebangsaan TTDI Jaya","category":"school"},"geometry":{"type":"Point","coordinates":[101.55677,3.106]}},{"type":"Feature","properties":{"name":"Tadika Fasa B8","category":"school"},"geometry":{"type":"Point","coordinates":[101.51905,3.15324]}},{"type":"Feature","properties":{"name":"SJK (T) Ladang Rasak","category":"school"},"geometry":{"type":"Point","coordinates":[101.50987,3.17101]}},{"type":"Feature","properties":{"name":"Seven Skies Islamic School","category":"school"},"geometry":{"type":"Point","coordinates":[101.50632,3.15066]}},{"type":"Feature","properties":{"name":"SK Denai Alam","category":"school"},"geometry":{"type":"Point","coordinates":[101.51278,3.15313]}},{"type":"Feature","properties":{"name":"Sekolah Agama Rakyat (KAFA) Intergrasi Ehsaniah","category":"school"},"geometry":{"type":"Point","coordinates":[101.60465,3.09541]}},{"type":"Feature","properties":{"name":"Nobel International School","category":"school"},"geometry":{"type":"Point","coordinates":[101.60679,3.1056]}},{"type":"Feature","properties":{"name":"Sekolah Rendah Agama Taman Kem","category":"school"},"geometry":{"type":"Point","coordinates":[101.40147,2.99809]}},{"type":"Feature","properties":{"name":"SJK( C) Kundang 根登华小","category":"school"},"geometry":{"type":"Point","coordinates":[101.51159,3.27705]}},{"type":"Feature","properties":{"name":"Beaconhouse","category":"school","address":"Jalan Ibus"},"geometry":{"type":"Point","coordinates":[101.43599,3.02901]}},{"type":"Feature","properties":{"name":"Sekolah Antarabangsa Sri KDU","category":"school","address":"5 Jalan Teknologi 2/1A, 47810, Kota Damansara"},"geometry":{"type":"Point","coordinates":[101.57555,3.14944]}},{"type":"Feature","properties":{"name":"Sekolah Kebangsaan Bandar Utama Damansara","category":"school"},"geometry":{"type":"Point","coordinates":[101.60843,3.13133]}},{"type":"Feature","properties":{"name":"SJK (C) Ming Tee 民智华文小学","category":"school"},"geometry":{"type":"Point","coordinates":[101.24664,3.42588]}},{"type":"Feature","properties":{"name":"SJK (C) Union, Cyberjaya","category":"school"},"geometry":{"type":"Point","coordinates":[101.63019,2.92637]}},{"type":"Feature","properties":{"name":"Sekolah Kebangsaan (1) Kuala Ampang","category":"school","address":"Jalan Awan, 68000, Ampang"},"geometry":{"type":"Point","coordinates":[101.74847,3.16546]}},{"type":"Feature","properties":{"name":"Sekolah Rendah Agama Integrasi Keramat","category":"school"},"geometry":{"type":"Point","coordinates":[101.74484,3.17061]}},{"type":"Feature","properties":{"name":"Sekolah Kebangsaan Serdang","category":"school"},"geometry":{"type":"Point","coordinates":[101.70103,2.99967]}},{"type":"Feature","properties":{"name":"Sekolah Jenis Kebangsaan (Tamil) F E S Serdang","category":"school"},"geometry":{"type":"Point","coordinates":[101.701,2.99887]}},{"type":"Feature","properties":{"name":"SMK Lembah Keramat","category":"school"},"geometry":{"type":"Point","coordinates":[101.76019,3.1983]}},{"type":"Feature","properties":{"name":"Sekolah Menengah Kebangsaan Seri Keramat","category":"school"},"geometry":{"type":"Point","coordinates":[101.76005,3.19656]}},{"type":"Feature","properties":{"name":"SK Hulu Kelang","category":"school"},"geometry":{"type":"Point","coordinates":[101.76095,3.19929]}},{"type":"Feature","properties":{"name":"SK Lembah Keramat","category":"school"},"geometry":{"type":"Point","coordinates":[101.75806,3.20208]}},{"type":"Feature","properties":{"name":"Sekolah Jenis Kebangsaan (Cina) Batang Kali","category":"school"},"geometry":{"type":"Point","coordinates":[101.63921,3.46207]}},{"type":"Feature","properties":{"name":"Sri KDU International School Klang","category":"school"},"geometry":{"type":"Point","coordinates":[101.44198,3.05541]}},{"type":"Feature","properties":{"name":"Tzu Chi International School","category":"school","address":"1 Jalan Jalil Impian 2, 57000, Kuala Lumpur"},"geometry":{"type":"Point","coordinates":[101.65904,3.04902]}},{"type":"Feature","properties":{"name":"Sekolah Agama Rendah Kafa (1) Felda Bukit Cherakah","category":"school"},"geometry":{"type":"Point","coordinates":[101.43272,3.20465]}},{"type":"Feature","properties":{"name":"SJK (T) Sungai Sedu","category":"school","address":"Banting"},"geometry":{"type":"Point","coordinates":[101.52396,2.84252]}},{"type":"Feature","properties":{"name":"Sekolah Menengah Kebangsaan Jenjarom","category":"school","address":"42600, Jenjarom"},"geometry":{"type":"Point","coordinates":[101.50666,2.88148]}},{"type":"Feature","properties":{"name":"Sekolah Methodist Wesley Klang","category":"school","address":"Jalan Dato Hamzah, 41000, Klang"},"geometry":{"type":"Point","coordinates":[101.44524,3.04183]}},{"type":"Feature","properties":{"name":"SMK Taman Jasmin 2","category":"school"},"geometry":{"type":"Point","coordinates":[101.81271,2.9809]}},{"type":"Feature","properties":{"name":"SK Taman Jasmin","category":"school"},"geometry":{"type":"Point","coordinates":[101.81402,2.98211]}},{"type":"Feature","properties":{"name":"SJK (C) Phooi Min 双溪侨华培民华文小学","category":"school"},"geometry":{"type":"Point","coordinates":[100.83204,3.7904]}},{"type":"Feature","properties":{"name":"Sekolah Rendah Agama Pulau Meranti","category":"school"},"geometry":{"type":"Point","coordinates":[101.6402,2.96858]}},{"type":"Feature","properties":{"name":"Sekolah Rendah Agama Bandar Bukit Puchong","category":"school"},"geometry":{"type":"Point","coordinates":[101.62644,2.96971]}},{"type":"Feature","properties":{"name":"Sekolah Kebangsaan Tanjung Keramat","category":"school"},"geometry":{"type":"Point","coordinates":[101.24442,3.34646]}},{"type":"Feature","properties":{"name":"Kolej Tingkatan Enam Sultan Abdul Aziz","category":"school"},"geometry":{"type":"Point","coordinates":[101.24309,3.34314]}},{"type":"Feature","properties":{"name":"Sekolah Kebangsaan Cheras Indah","category":"school"},"geometry":{"type":"Point","coordinates":[101.74615,3.12596]}},{"type":"Feature","properties":{"name":"Sekolah Rendah Agama Bukit Sentosa Fasa 1","category":"school"},"geometry":{"type":"Point","coordinates":[101.56985,3.40269]}},{"type":"Feature","properties":{"name":"SMK Bukit Sentosa","category":"school"},"geometry":{"type":"Point","coordinates":[101.56784,3.40268]}},{"type":"Feature","properties":{"name":"Sekolah Rendah Agama Jenderam Hilir","category":"school"},"geometry":{"type":"Point","coordinates":[101.7211,2.88541]}},{"type":"Feature","properties":{"name":"SK Bukit Beruntung","category":"school"},"geometry":{"type":"Point","coordinates":[101.5557,3.40369]}},{"type":"Feature","properties":{"name":"SJK Tamil Bukit Beruntung","category":"school"},"geometry":{"type":"Point","coordinates":[101.55444,3.40387]}},{"type":"Feature","properties":{"name":"Sekolah Kebangsaan Ulu Semenyih","category":"school"},"geometry":{"type":"Point","coordinates":[101.87089,2.99224]}},{"type":"Feature","properties":{"name":"SMJK Yoke Kuan 适耕庄育群国民型华文中学","category":"school"},"geometry":{"type":"Point","coordinates":[101.1026,3.51166]}},{"type":"Feature","properties":{"name":"SMK Sungai Rawang","category":"school"},"geometry":{"type":"Point","coordinates":[101.6774,2.67141]}},{"type":"Feature","properties":{"name":"Sekolah Kebangsaan Sungai Rawang","category":"school"},"geometry":{"type":"Point","coordinates":[101.67248,2.66365]}},{"type":"Feature","properties":{"name":"Sekolah Menengah Agama Persekutuan Kajang","category":"school"},"geometry":{"type":"Point","coordinates":[101.78191,3.01862]}},{"type":"Feature","properties":{"name":"Sekolah Agama Rendah Kafa Integrasi Al-Falah","category":"school"},"geometry":{"type":"Point","coordinates":[101.52911,3.03029]}},{"type":"Feature","properties":{"name":"Madrasah Tahfizul Quran wa Ta'alim Al-Islamiyah","category":"school"},"geometry":{"type":"Point","coordinates":[101.5293,3.03071]}},{"type":"Feature","properties":{"name":"SRJK (C) San Yuk Rawang","category":"school","address":"48000, Rawang"},"geometry":{"type":"Point","coordinates":[101.58308,3.31095]}},{"type":"Feature","properties":{"name":"Sekolah Menengah Kebangsaan Seri Garing","category":"school"},"geometry":{"type":"Point","coordinates":[101.56737,3.31627]}},{"type":"Feature","properties":{"name":"Sekolah Kebangsaan Sinaran Budi","category":"school"},"geometry":{"type":"Point","coordinates":[101.56883,3.31546]}},{"type":"Feature","properties":{"name":"Sekolah Kebangsaan Rawang","category":"school"},"geometry":{"type":"Point","coordinates":[101.56975,3.31704]}},{"type":"Feature","properties":{"name":"Sekolah Jenis Kebangsaan (Tamil) Rawang","category":"school"},"geometry":{"type":"Point","coordinates":[101.56918,3.31778]}},{"type":"Feature","properties":{"name":"KAFA Integrasi Darul Taqwa","category":"school","address":"Sepang"},"geometry":{"type":"Point","coordinates":[101.7486,2.6962]}},{"type":"Feature","properties":{"name":"SMK Hillcrest","category":"school"},"geometry":{"type":"Point","coordinates":[101.70784,3.24389]}},{"type":"Feature","properties":{"name":"Baseerah International School","category":"school","address":"1815 Jalan Lintang, 68100, Taman Sri Gombak"},"geometry":{"type":"Point","coordinates":[101.71017,3.24316]}},{"type":"Feature","properties":{"name":"Sekolah Jenis Kebangsaan (Cina) Chap Khuan","category":"school"},"geometry":{"type":"Point","coordinates":[101.47021,3.3136]}},{"type":"Feature","properties":{"name":"Sekolah Menengah Kebangsaan Tuanku Abdul Rahman","category":"school"},"geometry":{"type":"Point","coordinates":[101.47277,3.31702]}},{"type":"Feature","properties":{"name":"Sekolah Jenis Kebangsaan (Tamil) Ladang Tumbuk","category":"school"},"geometry":{"type":"Point","coordinates":[101.58164,2.65189]}},{"type":"Feature","properties":{"name":"SJK (C) Wah Lian 双溪比力华联华文小学","category":"school"},"geometry":{"type":"Point","coordinates":[101.71408,2.64239]}},{"type":"Feature","properties":{"name":"Korean School of Malaysia","category":"school","address":"Jalan SP 2, 63000, Cyberjaya"},"geometry":{"type":"Point","coordinates":[101.62303,2.92104]}},{"type":"Feature","properties":{"name":"Sekolah Kebangsaan Sri Serdang","category":"school"},"geometry":{"type":"Point","coordinates":[101.71793,3.01331]}},{"type":"Feature","properties":{"name":"Sekolah Menengah Kebangsaan Sri Indah","category":"school"},"geometry":{"type":"Point","coordinates":[101.71611,3.01235]}},{"type":"Feature","properties":{"name":"Sekolah Menengah Bina Insan","category":"school"},"geometry":{"type":"Point","coordinates":[101.62141,2.98842]}},{"type":"Feature","properties":{"name":"Sekolah Jenis Kebangsaan (Tamil) Ldg West Country 'Barat'","category":"school"},"geometry":{"type":"Point","coordinates":[101.72579,2.97451]}},{"type":"Feature","properties":{"name":"Sekolah Kebangsaan Kampong Subang","category":"school"},"geometry":{"type":"Point","coordinates":[101.53198,3.15185]}},{"type":"Feature","properties":{"name":"SRA Taman Universiti Indah","category":"school"},"geometry":{"type":"Point","coordinates":[101.68907,3.00707]}},{"type":"Feature","properties":{"name":"SK Taman Tun Teja","category":"school"},"geometry":{"type":"Point","coordinates":[101.5898,3.30439]}},{"type":"Feature","properties":{"name":"Australian International School Malaysia","category":"school","address":"22 Jalan Anggerik, 43300, Seri Kembangan"},"geometry":{"type":"Point","coordinates":[101.72293,3.02087]}},{"type":"Feature","properties":{"name":"SMK Sungai Kertas","category":"school"},"geometry":{"type":"Point","coordinates":[101.68664,3.25776]}},{"type":"Feature","properties":{"name":"SMK Kepong","category":"school"},"geometry":{"type":"Point","coordinates":[101.63499,3.22524]}},{"type":"Feature","properties":{"name":"SMK Serendah","category":"school"},"geometry":{"type":"Point","coordinates":[101.61508,3.3676]}},{"type":"Feature","properties":{"name":"Sekolah Kebangsaan Kampung Cheras Baharu","category":"school"},"geometry":{"type":"Point","coordinates":[101.75016,3.11148]}},{"type":"Feature","properties":{"name":"SJK(C)Kian Sit 适耕庄垦殖华文小学","category":"school"},"geometry":{"type":"Point","coordinates":[101.14094,3.52594]}},{"type":"Feature","properties":{"name":"SJK (C) Yoke Kuan","category":"school"},"geometry":{"type":"Point","coordinates":[101.10449,3.51033]}},{"type":"Feature","properties":{"name":"Sekolah Jenis Kebangsaan (Cina) Liat Choon","category":"school"},"geometry":{"type":"Point","coordinates":[101.31612,3.19682]}},{"type":"Feature","properties":{"name":"Maahad Tahfiz Al-Quran Hira'","category":"school"},"geometry":{"type":"Point","coordinates":[101.31805,3.20884]}},{"type":"Feature","properties":{"name":"Sekolah Rendah Agama Sungai Sembilang","category":"school","address":"45800, Jeram"},"geometry":{"type":"Point","coordinates":[101.31493,3.2048]}},{"type":"Feature","properties":{"name":"Maahad / Sek. Men. Hafiz (Banat) Jeram","category":"school"},"geometry":{"type":"Point","coordinates":[101.31571,3.22881]}},{"type":"Feature","properties":{"name":"Sekolah Kebangsaan Jeram Batu 20","category":"school"},"geometry":{"type":"Point","coordinates":[101.31335,3.23733]}},{"type":"Feature","properties":{"name":"Sekolah Agama Menengah Jeram","category":"school"},"geometry":{"type":"Point","coordinates":[101.31643,3.23977]}},{"type":"Feature","properties":{"name":"Sekolah Jenis Kebangsaan (Cina) Pui Teh","category":"school"},"geometry":{"type":"Point","coordinates":[101.31809,3.22547]}},{"type":"Feature","properties":{"name":"Sekolah Kebangsaan Jeram","category":"school"},"geometry":{"type":"Point","coordinates":[101.32025,3.22162]}},{"type":"Feature","properties":{"name":"Sekolah Jenis Kebangsaan (Cina) Balakong","category":"school"},"geometry":{"type":"Point","coordinates":[101.74551,3.02849]}},{"type":"Feature","properties":{"name":"KAFA Integrasi Al-Mujahideen","category":"school"},"geometry":{"type":"Point","coordinates":[101.62039,3.13831]}},{"type":"Feature","properties":{"name":"KAFA Integrasi Al-Raudhah","category":"school"},"geometry":{"type":"Point","coordinates":[101.59542,2.99374]}},{"type":"Feature","properties":{"name":"PASTI Al-Iqbal","category":"school","address":"Lot 60 Jalan Berkat 1, 47150, Puchong"},"geometry":{"type":"Point","coordinates":[101.58464,2.98838]}},{"type":"Feature","properties":{"name":"Maahad Tahfiz Al-Mahwaddah","category":"school","address":"S352"},"geometry":{"type":"Point","coordinates":[101.59563,3.01422]}},{"type":"Feature","properties":{"name":"KAFA Integrasi Manbaul'ulum","category":"school"},"geometry":{"type":"Point","coordinates":[101.71165,3.0062]}},{"type":"Feature","properties":{"name":"Sekolah Jenis Kebangsaan (Tamil) Jenjarom","category":"school"},"geometry":{"type":"Point","coordinates":[101.49378,2.87965]}},{"type":"Feature","properties":{"name":"Sekolah Agama KAFA Integrasi Al-Husna","category":"school"},"geometry":{"type":"Point","coordinates":[101.62691,3.02639]}},{"type":"Feature","properties":{"name":"Taylor's International School Puchong","category":"school"},"geometry":{"type":"Point","coordinates":[101.63302,2.97811]}},{"type":"Feature","properties":{"name":"Sekolah Rendah Agama Merbau Sempak","category":"school"},"geometry":{"type":"Point","coordinates":[101.5154,3.21707]}},{"type":"Feature","properties":{"name":"Maahad Integrasi Tahfiz Sains & Teknologi","category":"school"},"geometry":{"type":"Point","coordinates":[101.51903,3.02504]}},{"type":"Feature","properties":{"name":"Sekolah Kebangsaan Kampung Endah","category":"school"},"geometry":{"type":"Point","coordinates":[101.4699,2.73396]}},{"type":"Feature","properties":{"name":"Sekolah Jenis Kebangsaan (Tamil) Simpang Morib","category":"school"},"geometry":{"type":"Point","coordinates":[101.46018,2.78378]}},{"type":"Feature","properties":{"name":"Institut Latihan Pihak Berkuasa Tempatan","category":"school"},"geometry":{"type":"Point","coordinates":[101.44254,2.75146]}},{"type":"Feature","properties":{"name":"Sekolah Kebangsaan Morib","category":"school"},"geometry":{"type":"Point","coordinates":[101.4478,2.74595]}},{"type":"Feature","properties":{"name":"Sekolah Kebangsaan Seri Lanang","category":"school"},"geometry":{"type":"Point","coordinates":[101.44553,2.80045]}},{"type":"Feature","properties":{"name":"Sekolah Jenis Kebangsaan (Tamil) Jugra","category":"school"},"geometry":{"type":"Point","coordinates":[101.46193,2.81984]}},{"type":"Feature","properties":{"name":"Maahad Integrasi Tahfiz Sains Istana Bandar","category":"school"},"geometry":{"type":"Point","coordinates":[101.43978,2.86084]}},{"type":"Feature","properties":{"name":"Sekolah Kebangsaan Bandar","category":"school"},"geometry":{"type":"Point","coordinates":[101.43905,2.86398]}},{"type":"Feature","properties":{"name":"Sekolah Kebangsaan Permatang Pasir","category":"school"},"geometry":{"type":"Point","coordinates":[101.43148,2.83724]}},{"type":"Feature","properties":{"name":"SJK (T) Ladang Gadong","category":"school"},"geometry":{"type":"Point","coordinates":[101.47373,2.69953]}},{"type":"Feature","properties":{"name":"Sekolah Rendah Agama Kampung Bukit Bangkong","category":"school"},"geometry":{"type":"Point","coordinates":[101.67356,2.66049]}},{"type":"Feature","properties":{"name":"SJK (T) Ladang Brafferton","category":"school"},"geometry":{"type":"Point","coordinates":[101.34924,3.17433]}},{"type":"Feature","properties":{"name":"Sekolah Kebangsaan Seri Utama","category":"school"},"geometry":{"type":"Point","coordinates":[100.98657,3.67994]}},{"type":"Feature","properties":{"name":"Sekolah Rendah Agama Ehyaul Falah","category":"school"},"geometry":{"type":"Point","coordinates":[100.98878,3.6801]}},{"type":"Feature","properties":{"name":"Sekolah Kebangsaan Sepintas","category":"school"},"geometry":{"type":"Point","coordinates":[101.02871,3.78045]}},{"type":"Feature","properties":{"name":"Sekolah Menengah Kebangsaan Bagan Terap","category":"school"},"geometry":{"type":"Point","coordinates":[101.05656,3.74774]}},{"type":"Feature","properties":{"name":"Sekolah Rendah Agama Bagan Terap","category":"school"},"geometry":{"type":"Point","coordinates":[101.05596,3.7444]}},{"type":"Feature","properties":{"name":"Sekolah Kebangsaan Tok Khalifah","category":"school"},"geometry":{"type":"Point","coordinates":[101.07369,3.72808]}},{"type":"Feature","properties":{"name":"Sekolah Kebangsaan Sungai Selisek","category":"school","address":"44020, Kuala Kubu Bharu"},"geometry":{"type":"Point","coordinates":[101.44604,3.73204]}},{"type":"Feature","properties":{"name":"Pusat Latihan Asnaf Selangor","category":"school"},"geometry":{"type":"Point","coordinates":[101.67219,3.39794]}},{"type":"Feature","properties":{"name":"Rafflesia International School","category":"school"},"geometry":{"type":"Point","coordinates":[101.65741,2.97247]}},{"type":"Feature","properties":{"name":"SK Taman Ehsan","category":"school"},"geometry":{"type":"Point","coordinates":[101.63073,3.21989]}},{"type":"Feature","properties":{"name":"S.A.R. Kafa Integrasi Puncak Alam 2","category":"school","address":"2 Lorong Naluri Sukma 8/1"},"geometry":{"type":"Point","coordinates":[101.42519,3.22722]}},{"type":"Feature","properties":{"name":"S.A.R. Kafa Integrasi Puncak Alam 2","category":"school","address":"1 Lorong Naluri Sukma 8/2"},"geometry":{"type":"Point","coordinates":[101.42511,3.2274]}},{"type":"Feature","properties":{"name":"S.A.R. Kafa Integrasi Puncak Alam 2","category":"school","address":"1 Lorong Naluri Sukma 8/3"},"geometry":{"type":"Point","coordinates":[101.42493,3.22791]}},{"type":"Feature","properties":{"name":"Sekolah Menengah Kebangsaan Jalan Reko","category":"school"},"geometry":{"type":"Point","coordinates":[101.78963,2.96465]}},{"type":"Feature","properties":{"name":"Sekolah Jenis Kebangsaan (Tamil) West Country Timur","category":"school"},"geometry":{"type":"Point","coordinates":[101.78812,2.96465]}},{"type":"Feature","properties":{"name":"SJK (T) Ladang Coalfields","category":"school"},"geometry":{"type":"Point","coordinates":[101.48047,3.2447]}},{"type":"Feature","properties":{"name":"Maahad Tahfiz Ismail","category":"school"},"geometry":{"type":"Point","coordinates":[101.43745,3.20537]}},{"type":"Feature","properties":{"name":"SK Pulau Meranti","category":"school"},"geometry":{"type":"Point","coordinates":[101.62538,2.96542]}},{"type":"Feature","properties":{"name":"Sekolah Antarabangsa MAZ","category":"school","address":"Lot No. 2 Jalan Kristal 7/62, Shah Alam"},"geometry":{"type":"Point","coordinates":[101.48659,3.07935]}},{"type":"Feature","properties":{"name":"Sekolah Kebangsaan Seksyen 7","category":"school"},"geometry":{"type":"Point","coordinates":[101.48592,3.07244]}},{"type":"Feature","properties":{"name":"Victoria International School","category":"school"},"geometry":{"type":"Point","coordinates":[101.53352,2.82332]}},{"type":"Feature","properties":{"name":"SMK Banting","category":"school","address":"Banting"},"geometry":{"type":"Point","coordinates":[101.52893,2.82095]}},{"type":"Feature","properties":{"name":"SMK Kota Warisan","category":"school"},"geometry":{"type":"Point","coordinates":[101.69895,2.81719]}},{"type":"Feature","properties":{"name":"PLPP","category":"school"},"geometry":{"type":"Point","coordinates":[101.74942,2.94129]}},{"type":"Feature","properties":{"name":"SMK Bandar Seri Putra","category":"school","address":"Kajang"},"geometry":{"type":"Point","coordinates":[101.78376,2.88751]}},{"type":"Feature","properties":{"name":"SMK Sungai Ramal","category":"school"},"geometry":{"type":"Point","coordinates":[101.76106,2.98417]}},{"type":"Feature","properties":{"name":"Sekolah Jenis Kebangsaan (C) Yoke Min, Bangi","category":"school"},"geometry":{"type":"Point","coordinates":[101.78313,2.90318]}},{"type":"Feature","properties":{"name":"King Henry VIII College","category":"school"},"geometry":{"type":"Point","coordinates":[101.63757,2.91512]}},{"type":"Feature","properties":{"name":"SK Jalan Enam","category":"school","address":"43650, Bandar Baru Bangi"},"geometry":{"type":"Point","coordinates":[101.76655,2.9364]}},{"type":"Feature","properties":{"name":"SMK Bandar Baru Bangi","category":"school"},"geometry":{"type":"Point","coordinates":[101.76966,2.94615]}},{"type":"Feature","properties":{"name":"SK Bandar Baru Bangi","category":"school"},"geometry":{"type":"Point","coordinates":[101.77108,2.94658]}},{"type":"Feature","properties":{"name":"SMK Jalan Empat","category":"school","address":"Jalan 4/10, 43650, Bandar Baru Bangi"},"geometry":{"type":"Point","coordinates":[101.7823,2.96096]}},{"type":"Feature","properties":{"name":"Sekolah Kebangsaan Pandan Perdana","category":"school"},"geometry":{"type":"Point","coordinates":[101.74291,3.11517]}},{"type":"Feature","properties":{"name":"Sekolah Kebangsaan Pandan Indah","category":"school","address":"55100"},"geometry":{"type":"Point","coordinates":[101.75203,3.12598]}},{"type":"Feature","properties":{"name":"Sekolah Menengah Kebangsaan Pandan Indah","category":"school"},"geometry":{"type":"Point","coordinates":[101.75211,3.12312]}},{"type":"Feature","properties":{"name":"SMK Telok Panglima Garang","category":"school"},"geometry":{"type":"Point","coordinates":[101.46977,2.91144]}},{"type":"Feature","properties":{"name":"SJK (C) Hwa Lien","category":"school"},"geometry":{"type":"Point","coordinates":[101.25402,3.02215]}},{"type":"Feature","properties":{"name":"SMK Pulau Ketam","category":"school","address":"42940, Pulau Ketam"},"geometry":{"type":"Point","coordinates":[101.25389,3.02268]}},{"type":"Feature","properties":{"name":"SK Taman Cuepacs","category":"school"},"geometry":{"type":"Point","coordinates":[101.75905,3.07849]}},{"type":"Feature","properties":{"name":"Sekolah Kebangsaan Bandar Seri Putra","category":"school"},"geometry":{"type":"Point","coordinates":[101.77539,2.88991]}},{"type":"Feature","properties":{"name":"SMK Tasek Permai","category":"school"},"geometry":{"type":"Point","coordinates":[101.78057,3.12418]}},{"type":"Feature","properties":{"name":"SK Tasek Permai","category":"school","address":"68000, Ampang"},"geometry":{"type":"Point","coordinates":[101.77914,3.12437]}},{"type":"Feature","properties":{"name":"Sekolah Rendah Stella Maris","category":"school"},"geometry":{"type":"Point","coordinates":[101.75883,3.17359]}},{"type":"Feature","properties":{"name":"Sekolah Kebangsaan Sungai Serai","category":"school"},"geometry":{"type":"Point","coordinates":[101.79023,3.08778]}},{"type":"Feature","properties":{"name":"Sekolah Rendah Agama Dusun Nanding","category":"school","address":"Jalan Hulu Langat, 43100"},"geometry":{"type":"Point","coordinates":[101.80406,3.10288]}},{"type":"Feature","properties":{"name":"Sekolah Rendah Agama Pekan Hulu Langat","category":"school","address":"Jalan Hulu Langat, 43100, Hulu Langat"},"geometry":{"type":"Point","coordinates":[101.81457,3.11256]}},{"type":"Feature","properties":{"name":"Sekolah Menengah Kebangsaan Abdul Jalil","category":"school"},"geometry":{"type":"Point","coordinates":[101.81675,3.11813]}},{"type":"Feature","properties":{"name":"Sekolah Rendah Agama Pandan Indah","category":"school"},"geometry":{"type":"Point","coordinates":[101.7564,3.13053]}},{"type":"Feature","properties":{"name":"Sekolah Rendah Islam Al-Amin Keramat","category":"school"},"geometry":{"type":"Point","coordinates":[101.73702,3.1697]}},{"type":"Feature","properties":{"name":"Sekolah Agama Rakyat (KAFA Integrasi) Al-Aziziah AU1","category":"school"},"geometry":{"type":"Point","coordinates":[101.73708,3.1725]}},{"type":"Feature","properties":{"name":"Sekolah Kebangsaan Bukit Badong","category":"school","address":"Batu 3 Jalan Bukit Badong, 45000, Batang Berjuntai"},"geometry":{"type":"Point","coordinates":[101.41347,3.33349]}},{"type":"Feature","properties":{"name":"SK Jaya Setia","category":"school","address":"45600, Bestari Jaya"},"geometry":{"type":"Point","coordinates":[101.42094,3.36447]}},{"type":"Feature","properties":{"name":"SMK Raja Muda Musa","category":"school","address":"Jalan Bukit Badong, 45600, Bestari Jaya"},"geometry":{"type":"Point","coordinates":[101.40846,3.37394]}},{"type":"Feature","properties":{"name":"SK Rantau Panjang","category":"school"},"geometry":{"type":"Point","coordinates":[101.44015,3.39896]}},{"type":"Feature","properties":{"name":"Sekolah Rendah Agama Batu 10","category":"school"},"geometry":{"type":"Point","coordinates":[101.77619,3.06459]}},{"type":"Feature","properties":{"name":"SK Bestari Jaya","category":"school"},"geometry":{"type":"Point","coordinates":[101.40008,3.3812]}},{"type":"Feature","properties":{"name":"SJK (C) Tche Min 双溪比力智明华文小学","category":"school"},"geometry":{"type":"Point","coordinates":[101.71693,2.64484]}},{"type":"Feature","properties":{"name":"International Islamic School (Secondary)","category":"school"},"geometry":{"type":"Point","coordinates":[101.72633,3.24726]}},{"type":"Feature","properties":{"name":"International Islamic School (Primary)","category":"school"},"geometry":{"type":"Point","coordinates":[101.7268,3.24728]}},{"type":"Feature","properties":{"name":"SJK (C) Liat Choon (Cawangan)","category":"school"},"geometry":{"type":"Point","coordinates":[101.31482,3.17304]}},{"type":"Feature","properties":{"name":"Sekolah Menengah Kebangsaan Alam Megah 2","category":"school"},"geometry":{"type":"Point","coordinates":[101.56518,3.00494]}},{"type":"Feature","properties":{"name":"Sekolah Kebangsaan Taman Alam Megah","category":"school"},"geometry":{"type":"Point","coordinates":[101.56518,3.00624]}},{"type":"Feature","properties":{"name":"Peninsula International School","category":"school","address":"1 Jalan Setia Murni U13/51, 40170, Shah Alam"},"geometry":{"type":"Point","coordinates":[101.4535,3.11439]}},{"type":"Feature","properties":{"name":"Sekolah Jenis Kebangsaan (Cina) Sin Ming","category":"school"},"geometry":{"type":"Point","coordinates":[101.84465,2.94836]}},{"type":"Feature","properties":{"name":"Sekolah Menengah Kebangsaan Rawang","category":"school"},"geometry":{"type":"Point","coordinates":[101.59844,3.30788]}},{"type":"Feature","properties":{"name":"SAM Rawang","category":"school"},"geometry":{"type":"Point","coordinates":[101.58985,3.30122]}},{"type":"Feature","properties":{"name":"Sekolah Agama Menengah Paya Jaras","category":"school"},"geometry":{"type":"Point","coordinates":[101.5026,3.20887]}},{"type":"Feature","properties":{"name":"Sekolah Jenis Kebangsaan (Tamil) Batu Arang","category":"school","address":"412 Jalan Batu Arang, 48100, Batu Arang"},"geometry":{"type":"Point","coordinates":[101.47287,3.31043]}},{"type":"Feature","properties":{"name":"Sekolah Kebangsaan Subang Bestari","category":"school"},"geometry":{"type":"Point","coordinates":[101.54699,3.17488]}},{"type":"Feature","properties":{"name":"Sekolah Kebangssan Subang Perdana","category":"school"},"geometry":{"type":"Point","coordinates":[101.54387,3.15358]}},{"type":"Feature","properties":{"name":"Sekolah Rendah Agama Taman Kajang Raya","category":"school","address":"Kajang"},"geometry":{"type":"Point","coordinates":[101.77756,2.98071]}},{"type":"Feature","properties":{"name":"Sekolah Agama Rakyat (KAFA Integrasi) Al-Mansuriah","category":"school"},"geometry":{"type":"Point","coordinates":[101.41207,3.01037]}},{"type":"Feature","properties":{"name":"Sekolah Jenis Kebangsaan (Cina) Batu 14","category":"school"},"geometry":{"type":"Point","coordinates":[101.8137,3.11266]}},{"type":"Feature","properties":{"name":"SK Jalan Raja Musa","category":"school"},"geometry":{"type":"Point","coordinates":[101.31873,3.40771]}},{"type":"Feature","properties":{"name":"SJK (C) Ladang Regent, Elmina","category":"school","address":"No. 5 Jalan Tristania U15/32, 40170, Shah Alam"},"geometry":{"type":"Point","coordinates":[101.50579,3.18587]}},{"type":"Feature","properties":{"name":"SMK Jeram","category":"school"},"geometry":{"type":"Point","coordinates":[101.36954,3.2269]}},{"type":"Feature","properties":{"name":"Sekolah Jenis Kebangsaan (Cina) Batu 9 Cheras","category":"school"},"geometry":{"type":"Point","coordinates":[101.76946,3.07161]}},{"type":"Feature","properties":{"name":"Kafa Integrasi Puncak Alam 1","category":"school"},"geometry":{"type":"Point","coordinates":[101.43351,3.21923]}},{"type":"Feature","properties":{"name":"Maverick International Primary School","category":"school"},"geometry":{"type":"Point","coordinates":[101.83879,2.96074]}},{"type":"Feature","properties":{"name":"SRA Bandar Malawati","category":"school"},"geometry":{"type":"Point","coordinates":[101.25131,3.32869]}},{"type":"Feature","properties":{"name":"SJK (C) Khai Tee 巴西不南邦启智华文小学","category":"school"},"geometry":{"type":"Point","coordinates":[101.25221,3.35556]}},{"type":"Feature","properties":{"name":"SJK (T) Ladang Hopeful","category":"school"},"geometry":{"type":"Point","coordinates":[101.45983,3.44718]}},{"type":"Feature","properties":{"name":"SJK (C) Yuk Chih 八丁燕带育智华文小学","category":"school"},"geometry":{"type":"Point","coordinates":[101.40489,3.37966]}},{"type":"Feature","properties":{"name":"SJK (T) Bukit Rotan Baru","category":"school"},"geometry":{"type":"Point","coordinates":[101.34443,3.30584]}},{"type":"Feature","properties":{"name":"SK Assam Jawa","category":"school"},"geometry":{"type":"Point","coordinates":[101.2926,3.29215]}},{"type":"Feature","properties":{"name":"SJK (T) Ladang Riverside","category":"school"},"geometry":{"type":"Point","coordinates":[101.27611,3.39762]}},{"type":"Feature","properties":{"name":"Pondok Nurul Hasanah (Wargamas)","category":"school","address":"Bukit Belimbing, Kuala Selangor"},"geometry":{"type":"Point","coordinates":[101.26914,3.38578]}},{"type":"Feature","properties":{"name":"SK Bukit Belimbing","category":"school"},"geometry":{"type":"Point","coordinates":[101.26902,3.38407]}},{"type":"Feature","properties":{"name":"SJK (T) Ghandiji","category":"school","address":"Jalan Kuala Selangor - Teluk Intan, 45400, Sekinchan"},"geometry":{"type":"Point","coordinates":[101.11653,3.48536]}},{"type":"Feature","properties":{"name":"SK Parit 4","category":"school","address":"Jalan Kuala Selangor - Teluk Intan, 45400, Sekinchan"},"geometry":{"type":"Point","coordinates":[101.11895,3.4821]}},{"type":"Feature","properties":{"name":"SK Sungai Sireh","category":"school"},"geometry":{"type":"Point","coordinates":[101.17247,3.46966]}},{"type":"Feature","properties":{"name":"SK Sungai Burong","category":"school","address":"Jalan Parit 2 Pantai, 45400, Sekinchan"},"geometry":{"type":"Point","coordinates":[101.1381,3.46207]}},{"type":"Feature","properties":{"name":"SK Seri Sekinchan","category":"school"},"geometry":{"type":"Point","coordinates":[101.10068,3.51046]}},{"type":"Feature","properties":{"name":"SAM Tanjong Karang","category":"school"},"geometry":{"type":"Point","coordinates":[101.16,3.42849]}},{"type":"Feature","properties":{"name":"SMK Seri Desa","category":"school"},"geometry":{"type":"Point","coordinates":[101.16501,3.42137]}},{"type":"Feature","properties":{"name":"SK Batu 9","category":"school"},"geometry":{"type":"Point","coordinates":[101.16727,3.42184]}},{"type":"Feature","properties":{"name":"SK Tanjong Karang","category":"school","address":"45500, Tanjong Karang"},"geometry":{"type":"Point","coordinates":[101.18662,3.41977]}},{"type":"Feature","properties":{"name":"SMK Pengkalan Permatang","category":"school"},"geometry":{"type":"Point","coordinates":[101.24449,3.36221]}},{"type":"Feature","properties":{"name":"SK Jalan Semenyih 1 & 2 (Integ)","category":"school","address":"Kajang"},"geometry":{"type":"Point","coordinates":[101.79484,2.99303]}},{"type":"Feature","properties":{"name":"SJK (T) Kajang","category":"school","address":"Kajang"},"geometry":{"type":"Point","coordinates":[101.79516,2.99411]}},{"type":"Feature","properties":{"name":"Sekolah Rendah Agama Al-Ainani","category":"school"},"geometry":{"type":"Point","coordinates":[101.44658,3.01444]}},{"type":"Feature","properties":{"name":"Sekolah Kebangsaan Bandar Baru Selayang","category":"school"},"geometry":{"type":"Point","coordinates":[101.6467,3.25376]}},{"type":"Feature","properties":{"name":"Sekolah Menengah Kebangsaan Seri Tanjung","category":"school"},"geometry":{"type":"Point","coordinates":[101.24256,3.34554]}},{"type":"Feature","properties":{"name":"Sekolah Kebangsaan Taman Muda","category":"school","address":"56100"},"geometry":{"type":"Point","coordinates":[101.75602,3.12084]}},{"type":"Feature","properties":{"name":"Sekolah Rendah Agama Kampung Tasek Tambahan","category":"school","address":"68000"},"geometry":{"type":"Point","coordinates":[101.77087,3.12317]}},{"type":"Feature","properties":{"name":"SRA Lembah Jaya","category":"school"},"geometry":{"type":"Point","coordinates":[101.78504,3.13901]}},{"type":"Feature","properties":{"name":"SJK (C) Choong Chee, Hulu Yam Lama","category":"school"},"geometry":{"type":"Point","coordinates":[101.64308,3.45127]}},{"type":"Feature","properties":{"name":"SJK (T) Ladang Dominion","category":"school"},"geometry":{"type":"Point","coordinates":[101.87018,3.00407]}},{"type":"Feature","properties":{"name":"Sekolah Agama Rakyat Huda","category":"school"},"geometry":{"type":"Point","coordinates":[101.76653,3.11745]}},{"type":"Feature","properties":{"name":"Sekolah Kebangsaan Sungai Kantan","category":"school","address":"Kajang"},"geometry":{"type":"Point","coordinates":[101.79144,3.00125]}},{"type":"Feature","properties":{"name":"Sekolah Rendah Agama Sungai Kantan 1","category":"school","address":"Kajang"},"geometry":{"type":"Point","coordinates":[101.79051,3.00206]}},{"type":"Feature","properties":{"name":"Sekolah Rendah Agama Kg Delek","category":"school"},"geometry":{"type":"Point","coordinates":[101.40279,3.03063]}},{"type":"Feature","properties":{"name":"Sekolah Rendah Agama Kota Damansara","category":"school","address":"Jalan Nuri 7/3, 47810, Petaling Jaya"},"geometry":{"type":"Point","coordinates":[101.57434,3.16779]}},{"type":"Feature","properties":{"name":"Eaton International School","category":"school"},"geometry":{"type":"Point","coordinates":[101.51074,3.02701]}},{"type":"Feature","properties":{"name":"Sekolah Rendah Agama Seksyen 24 Shah Alam","category":"school","address":"Jalan Timun A 24/A, Seksyen 24, 40300, Shah Alam"},"geometry":{"type":"Point","coordinates":[101.5191,3.03679]}},{"type":"Feature","properties":{"name":"SK Selayang Jaya","category":"school"},"geometry":{"type":"Point","coordinates":[101.64888,3.23722]}},{"type":"Feature","properties":{"name":"Darul Quran Ittifaqiyah","category":"school","address":"75 Jalan Keramat Hujung"},"geometry":{"type":"Point","coordinates":[101.73294,3.17438]}},{"type":"Feature","properties":{"name":"SK Cyberjaya 2","category":"school","address":"Cyberjaya"},"geometry":{"type":"Point","coordinates":[101.63123,2.90249]}},{"type":"Feature","properties":{"name":"KAFA Integrasi Al-Insaniah","category":"school"},"geometry":{"type":"Point","coordinates":[101.58709,3.11483]}},{"type":"Feature","properties":{"name":"Sekolah Rendah Agama Pekan Semenyih","category":"school"},"geometry":{"type":"Point","coordinates":[101.84399,2.95073]}},{"type":"Feature","properties":{"name":"Sekolah Rendah Agama Kampung Sungai Kayu Ara","category":"school"},"geometry":{"type":"Point","coordinates":[101.61335,3.1354]}},{"type":"Feature","properties":{"name":"Sekolah Menengah Kebangsaan Lembah Subang","category":"school"},"geometry":{"type":"Point","coordinates":[101.58016,3.11476]}},{"type":"Feature","properties":{"name":"SJK(T) Vageesar","category":"school"},"geometry":{"type":"Point","coordinates":[101.24326,3.34117]}},{"type":"Feature","properties":{"name":"Beaconhouse International Primary School @ Gamuda Gardens","category":"school"},"geometry":{"type":"Point","coordinates":[101.54513,3.27813]}},{"type":"Feature","properties":{"name":"Sekolah Rendah Agama Kuang","category":"school"},"geometry":{"type":"Point","coordinates":[101.5415,3.24356]}},{"type":"Feature","properties":{"name":"SK Taman Selasih","category":"school"},"geometry":{"type":"Point","coordinates":[101.69508,3.23173]}},{"type":"Feature","properties":{"name":"SJK (T) Ladang Tuan Mee","category":"school"},"geometry":{"type":"Point","coordinates":[101.45911,3.26753]}},{"type":"Feature","properties":{"name":"SJK (T) Ladang Sungai Tinggi","category":"school"},"geometry":{"type":"Point","coordinates":[101.46878,3.43092]}},{"type":"Feature","properties":{"name":"Sk Dato’ Maharaja Lela","category":"school"},"geometry":{"type":"Point","coordinates":[101.35238,3.27123]}},{"type":"Feature","properties":{"name":"Sekolah Kebangsaan Sungai Kertas","category":"school"},"geometry":{"type":"Point","coordinates":[101.68672,3.25936]}},{"type":"Feature","properties":{"name":"SJK (T) Bukit Darah","category":"school"},"geometry":{"type":"Point","coordinates":[101.50309,3.22036]}},{"type":"Feature","properties":{"name":"Sekolah Kebangsaan Taman Setia","category":"school"},"geometry":{"type":"Point","coordinates":[101.71924,3.22446]}},{"type":"Feature","properties":{"name":"Sekolah Rendah Agama Kampung Seri Cheeding","category":"school"},"geometry":{"type":"Point","coordinates":[101.55032,2.88923]}},{"type":"Feature","properties":{"name":"Sekolah Kebangsaan Seri Cheeding","category":"school"},"geometry":{"type":"Point","coordinates":[101.55168,2.88701]}},{"type":"Feature","properties":{"name":"SJK (T) Ladang Raja Musa","category":"school"},"geometry":{"type":"Point","coordinates":[101.28207,3.41327]}},{"type":"Feature","properties":{"name":"Sekolah Antarabangsa MAHSA","category":"school"},"geometry":{"type":"Point","coordinates":[101.57642,2.95606]}},{"type":"Feature","properties":{"name":"Maverick International Secondary School","category":"school"},"geometry":{"type":"Point","coordinates":[101.8244,2.97272]}},{"type":"Feature","properties":{"name":"SJK (T) Ladang Sungai Rambai","category":"school"},"geometry":{"type":"Point","coordinates":[101.36617,3.34486]}},{"type":"Feature","properties":{"name":"SJK (T) Bestari Jaya","category":"school","address":"45600, Bestari Jaya"},"geometry":{"type":"Point","coordinates":[101.40417,3.37998]}},{"type":"Feature","properties":{"name":"Sekolah Rendah Agama Taman Putra Perdana","category":"school"},"geometry":{"type":"Point","coordinates":[101.61995,2.94903]}},{"type":"Feature","properties":{"name":"SJK (C) Kerling","category":"school","address":"Kerling"},"geometry":{"type":"Point","coordinates":[101.60923,3.59228]}},{"type":"Feature","properties":{"name":"Tadika MBSA","category":"school"},"geometry":{"type":"Point","coordinates":[101.54144,3.17943]}},{"type":"Feature","properties":{"name":"Sekolah Kebangsaan Kuala Pomson","category":"school"},"geometry":{"type":"Point","coordinates":[101.87113,3.21188]}},{"type":"Feature","properties":{"name":"Sekolah Kebangsaan Kajang Utama","category":"school","address":"Jalan Aman 1, 43000, Kajang"},"geometry":{"type":"Point","coordinates":[101.79405,2.97313]}},{"type":"Feature","properties":{"name":"SRA Integrasi Pekan Beranang","category":"school"},"geometry":{"type":"Point","coordinates":[101.87068,2.87472]}},{"type":"Feature","properties":{"name":"Sekolah Rendah Agama Assam Jawa","category":"school"},"geometry":{"type":"Point","coordinates":[101.29125,3.29801]}},{"type":"Feature","properties":{"name":"SK Parit 9","category":"school"},"geometry":{"type":"Point","coordinates":[101.10613,3.56214]}},{"type":"Feature","properties":{"name":"Maahad Tahfiz Darul Itqan","category":"school"},"geometry":{"type":"Point","coordinates":[100.97581,3.76676]}},{"type":"Feature","properties":{"name":"SJK (C) Moon Teck","category":"school"},"geometry":{"type":"Point","coordinates":[100.8948,3.84256]}},{"type":"Feature","properties":{"name":"SMK Munshi Abdullah","category":"school"},"geometry":{"type":"Point","coordinates":[100.89871,3.81256]}},{"type":"Feature","properties":{"name":"SJK (C) Cheong Hua 乌暹中华华文小学","category":"school"},"geometry":{"type":"Point","coordinates":[100.88262,3.77919]}},{"type":"Feature","properties":{"name":"SRA Simpang Empat BNO","category":"school"},"geometry":{"type":"Point","coordinates":[100.88281,3.77662]}},{"type":"Feature","properties":{"name":"SK Teluk Ru","category":"school"},"geometry":{"type":"Point","coordinates":[100.8548,3.79137]}},{"type":"Feature","properties":{"name":"SK Parit Baharu","category":"school"},"geometry":{"type":"Point","coordinates":[100.84366,3.81565]}},{"type":"Feature","properties":{"name":"SRA Parit Baru","category":"school"},"geometry":{"type":"Point","coordinates":[100.84546,3.80409]}},{"type":"Feature","properties":{"name":"SK Sungai Tengar","category":"school"},"geometry":{"type":"Point","coordinates":[100.88034,3.82377]}},{"type":"Feature","properties":{"name":"SJK (C) Poay Chneh, Parit Baru","category":"school"},"geometry":{"type":"Point","coordinates":[100.84396,3.83504]}},{"type":"Feature","properties":{"name":"SK Kuala Ampang 2","category":"school"},"geometry":{"type":"Point","coordinates":[101.74018,3.16464]}},{"type":"Feature","properties":{"name":"Tanarata International Schools","category":"school","address":"43000, Kajang"},"geometry":{"type":"Point","coordinates":[101.74472,2.98412]}},{"type":"Feature","properties":{"name":"SK Pasangan","category":"school"},"geometry":{"type":"Point","coordinates":[101.3078,3.36203]}},{"type":"Feature","properties":{"name":"Columbia International School","category":"school"},"geometry":{"type":"Point","coordinates":[101.77163,3.03418]}},{"type":"Feature","properties":{"name":"Sekolah Rendah Agama Kampung Pandan Dalam","category":"school"},"geometry":{"type":"Point","coordinates":[101.74956,3.14846]}},{"type":"Feature","properties":{"name":"Sekolah Rendah Agama Jalan F","category":"school"},"geometry":{"type":"Point","coordinates":[101.74375,3.1403]}},{"type":"Feature","properties":{"name":"Pusat Pemulihan Dalam Komuniti Titian Murni","category":"school"},"geometry":{"type":"Point","coordinates":[101.42561,3.61604]}},{"type":"Feature","properties":{"name":"SK Sungai Tengi","category":"school"},"geometry":{"type":"Point","coordinates":[101.42216,3.6184]}},{"type":"Feature","properties":{"name":"Maahad Tahfiz Sungai Tengi","category":"school"},"geometry":{"type":"Point","coordinates":[101.42538,3.61985]}},{"type":"Feature","properties":{"name":"Sekolah Rendah Agama Sungai Tengi","category":"school"},"geometry":{"type":"Point","coordinates":[101.42548,3.61949]}},{"type":"Feature","properties":{"name":"Malaysia Aviation Academy","category":"school"},"geometry":{"type":"Point","coordinates":[101.73831,2.75119]}},{"type":"Feature","properties":{"name":"Sekolah Rendah Agama Taman Tun Perak","category":"school"},"geometry":{"type":"Point","coordinates":[101.75825,3.06155]}},{"type":"Feature","properties":{"name":"Sekolah Rendah Agama Kampung Bandar","category":"school"},"geometry":{"type":"Point","coordinates":[101.44068,2.85814]}},{"type":"Feature","properties":{"name":"SK Sungai Buaya","category":"school"},"geometry":{"type":"Point","coordinates":[101.46067,2.84573]}},{"type":"Feature","properties":{"name":"Sekolah Rendah Agama Medan Harun","category":"school","address":"KM12 Jalan Klang Lama, 46000, Petaling Jaya"},"geometry":{"type":"Point","coordinates":[101.63269,3.08315]}},{"type":"Feature","properties":{"name":"SK Bukit Raya","category":"school"},"geometry":{"type":"Point","coordinates":[101.78214,3.07306]}},{"type":"Feature","properties":{"name":"SK Dusun Tua","category":"school"},"geometry":{"type":"Point","coordinates":[101.83847,3.15063]}},{"type":"Feature","properties":{"name":"SK Sungai Lui","category":"school"},"geometry":{"type":"Point","coordinates":[101.88389,3.16585]}},{"type":"Feature","properties":{"name":"SMK Seksyen 18","category":"school"},"geometry":{"type":"Point","coordinates":[101.52312,3.05106]}},{"type":"Feature","properties":{"name":"SK Seksyen 18","category":"school"},"geometry":{"type":"Point","coordinates":[101.52007,3.04909]}},{"type":"Feature","properties":{"name":"Maahad Tahfiz Al-Quran At-Taqwa","category":"school","address":"Jalan Gajah 24"},"geometry":{"type":"Point","coordinates":[101.52829,3.19711]}},{"type":"Feature","properties":{"name":"Sekolah Kebangsaan Kampung Kuala Pajam","category":"school"},"geometry":{"type":"Point","coordinates":[101.84573,2.86899]}},{"type":"Feature","properties":{"name":"Sekolah Rendah Agama Kampung Kuala Pajam","category":"school"},"geometry":{"type":"Point","coordinates":[101.84511,2.87199]}},{"type":"Feature","properties":{"name":"Sekolah Kebangsaan Bangi","category":"school"},"geometry":{"type":"Point","coordinates":[101.7846,2.9048]}},{"type":"Feature","properties":{"name":"Sekolah Kafa Integrasi Al-Islahiah","category":"school"},"geometry":{"type":"Point","coordinates":[101.56324,3.21905]}},{"type":"Feature","properties":{"name":"Sekolah Rendah Agama Integrasi Dato' Mufti Yusof Sahabuddin","category":"school"},"geometry":{"type":"Point","coordinates":[101.48656,3.07097]}},{"type":"Feature","properties":{"name":"PASTI Al-Falah","category":"school"},"geometry":{"type":"Point","coordinates":[101.51316,3.27381]}},{"type":"Feature","properties":{"name":"SK Taman Desa 2","category":"school"},"geometry":{"type":"Point","coordinates":[101.52659,3.33049]}},{"type":"Feature","properties":{"name":"Brainy Bunch International School","category":"school"},"geometry":{"type":"Point","coordinates":[101.74025,3.2212]}},{"type":"Feature","properties":{"name":"SRA An-Nuriah","category":"school"},"geometry":{"type":"Point","coordinates":[101.44505,3.73751]}},{"type":"Feature","properties":{"name":"SMK Kuala Selangor","category":"school"},"geometry":{"type":"Point","coordinates":[101.27115,3.33224]}},{"type":"Feature","properties":{"name":"SJK (T) Ladang Selangor River","category":"school"},"geometry":{"type":"Point","coordinates":[101.32534,3.35691]}},{"type":"Feature","properties":{"name":"Sekolah Menengah Kebangsaan Bukit Indah","category":"school"},"geometry":{"type":"Point","coordinates":[101.77707,3.15534]}},{"type":"Feature","properties":{"name":"Sekolah Kebangsaan Taman Bukit Indah","category":"school"},"geometry":{"type":"Point","coordinates":[101.77568,3.15595]}},{"type":"Feature","properties":{"name":"Sekolah Agama Rakyat Kafa Intergrasi Al-Huda","category":"school"},"geometry":{"type":"Point","coordinates":[101.77043,3.15204]}},{"type":"Feature","properties":{"name":"Sekolah Agama Muhajirin","category":"school"},"geometry":{"type":"Point","coordinates":[101.69726,3.22759]}},{"type":"Feature","properties":{"name":"Sekolah Rendah Agama Selayang Baru","category":"school"},"geometry":{"type":"Point","coordinates":[101.66446,3.2488]}},{"type":"Feature","properties":{"name":"Sekolah Rendah Agama SRA JAIS","category":"school","address":"40200, Shah Alam"},"geometry":{"type":"Point","coordinates":[101.5068,3.06146]}},{"type":"Feature","properties":{"name":"Sekolah Kebangsaan Taman Sri Muda 2","category":"school","address":"Jalan Ikhlas 25/38, 40400, Shah Alam"},"geometry":{"type":"Point","coordinates":[101.53712,3.03371]}},{"type":"Feature","properties":{"name":"Sekolah Menengah Kebangsaan Seksyen 7","category":"school"},"geometry":{"type":"Point","coordinates":[101.49501,3.08248]}},{"type":"Feature","properties":{"name":"Knewton Global Schools Rawang","category":"school"},"geometry":{"type":"Point","coordinates":[101.53725,3.32184]}},{"type":"Feature","properties":{"name":"KAFA Integrasi Al-Huda","category":"school"},"geometry":{"type":"Point","coordinates":[101.74942,3.125]}},{"type":"Feature","properties":{"name":"Sekolah Kebangsaan (A) Bukit Kemandol","category":"school","address":"Jalan Desa Kemandol 1, 42610"},"geometry":{"type":"Point","coordinates":[101.5657,2.93946]}},{"type":"Feature","properties":{"name":"Sekolah Jenis Kebangsaan (Tamil) Ladang Seafield","category":"school"},"geometry":{"type":"Point","coordinates":[101.57266,3.02061]}},{"type":"Feature","properties":{"name":"SMK Methodist","category":"school"},"geometry":{"type":"Point","coordinates":[101.51855,2.82184]}},{"type":"Feature","properties":{"name":"Sekolah Kebangsaan Bukit Cheding (A)","category":"school","address":"Jalan Utama Seri Cheeding"},"geometry":{"type":"Point","coordinates":[101.57464,2.89826]}},{"type":"Feature","properties":{"name":"Sekolah Kebangsaan Bukit Tampoi (A)","category":"school"},"geometry":{"type":"Point","coordinates":[101.67187,2.85097]}},{"type":"Feature","properties":{"name":"Sekolah Kebangsaan Kampung Busut Baru (A)","category":"school"},"geometry":{"type":"Point","coordinates":[101.59026,2.9049]}},{"type":"Feature","properties":{"name":"Sekolah Jenis Kebangsaan (Tamil) Ladang Changkat ASA","category":"school"},"geometry":{"type":"Point","coordinates":[101.49458,3.68302]}},{"type":"Feature","properties":{"name":"SAR Kafa Integrasi Al-hijrah","category":"school","address":"2 Jalan Anggerik Liparis 31/153, 40460, Shah Alam"},"geometry":{"type":"Point","coordinates":[101.54085,2.98319]}},{"type":"Feature","properties":{"name":"Ssekolah Menengah Kebangsaan Taman Seraya","category":"school"},"geometry":{"type":"Point","coordinates":[101.76141,3.11371]}},{"type":"Feature","properties":{"name":"Sekolah Kebangsaan Seksyen 24","category":"school"},"geometry":{"type":"Point","coordinates":[101.51886,3.04026]}},{"type":"Feature","properties":{"name":"Sekolah Kebangsaan Seksyen 27 (2)","category":"school"},"geometry":{"type":"Point","coordinates":[101.57015,3.01677]}},{"type":"Feature","properties":{"name":"Sekolah Kebangsaan Alam Megah Dua","category":"school"},"geometry":{"type":"Point","coordinates":[101.57086,3.01064]}},{"type":"Feature","properties":{"name":"Sekolah Kebangsaan Alam Megah (3)","category":"school"},"geometry":{"type":"Point","coordinates":[101.5682,3.00285]}},{"type":"Feature","properties":{"name":"SMK Alam Megah","category":"school"},"geometry":{"type":"Point","coordinates":[101.56845,3.01303]}},{"type":"Feature","properties":{"name":"Tenby Schools Setia Eco Park","category":"school","address":"1 Jalan Setia Tropika U13/18T, 40170, Shah Alam"},"geometry":{"type":"Point","coordinates":[101.4832,3.097]}},{"type":"Feature","properties":{"name":"SJK(C) Pin Hwa (1)","category":"school","address":"Persiaran Setia Murni, 40170, Klang"},"geometry":{"type":"Point","coordinates":[101.45082,3.11425]}},{"type":"Feature","properties":{"name":"Sekolah Rendah Agama Paya Jaras","category":"school"},"geometry":{"type":"Point","coordinates":[101.54567,3.20125]}},{"type":"Feature","properties":{"name":"Kolej Vokasional Shah Alam","category":"school"},"geometry":{"type":"Point","coordinates":[101.55415,3.04768]}},{"type":"Feature","properties":{"name":"Sekolah Kebangsaan Kampung Lindungan","category":"school","address":"PJS10/11, 46150, Petaling Jaya"},"geometry":{"type":"Point","coordinates":[101.60761,3.08086]}},{"type":"Feature","properties":{"name":"Sekolah KAFA Integrasi Al-Hidayah","category":"school","address":"Petaling Jaya"},"geometry":{"type":"Point","coordinates":[101.60759,3.10092]}},{"type":"Feature","properties":{"name":"Sekolah Menengah Kebangsaan Sri Permata","category":"school","address":"Petaling Jaya"},"geometry":{"type":"Point","coordinates":[101.61335,3.10263]}},{"type":"Feature","properties":{"name":"Sekolah Menengah Kebangsaan (P) Taman Petaling","category":"school","address":"Petaling Jaya"},"geometry":{"type":"Point","coordinates":[101.65815,3.08874]}},{"type":"Feature","properties":{"name":"Sekolah Kebangsaan Petaling Jaya","category":"school","address":"Lorong Masjid 3/69I"},"geometry":{"type":"Point","coordinates":[101.65199,3.08836]}},{"type":"Feature","properties":{"name":"Sekolah Menengah Kebangsaan Assunta","category":"school","address":"Jalan Changgai, 46000, Petaling Jaya"},"geometry":{"type":"Point","coordinates":[101.65005,3.10007]}},{"type":"Feature","properties":{"name":"Sekolah Rendah Agama Kampung Baiduri","category":"school","address":"46100, Petaling Jaya"},"geometry":{"type":"Point","coordinates":[101.62541,3.09555]}},{"type":"Feature","properties":{"name":"Sekolah Menengah Kebangsaan Sri Utama","category":"school"},"geometry":{"type":"Point","coordinates":[101.63114,3.09807]}},{"type":"Feature","properties":{"name":"MAZ International School","category":"school"},"geometry":{"type":"Point","coordinates":[101.62582,3.1041]}},{"type":"Feature","properties":{"name":"Sekolah Menengah Kebangsaan (Perempuan) Sri Aman","category":"school"},"geometry":{"type":"Point","coordinates":[101.62807,3.10249]}},{"type":"Feature","properties":{"name":"Sekolah Kebangsaan Alam Shah","category":"school"},"geometry":{"type":"Point","coordinates":[101.64692,3.11148]}},{"type":"Feature","properties":{"name":"Marist Educate Centre","category":"school"},"geometry":{"type":"Point","coordinates":[101.65149,3.10679]}},{"type":"Feature","properties":{"name":"Sekolah Menengah Jenis Kebangsaan Katholik","category":"school","address":"Jalan 10/3"},"geometry":{"type":"Point","coordinates":[101.65155,3.10782]}},{"type":"Feature","properties":{"name":"Sekolah Jenis Kebangsaan (Cina) Chung Hwa","category":"school","address":"Jalan 17A/1, 46400, Petaling Jaya"},"geometry":{"type":"Point","coordinates":[101.63116,3.13077]}},{"type":"Feature","properties":{"name":"Sekolah Kebangsaan Taman Sea","category":"school"},"geometry":{"type":"Point","coordinates":[101.62608,3.12415]}},{"type":"Feature","properties":{"name":"Sekolah Jenis Kebangsaan (Cina) Puay Chai","category":"school"},"geometry":{"type":"Point","coordinates":[101.62561,3.11672]}},{"type":"Feature","properties":{"name":"Sekolah Jenis Kebangsaan (Cina) Yuk Chai","category":"school","address":"Jalan SS 24/1, 47301, Petaling Jaya"},"geometry":{"type":"Point","coordinates":[101.60721,3.11647]}},{"type":"Feature","properties":{"name":"Sekolah Kebangsaan Damansara Jaya (1)","category":"school"},"geometry":{"type":"Point","coordinates":[101.6162,3.1233]}},{"type":"Feature","properties":{"name":"Beaconhouse Sri Inai International School","category":"school"},"geometry":{"type":"Point","coordinates":[101.61499,3.12254]}},{"type":"Feature","properties":{"name":"Sekolah Menengah Kebangsaan Damansara Utama","category":"school"},"geometry":{"type":"Point","coordinates":[101.62533,3.13634]}},{"type":"Feature","properties":{"name":"Sekolah Kebangsaan Damansara Utama","category":"school"},"geometry":{"type":"Point","coordinates":[101.62276,3.14036]}},{"type":"Feature","properties":{"name":"Sekolah Menengah Kebangsaan (L) Bukit Bintang","category":"school","address":"Petaling Jaya"},"geometry":{"type":"Point","coordinates":[101.64131,3.10798]}},{"type":"Feature","properties":{"name":"Sekolah Kebangsaan (Dua) Petaling Jaya","category":"school","address":"Jalan 1/10, 46000, Petaling Jaya"},"geometry":{"type":"Point","coordinates":[101.64862,3.08493]}},{"type":"Feature","properties":{"name":"Sekolah Kebangsaan (Satu) Petaling Jaya","category":"school","address":"Jalan 1/10, 46000, Petaling Jaya"},"geometry":{"type":"Point","coordinates":[101.64862,3.08469]}},{"type":"Feature","properties":{"name":"Sekolah Rendah Agama Ibnu Rusyd Kawasan Melayu Petaling Jaya","category":"school","address":"Jalan 3/46"},"geometry":{"type":"Point","coordinates":[101.64965,3.09007]}},{"type":"Feature","properties":{"name":"SK Taman Prima Selayang","category":"school"},"geometry":{"type":"Point","coordinates":[101.65599,3.24372]}},{"type":"Feature","properties":{"name":"Concord College International School","category":"school","address":"Jalan Sunsuria, 43900, Sepang"},"geometry":{"type":"Point","coordinates":[101.70069,2.82912]}},{"type":"Feature","properties":{"name":"SMK Bandar Saujana Putra","category":"school","address":"42610, Jenjarom"},"geometry":{"type":"Point","coordinates":[101.58193,2.95622]}},{"type":"Feature","properties":{"name":"SK Bandar Saujana Putra","category":"school","address":"42610, Jenjarom"},"geometry":{"type":"Point","coordinates":[101.58118,2.95739]}},{"type":"Feature","properties":{"name":"Maktab Rendah Sains MARA Sungai Besar","category":"school"},"geometry":{"type":"Point","coordinates":[101.13343,3.70868]}},{"type":"Feature","properties":{"name":"SK Kampung Soeharto","category":"school","address":"44010, Kuala Kubu Baharu"},"geometry":{"type":"Point","coordinates":[101.39014,3.68461]}},{"type":"Feature","properties":{"name":"SMK Kampong Soeharto","category":"school","address":"44010, Kuala Kubu Baharu"},"geometry":{"type":"Point","coordinates":[101.38933,3.68394]}},{"type":"Feature","properties":{"name":"Dwi Emas International School","category":"school"},"geometry":{"type":"Point","coordinates":[101.52493,3.07276]}},{"type":"Feature","properties":{"name":"Sekolah Jenis Kebangsaan (Tamil) Castlefield","category":"school"},"geometry":{"type":"Point","coordinates":[101.61434,3.028]}},{"type":"Feature","properties":{"name":"Sekolah Jenis Kebangsaan (Cina) Bukit Fraser","category":"school"},"geometry":{"type":"Point","coordinates":[101.73743,3.70704]}},{"type":"Feature","properties":{"name":"Sekolah Kebangsaan Kota Kemuning","category":"school"},"geometry":{"type":"Point","coordinates":[101.54741,2.99555]}}]}